Rk;Player;Nation;Pos;Squad;Comp;Age;Born;MP;Starts;Min;90s;Gls;Ast;G+A;G-PK;PK;PKatt;CrdY;CrdR;G+A-PK;Sh;SoT;SoT%;Sh/90;SoT/90;G/Sh;G/SoT;Crs;TklW;Int;Fld;2CrdY;Fls;OG;GA;GA90;SoTA;Saves;Save%;W;D;L;CS;CS%;PKatt_stats_keeper;PKA;PKsv;PKm;Convocatoria 1 (marzo 2026);Convocatoria 2 (noviembre 2025);Convocatoria 3 (octubre 2025);Convocatoria 4 (septiembre 2025);Convocatoria 5 (junio 2025);Convocatoria 6 (marzo 2025);Convocatoria 7 (noviembre 2024);Convocatoria 8 (octubre 2024);Convocatoria 9 (septiembre 2024);Convocatoria 10 (junio 2024, Eurocopa)
1;Brenden Aaronson;us USA;FW, MF;Leeds United;eng Premier League;25,0;2000,0;29,0;23,0;1908,0;21,2;4,0;3,0;7,0;4,0;0,0;0,0;1,0;0,0;0,33;40,0;15,0;37,5;1,89;0,71;0,1;0,27;35,0;22,0;13,0;41,0;0,0;17,0;0,0;;;;;0,0;;;;;;;;;;No;No;No;No;No;No;No;No;No;No
2;Zach Abbott;eng ENG;DF;Nottingham Forest;eng Premier League;19,0;2006,0;2,0;1,0;120,0;1,33;0,0;0,0;0,0;0,0;0,0;0,0;0,0;0,0;0,0;0,0;0,0;0,0;0,0;0,0;0,0;0,0;3,0;2,0;2,0;1,0;0,0;2,0;0,0;;;;;0,0;;;;;;;;;;No;No;No;No;No;No;No;No;No;No
3;Jones El-Abdellaoui;ma MAR;FW, MF;Celta Vigo;es La Liga;20,0;2006,0;18,0;3,0;525,0;5,83;2,0;0,0;2,0;2,0;0,0;0,0;0,0;0,0;0,34;15,0;4,0;26,67;2,57;0,69;0,13;0,5;25,0;1,0;3,0;3,0;0,0;4,0;0,0;;;;;0,0;;;;;;;;;;No;No;No;No;No;No;No;No;No;No
4;Himad Abdelli;dz ALG;FW, MF;Marseille;fr Ligue 1;26,0;1999,0;17,0;11,0;1010,0;11,22;2,0;0,0;2,0;0,0;2,0;2,0;2,0;0,0;0,0;14,0;6,0;42,86;1,25;0,53;0,14;0,33;10,0;18,0;13,0;12,0;0,0;19,0;0,0;;;;;0,0;;;;;;;;;;No;No;No;No;No;No;No;No;No;No
5;Ali Abdi;tn TUN;DF, MF;Nice;fr Ligue 1;32,0;1993,0;15,0;11,0;908,0;10,09;1,0;0,0;1,0;1,0;0,0;0,0;4,0;1,0;0,1;4,0;1,0;25,0;0,4;0,1;0,25;1,0;24,0;8,0;9,0;13,0;1,0;14,0;0,0;;;;;0,0;;;;;;;;;;No;No;No;No;No;No;No;No;No;No
6;Salis Abdul Samed;gh GHA;MF;Nice;fr Ligue 1;25,0;2000,0;14,0;9,0;663,0;7,37;0,0;0,0;0,0;0,0;0,0;0,0;3,0;0,0;0,0;0,0;0,0;0,0;0,0;0,0;0,0;0,0;1,0;7,0;9,0;7,0;0,0;14,0;0,0;;;;;0,0;;;;;;;;;;No;No;No;No;No;No;No;No;No;No
7;Saud Abdulhamid;sa KSA;MF;Lens;fr Ligue 1;26,0;1999,0;19,0;9,0;918,0;10,2;1,0;2,0;3,0;1,0;0,0;0,0;2,0;0,0;0,29;5,0;2,0;40,0;0,49;0,2;0,2;0,5;30,0;19,0;5,0;9,0;0,0;17,0;0,0;;;;;0,0;;;;;;;;;;No;No;No;No;No;No;No;No;No;No
8;Tay Abed;il ISR;MF;Levante;es La Liga;22,0;2004,0;2,0;0,0;23,0;0,26;0,0;0,0;0,0;0,0;0,0;0,0;0,0;0,0;0,0;0,0;0,0;0,0;0,0;0,0;0,0;0,0;1,0;1,0;1,0;1,0;0,0;0,0;0,0;;;;;0,0;;;;;;;;;;No;No;No;No;No;No;No;No;No;No
9;Laurent Abergel;fr FRA;MF;Lorient;fr Ligue 1;33,0;1993,0;23,0;23,0;1982,0;22,02;1,0;0,0;1,0;1,0;0,0;0,0;6,0;0,0;0,05;20,0;5,0;25,0;0,91;0,23;0,05;0,2;9,0;22,0;25,0;23,0;0,0;23,0;0,0;;;;;0,0;;;;;;;;;;No;No;No;No;No;No;No;No;No;No
10;Matthis Abline;fr FRA;FW, MF;Nantes;fr Ligue 1;22,0;2003,0;24,0;20,0;1902,0;21,13;4,0;2,0;6,0;4,0;0,0;1,0;5,0;0,0;0,28;62,0;16,0;25,81;2,93;0,76;0,06;0,25;35,0;11,0;5,0;39,0;0,0;25,0;0,0;;;;;0,0;;;;;;;;;;No;No;No;No;No;No;No;No;No;No
11;Abner;br BRA;DF, MF;Lyon;fr Ligue 1;25,0;2000,0;19,0;18,0;1521,0;16,9;3,0;0,0;3,0;3,0;0,0;0,0;4,0;1,0;0,18;14,0;5,0;35,71;0,83;0,3;0,21;0,6;45,0;13,0;5,0;6,0;0,0;19,0;0,0;;;;;0,0;;;;;;;;;;No;No;No;No;No;No;No;No;No;No
12;Zakaria Aboukhlal;ma MAR;MF;Torino;it Serie A;26,0;2000,0;15,0;6,0;511,0;5,68;0,0;0,0;0,0;0,0;0,0;0,0;4,0;0,0;0,0;7,0;2,0;28,57;1,23;0,35;0,0;0,0;18,0;12,0;1,0;11,0;0,0;12,0;0,0;;;;;0,0;;;;;;;;;;No;No;No;No;No;No;No;No;No;No
13;Abdel Abqar;ma MAR;DF;Getafe;es La Liga;27,0;1999,0;16,0;12,0;1003,0;11,14;0,0;2,0;2,0;0,0;0,0;0,0;7,0;1,0;0,18;7,0;1,0;14,29;0,63;0,09;0,0;0,0;1,0;15,0;15,0;28,0;0,0;22,0;0,0;;;;;0,0;;;;;;;;;;No;No;No;No;No;No;No;No;No;No
14;Tammy Abraham;eng ENG;FW;Aston Villa;eng Premier League;28,0;1997,0;7,0;1,0;198,0;2,2;1,0;0,0;1,0;1,0;0,0;0,0;0,0;0,0;0,45;6,0;2,0;33,33;2,73;0,91;0,17;0,5;0,0;1,0;0,0;0,0;0,0;1,0;0,0;;;;;0,0;;;;;;;;;;No;No;No;No;No;No;No;No;No;No
15;Francis Abu;gh GHA;MF;Toulouse;fr Ligue 1;24,0;2001,0;8,0;7,0;526,0;5,84;0,0;0,0;0,0;0,0;0,0;0,0;2,0;0,0;0,0;6,0;0,0;0,0;1,03;0,0;0,0;0,0;0,0;12,0;8,0;4,0;0,0;5,0;0,0;;;;;0,0;;;;;;;;;;No;No;No;No;No;No;No;No;No;No
16;Giorgi Abuashvili;ge GEO;FW, MF;Metz;fr Ligue 1;23,0;2003,0;18,0;5,0;543,0;6,03;2,0;0,0;2,0;2,0;0,0;0,0;1,0;0,0;0,33;15,0;6,0;40,0;2,49;0,99;0,13;0,33;29,0;6,0;3,0;8,0;0,0;6,0;0,0;;;;;0,0;;;;;;;;;;No;No;No;No;No;No;No;No;No;No
17;Mathieu Acapandié;mg MAD;DF;Nantes;fr Ligue 1;21,0;2004,0;1,0;0,0;13,0;0,14;0,0;0,0;0,0;0,0;0,0;0,0;0,0;0,0;0,0;0,0;0,0;0,0;0,0;0,0;0,0;0,0;1,0;0,0;0,0;0,0;0,0;0,0;0,0;;;;;0,0;;;;;;;;;;No;No;No;No;No;No;No;No;No;No
18;Francesco Acerbi;it ITA;DF;Inter;it Serie A;38,0;1988,0;13,0;11,0;973,0;10,81;0,0;1,0;1,0;0,0;0,0;0,0;2,0;0,0;0,09;3,0;1,0;33,33;0,28;0,09;0,0;0,0;1,0;8,0;15,0;10,0;0,0;11,0;0,0;;;;;0,0;;;;;;;;;;No;No;No;No;No;No;No;No;No;No
19;Ragnar Ache;de GER;FW;Köln;de Bundesliga;27,0;1998,0;25,0;14,0;1436,0;15,96;5,0;3,0;8,0;5,0;0,0;0,0;2,0;0,0;0,5;43,0;16,0;37,21;2,69;1,0;0,12;0,31;1,0;7,0;3,0;26,0;0,0;14,0;0,0;;;;;0,0;;;;;;;;;;No;No;No;No;No;No;No;No;No;No
20;Joshua Acheampong;eng ENG;DF;Chelsea;eng Premier League;19,0;2006,0;12,0;7,0;573,0;6,37;1,0;0,0;1,0;1,0;0,0;0,0;1,0;0,0;0,16;3,0;2,0;66,67;0,47;0,31;0,33;0,5;1,0;6,0;11,0;5,0;0,0;2,0;0,0;;;;;0,0;;;;;;;;;;No;No;No;No;No;No;No;No;No;No
21;Akor Adams;ng NGA;FW;Sevilla;es La Liga;26,0;2000,0;23,0;16,0;1519,0;16,88;7,0;3,0;10,0;5,0;2,0;2,0;1,0;0,0;0,47;50,0;26,0;52,0;2,96;1,54;0,14;0,27;13,0;2,0;0,0;8,0;0,0;23,0;0,0;;;;;0,0;;;;;;;;;;No;No;No;No;No;No;No;No;No;No
22;Che Adams;sct SCO;FW;Torino;it Serie A;29,0;1996,0;26,0;16,0;1539,0;17,1;4,0;2,0;6,0;4,0;0,0;0,0;0,0;0,0;0,35;44,0;13,0;29,55;2,57;0,76;0,09;0,31;11,0;7,0;1,0;14,0;0,0;14,0;0,0;;;;;0,0;;;;;;;;;;No;No;No;No;No;No;No;No;No;No
23;Tyler Adams;us USA;MF;Bournemouth;eng Premier League;27,0;1999,0;18,0;18,0;1411,0;15,68;2,0;1,0;3,0;2,0;0,0;0,0;7,0;0,0;0,19;8,0;6,0;75,0;0,51;0,38;0,25;0,33;1,0;19,0;25,0;12,0;0,0;29,0;0,0;;;;;0,0;;;;;;;;;;No;No;No;No;No;No;No;No;No;No
24;Junior Adamu;at AUT;FW;Freiburg;de Bundesliga;24,0;2001,0;9,0;7,0;446,0;4,96;1,0;1,0;2,0;1,0;0,0;0,0;1,0;0,0;0,4;8,0;3,0;37,5;1,61;0,61;0,12;0,33;2,0;6,0;5,0;9,0;0,0;10,0;0,0;;;;;0,0;;;;;;;;;;No;No;No;No;No;No;No;No;No;No
25;Tosin Adarabioyo;eng ENG;DF;Chelsea;eng Premier League;28,0;1997,0;14,0;7,0;737,0;8,19;0,0;0,0;0,0;0,0;0,0;0,0;2,0;0,0;0,0;2,0;0,0;0,0;0,24;0,0;0,0;0,0;0,0;4,0;9,0;0,0;0,0;5,0;0,0;;;;;0,0;;;;;;;;;;No;No;No;No;No;No;No;No;No;No
26;Jayden Addai;nl NED;MF;Como;it Serie A;20,0;2005,0;12,0;7,0;686,0;7,62;3,0;0,0;3,0;3,0;0,0;0,0;4,0;0,0;0,39;13,0;6,0;46,15;1,71;0,79;0,23;0,5;10,0;2,0;2,0;14,0;0,0;13,0;0,0;;;;;0,0;;;;;;;;;;No;No;No;No;No;No;No;No;No;No
27;Karim Adeyemi;de GER;FW, MF;Dortmund;de Bundesliga;24,0;2002,0;24,0;14,0;1098,0;12,2;6,0;3,0;9,0;6,0;0,0;0,0;3,0;0,0;0,74;29,0;13,0;44,83;2,38;1,07;0,21;0,46;9,0;3,0;8,0;25,0;0,0;20,0;0,0;;;;;0,0;;;;;;;;;;No;No;No;No;No;No;No;No;No;No
28;Simon Adingra;ci CIV;FW, MF;Monaco;fr Ligue 1;24,0;2002,0;20,0;13,0;1021,0;11,34;4,0;0,0;4,0;4,0;0,0;0,0;2,0;0,0;0,35;14,0;5,0;35,71;1,23;0,44;0,29;0,8;35,0;11,0;4,0;5,0;0,0;21,0;0,0;;;;;0,0;;;;;;;;;;No;No;No;No;No;No;No;No;No;No
29;Nathaniel Adjei;gh GHA;DF;Lorient;fr Ligue 1;23,0;2002,0;8,0;2,0;223,0;2,48;0,0;0,0;0,0;0,0;0,0;0,0;0,0;0,0;0,0;0,0;0,0;0,0;0,0;0,0;0,0;0,0;0,0;4,0;2,0;1,0;0,0;3,0;0,0;;;;;0,0;;;;;;;;;;No;No;No;No;No;No;No;No;No;No
30;Jonas Adjetey;gh GHA;DF;Wolfsburg;de Bundesliga;22,0;2003,0;4,0;1,0;137,0;1,52;0,0;0,0;0,0;0,0;0,0;0,0;1,0;0,0;0,0;3,0;0,0;0,0;1,97;0,0;0,0;0,0;4,0;1,0;1,0;0,0;0,0;4,0;0,0;;;;;0,0;;;;;;;;;;No;No;No;No;No;No;No;No;No;No
31;Amine Adli;ma MAR;MF;Bournemouth;eng Premier League;25,0;2000,0;26,0;9,0;968,0;10,76;3,0;1,0;4,0;3,0;0,0;0,0;2,0;0,0;0,37;19,0;9,0;47,37;1,77;0,84;0,16;0,33;36,0;14,0;5,0;23,0;0,0;26,0;0,0;;;;;0,0;;;;;;;;;;No;No;No;No;No;No;No;No;No;No
32;Vasilije Adžić;me MNE;MF;Juventus;it Serie A;19,0;2006,0;10,0;1,0;171,0;1,9;1,0;0,0;1,0;1,0;0,0;0,0;0,0;0,0;0,53;6,0;4,0;66,67;3,16;2,11;0,17;0,25;4,0;2,0;3,0;2,0;0,0;3,0;0,0;;;;;0,0;;;;;;;;;;No;No;No;No;No;No;No;No;No;No
33;Michel Aebischer;ch SUI;MF;Pisa;it Serie A;29,0;1997,0;28,0;26,0;2292,0;25,47;1,0;1,0;2,0;1,0;0,0;0,0;5,0;0,0;0,08;13,0;2,0;15,38;0,51;0,08;0,08;0,5;30,0;34,0;26,0;31,0;0,0;29,0;0,0;;;;;0,0;;;;;;;;;;No;No;No;No;No;No;No;No;No;No
34;David Affengruber;at AUT;DF;Elche;es La Liga;24,0;2001,0;26,0;23,0;2082,0;23,13;0,0;0,0;0,0;0,0;0,0;0,0;6,0;1,0;0,0;8,0;2,0;25,0;0,35;0,09;0,0;0,0;4,0;32,0;38,0;27,0;0,0;26,0;0,0;;;;;0,0;;;;;;;;;;No;No;No;No;No;No;No;No;No;No
35;Oladapo Afolayan;eng ENG;MF;St Pauli;de Bundesliga;28,0;1998,0;7,0;1,0;150,0;1,67;0,0;0,0;0,0;0,0;0,0;0,0;1,0;0,0;0,0;4,0;2,0;50,0;2,4;1,2;0,0;0,0;10,0;2,0;0,0;6,0;0,0;2,0;0,0;;;;;0,0;;;;;;;;;;No;No;No;No;No;No;No;No;No;No
36;Emmanuel Agbadou;ci CIV;DF;Wolves;eng Premier League;28,0;1997,0;14,0;12,0;1101,0;12,23;0,0;0,0;0,0;0,0;0,0;0,0;1,0;1,0;0,0;10,0;3,0;30,0;0,82;0,25;0,0;0,0;13,0;21,0;14,0;5,0;0,0;10,0;0,0;;;;;0,0;;;;;;;;;;No;No;No;No;No;No;No;No;No;No
37;Julen Agirrezabala;es ESP;GK;Valencia;es La Liga;25,0;2000,0;18,0;18,0;1620,0;18,0;0,0;0,0;0,0;0,0;0,0;0,0;1,0;0,0;0,0;0,0;0,0;0,0;0,0;0,0;0,0;0,0;0,0;1,0;0,0;1,0;0,0;0,0;0,0;30,0;1,67;79,0;52,0;65,82;3,0;7,0;8,0;4,0;22,22;4,0;3,0;1,0;0,0;No;No;No;No;No;No;No;No;No;No
38;Lucien Agoume;fr FRA;MF;Sevilla;es La Liga;24,0;2002,0;25,0;23,0;2012,0;22,36;1,0;2,0;3,0;1,0;0,0;0,0;9,0;0,0;0,13;12,0;2,0;16,67;0,54;0,09;0,08;0,5;15,0;25,0;34,0;12,0;0,0;43,0;0,0;;;;;0,0;;;;;;;;;;No;No;No;No;No;No;No;No;No;No
39;Felix Agu;ng NGA;DF, MF;Werder Bremen;de Bundesliga;26,0;1999,0;8,0;7,0;576,0;6,4;0,0;0,0;0,0;0,0;0,0;0,0;1,0;0,0;0,0;2,0;1,0;50,0;0,31;0,16;0,0;0,0;11,0;12,0;10,0;12,0;0,0;8,0;0,0;;;;;0,0;;;;;;;;;;No;No;No;No;No;No;No;No;No;No
40;Diego Aguado;es ESP;DF;Real Madrid;es La Liga;19,0;2007,0;1,0;0,0;30,0;0,33;0,0;0,0;0,0;0,0;0,0;0,0;0,0;0,0;0,0;0,0;0,0;0,0;0,0;0,0;0,0;0,0;0,0;1,0;0,0;0,0;0,0;0,0;0,0;;;;;0,0;;;;;;;;;;No;No;No;No;No;No;No;No;No;No
41;Marc Aguado;es ESP;MF;Elche;es La Liga;26,0;2000,0;27,0;22,0;1855,0;20,61;1,0;1,0;2,0;1,0;0,0;0,0;2,0;0,0;0,1;2,0;1,0;50,0;0,1;0,05;0,5;1,0;2,0;21,0;34,0;21,0;0,0;18,0;0,0;;;;;0,0;;;;;;;;;;No;No;No;No;No;No;No;No;No;No
42;Pablo Agudín;es ESP;MF;Oviedo;es La Liga;18,0;2007,0;4,0;0,0;70,0;0,78;0,0;0,0;0,0;0,0;0,0;0,0;0,0;0,0;0,0;2,0;0,0;0,0;2,57;0,0;0,0;0,0;0,0;0,0;0,0;1,0;0,0;1,0;0,0;;;;;0,0;;;;;;;;;;No;No;No;No;No;No;No;No;No;No
43;Nayef Aguerd;ma MAR;DF;Marseille;fr Ligue 1;29,0;1996,0;18,0;18,0;1576,0;17,51;1,0;0,0;1,0;1,0;0,0;0,0;4,0;0,0;0,06;12,0;2,0;16,67;0,69;0,11;0,08;0,5;4,0;16,0;22,0;7,0;0,0;21,0;0,0;;;;;0,0;;;;;;;;;;No;No;No;No;No;No;No;No;No;No
44;Ruben Aguilar;fr FRA;MF;Lens;fr Ligue 1;32,0;1993,0;21,0;18,0;1503,0;16,7;2,0;2,0;4,0;2,0;0,0;0,0;5,0;1,0;0,24;13,0;3,0;23,08;0,78;0,18;0,15;0,67;79,0;22,0;21,0;10,0;1,0;23,0;0,0;;;;;0,0;;;;;;;;;;No;No;No;No;No;No;No;No;No;No
45;Naouirou Ahamada;fr FRA;MF;Auxerre;fr Ligue 1;23,0;2002,0;8,0;5,0;364,0;4,04;0,0;0,0;0,0;0,0;0,0;0,0;0,0;0,0;0,0;4,0;0,0;0,0;0,99;0,0;0,0;0,0;2,0;6,0;1,0;5,0;0,0;4,0;0,0;;;;;0,0;;;;;;;;;;No;No;No;No;No;No;No;No;No;No
46;Honest Ahanor;it ITA;DF;Atalanta;it Serie A;18,0;2008,0;16,0;12,0;1015,0;11,28;0,0;0,0;0,0;0,0;0,0;0,0;1,0;1,0;0,0;10,0;2,0;20,0;0,89;0,18;0,0;0,0;1,0;14,0;15,0;21,0;0,0;16,0;0,0;;;;;0,0;;;;;;;;;;No;No;No;No;No;No;No;No;No;No
47;Lucas Ahijado;es ESP;DF;Oviedo;es La Liga;31,0;1995,0;15,0;10,0;972,0;10,8;0,0;1,0;1,0;0,0;0,0;0,0;2,0;0,0;0,09;8,0;2,0;25,0;0,74;0,19;0,0;0,0;15,0;27,0;15,0;3,0;0,0;10,0;0,0;;;;;0,0;;;;;;;;;;No;No;No;No;No;No;No;No;No;No
48;Joseph Aidoo;gh GHA;DF;Celta Vigo;es La Liga;30,0;1995,0;5,0;4,0;378,0;4,2;0,0;0,0;0,0;0,0;0,0;0,0;0,0;0,0;0,0;2,0;0,0;0,0;0,48;0,0;0,0;0,0;0,0;2,0;6,0;1,0;0,0;2,0;0,0;;;;;0,0;;;;;;;;;;No;No;No;No;No;No;No;No;No;No
49;Ola Aina;ng NGA;DF;Nottingham Forest;eng Premier League;29,0;1996,0;14,0;14,0;1230,0;13,67;0,0;0,0;0,0;0,0;0,0;0,0;3,0;0,0;0,0;11,0;1,0;9,09;0,8;0,07;0,0;0,0;33,0;15,0;22,0;10,0;0,0;11,0;0,0;;;;;0,0;;;;;;;;;;No;No;No;No;No;No;No;No;No;No
50;Abdelhamid Ait Boudlal;ma MAR;DF;Rennes;fr Ligue 1;19,0;2006,0;13,0;10,0;773,0;8,59;2,0;1,0;3,0;2,0;0,0;0,0;2,0;1,0;0,35;4,0;2,0;50,0;0,47;0,23;0,5;1,0;2,0;8,0;6,0;3,0;0,0;6,0;0,0;;;;;0,0;;;;;;;;;;No;No;No;No;No;No;No;No;No;No
51;Rayan Aït-Nouri;dz ALG;DF;Manchester City;eng Premier League;24,0;2001,0;13,0;10,0;779,0;8,66;0,0;2,0;2,0;0,0;0,0;0,0;2,0;0,0;0,23;7,0;1,0;14,29;0,81;0,12;0,0;0,0;12,0;19,0;13,0;8,0;0,0;11,0;0,0;;;;;0,0;;;;;;;;;;No;No;No;No;No;No;No;No;No;No
52;Tosin Aiyegun;bj BEN;FW, MF;Lorient;fr Ligue 1;27,0;1998,0;19,0;10,0;864,0;9,6;4,0;0,0;4,0;4,0;0,0;1,0;1,0;0,0;0,42;23,0;10,0;43,48;2,4;1,04;0,17;0,4;5,0;4,0;1,0;9,0;0,0;10,0;0,0;;;;;0,0;;;;;;;;;;No;No;No;No;No;No;No;No;No;No
53;Junior Ajayi;ci CIV;FW;Hellas Verona;it Serie A;21,0;2004,0;1,0;0,0;1,0;0,01;0,0;0,0;0,0;0,0;0,0;0,0;0,0;0,0;0,0;0,0;0,0;0,0;0,0;0,0;0,0;0,0;0,0;0,0;0,0;0,0;0,0;0,0;0,0;;;;;0,0;;;;;;;;;;No;No;No;No;No;No;No;No;No;No
54;Kristoffer Ajer;no NOR;DF;Brentford;eng Premier League;27,0;1998,0;24,0;18,0;1628,0;18,09;0,0;1,0;1,0;0,0;0,0;0,0;3,0;0,0;0,06;10,0;3,0;30,0;0,55;0,17;0,0;0,0;7,0;21,0;12,0;5,0;0,0;22,0;0,0;;;;;0,0;;;;;;;;;;No;No;No;No;No;No;No;No;No;No
55;Ludovic Ajorque;fr FRA;FW;Brest;fr Ligue 1;32,0;1994,0;25,0;25,0;2190,0;24,33;7,0;7,0;14,0;7,0;0,0;0,0;9,0;1,0;0,58;43,0;15,0;34,88;1,77;0,62;0,16;0,47;8,0;12,0;9,0;47,0;0,0;50,0;0,0;;;;;0,0;;;;;;;;;;No;No;No;No;No;No;No;No;No;No
56;Manuel Akanji;ch SUI;DF;Inter;it Serie A;30,0;1995,0;27,0;25,0;2281,0;25,34;2,0;0,0;2,0;2,0;0,0;0,0;3,0;0,0;0,08;20,0;5,0;25,0;0,79;0,2;0,1;0,4;3,0;20,0;32,0;12,0;0,0;23,0;0,0;;;;;0,0;;;;;;;;;;No;No;No;No;No;No;No;No;No;No
57;Nathan Aké;nl NED;DF;Manchester City;eng Premier League;31,0;1995,0;14,0;4,0;495,0;5,5;0,0;0,0;0,0;0,0;0,0;0,0;1,0;0,0;0,0;4,0;0,0;0,0;0,73;0,0;0,0;0,0;4,0;6,0;4,0;6,0;0,0;2,0;0,0;;;;;0,0;;;;;;;;;;No;No;No;No;No;No;No;No;No;No
58;Ilias Akhomach;ma MAR;MF;Rayo Vallecano;es La Liga;21,0;2004,0;17,0;7,0;708,0;7,87;0,0;0,0;0,0;0,0;0,0;0,0;2,0;0,0;0,0;20,0;6,0;30,0;2,54;0,76;0,0;0,0;28,0;13,0;2,0;30,0;0,0;18,0;0,0;;;;;0,0;;;;;;;;;;No;No;No;No;No;No;No;No;No;No
59;Ebenezer Akinsanmiro;ng NGA;MF;Pisa;it Serie A;21,0;2004,0;15,0;9,0;953,0;10,59;0,0;1,0;1,0;0,0;0,0;0,0;2,0;0,0;0,09;11,0;3,0;27,27;1,04;0,28;0,0;0,0;9,0;16,0;14,0;20,0;0,0;24,0;0,0;;;;;0,0;;;;;;;;;;No;No;No;No;No;No;No;No;No;No
60;Maghnes Akliouche;fr FRA;FW, MF;Monaco;fr Ligue 1;24,0;2002,0;23,0;21,0;1801,0;20,01;5,0;3,0;8,0;5,0;0,0;0,0;2,0;0,0;0,4;37,0;12,0;32,43;1,85;0,6;0,14;0,42;27,0;22,0;13,0;27,0;0,0;17,0;0,0;;;;;0,0;;;;;;;;;;No;No;No;No;No;No;No;No;No;No
61;Clément Akpa;ci CIV;DF;Auxerre;fr Ligue 1;24,0;2001,0;22,0;21,0;1814,0;20,16;0,0;0,0;0,0;0,0;0,0;0,0;4,0;1,0;0,0;6,0;0,0;0,0;0,3;0,0;0,0;0,0;29,0;18,0;23,0;30,0;1,0;11,0;2,0;;;;;0,0;;;;;;;;;;No;No;No;No;No;No;No;No;No;No
62;Jean-Daniel Akpa-Akpro;ci CIV;MF;Hellas Verona;it Serie A;33,0;1992,0;13,0;9,0;826,0;9,18;1,0;0,0;1,0;1,0;0,0;0,0;7,0;0,0;0,11;8,0;3,0;37,5;0,87;0,33;0,12;0,33;9,0;22,0;16,0;4,0;0,0;26,0;0,0;;;;;0,0;;;;;;;;;;No;No;No;No;No;No;No;No;No;No
63;Kevin Akpoguma;ng NGA;DF;Hoffenheim;de Bundesliga;30,0;1995,0;5,0;1,0;43,0;0,48;0,0;0,0;0,0;0,0;0,0;0,0;0,0;1,0;0,0;0,0;0,0;0,0;0,0;0,0;0,0;0,0;0,0;1,0;1,0;0,0;0,0;1,0;0,0;;;;;0,0;;;;;;;;;;No;No;No;No;No;No;No;No;No;No
64;David Alaba;at AUT;DF;Real Madrid;es La Liga;33,0;1992,0;8,0;3,0;247,0;2,74;0,0;0,0;0,0;0,0;0,0;0,0;1,0;0,0;0,0;3,0;1,0;33,33;1,09;0,36;0,0;0,0;0,0;4,0;0,0;0,0;0,0;1,0;0,0;;;;;0,0;;;;;;;;;;No;No;No;No;No;No;No;No;No;No
65;Agustín Albarracín;uy URU;FW;Cagliari;it Serie A;20,0;2005,0;1,0;0,0;15,0;0,17;0,0;0,0;0,0;0,0;0,0;0,0;0,0;0,0;0,0;0,0;0,0;0,0;0,0;0,0;0,0;0,0;1,0;0,0;0,0;2,0;0,0;0,0;0,0;;;;;0,0;;;;;;;;;;No;No;No;No;No;No;No;No;No;No
66;Raúl Albiol;es ESP;DF;Pisa;it Serie A;40,0;1985,0;7,0;4,0;410,0;4,56;0,0;1,0;1,0;0,0;0,0;0,0;1,0;0,0;0,22;1,0;0,0;0,0;0,22;0,0;0,0;0,0;1,0;3,0;5,0;2,0;0,0;6,0;0,0;;;;;0,0;;;;;;;;;;No;No;No;No;No;No;No;No;No;No
67;Carlos Alcaraz;ar ARG;MF;Everton;eng Premier League;23,0;2002,0;16,0;6,0;675,0;7,5;0,0;1,0;1,0;0,0;0,0;0,0;3,0;0,0;0,13;18,0;5,0;27,78;2,4;0,67;0,0;0,0;5,0;8,0;2,0;11,0;0,0;8,0;0,0;;;;;0,0;;;;;;;;;;No;No;No;No;No;No;No;No;No;No
68;Omar Alderete;py PAR;DF;Sunderland;eng Premier League;29,0;1996,0;26,0;25,0;2264,0;25,16;1,0;1,0;2,0;1,0;0,0;0,0;5,0;0,0;0,08;19,0;8,0;42,11;0,76;0,32;0,05;0,12;9,0;15,0;26,0;7,0;0,0;23,0;0,0;;;;;0,0;;;;;;;;;;No;No;No;No;No;No;No;No;No;No
69;Alexandre Alemão;br BRA;FW;Rayo Vallecano;es La Liga;27,0;1998,0;17,0;7,0;708,0;7,87;1,0;0,0;1,0;1,0;0,0;0,0;1,0;0,0;0,13;14,0;6,0;42,86;1,78;0,76;0,07;0,17;3,0;1,0;1,0;16,0;0,0;13,0;0,0;;;;;0,0;;;;;;;;;;No;No;No;No;No;No;No;No;No;No
70;Carles Aleñá;es ESP;MF;Alavés;es La Liga;28,0;1998,0;28,0;21,0;1761,0;19,57;0,0;4,0;4,0;0,0;0,0;0,0;4,0;0,0;0,2;24,0;5,0;20,83;1,23;0,26;0,0;0,0;96,0;24,0;12,0;29,0;0,0;34,0;0,0;;;;;0,0;;;;;;;;;;No;No;No;No;No;No;No;No;No;No
71;Trent Alexander-Arnold;eng ENG;DF, MF;Real Madrid;es La Liga;27,0;1998,0;13,0;8,0;637,0;7,08;0,0;2,0;2,0;0,0;0,0;0,0;1,0;0,0;0,28;5,0;0,0;0,0;0,71;0,0;0,0;0,0;72,0;6,0;10,0;0,0;0,0;5,0;0,0;;;;;0,0;;;;;;;;;;No;No;No;No;No;No;No;No;No;No
72;Alfon;es ESP;FW, MF;Villarreal;es La Liga;26,0;1999,0;13,0;4,0;357,0;3,97;1,0;0,0;1,0;1,0;0,0;0,0;0,0;0,0;0,25;11,0;7,0;63,64;2,77;1,76;0,09;0,14;4,0;0,0;1,0;6,0;0,0;5,0;0,0;;;;;0,0;;;;;;;;;;No;No;No;No;No;No;No;No;No;No
73;Mohamed Ali Cho;fr FRA;FW, MF;Nice;fr Ligue 1;22,0;2004,0;17,0;15,0;1204,0;13,38;4,0;3,0;7,0;4,0;0,0;0,0;1,0;0,0;0,52;23,0;10,0;43,48;1,72;0,75;0,17;0,4;32,0;5,0;3,0;23,0;0,0;12,0;0,0;;;;;0,0;;;;;;;;;;No;No;No;No;No;No;No;No;No;No
74;Alisson;br BRA;GK;Liverpool;eng Premier League;33,0;1992,0;25,0;25,0;2250,0;25,0;0,0;0,0;0,0;0,0;0,0;0,0;1,0;0,0;0,0;0,0;0,0;0,0;0,0;0,0;0,0;0,0;0,0;0,0;0,0;7,0;0,0;1,0;0,0;30,0;1,2;84,0;56,0;66,67;13,0;7,0;5,0;8,0;32,0;2,0;2,0;0,0;0,0;No;No;No;No;No;No;No;No;No;No
75;Jim Allevinah;ga GAB;MF;Angers;fr Ligue 1;31,0;1995,0;6,0;0,0;133,0;1,48;1,0;0,0;1,0;1,0;0,0;0,0;0,0;0,0;0,68;5,0;1,0;20,0;3,38;0,68;0,2;1,0;1,0;1,0;0,0;4,0;0,0;0,0;0,0;;;;;0,0;;;;;;;;;;No;No;No;No;No;No;No;No;No;No
76;Max Alleyne;eng ENG;DF;Manchester City;eng Premier League;20,0;2005,0;2,0;2,0;135,0;1,5;0,0;0,0;0,0;0,0;0,0;0,0;0,0;0,0;0,0;2,0;1,0;50,0;1,33;0,67;0,0;0,0;0,0;3,0;3,0;0,0;0,0;0,0;0,0;;;;;0,0;;;;;;;;;;No;No;No;No;No;No;No;No;No;No
77;Thiago Almada;ar ARG;MF;Atlético Madrid;es La Liga;24,0;2001,0;20,0;11,0;910,0;10,11;3,0;1,0;4,0;3,0;0,0;0,0;1,0;0,0;0,4;17,0;10,0;58,82;1,68;0,99;0,18;0,3;23,0;12,0;6,0;12,0;0,0;7,0;0,0;;;;;0,0;;;;;;;;;;No;No;No;No;No;No;No;No;No;No
78;Domingos André Ribeiro Almeida;pt POR;FW, MF;Valencia;es La Liga;25,0;2000,0;17,0;9,0;860,0;9,56;0,0;1,0;1,0;0,0;0,0;0,0;0,0;0,0;0,1;8,0;2,0;25,0;0,84;0,21;0,0;0,0;61,0;8,0;7,0;19,0;0,0;10,0;0,0;;;;;0,0;;;;;;;;;;No;No;No;No;No;No;No;No;No;No
79;Pontus Almqvist;se SWE;MF;Parma;it Serie A;26,0;1999,0;9,0;4,0;400,0;4,44;0,0;0,0;0,0;0,0;0,0;0,0;0,0;0,0;0,0;3,0;2,0;66,67;0,68;0,45;0,0;0,0;6,0;6,0;5,0;12,0;0,0;6,0;0,0;;;;;0,0;;;;;;;;;;No;No;No;No;No;No;No;No;No;No
80;Marcos Alonso;es ESP;DF;Celta Vigo;es La Liga;35,0;1990,0;24,0;23,0;2063,0;22,92;1,0;0,0;1,0;0,0;1,0;1,0;3,0;0,0;0,0;21,0;3,0;14,29;0,92;0,13;0,05;0,33;13,0;18,0;25,0;15,0;0,0;16,0;0,0;;;;;0,0;;;;;;;;;;No;No;No;No;No;No;No;No;No;No
81;Adrià Altimira;es ESP;DF;Villarreal;es La Liga;24,0;2001,0;1,0;0,0;9,0;0,1;0,0;0,0;0,0;0,0;0,0;0,0;0,0;0,0;0,0;0,0;0,0;0,0;0,0;0,0;0,0;0,0;0,0;1,0;0,0;0,0;0,0;0,0;0,0;;;;;0,0;;;;;;;;;;No;No;No;No;No;No;No;No;No;No
82;Sergi Altimira;es ESP;MF;Real Betis;es La Liga;24,0;2001,0;19,0;10,0;918,0;10,2;1,0;1,0;2,0;1,0;0,0;0,0;2,0;0,0;0,2;4,0;1,0;25,0;0,39;0,1;0,25;1,0;3,0;26,0;15,0;14,0;0,0;10,0;0,0;;;;;0,0;;;;;;;;;;No;No;No;No;No;No;No;No;No;No
83;Carlos Álvarez;es ESP;MF;Levante;es La Liga;22,0;2003,0;26,0;22,0;1786,0;19,84;3,0;1,0;4,0;3,0;0,0;0,0;3,0;0,0;0,2;27,0;10,0;37,04;1,36;0,5;0,11;0,3;46,0;13,0;13,0;45,0;0,0;21,0;0,0;;;;;0,0;;;;;;;;;;No;No;No;No;No;No;No;No;No;No
84;Hugo Álvarez;es ESP;FW, MF;Celta Vigo;es La Liga;22,0;2003,0;19,0;9,0;876,0;9,73;2,0;1,0;3,0;2,0;0,0;0,0;2,0;0,0;0,31;6,0;3,0;50,0;0,62;0,31;0,33;0,67;14,0;6,0;8,0;9,0;0,0;13,0;0,0;;;;;0,0;;;;;;;;;;No;No;No;No;No;No;No;No;No;No
85;Julián Álvarez;ar ARG;FW;Atlético Madrid;es La Liga;26,0;2000,0;28,0;21,0;1805,0;20,06;8,0;3,0;11,0;6,0;2,0;3,0;2,0;0,0;0,45;49,0;25,0;51,02;2,44;1,25;0,16;0,32;86,0;11,0;2,0;18,0;0,0;13,0;0,0;;;;;0,0;;;;;;;;;;No;No;No;No;No;No;No;No;No;No
86;Skelly Alvero;fr FRA;MF;Werder Bremen;de Bundesliga;23,0;2002,0;2,0;0,0;34,0;0,38;0,0;0,0;0,0;0,0;0,0;0,0;0,0;0,0;0,0;0,0;0,0;0,0;0,0;0,0;0,0;0,0;0,0;0,0;1,0;1,0;0,0;0,0;0,0;;;;;0,0;;;;;;;;;;No;No;No;No;No;No;No;No;No;No
87;Ayoube Amaimouni Echghouyab;ma MAR;FW, MF;Eintracht Frankfurt;de Bundesliga;21,0;2004,0;10,0;3,0;310,0;3,44;2,0;1,0;3,0;2,0;0,0;0,0;1,0;0,0;0,87;7,0;5,0;71,43;2,03;1,45;0,29;0,4;15,0;0,0;0,0;5,0;0,0;6,0;0,0;;;;;0,0;;;;;;;;;;No;No;No;No;No;No;No;No;No;No
88;Jaydon Amauri Banel;nl NED;FW, MF;Burnley;eng Premier League;21,0;2004,0;1,0;0,0;10,0;0,11;0,0;0,0;0,0;0,0;0,0;0,0;0,0;0,0;0,0;0,0;0,0;0,0;0,0;0,0;0,0;0,0;0,0;0,0;0,0;1,0;0,0;0,0;0,0;;;;;0,0;;;;;;;;;;No;No;No;No;No;No;No;No;No;No
89;Giuseppe Ambrosino;it ITA;FW;Napoli;it Serie A;22,0;2003,0;3,0;0,0;38,0;0,42;0,0;0,0;0,0;0,0;0,0;0,0;0,0;0,0;0,0;0,0;0,0;0,0;0,0;0,0;0,0;0,0;0,0;0,0;0,0;1,0;0,0;1,0;0,0;;;;;0,0;;;;;;;;;;No;No;No;No;No;No;No;No;No;No
90;Aurele Amenda;ch SUI;DF;Eintracht Frankfurt;de Bundesliga;22,0;2003,0;16,0;10,0;967,0;10,74;0,0;0,0;0,0;0,0;0,0;0,0;3,0;0,0;0,0;5,0;1,0;20,0;0,47;0,09;0,0;0,0;1,0;6,0;20,0;6,0;0,0;11,0;1,0;;;;;0,0;;;;;;;;;;No;No;No;No;No;No;No;No;No;No
91;Kelvin Amian;fr FRA;DF;Nantes;fr Ligue 1;28,0;1998,0;21,0;21,0;1870,0;20,78;0,0;1,0;1,0;0,0;0,0;0,0;3,0;0,0;0,05;10,0;2,0;20,0;0,48;0,1;0,0;0,0;29,0;18,0;8,0;17,0;0,0;22,0;0,0;;;;;0,0;;;;;;;;;;No;No;No;No;No;No;No;No;No;No
92;Mohamed Amine Sbai;fr FRA;FW, MF;Angers;fr Ligue 1;25,0;2000,0;18,0;16,0;1264,0;14,04;2,0;1,0;3,0;2,0;0,0;0,0;1,0;0,0;0,21;22,0;11,0;50,0;1,57;0,78;0,09;0,18;52,0;8,0;4,0;17,0;0,0;15,0;0,0;;;;;0,0;;;;;;;;;;No;No;No;No;No;No;No;No;No;No
93;Michael Amir Murillo;pa PAN;DF, MF;Marseille;fr Ligue 1;30,0;1996,0;16,0;11,0;989,0;10,99;2,0;1,0;3,0;2,0;0,0;0,0;4,0;0,0;0,27;9,0;2,0;22,22;0,82;0,18;0,22;1,0;28,0;13,0;6,0;16,0;0,0;22,0;0,0;;;;;0,0;;;;;;;;;;No;No;No;No;No;No;No;No;No;No
94;Nadiem Amiri;de GER;MF;Mainz 05;de Bundesliga;29,0;1996,0;20,0;19,0;1646,0;18,29;10,0;2,0;12,0;3,0;7,0;7,0;6,0;0,0;0,27;39,0;15,0;38,46;2,13;0,82;0,26;0,67;104,0;16,0;14,0;20,0;0,0;17,0;0,0;;;;;0,0;;;;;;;;;;No;No;No;No;No;No;No;No;No;No
95;Samuel Amo-Ameyaw;eng ENG;DF, MF;Strasbourg;fr Ligue 1;19,0;2006,0;19,0;4,0;607,0;6,74;1,0;1,0;2,0;1,0;0,0;0,0;1,0;0,0;0,3;7,0;1,0;14,29;1,04;0,15;0,14;1,0;34,0;9,0;3,0;14,0;0,0;11,0;0,0;;;;;0,0;;;;;;;;;;No;No;No;No;No;No;No;No;No;No
96;Amorim;br BRA;MF;Genoa;it Serie A;20,0;2005,0;4,0;0,0;93,0;1,03;0,0;0,0;0,0;0,0;0,0;0,0;0,0;0,0;0,0;1,0;0,0;0,0;0,97;0,0;0,0;0,0;3,0;1,0;2,0;4,0;0,0;3,0;0,0;;;;;0,0;;;;;;;;;;No;No;No;No;No;No;No;No;No;No
97;Mathis Amougou;fr FRA;MF;Strasbourg;fr Ligue 1;20,0;2006,0;9,0;2,0;272,0;3,02;0,0;0,0;0,0;0,0;0,0;0,0;1,0;0,0;0,0;2,0;1,0;50,0;0,66;0,33;0,0;0,0;0,0;5,0;1,0;3,0;0,0;2,0;0,0;;;;;0,0;;;;;;;;;;No;No;No;No;No;No;No;No;No;No
98;Mohamed Amoura;dz ALG;FW, MF;Wolfsburg;de Bundesliga;25,0;2000,0;23,0;18,0;1523,0;16,92;8,0;3,0;11,0;7,0;1,0;1,0;2,0;0,0;0,59;48,0;15,0;31,25;2,84;0,89;0,17;0,53;23,0;17,0;7,0;10,0;0,0;16,0;0,0;;;;;0,0;;;;;;;;;;No;No;No;No;No;No;No;No;No;No
99;Ethan Ampadu;wls WAL;MF;Leeds United;eng Premier League;25,0;2000,0;27,0;27,0;2399,0;26,66;1,0;1,0;2,0;1,0;0,0;0,0;7,0;0,0;0,08;19,0;4,0;21,05;0,71;0,15;0,05;0,25;23,0;37,0;38,0;27,0;0,0;34,0;0,0;;;;;0,0;;;;;;;;;;No;No;No;No;No;No;No;No;No;No
100;Sofyan Amrabat;ma MAR;MF;Real Betis;es La Liga;29,0;1996,0;8,0;6,0;603,0;6,7;0,0;0,0;0,0;0,0;0,0;0,0;3,0;0,0;0,0;4,0;1,0;25,0;0,6;0,15;0,0;0,0;3,0;6,0;6,0;13,0;0,0;10,0;0,0;;;;;0,0;;;;;;;;;;No;No;No;No;No;No;No;No;No;No
101;Joachim Andersen;dk DEN;DF;Fulham;eng Premier League;29,0;1996,0;27,0;27,0;2381,0;26,46;0,0;1,0;1,0;0,0;0,0;0,0;7,0;0,0;0,04;12,0;3,0;25,0;0,45;0,11;0,0;0,0;13,0;19,0;26,0;10,0;0,0;27,0;0,0;;;;;0,0;;;;;;;;;;No;No;No;No;No;No;No;No;No;No
102;Elliot Anderson;eng ENG;MF;Nottingham Forest;eng Premier League;23,0;2002,0;30,0;30,0;2683,0;29,81;2,0;2,0;4,0;1,0;1,0;1,0;6,0;0,0;0,1;36,0;8,0;22,22;1,21;0,27;0,06;0,25;155,0;51,0;35,0;66,0;0,0;44,0;0,0;;;;;0,0;;;;;;;;;;No;No;No;No;No;No;No;No;No;No
103;Tomoya Ando;jp JPN;DF;St Pauli;de Bundesliga;27,0;1999,0;8,0;7,0;632,0;7,02;0,0;0,0;0,0;0,0;0,0;0,0;1,0;0,0;0,0;1,0;0,0;0,0;0,14;0,0;0,0;0,0;3,0;10,0;11,0;4,0;0,0;6,0;0,0;;;;;0,0;;;;;;;;;;No;No;No;No;No;No;No;No;No;No
104;Nícolas Andrade;br BRA;GK;Pisa;it Serie A;37,0;1988,0;5,0;5,0;450,0;5,0;0,0;0,0;0,0;0,0;0,0;0,0;0,0;0,0;0,0;0,0;0,0;0,0;0,0;0,0;0,0;0,0;0,0;0,0;0,0;1,0;0,0;0,0;0,0;9,0;1,8;19,0;10,0;52,63;1,0;0,0;4,0;0,0;0,0;1,0;0,0;0,0;1,0;No;No;No;No;No;No;No;No;No;No
105;André;br BRA;MF;Wolves;eng Premier League;24,0;2001,0;28,0;23,0;2132,0;23,69;1,0;0,0;1,0;1,0;0,0;0,0;9,0;0,0;0,04;11,0;1,0;9,09;0,46;0,04;0,09;1,0;38,0;30,0;21,0;37,0;0,0;33,0;0,0;;;;;0,0;;;;;;;;;;No;No;No;No;No;No;No;No;No;No
106;Benjamin André;fr FRA;MF;Lille;fr Ligue 1;35,0;1990,0;20,0;20,0;1789,0;19,88;2,0;1,0;3,0;2,0;0,0;0,0;7,0;0,0;0,15;22,0;4,0;18,18;1,11;0,2;0,09;0,5;14,0;30,0;25,0;31,0;0,0;31,0;0,0;;;;;0,0;;;;;;;;;;No;No;No;No;No;No;No;No;No;No
107;Robert Andrich;de GER;DF, MF;Leverkusen;de Bundesliga;31,0;1994,0;25,0;22,0;1949,0;21,66;1,0;0,0;1,0;1,0;0,0;0,0;6,0;1,0;0,05;5,0;2,0;40,0;0,23;0,09;0,2;0,5;9,0;24,0;27,0;18,0;1,0;25,0;0,0;;;;;0,0;;;;;;;;;;No;No;No;No;No;No;No;No;No;No
108;Manuel Ángel;es ESP;MF;Real Madrid;es La Liga;22,0;2004,0;2,0;0,0;29,0;0,32;0,0;0,0;0,0;0,0;0,0;0,0;0,0;0,0;0,0;1,0;0,0;0,0;3,1;0,0;0,0;0,0;0,0;2,0;0,0;2,0;0,0;0,0;1,0;;;;;0,0;;;;;;;;;;No;No;No;No;No;No;No;No;No;No
109;Miguel Ángel Rubio;es ESP;DF;Espanyol;es La Liga;28,0;1998,0;10,0;1,0;192,0;2,13;1,0;0,0;1,0;1,0;0,0;0,0;0,0;0,0;0,47;2,0;1,0;50,0;0,94;0,47;0,5;1,0;0,0;0,0;0,0;1,0;0,0;0,0;0,0;;;;;0,0;;;;;;;;;;No;No;No;No;No;No;No;No;No;No
110;Miguel Ángel Sierra;es ESP;FW;Sevilla;es La Liga;21,0;2004,0;4,0;0,0;62,0;0,69;0,0;0,0;0,0;0,0;0,0;0,0;0,0;0,0;0,0;4,0;1,0;25,0;5,81;1,45;0,0;0,0;4,0;1,0;0,0;3,0;0,0;1,0;0,0;;;;;0,0;;;;;;;;;;No;No;No;No;No;No;No;No;No;No
111;Angeliño;es ESP;MF;Roma;it Serie A;29,0;1997,0;5,0;5,0;387,0;4,3;0,0;0,0;0,0;0,0;0,0;0,0;1,0;0,0;0,0;4,0;2,0;50,0;0,93;0,47;0,0;0,0;14,0;6,0;3,0;2,0;0,0;4,0;0,0;;;;;0,0;;;;;;;;;;No;No;No;No;No;No;No;No;No;No
112;Samuele Angori;it ITA;MF;Pisa;it Serie A;22,0;2003,0;26,0;22,0;1852,0;20,58;0,0;1,0;1,0;0,0;0,0;0,0;1,0;0,0;0,05;8,0;1,0;12,5;0,39;0,05;0,0;0,0;125,0;20,0;19,0;41,0;0,0;11,0;0,0;;;;;0,0;;;;;;;;;;No;No;No;No;No;No;No;No;No;No
113;Nilson Angulo;ec ECU;MF;Sunderland;eng Premier League;22,0;2003,0;5,0;3,0;256,0;2,84;0,0;0,0;0,0;0,0;0,0;0,0;0,0;0,0;0,0;3,0;2,0;66,67;1,05;0,7;0,0;0,0;7,0;5,0;2,0;2,0;0,0;7,0;0,0;;;;;0,0;;;;;;;;;;No;No;No;No;No;No;No;No;No;No
114;Faustino Anjorin;eng ENG;MF;Torino;it Serie A;24,0;2001,0;13,0;1,0;255,0;2,83;0,0;0,0;0,0;0,0;0,0;0,0;1,0;0,0;0,0;4,0;1,0;25,0;1,41;0,35;0,0;0,0;1,0;4,0;6,0;1,0;0,0;7,0;0,0;;;;;0,0;;;;;;;;;;No;No;No;No;No;No;No;No;No;No
115;Ilyas Ansah;de GER;FW, MF;Union Berlin;de Bundesliga;21,0;2004,0;26,0;19,0;1580,0;17,56;5,0;1,0;6,0;5,0;0,0;0,0;1,0;0,0;0,34;26,0;8,0;30,77;1,48;0,46;0,19;0,62;16,0;5,0;4,0;30,0;0,0;16,0;0,0;;;;;0,0;;;;;;;;;;No;No;No;No;No;No;No;No;No;No
116;Aaron Anselmino;ar ARG;DF;Strasbourg;fr Ligue 1;20,0;2005,0;8,0;4,0;370,0;4,11;1,0;0,0;1,0;1,0;0,0;0,0;0,0;0,0;0,24;1,0;1,0;100,0;0,24;0,24;1,0;1,0;2,0;8,0;8,0;3,0;0,0;6,0;0,0;;;;;0,0;;;;;;;;;;No;No;No;No;No;No;No;No;No;No
117;Andrés Antañón;es ESP;MF;Celta Vigo;es La Liga;19,0;2007,0;1,0;0,0;18,0;0,2;0,0;0,0;0,0;0,0;0,0;0,0;0,0;0,0;0,0;0,0;0,0;0,0;0,0;0,0;0,0;0,0;0,0;0,0;0,0;0,0;0,0;1,0;0,0;;;;;0,0;;;;;;;;;;No;No;No;No;No;No;No;No;No;No
118;Jaidon Anthony;eng ENG;MF;Burnley;eng Premier League;26,0;1999,0;29,0;24,0;2024,0;22,49;7,0;1,0;8,0;7,0;0,0;0,0;4,0;0,0;0,36;43,0;17,0;39,53;1,91;0,76;0,16;0,41;55,0;16,0;14,0;38,0;0,0;19,0;0,0;;;;;0,0;;;;;;;;;;No;No;No;No;No;No;No;No;No;No
119;Waldemar Anton;de GER;DF;Dortmund;de Bundesliga;29,0;1996,0;24,0;24,0;2160,0;24,0;2,0;0,0;2,0;2,0;0,0;0,0;3,0;0,0;0,08;12,0;4,0;33,33;0,5;0,17;0,17;0,5;7,0;24,0;18,0;13,0;0,0;20,0;0,0;;;;;0,0;;;;;;;;;;No;No;No;No;No;No;No;No;No;No
120;Kyllian Antonio;fr FRA;DF;Lens;fr Ligue 1;18,0;2008,0;2,0;1,0;121,0;1,34;0,0;0,0;0,0;0,0;0,0;0,0;1,0;0,0;0,0;1,0;0,0;0,0;0,74;0,0;0,0;0,0;1,0;3,0;5,0;4,0;0,0;1,0;0,0;;;;;0,0;;;;;;;;;;No;No;No;No;No;No;No;No;No;No
121;Antoniu;es ESP;MF;Espanyol;es La Liga;23,0;2002,0;8,0;1,0;115,0;1,28;0,0;0,0;0,0;0,0;0,0;0,0;1,0;0,0;0,0;3,0;0,0;0,0;2,35;0,0;0,0;0,0;2,0;1,0;0,0;3,0;0,0;5,0;0,0;;;;;0,0;;;;;;;;;;No;No;No;No;No;No;No;No;No;No
122;Antony;br BRA;FW, MF;Real Betis;es La Liga;26,0;2000,0;23,0;21,0;1819,0;20,21;7,0;5,0;12,0;7,0;0,0;0,0;4,0;1,0;0,59;64,0;27,0;42,19;3,17;1,34;0,11;0,26;53,0;17,0;18,0;35,0;0,0;14,0;0,0;;;;;0,0;;;;;;;;;;No;No;No;No;No;No;No;No;No;No
123;Youssef El-Arabi;ma MAR;FW;Nantes;fr Ligue 1;39,0;1987,0;22,0;11,0;917,0;10,19;3,0;0,0;3,0;3,0;0,0;1,0;0,0;0,0;0,29;15,0;9,0;60,0;1,47;0,88;0,2;0,33;2,0;9,0;4,0;22,0;0,0;21,0;0,0;;;;;0,0;;;;;;;;;;No;No;No;No;No;No;No;No;No;No
124;Mauro Arambarri;uy URU;MF;Getafe;es La Liga;30,0;1995,0;28,0;28,0;2456,0;27,29;5,0;2,0;7,0;3,0;2,0;2,0;4,0;0,0;0,18;47,0;15,0;31,91;1,72;0,55;0,11;0,33;9,0;38,0;16,0;51,0;0,0;40,0;0,0;;;;;0,0;;;;;;;;;;No;No;No;No;No;No;No;No;No;No
125;Jon Aramburu;ve VEN;DF;Real Sociedad;es La Liga;23,0;2002,0;26,0;24,0;2141,0;23,79;1,0;0,0;1,0;1,0;0,0;0,0;8,0;0,0;0,04;16,0;5,0;31,25;0,67;0,21;0,06;0,2;42,0;52,0;34,0;32,0;0,0;54,0;0,0;;;;;0,0;;;;;;;;;;No;No;No;No;No;No;No;No;No;No
126;Juan Arango;ve VEN;MF;Girona;es La Liga;19,0;2006,0;2,0;0,0;18,0;0,2;0,0;0,0;0,0;0,0;0,0;0,0;1,0;0,0;0,0;0,0;0,0;0,0;0,0;0,0;0,0;0,0;0,0;0,0;0,0;0,0;0,0;1,0;0,0;;;;;0,0;;;;;;;;;;No;No;No;No;No;No;No;No;No;No
127;Ronald Araújo;uy URU;DF;Barcelona;es La Liga;27,0;1999,0;17,0;7,0;739,0;8,21;2,0;0,0;2,0;2,0;0,0;0,0;2,0;0,0;0,24;8,0;4,0;50,0;0,97;0,49;0,25;0,5;3,0;6,0;8,0;1,0;0,0;15,0;0,0;;;;;0,0;;;;;;;;;;No;No;No;No;No;No;No;No;No;No
128;Carlens Arcus;ht HAI;DF;Angers;fr Ligue 1;29,0;1996,0;24,0;24,0;2009,0;22,32;0,0;3,0;3,0;0,0;0,0;0,0;6,0;0,0;0,13;9,0;1,0;11,11;0,4;0,04;0,0;0,0;38,0;28,0;29,0;16,0;0,0;31,0;0,0;;;;;0,0;;;;;;;;;;No;No;No;No;No;No;No;No;No;No
129;Antonio Arena;it ITA;FW;Roma;it Serie A;17,0;2009,0;1,0;0,0;7,0;0,08;0,0;0,0;0,0;0,0;0,0;0,0;0,0;0,0;0,0;0,0;0,0;0,0;0,0;0,0;0,0;0,0;0,0;0,0;0,0;0,0;0,0;0,0;0,0;;;;;0,0;;;;;;;;;;No;No;No;No;No;No;No;No;No;No
130;Alphonse Areola;fr FRA;GK;West Ham United;eng Premier League;33,0;1993,0;20,0;20,0;1800,0;20,0;0,0;1,0;1,0;0,0;0,0;0,0;0,0;0,0;0,05;0,0;0,0;0,0;0,0;0,0;0,0;0,0;0,0;0,0;1,0;1,0;0,0;1,0;0,0;37,0;1,85;108,0;76,0;70,37;4,0;5,0;11,0;0,0;0,0;6,0;5,0;0,0;1,0;No;No;No;No;No;No;No;No;No;No
131;Jesús Areso;es ESP;DF;Athletic Club;es La Liga;26,0;1999,0;23,0;13,0;1391,0;15,46;0,0;1,0;1,0;0,0;0,0;0,0;3,0;0,0;0,06;3,0;0,0;0,0;0,19;0,0;0,0;0,0;81,0;15,0;19,0;5,0;0,0;18,0;0,0;;;;;0,0;;;;;;;;;;No;No;No;No;No;No;No;No;No;No
132;Jeremy Arévalo;ec ECU;FW;Stuttgart;de Bundesliga;20,0;2005,0;5,0;0,0;29,0;0,32;0,0;0,0;0,0;0,0;0,0;0,0;0,0;0,0;0,0;3,0;1,0;33,33;9,31;3,1;0,0;0,0;0,0;0,0;0,0;2,0;0,0;0,0;0,0;;;;;0,0;;;;;;;;;;No;No;No;No;No;No;No;No;No;No
133;Paul Argney;fr FRA;GK;Le Havre;fr Ligue 1;19,0;2006,0;1,0;1,0;90,0;1,0;0,0;0,0;0,0;0,0;0,0;0,0;0,0;0,0;0,0;0,0;0,0;0,0;0,0;0,0;0,0;0,0;0,0;0,0;0,0;0,0;0,0;0,0;0,0;1,0;1,0;3,0;2,0;66,67;1,0;0,0;0,0;0,0;0,0;0,0;0,0;0,0;0,0;No;No;No;No;No;No;No;No;No;No
134;Iñigo Arguibide;es ESP;DF;Osasuna;es La Liga;20,0;2005,0;6,0;2,0;187,0;2,08;0,0;0,0;0,0;0,0;0,0;0,0;0,0;1,0;0,0;0,0;0,0;0,0;0,0;0,0;0,0;0,0;5,0;3,0;1,0;0,0;0,0;3,0;0,0;;;;;0,0;;;;;;;;;;No;No;No;No;No;No;No;No;No;No
135;Jhon Arias;co COL;FW, MF;Wolves;eng Premier League;28,0;1997,0;23,0;14,0;1124,0;12,49;1,0;0,0;1,0;1,0;0,0;0,0;1,0;0,0;0,08;16,0;3,0;18,75;1,28;0,24;0,06;0,33;30,0;27,0;7,0;9,0;0,0;26,0;0,0;;;;;0,0;;;;;;;;;;No;No;No;No;No;No;No;No;No;No
136;Juan Arizala;co COL;MF;Udinese;it Serie A;20,0;2005,0;3,0;0,0;47,0;0,52;0,0;0,0;0,0;0,0;0,0;0,0;0,0;0,0;0,0;1,0;1,0;100,0;1,91;1,91;0,0;0,0;0,0;2,0;0,0;0,0;0,0;0,0;0,0;;;;;0,0;;;;;;;;;;No;No;No;No;No;No;No;No;No;No
137;Adam Armstrong;eng ENG;FW, MF;Wolves;eng Premier League;29,0;1997,0;7,0;7,0;566,0;6,29;1,0;2,0;3,0;1,0;0,0;0,0;3,0;0,0;0,48;5,0;1,0;20,0;0,8;0,16;0,2;1,0;2,0;3,0;1,0;2,0;0,0;7,0;0,0;;;;;0,0;;;;;;;;;;No;No;No;No;No;No;No;No;No;No
138;Harrison Armstrong;eng ENG;MF;Everton;eng Premier League;19,0;2007,0;11,0;6,0;499,0;5,54;0,0;0,0;0,0;0,0;0,0;0,0;0,0;0,0;0,0;5,0;2,0;40,0;0,9;0,36;0,0;0,0;2,0;10,0;4,0;15,0;0,0;6,0;0,0;;;;;0,0;;;;;;;;;;No;No;No;No;No;No;No;No;No;No
139;Maximilian Arnold;de GER;MF;Wolfsburg;de Bundesliga;31,0;1994,0;21,0;20,0;1814,0;20,16;1,0;4,0;5,0;1,0;0,0;0,0;5,0;0,0;0,25;11,0;5,0;45,45;0,55;0,25;0,09;0,2;79,0;15,0;24,0;25,0;0,0;17,0;0,0;;;;;0,0;;;;;;;;;;No;No;No;No;No;No;No;No;No;No
140;Tolu Arokodare;ng NGA;FW;Wolves;eng Premier League;25,0;2000,0;27,0;12,0;1244,0;13,82;3,0;1,0;4,0;3,0;0,0;1,0;1,0;0,0;0,29;38,0;13,0;34,21;2,75;0,94;0,08;0,23;0,0;3,0;5,0;13,0;0,0;17,0;0,0;;;;;0,0;;;;;;;;;;No;No;No;No;No;No;No;No;No;No
141;Love Arrhov;se SWE;FW;Eintracht Frankfurt;de Bundesliga;17,0;2008,0;3,0;0,0;19,0;0,21;0,0;0,0;0,0;0,0;0,0;0,0;1,0;0,0;0,0;0,0;0,0;0,0;0,0;0,0;0,0;0,0;0,0;0,0;0,0;0,0;0,0;2,0;0,0;;;;;0,0;;;;;;;;;;No;No;No;No;No;No;No;No;No;No
142;Kervin Arriaga;hn HON;MF;Levante;es La Liga;28,0;1998,0;19,0;12,0;1151,0;12,79;1,0;1,0;2,0;1,0;0,0;0,0;6,0;1,0;0,16;9,0;3,0;33,33;0,7;0,23;0,11;0,33;4,0;18,0;11,0;17,0;1,0;19,0;0,0;;;;;0,0;;;;;;;;;;No;No;No;No;No;No;No;No;No;No
143;Arthur;br BRA;MF;Leverkusen;de Bundesliga;23,0;2003,0;16,0;13,0;1048,0;11,64;1,0;3,0;4,0;1,0;0,0;0,0;2,0;0,0;0,34;10,0;2,0;20,0;0,86;0,17;0,1;0,5;29,0;11,0;18,0;9,0;0,0;17,0;0,0;;;;;0,0;;;;;;;;;;No;No;No;No;No;No;No;No;No;No
144;Takuma Asano;jp JPN;FW, MF;Mallorca;es La Liga;31,0;1994,0;15,0;6,0;483,0;5,37;1,0;0,0;1,0;1,0;0,0;0,0;2,0;0,0;0,19;9,0;2,0;22,22;1,68;0,37;0,11;0,5;6,0;2,0;1,0;10,0;0,0;7,0;0,0;;;;;0,0;;;;;;;;;;No;No;No;No;No;No;No;No;No;No
145;Raúl Asencio;es ESP;DF;Real Madrid;es La Liga;23,0;2003,0;19,0;14,0;1348,0;14,98;2,0;0,0;2,0;2,0;0,0;0,0;3,0;0,0;0,13;13,0;4,0;30,77;0,87;0,27;0,15;0,5;1,0;10,0;8,0;17,0;0,0;15,0;0,0;;;;;0,0;;;;;;;;;;No;No;No;No;No;Sí;No;No;No;No
146;Fisnik Asllani;xk KVX;FW, MF;Hoffenheim;de Bundesliga;23,0;2002,0;25,0;23,0;1746,0;19,4;8,0;5,0;13,0;8,0;0,0;0,0;1,0;0,0;0,67;57,0;23,0;40,35;2,94;1,19;0,14;0,35;6,0;4,0;3,0;32,0;0,0;19,0;0,0;;;;;0,0;;;;;;;;;;No;No;No;No;No;No;No;No;No;No
147;Kristjan Asllani;al ALB;MF;Torino;it Serie A;24,0;2002,0;15,0;13,0;1129,0;12,54;0,0;0,0;0,0;0,0;0,0;1,0;3,0;0,0;0,0;20,0;4,0;20,0;1,59;0,32;0,0;0,0;52,0;14,0;12,0;14,0;0,0;7,0;0,0;;;;;0,0;;;;;;;;;;No;No;No;No;No;No;No;No;No;No
148;Joel Asoro;se SWE;FW;Metz;fr Ligue 1;26,0;1999,0;8,0;2,0;227,0;2,52;0,0;0,0;0,0;0,0;0,0;0,0;0,0;0,0;0,0;4,0;1,0;25,0;1,59;0,4;0,0;0,0;1,0;0,0;0,0;1,0;0,0;2,0;0,0;;;;;0,0;;;;;;;;;;No;No;No;No;No;No;No;No;No;No
149;Iago Aspas;es ESP;FW, MF;Celta Vigo;es La Liga;38,0;1987,0;23,0;8,0;814,0;9,04;4,0;3,0;7,0;2,0;2,0;2,0;3,0;0,0;0,55;23,0;11,0;47,83;2,54;1,22;0,17;0,36;20,0;9,0;10,0;9,0;0,0;2,0;0,0;;;;;0,0;;;;;;;;;;No;No;No;No;No;No;No;No;No;No
150;Yaser Asprilla;co COL;FW, MF;Girona;es La Liga;22,0;2003,0;15,0;6,0;611,0;6,79;0,0;0,0;0,0;0,0;0,0;0,0;0,0;0,0;0,0;15,0;5,0;33,33;2,21;0,74;0,0;0,0;36,0;4,0;5,0;8,0;0,0;11,0;0,0;;;;;0,0;;;;;;;;;;No;No;No;No;No;No;No;No;No;No
151;Lorenz Assignon;tg TOG;DF, MF;Stuttgart;de Bundesliga;25,0;2000,0;18,0;8,0;781,0;8,68;0,0;0,0;0,0;0,0;0,0;0,0;2,0;1,0;0,0;11,0;3,0;27,27;1,27;0,35;0,0;0,0;27,0;11,0;11,0;6,0;0,0;16,0;0,0;;;;;0,0;;;;;;;;;;No;No;No;No;No;No;No;No;No;No
152;Dehmaine Assoumani;fr FRA;MF;Nantes;fr Ligue 1;20,0;2005,0;21,0;11,0;980,0;10,89;0,0;0,0;0,0;0,0;0,0;0,0;4,0;0,0;0,0;19,0;4,0;21,05;1,74;0,37;0,0;0,0;65,0;16,0;13,0;15,0;0,0;19,0;0,0;;;;;0,0;;;;;;;;;;No;No;No;No;No;No;No;No;No;No
153;Lander Astiazaran;es ESP;MF;Real Sociedad;es La Liga;19,0;2006,0;1,0;0,0;1,0;0,01;0,0;0,0;0,0;0,0;0,0;0,0;0,0;0,0;0,0;1,0;0,0;0,0;90,0;0,0;0,0;0,0;0,0;0,0;1,0;0,0;0,0;0,0;0,0;;;;;0,0;;;;;;;;;;No;No;No;No;No;No;No;No;No;No
154;Otavio Ataide;br BRA;DF;Paris FC;fr Ligue 1;23,0;2002,0;20,0;19,0;1721,0;19,12;0,0;0,0;0,0;0,0;0,0;0,0;6,0;1,0;0,0;11,0;2,0;18,18;0,58;0,1;0,0;0,0;5,0;24,0;25,0;28,0;0,0;21,0;0,0;;;;;0,0;;;;;;;;;;No;No;No;No;No;No;No;No;No;No
155;Zachary Athekame;ch SUI;MF;Milan;it Serie A;21,0;2004,0;19,0;4,0;454,0;5,04;1,0;1,0;2,0;1,0;0,0;0,0;3,0;0,0;0,4;6,0;2,0;33,33;1,19;0,4;0,17;0,5;30,0;4,0;4,0;5,0;0,0;11,0;0,0;;;;;0,0;;;;;;;;;;No;No;No;No;No;No;No;No;No;No
156;Arthur Atta;fr FRA;MF;Udinese;it Serie A;23,0;2003,0;23,0;20,0;1805,0;20,06;2,0;3,0;5,0;2,0;0,0;0,0;3,0;0,0;0,25;43,0;14,0;32,56;2,14;0,7;0,05;0,14;45,0;9,0;16,0;26,0;0,0;17,0;0,0;;;;;0,0;;;;;;;;;;No;No;No;No;No;No;No;No;No;No
157;Noah Atubolu;de GER;GK;Freiburg;de Bundesliga;23,0;2002,0;26,0;26,0;2340,0;26,0;0,0;0,0;0,0;0,0;0,0;0,0;0,0;0,0;0,0;0,0;0,0;0,0;0,0;0,0;0,0;0,0;0,0;0,0;1,0;3,0;0,0;0,0;0,0;43,0;1,65;117,0;75,0;64,1;9,0;7,0;10,0;5,0;19,23;1,0;0,0;1,0;0,0;No;No;No;No;No;No;No;No;No;No
158;Pierre-Emerick Aubameyang;ga GAB;FW;Marseille;fr Ligue 1;36,0;1989,0;23,0;16,0;1488,0;16,53;8,0;5,0;13,0;8,0;0,0;0,0;1,0;0,0;0,79;37,0;21,0;56,76;2,24;1,27;0,22;0,38;21,0;5,0;6,0;14,0;0,0;15,0;0,0;;;;;0,0;;;;;;;;;;No;No;No;No;No;No;No;No;No;No
159;Emil Audero;id IDN;GK;Cremonese;it Serie A;29,0;1997,0;25,0;25,0;2250,0;25,0;0,0;0,0;0,0;0,0;0,0;0,0;0,0;0,0;0,0;0,0;0,0;0,0;0,0;0,0;0,0;0,0;0,0;0,0;0,0;5,0;0,0;0,0;0,0;37,0;1,48;135,0;102,0;75,56;5,0;6,0;14,0;7,0;28,0;4,0;3,0;1,0;0,0;No;No;No;No;No;No;No;No;No;No
160;Carlos Augusto;br BRA;DF, MF;Inter;it Serie A;27,0;1999,0;26,0;12,0;1199,0;13,32;1,0;1,0;2,0;1,0;0,0;0,0;4,0;0,0;0,15;13,0;4,0;30,77;0,98;0,3;0,08;0,25;38,0;18,0;13,0;10,0;0,0;19,0;0,0;;;;;0,0;;;;;;;;;;No;No;No;No;No;No;No;No;No;No
161;Yann Aurel Bisseck;de GER;DF;Inter;it Serie A;25,0;2000,0;18,0;16,0;1476,0;16,4;2,0;1,0;3,0;2,0;0,0;0,0;2,0;0,0;0,18;21,0;9,0;42,86;1,28;0,55;0,1;0,22;11,0;13,0;16,0;11,0;0,0;18,0;0,0;;;;;0,0;;;;;;;;;;No;No;No;No;No;No;No;No;No;No
162;Leon Avdullahu;xk KVX;MF;Hoffenheim;de Bundesliga;22,0;2004,0;26,0;26,0;2264,0;25,16;0,0;1,0;1,0;0,0;0,0;0,0;4,0;0,0;0,04;12,0;2,0;16,67;0,48;0,08;0,0;0,0;13,0;26,0;23,0;10,0;0,0;21,0;0,0;;;;;0,0;;;;;;;;;;No;No;No;No;No;No;No;No;No;No
163;Ezequiel Ávila;ar ARG;FW;Real Betis;es La Liga;32,0;1994,0;11,0;3,0;319,0;3,54;1,0;0,0;1,0;0,0;1,0;1,0;3,0;0,0;0,0;7,0;2,0;28,57;1,97;0,56;0,14;0,5;10,0;1,0;3,0;7,0;0,0;5,0;0,0;;;;;0,0;;;;;;;;;;No;No;No;No;No;No;No;No;No;No
164;Arthur Avom;cm CMR;MF;Lorient;fr Ligue 1;21,0;2004,0;23,0;17,0;1624,0;18,04;1,0;1,0;2,0;1,0;0,0;0,0;3,0;0,0;0,11;16,0;3,0;18,75;0,89;0,17;0,06;0,33;35,0;26,0;20,0;33,0;0,0;15,0;1,0;;;;;0,0;;;;;;;;;;No;No;No;No;No;No;No;No;No;No
165;Chidozie Awaziem;ng NGA;DF;Nantes;fr Ligue 1;29,0;1997,0;21,0;21,0;1859,0;20,66;1,0;1,0;2,0;1,0;0,0;0,0;7,0;0,0;0,1;9,0;4,0;44,44;0,44;0,19;0,11;0,25;2,0;15,0;18,0;19,0;0,0;18,0;1,0;;;;;0,0;;;;;;;;;;No;No;No;No;No;No;No;No;No;No
166;Taiwo Awoniyi;ng NGA;FW;Nottingham Forest;eng Premier League;28,0;1997,0;11,0;1,0;258,0;2,87;1,0;0,0;1,0;1,0;0,0;0,0;0,0;0,0;0,35;9,0;4,0;44,44;3,14;1,4;0,11;0,25;1,0;1,0;1,0;3,0;0,0;6,0;0,0;;;;;0,0;;;;;;;;;;No;No;No;No;No;No;No;No;No;No
167;Yasin Ayari;se SWE;MF;Brighton;eng Premier League;22,0;2003,0;23,0;18,0;1718,0;19,09;3,0;2,0;5,0;3,0;0,0;0,0;1,0;0,0;0,26;39,0;10,0;25,64;2,04;0,52;0,08;0,3;23,0;23,0;24,0;24,0;0,0;20,0;0,0;;;;;0,0;;;;;;;;;;No;No;No;No;No;No;No;No;No;No
168;Neil El Aynaoui;ma MAR;MF;Roma;it Serie A;24,0;2001,0;18,0;4,0;607,0;6,74;0,0;1,0;1,0;0,0;0,0;0,0;4,0;0,0;0,15;4,0;3,0;75,0;0,59;0,44;0,0;0,0;9,0;7,0;13,0;5,0;0,0;14,0;0,0;;;;;0,0;;;;;;;;;;No;No;No;No;No;No;No;No;No;No
169;César Azpilicueta;es ESP;DF;Sevilla;es La Liga;36,0;1989,0;14,0;14,0;997,0;11,08;0,0;1,0;1,0;0,0;0,0;0,0;4,0;0,0;0,09;0,0;0,0;0,0;0,0;0,0;0,0;0,0;11,0;16,0;22,0;8,0;0,0;22,0;0,0;;;;;0,0;;;;;;;;;;No;No;No;No;No;No;No;No;No;No
170;Oussama El Azzouzi;ma MAR;DF, MF;Auxerre;fr Ligue 1;24,0;2001,0;11,0;10,0;807,0;8,97;1,0;0,0;1,0;1,0;0,0;0,0;1,0;1,0;0,11;5,0;1,0;20,0;0,56;0,11;0,2;1,0;0,0;15,0;16,0;8,0;0,0;18,0;0,0;;;;;0,0;;;;;;;;;;No;No;No;No;No;No;No;No;No;No
171;Mio Backhaus;de GER;GK;Werder Bremen;de Bundesliga;21,0;2004,0;24,0;24,0;2160,0;24,0;0,0;0,0;0,0;0,0;0,0;0,0;0,0;0,0;0,0;0,0;0,0;0,0;0,0;0,0;0,0;0,0;0,0;0,0;0,0;8,0;0,0;0,0;0,0;43,0;1,79;110,0;71,0;64,55;5,0;7,0;12,0;4,0;16,67;4,0;4,0;0,0;0,0;No;No;No;No;No;No;No;No;No;No
172;Loïc Bade;fr FRA;DF;Leverkusen;de Bundesliga;25,0;2000,0;19,0;16,0;1377,0;15,3;0,0;0,0;0,0;0,0;0,0;0,0;4,0;0,0;0,0;9,0;3,0;33,33;0,59;0,2;0,0;0,0;3,0;16,0;20,0;4,0;0,0;8,0;1,0;;;;;0,0;;;;;;;;;;No;No;No;No;No;No;No;No;No;No
173;Benoît Badiashile;fr FRA;DF;Chelsea;eng Premier League;24,0;2001,0;8,0;6,0;471,0;5,23;0,0;0,0;0,0;0,0;0,0;0,0;2,0;0,0;0,0;0,0;0,0;0,0;0,0;0,0;0,0;0,0;0,0;5,0;9,0;2,0;0,0;6,0;0,0;;;;;0,0;;;;;;;;;;No;No;No;No;No;No;No;No;No;No
174;Alex Baena;es ESP;MF;Atlético Madrid;es La Liga;24,0;2001,0;19,0;14,0;1051,0;11,68;2,0;2,0;4,0;2,0;0,0;0,0;3,0;0,0;0,34;20,0;5,0;25,0;1,71;0,43;0,1;0,4;92,0;7,0;9,0;20,0;0,0;20,0;0,0;;;;;0,0;;;;;;;;;;Sí;Sí;Sí;No;Sí;Sí;Sí;Sí;No;Sí
175;Samson Baidoo;at AUT;DF;Lens;fr Ligue 1;21,0;2004,0;18,0;17,0;1544,0;17,16;2,0;1,0;3,0;2,0;0,0;0,0;2,0;0,0;0,17;15,0;4,0;26,67;0,87;0,23;0,13;0,5;0,0;18,0;24,0;5,0;0,0;17,0;0,0;;;;;0,0;;;;;;;;;;No;No;No;No;No;No;No;No;No;No
176;Leon Bailey;jm JAM;FW, MF;Aston Villa;eng Premier League;28,0;1997,0;15,0;3,0;502,0;5,58;0,0;1,0;1,0;0,0;0,0;0,0;1,0;0,0;0,18;9,0;2,0;22,22;1,61;0,36;0,0;0,0;29,0;4,0;1,0;4,0;0,0;7,0;0,0;;;;;0,0;;;;;;;;;;No;No;No;No;No;No;No;No;No;No
177;Eric Bailly;ci CIV;DF;Oviedo;es La Liga;31,0;1994,0;8,0;8,0;683,0;7,59;1,0;0,0;1,0;1,0;0,0;0,0;1,0;0,0;0,13;4,0;1,0;25,0;0,53;0,13;0,25;1,0;0,0;4,0;10,0;6,0;0,0;9,0;0,0;;;;;0,0;;;;;;;;;;No;No;No;No;No;No;No;No;No;No
178;Theo Bair;ca CAN;FW;Auxerre;fr Ligue 1;26,0;1999,0;2,0;0,0;10,0;0,11;0,0;0,0;0,0;0,0;0,0;0,0;0,0;0,0;0,0;0,0;0,0;0,0;0,0;0,0;0,0;0,0;0,0;0,0;0,0;0,0;0,0;0,0;0,0;;;;;0,0;;;;;;;;;;No;No;No;No;No;No;No;No;No;No
179;Cédric Bakambu;cd COD;FW;Real Betis;es La Liga;34,0;1991,0;14,0;4,0;405,0;4,5;3,0;0,0;3,0;3,0;0,0;0,0;0,0;0,0;0,67;19,0;9,0;47,37;4,22;2,0;0,16;0,33;2,0;2,0;1,0;9,0;0,0;5,0;0,0;;;;;0,0;;;;;;;;;;No;No;No;No;No;No;No;No;No;No
180;Johan Bakayoko;be BEL;FW, MF;RB Leipzig;de Bundesliga;22,0;2003,0;16,0;8,0;728,0;8,09;2,0;0,0;2,0;2,0;0,0;0,0;1,0;0,0;0,25;18,0;7,0;38,89;2,23;0,87;0,11;0,29;13,0;3,0;1,0;11,0;0,0;11,0;0,0;;;;;0,0;;;;;;;;;;No;No;No;No;No;No;No;No;No;No
181;Darryl Bakola;fr FRA;MF;Sassuolo;it Serie A;18,0;2007,0;10,0;0,0;87,0;0,97;0,0;0,0;0,0;0,0;0,0;0,0;0,0;0,0;0,0;2,0;1,0;50,0;2,07;1,03;0,0;0,0;1,0;1,0;0,0;5,0;0,0;4,0;0,0;;;;;0,0;;;;;;;;;;No;No;No;No;No;No;No;No;No;No
182;Ridle Baku;de GER;DF;RB Leipzig;de Bundesliga;27,0;1998,0;24,0;21,0;1887,0;20,97;1,0;3,0;4,0;1,0;0,0;0,0;3,0;0,0;0,19;22,0;3,0;13,64;1,05;0,14;0,05;0,33;42,0;30,0;19,0;16,0;0,0;20,0;0,0;;;;;0,0;;;;;;;;;;No;No;No;No;No;No;No;No;No;No
183;Dilane Bakwa;fr FRA;FW, MF;Nottingham Forest;eng Premier League;23,0;2002,0;13,0;3,0;452,0;5,02;1,0;3,0;4,0;1,0;0,0;0,0;1,0;0,0;0,8;10,0;4,0;40,0;1,99;0,8;0,1;0,25;36,0;3,0;1,0;12,0;0,0;9,0;0,0;;;;;0,0;;;;;;;;;;No;No;No;No;No;No;No;No;No;No
184;Tommaso Baldanzi;it ITA;FW, MF;Genoa;it Serie A;22,0;2003,0;13,0;5,0;534,0;5,93;1,0;0,0;1,0;1,0;0,0;0,0;2,0;0,0;0,17;12,0;5,0;41,67;2,02;0,84;0,08;0,2;14,0;3,0;3,0;20,0;0,0;9,0;0,0;;;;;0,0;;;;;;;;;;No;No;No;No;No;No;No;No;No;No
185;Alejandro Balde;es ESP;DF;Barcelona;es La Liga;22,0;2003,0;21,0;18,0;1513,0;16,81;0,0;2,0;2,0;0,0;0,0;0,0;2,0;0,0;0,12;8,0;1,0;12,5;0,48;0,06;0,0;0,0;20,0;17,0;6,0;22,0;0,0;12,0;0,0;;;;;0,0;;;;;;;;;;No;No;No;No;No;No;No;No;No;No
186;Fabio Baldé;pt POR;FW;Hamburger SV;de Bundesliga;20,0;2005,0;12,0;2,0;314,0;3,49;0,0;1,0;1,0;0,0;0,0;0,0;1,0;0,0;0,29;5,0;3,0;60,0;1,43;0,86;0,0;0,0;12,0;5,0;0,0;2,0;0,0;4,0;0,0;;;;;0,0;;;;;;;;;;No;No;No;No;No;No;No;No;No;No
187;Carlos Baleba;cm CMR;MF;Brighton;eng Premier League;22,0;2004,0;24,0;19,0;1264,0;14,04;0,0;0,0;0,0;0,0;0,0;0,0;5,0;0,0;0,0;15,0;1,0;6,67;1,07;0,07;0,0;0,0;0,0;15,0;24,0;16,0;0,0;26,0;0,0;;;;;0,0;;;;;;;;;;No;No;No;No;No;No;No;No;No;No
188;Leonardo Balerdi;ar ARG;DF;Marseille;fr Ligue 1;27,0;1999,0;18,0;14,0;1360,0;15,11;0,0;1,0;1,0;0,0;0,0;0,0;4,0;0,0;0,07;11,0;3,0;27,27;0,73;0,2;0,0;0,0;1,0;18,0;16,0;18,0;0,0;16,0;0,0;;;;;0,0;;;;;;;;;;No;No;No;No;No;No;No;No;No;No
189;Daniel Ballard;nir NIR;DF;Sunderland;eng Premier League;26,0;1999,0;26,0;22,0;2008,0;22,31;2,0;0,0;2,0;2,0;0,0;0,0;3,0;0,0;0,09;25,0;9,0;36,0;1,12;0,4;0,08;0,22;0,0;16,0;19,0;27,0;0,0;25,0;0,0;;;;;0,0;;;;;;;;;;No;No;No;No;No;No;No;No;No;No
190;Carlos Ballestero;es ESP;DF;Alavés;es La Liga;21,0;2004,0;1,0;0,0;1,0;0,01;0,0;0,0;0,0;0,0;0,0;0,0;0,0;0,0;0,0;0,0;0,0;0,0;0,0;0,0;0,0;0,0;0,0;0,0;0,0;0,0;0,0;0,0;0,0;;;;;0,0;;;;;;;;;;No;No;No;No;No;No;No;No;No;No
191;Iván Balliu;al ALB;DF;Rayo Vallecano;es La Liga;34,0;1992,0;11,0;3,0;333,0;3,7;0,0;0,0;0,0;0,0;0,0;0,0;3,0;0,0;0,0;2,0;0,0;0,0;0,54;0,0;0,0;0,0;8,0;4,0;4,0;3,0;0,0;6,0;0,0;;;;;0,0;;;;;;;;;;No;No;No;No;No;No;No;No;No;No
192;Fodé Ballo-Touré;sn SEN;DF, MF;Metz;fr Ligue 1;29,0;1997,0;12,0;11,0;827,0;9,19;0,0;0,0;0,0;0,0;0,0;0,0;2,0;0,0;0,0;5,0;1,0;20,0;0,54;0,11;0,0;0,0;16,0;16,0;5,0;18,0;0,0;13,0;0,0;;;;;0,0;;;;;;;;;;No;No;No;No;No;No;No;No;No;No
193;Folarin Balogun;us USA;FW;Monaco;fr Ligue 1;24,0;2001,0;22,0;18,0;1548,0;17,2;8,0;4,0;12,0;7,0;1,0;1,0;4,0;1,0;0,64;52,0;23,0;44,23;3,02;1,34;0,15;0,35;11,0;6,0;3,0;29,0;0,0;30,0;0,0;;;;;0,0;;;;;;;;;;No;No;No;No;No;No;No;No;No;No
194;Abdoulaye Bamba;ci CIV;DF;Angers;fr Ligue 1;35,0;1990,0;3,0;1,0;101,0;1,12;0,0;0,0;0,0;0,0;0,0;0,0;0,0;0,0;0,0;1,0;1,0;100,0;0,89;0,89;0,0;0,0;1,0;1,0;2,0;1,0;0,0;1,0;0,0;;;;;0,0;;;;;;;;;;No;No;No;No;No;No;No;No;No;No
195;Aladji Bamba;fr FRA;MF;Monaco;fr Ligue 1;19,0;2006,0;11,0;6,0;450,0;5,0;0,0;0,0;0,0;0,0;0,0;0,0;2,0;0,0;0,0;0,0;0,0;0,0;0,0;0,0;0,0;0,0;3,0;15,0;4,0;9,0;0,0;13,0;0,0;;;;;0,0;;;;;;;;;;No;No;No;No;No;No;No;No;No;No
196;Mohamed Bamba;ci CIV;FW;Lorient;fr Ligue 1;24,0;2001,0;18,0;7,0;682,0;7,58;1,0;2,0;3,0;1,0;0,0;1,0;3,0;0,0;0,4;13,0;6,0;46,15;1,72;0,79;0,08;0,17;3,0;2,0;2,0;8,0;0,0;17,0;0,0;;;;;0,0;;;;;;;;;;No;No;No;No;No;No;No;No;No;No
197;Lameck Banda;zm ZAM;FW, MF;Lecce;it Serie A;25,0;2001,0;23,0;13,0;1148,0;12,76;3,0;3,0;6,0;3,0;0,0;0,0;6,0;1,0;0,47;23,0;7,0;30,43;1,8;0,55;0,13;0,43;52,0;14,0;6,0;34,0;0,0;39,0;0,0;;;;;0,0;;;;;;;;;;No;No;No;No;No;No;No;No;No;No
198;Noahkai Banks;us USA;DF;Augsburg;de Bundesliga;19,0;2006,0;21,0;19,0;1650,0;18,33;1,0;1,0;2,0;1,0;0,0;0,0;8,0;0,0;0,11;9,0;5,0;55,56;0,49;0,27;0,11;0,2;3,0;25,0;17,0;18,0;0,0;29,0;0,0;;;;;0,0;;;;;;;;;;No;No;No;No;No;No;No;No;No;No
199;Ezechiel Banzuzi;nl NED;MF;RB Leipzig;de Bundesliga;21,0;2005,0;22,0;2,0;537,0;5,97;0,0;1,0;1,0;0,0;0,0;0,0;3,0;0,0;0,17;12,0;3,0;25,0;2,01;0,5;0,0;0,0;5,0;10,0;6,0;5,0;0,0;13,0;0,0;;;;;0,0;;;;;;;;;;No;No;No;No;No;No;No;No;No;No
200;Tommaso Barbieri;it ITA;MF;Cremonese;it Serie A;23,0;2002,0;21,0;16,0;1444,0;16,04;0,0;1,0;1,0;0,0;0,0;0,0;5,0;0,0;0,06;12,0;1,0;8,33;0,75;0,06;0,0;0,0;65,0;22,0;13,0;23,0;0,0;32,0;0,0;;;;;0,0;;;;;;;;;;No;No;No;No;No;No;No;No;No;No
201;Valentín Barco;ar ARG;MF;Strasbourg;fr Ligue 1;21,0;2004,0;23,0;21,0;1898,0;21,09;1,0;4,0;5,0;1,0;0,0;0,0;4,0;1,0;0,24;21,0;6,0;28,57;1,0;0,28;0,05;0,17;94,0;32,0;12,0;57,0;0,0;21,0;0,0;;;;;0,0;;;;;;;;;;No;No;No;No;No;No;No;No;No;No
202;Bradley Barcola;fr FRA;FW;Paris Saint-Germain;fr Ligue 1;23,0;2002,0;22,0;15,0;1324,0;14,71;10,0;1,0;11,0;10,0;0,0;0,0;2,0;0,0;0,75;55,0;25,0;45,45;3,74;1,7;0,18;0,4;20,0;12,0;11,0;8,0;0,0;16,0;0,0;;;;;0,0;;;;;;;;;;No;No;No;No;No;No;No;No;No;No
203;Melvin Bard;fr FRA;DF, MF;Nice;fr Ligue 1;25,0;2000,0;22,0;19,0;1806,0;20,07;2,0;1,0;3,0;2,0;0,0;0,0;3,0;0,0;0,15;14,0;5,0;35,71;0,7;0,25;0,14;0,4;64,0;20,0;28,0;19,0;0,0;19,0;0,0;;;;;0,0;;;;;;;;;;No;No;No;No;No;No;No;No;No;No
204;Roony Bardghji;se SWE;FW, MF;Barcelona;es La Liga;20,0;2005,0;16,0;4,0;393,0;4,37;1,0;1,0;2,0;1,0;0,0;0,0;0,0;0,0;0,46;16,0;10,0;62,5;3,66;2,29;0,06;0,1;34,0;2,0;0,0;3,0;0,0;2,0;0,0;;;;;0,0;;;;;;;;;;No;No;No;No;No;No;No;No;No;No
205;Nicolò Barella;it ITA;MF;Inter;it Serie A;29,0;1997,0;26,0;23,0;1904,0;21,16;1,0;6,0;7,0;1,0;0,0;0,0;5,0;0,0;0,33;27,0;3,0;11,11;1,28;0,14;0,04;0,33;83,0;25,0;5,0;19,0;0,0;27,0;0,0;;;;;0,0;;;;;;;;;;No;No;No;No;No;No;No;No;No;No
206;Kike Barja;es ESP;MF;Osasuna;es La Liga;28,0;1997,0;18,0;1,0;245,0;2,72;1,0;1,0;2,0;1,0;0,0;0,0;2,0;0,0;0,73;3,0;1,0;33,33;1,1;0,37;0,33;1,0;36,0;2,0;0,0;4,0;0,0;6,0;0,0;;;;;0,0;;;;;;;;;;No;No;No;No;No;No;No;No;No;No
207;Ross Barkley;eng ENG;MF;Aston Villa;eng Premier League;32,0;1993,0;13,0;1,0;336,0;3,73;2,0;0,0;2,0;2,0;0,0;0,0;0,0;0,0;0,54;9,0;3,0;33,33;2,41;0,8;0,22;0,67;0,0;9,0;2,0;3,0;0,0;2,0;0,0;;;;;0,0;;;;;;;;;;No;No;No;No;No;No;No;No;No;No
208;Ashley Barnes;eng ENG;FW, MF;Burnley;eng Premier League;36,0;1989,0;5,0;0,0;27,0;0,3;0,0;0,0;0,0;0,0;0,0;0,0;1,0;0,0;0,0;1,0;0,0;0,0;3,33;0,0;0,0;0,0;0,0;0,0;0,0;0,0;0,0;2,0;0,0;;;;;0,0;;;;;;;;;;No;No;No;No;No;No;No;No;No;No
209;Harvey Barnes;eng ENG;FW, MF;Newcastle United;eng Premier League;28,0;1997,0;29,0;16,0;1584,0;17,6;5,0;0,0;5,0;5,0;0,0;0,0;1,0;0,0;0,28;49,0;18,0;36,73;2,78;1,02;0,1;0,28;66,0;5,0;3,0;18,0;0,0;14,0;0,0;;;;;0,0;;;;;;;;;;No;No;No;No;No;No;No;No;No;No
210;Ander Barrenetxea;es ESP;FW, MF;Real Sociedad;es La Liga;24,0;2001,0;22,0;15,0;1272,0;14,13;3,0;3,0;6,0;3,0;0,0;0,0;2,0;0,0;0,42;26,0;8,0;30,77;1,84;0,57;0,12;0,38;53,0;10,0;13,0;19,0;0,0;28,0;0,0;;;;;0,0;;;;;;;;;;Sí;No;No;No;No;No;No;No;No;No
211;Pablo Barrios;es ESP;MF;Atlético Madrid;es La Liga;22,0;2003,0;21,0;19,0;1575,0;17,5;1,0;1,0;2,0;1,0;0,0;0,0;0,0;0,0;0,11;21,0;6,0;28,57;1,2;0,34;0,05;0,17;27,0;15,0;23,0;21,0;0,0;12,0;0,0;;;;;0,0;;;;;;;;;;No;Sí;Sí;No;No;No;No;No;No;No
212;Thierno Barry;fr FRA;FW;Everton;eng Premier League;23,0;2002,0;30,0;19,0;1630,0;18,11;6,0;0,0;6,0;6,0;0,0;0,0;3,0;0,0;0,33;32,0;10,0;31,25;1,77;0,55;0,19;0,6;3,0;2,0;5,0;7,0;0,0;36,0;0,0;;;;;0,0;;;;;;;;;;No;No;No;No;No;No;No;No;No;No
213;Davide Bartesaghi;it ITA;DF, MF;Milan;it Serie A;20,0;2005,0;23,0;19,0;1777,0;19,74;2,0;0,0;2,0;2,0;0,0;0,0;2,0;0,0;0,1;16,0;6,0;37,5;0,81;0,3;0,12;0,33;120,0;30,0;9,0;12,0;0,0;13,0;0,0;;;;;0,0;;;;;;;;;;No;No;No;No;No;No;No;No;No;No
214;Marc Bartra;es ESP;DF;Real Betis;es La Liga;35,0;1991,0;22,0;18,0;1767,0;19,63;1,0;0,0;1,0;1,0;0,0;0,0;3,0;0,0;0,05;14,0;5,0;35,71;0,71;0,25;0,07;0,2;2,0;17,0;27,0;10,0;0,0;13,0;1,0;;;;;0,0;;;;;;;;;;No;No;No;No;No;No;No;No;No;No
215;Federico Baschirotto;it ITA;DF;Cremonese;it Serie A;29,0;1996,0;25,0;25,0;2250,0;25,0;2,0;0,0;2,0;2,0;0,0;0,0;2,0;0,0;0,08;12,0;5,0;41,67;0,48;0,2;0,17;0,4;5,0;13,0;20,0;9,0;0,0;40,0;0,0;;;;;0,0;;;;;;;;;;No;No;No;No;No;No;No;No;No;No
216;Toma Bašić;hr CRO;MF;Lazio;it Serie A;29,0;1996,0;16,0;16,0;1170,0;13,0;1,0;2,0;3,0;1,0;0,0;0,0;0,0;1,0;0,23;26,0;9,0;34,62;2,0;0,69;0,04;0,11;33,0;12,0;7,0;14,0;0,0;15,0;0,0;;;;;0,0;;;;;;;;;;No;No;No;No;No;No;No;No;No;No
217;Calvin Bassey;ng NGA;DF;Fulham;eng Premier League;26,0;1999,0;22,0;20,0;1814,0;20,16;1,0;0,0;1,0;1,0;0,0;0,0;5,0;0,0;0,05;9,0;1,0;11,11;0,45;0,05;0,11;1,0;9,0;20,0;15,0;29,0;0,0;22,0;0,0;;;;;0,0;;;;;;;;;;No;No;No;No;No;No;No;No;No;No
218;Alessandro Bastoni;it ITA;DF;Inter;it Serie A;26,0;1999,0;24,0;24,0;2009,0;22,32;1,0;4,0;5,0;1,0;0,0;0,0;6,0;0,0;0,22;16,0;7,0;43,75;0,72;0,31;0,06;0,14;76,0;34,0;20,0;18,0;0,0;40,0;0,0;;;;;0,0;;;;;;;;;;No;No;No;No;No;No;No;No;No;No
219;Augusto Batalla;ar ARG;GK;Rayo Vallecano;es La Liga;29,0;1996,0;28,0;28,0;2520,0;28,0;0,0;0,0;0,0;0,0;0,0;0,0;4,0;0,0;0,0;0,0;0,0;0,0;0,0;0,0;0,0;0,0;0,0;1,0;0,0;4,0;0,0;0,0;0,0;34,0;1,21;104,0;75,0;72,12;7,0;11,0;10,0;8,0;28,57;5,0;5,0;0,0;0,0;No;No;No;No;No;No;No;No;No;No
220;Michy Batshuayi;be BEL;FW;Eintracht Frankfurt;de Bundesliga;32,0;1993,0;6,0;1,0;139,0;1,54;1,0;0,0;1,0;0,0;1,0;1,0;0,0;0,0;0,0;5,0;1,0;20,0;3,24;0,65;0,2;1,0;0,0;1,0;0,0;1,0;0,0;2,0;0,0;;;;;0,0;;;;;;;;;;No;No;No;No;No;No;No;No;No;No
221;Martin Baturina;hr CRO;FW, MF;Como;it Serie A;23,0;2003,0;20,0;11,0;973,0;10,81;5,0;3,0;8,0;5,0;0,0;0,0;0,0;0,0;0,74;14,0;5,0;35,71;1,29;0,46;0,36;1,0;52,0;9,0;5,0;30,0;0,0;13,0;0,0;;;;;0,0;;;;;;;;;;No;No;No;No;No;No;No;No;No;No
222;Daniel Batz;de GER;GK;Mainz 05;de Bundesliga;35,0;1991,0;14,0;14,0;1260,0;14,0;0,0;0,0;0,0;0,0;0,0;0,0;1,0;0,0;0,0;0,0;0,0;0,0;0,0;0,0;0,0;0,0;0,0;0,0;0,0;0,0;0,0;0,0;0,0;18,0;1,29;67,0;50,0;74,63;5,0;6,0;3,0;3,0;21,43;1,0;1,0;0,0;0,0;No;No;No;No;No;No;No;No;No;No
223;Elias Baum;de GER;DF;Eintracht Frankfurt;de Bundesliga;20,0;2005,0;3,0;0,0;38,0;0,42;0,0;0,0;0,0;0,0;0,0;0,0;0,0;0,0;0,0;0,0;0,0;0,0;0,0;0,0;0,0;0,0;3,0;0,0;0,0;0,0;0,0;2,0;0,0;;;;;0,0;;;;;;;;;;No;No;No;No;No;No;No;No;No;No
224;Oliver Baumann;de GER;GK;Hoffenheim;de Bundesliga;35,0;1990,0;26,0;26,0;2340,0;26,0;0,0;0,0;0,0;0,0;0,0;0,0;1,0;0,0;0,0;0,0;0,0;0,0;0,0;0,0;0,0;0,0;0,0;0,0;0,0;5,0;0,0;0,0;0,0;34,0;1,31;106,0;76,0;71,7;15,0;5,0;6,0;6,0;23,08;5,0;4,0;0,0;1,0;No;No;No;No;No;No;No;No;No;No
225;Christoph Baumgartner;at AUT;MF;RB Leipzig;de Bundesliga;26,0;1999,0;25,0;24,0;2065,0;22,94;10,0;6,0;16,0;10,0;0,0;1,0;6,0;0,0;0,7;59,0;24,0;40,68;2,57;1,05;0,17;0,42;4,0;27,0;15,0;26,0;0,0;47,0;0,0;;;;;0,0;;;;;;;;;;No;No;No;No;No;No;No;No;No;No
226;Altay Bayındır;tr TUR;GK;Manchester Utd;eng Premier League;27,0;1998,0;6,0;6,0;540,0;6,0;0,0;0,0;0,0;0,0;0,0;0,0;0,0;0,0;0,0;0,0;0,0;0,0;0,0;0,0;0,0;0,0;0,0;0,0;0,0;3,0;0,0;0,0;0,0;11,0;1,83;24,0;13,0;54,17;2,0;1,0;3,0;0,0;0,0;0,0;0,0;0,0;0,0;No;No;No;No;No;No;No;No;No;No
227;Vakoun Bayo;ci CIV;FW;Udinese;it Serie A;29,0;1997,0;13,0;4,0;424,0;4,71;0,0;1,0;1,0;0,0;0,0;0,0;0,0;0,0;0,21;12,0;1,0;8,33;2,55;0,21;0,0;0,0;1,0;1,0;0,0;5,0;0,0;13,0;0,0;;;;;0,0;;;;;;;;;;No;No;No;No;No;No;No;No;No;No
228;Ihlas Bebou;tg TOG;FW, MF;Hoffenheim;de Bundesliga;31,0;1994,0;15,0;0,0;183,0;2,03;0,0;0,0;0,0;0,0;0,0;0,0;1,0;0,0;0,0;5,0;2,0;40,0;2,46;0,98;0,0;0,0;1,0;1,0;3,0;2,0;0,0;5,0;0,0;;;;;0,0;;;;;;;;;;No;No;No;No;No;No;No;No;No;No
229;Samu Becerra;es ESP;MF;Rayo Vallecano;es La Liga;20,0;2006,0;3,0;0,0;12,0;0,13;0,0;0,0;0,0;0,0;0,0;0,0;0,0;0,0;0,0;0,0;0,0;0,0;0,0;0,0;0,0;0,0;2,0;0,0;0,0;0,0;0,0;1,0;0,0;;;;;0,0;;;;;;;;;;No;No;No;No;No;No;No;No;No;No
230;Adrian Beck;de GER;MF;Heidenheim;de Bundesliga;28,0;1997,0;19,0;8,0;769,0;8,54;1,0;0,0;1,0;1,0;0,0;0,0;0,0;0,0;0,12;10,0;4,0;40,0;1,17;0,47;0,1;0,25;9,0;15,0;3,0;13,0;0,0;11,0;0,0;;;;;0,0;;;;;;;;;;No;No;No;No;No;No;No;No;No;No
231;Sheraldo Becker;sr SUR;FW, MF;Mainz 05;de Bundesliga;31,0;1995,0;15,0;3,0;489,0;5,43;1,0;1,0;2,0;1,0;0,0;0,0;1,0;0,0;0,37;11,0;4,0;36,36;2,02;0,74;0,09;0,25;27,0;1,0;4,0;1,0;0,0;10,0;0,0;;;;;0,0;;;;;;;;;;No;No;No;No;No;No;No;No;No;No
232;Donny van de Beek;nl NED;MF;Girona;es La Liga;28,0;1997,0;2,0;1,0;41,0;0,46;0,0;0,0;0,0;0,0;0,0;0,0;0,0;0,0;0,0;2,0;1,0;50,0;4,39;2,2;0,0;0,0;0,0;0,0;0,0;0,0;0,0;0,0;0,0;;;;;0,0;;;;;;;;;;No;No;No;No;No;No;No;No;No;No
233;Tjaš Begić;si SVN;MF;Parma;it Serie A;22,0;2003,0;1,0;0,0;1,0;0,01;0,0;0,0;0,0;0,0;0,0;0,0;0,0;0,0;0,0;0,0;0,0;0,0;0,0;0,0;0,0;0,0;0,0;0,0;0,0;0,0;0,0;0,0;0,0;;;;;0,0;;;;;;;;;;No;No;No;No;No;No;No;No;No;No
234;Hannes Behrens;de GER;DF, MF;Heidenheim;de Bundesliga;21,0;2005,0;8,0;7,0;640,0;7,11;0,0;2,0;2,0;0,0;0,0;0,0;0,0;0,0;0,28;3,0;1,0;33,33;0,42;0,14;0,0;0,0;28,0;10,0;7,0;15,0;0,0;3,0;1,0;;;;;0,0;;;;;;;;;;No;No;No;No;No;No;No;No;No;No
235;Maximilian Beier;de GER;FW, MF;Dortmund;de Bundesliga;23,0;2002,0;24,0;17,0;1437,0;15,97;8,0;4,0;12,0;8,0;0,0;0,0;2,0;0,0;0,75;39,0;17,0;43,59;2,44;1,06;0,21;0,47;15,0;9,0;5,0;15,0;0,0;18,0;0,0;;;;;0,0;;;;;;;;;;No;No;No;No;No;No;No;No;No;No
236;Ismael Bekhoucha;ma MAR;DF;Getafe;es La Liga;21,0;2004,0;4,0;1,0;122,0;1,36;0,0;1,0;1,0;0,0;0,0;0,0;2,0;0,0;0,74;1,0;0,0;0,0;0,74;0,0;0,0;0,0;4,0;5,0;2,0;3,0;0,0;7,0;0,0;;;;;0,0;;;;;;;;;;No;No;No;No;No;No;No;No;No;No
237;Reda Belahyane;ma MAR;MF;Lazio;it Serie A;21,0;2004,0;12,0;4,0;519,0;5,77;0,0;1,0;1,0;0,0;0,0;0,0;1,0;1,0;0,17;1,0;1,0;100,0;0,17;0,17;0,0;0,0;1,0;5,0;2,0;3,0;0,0;11,0;0,0;;;;;0,0;;;;;;;;;;No;No;No;No;No;No;No;No;No;No
238;Rafik Belghali;dz ALG;MF;Hellas Verona;it Serie A;23,0;2002,0;17,0;13,0;1169,0;12,99;2,0;0,0;2,0;2,0;0,0;0,0;5,0;0,0;0,15;10,0;4,0;40,0;0,77;0,31;0,2;0,5;40,0;8,0;11,0;5,0;0,0;16,0;0,0;;;;;0,0;;;;;;;;;;No;No;No;No;No;No;No;No;No;No
239;Haris Belkebla;dz ALG;MF;Angers;fr Ligue 1;32,0;1994,0;25,0;25,0;2176,0;24,18;0,0;0,0;0,0;0,0;0,0;0,0;7,0;0,0;0,0;4,0;0,0;0,0;0,17;0,0;0,0;0,0;3,0;32,0;21,0;43,0;0,0;17,0;0,0;;;;;0,0;;;;;;;;;;No;No;No;No;No;No;No;No;No;No
240;Yassin Belkhdim;fr FRA;MF;Angers;fr Ligue 1;24,0;2002,0;25,0;24,0;1957,0;21,74;2,0;2,0;4,0;2,0;0,0;0,0;4,0;0,0;0,18;28,0;12,0;42,86;1,29;0,55;0,07;0,17;37,0;39,0;29,0;26,0;0,0;26,0;0,0;;;;;0,0;;;;;;;;;;No;No;No;No;No;No;No;No;No;No
241;Stefan Bell;de GER;DF;Mainz 05;de Bundesliga;34,0;1991,0;18,0;13,0;1039,0;11,54;2,0;1,0;3,0;2,0;0,0;0,0;4,0;0,0;0,26;12,0;5,0;41,67;1,04;0,43;0,17;0,4;1,0;6,0;19,0;8,0;0,0;15,0;0,0;;;;;0,0;;;;;;;;;;No;No;No;No;No;No;No;No;No;No
242;Armel Bella Kotchap;de GER;DF;Hellas Verona;it Serie A;24,0;2001,0;17,0;13,0;1264,0;14,04;0,0;0,0;0,0;0,0;0,0;0,0;3,0;0,0;0,0;3,0;0,0;0,0;0,21;0,0;0,0;0,0;1,0;10,0;29,0;15,0;0,0;22,0;0,0;;;;;0,0;;;;;;;;;;No;No;No;No;No;No;No;No;No;No
243;Raoul Bellanova;it ITA;MF;Atalanta;it Serie A;25,0;2000,0;18,0;12,0;1162,0;12,91;0,0;1,0;1,0;0,0;0,0;0,0;1,0;0,0;0,08;13,0;5,0;38,46;1,01;0,39;0,0;0,0;78,0;8,0;8,0;9,0;0,0;2,0;0,0;;;;;0,0;;;;;;;;;;No;No;No;No;No;No;No;No;No;No
244;Jean-Ricner Bellegarde;ht HAI;FW, MF;Wolves;eng Premier League;27,0;1998,0;22,0;13,0;1086,0;12,07;1,0;1,0;2,0;1,0;0,0;0,0;4,0;0,0;0,17;20,0;7,0;35,0;1,66;0,58;0,05;0,14;22,0;14,0;9,0;33,0;0,0;17,0;0,0;;;;;0,0;;;;;;;;;;No;No;No;No;No;No;No;No;No;No
245;Héctor Bellerín;es ESP;DF;Real Betis;es La Liga;30,0;1995,0;17,0;13,0;1171,0;13,01;1,0;2,0;3,0;1,0;0,0;0,0;1,0;0,0;0,23;4,0;4,0;100,0;0,31;0,31;0,25;0,25;23,0;7,0;8,0;2,0;0,0;11,0;0,0;;;;;0,0;;;;;;;;;;No;No;No;No;No;No;No;No;No;No
246;Jobe Bellingham;eng ENG;MF;Dortmund;de Bundesliga;20,0;2005,0;24,0;12,0;1124,0;12,49;0,0;1,0;1,0;0,0;0,0;0,0;1,0;1,0;0,08;13,0;4,0;30,77;1,04;0,32;0,0;0,0;5,0;14,0;35,0;17,0;0,0;9,0;0,0;;;;;0,0;;;;;;;;;;No;No;No;No;No;No;No;No;No;No
247;Jude Bellingham;eng ENG;MF;Real Madrid;es La Liga;22,0;2003,0;18,0;15,0;1291,0;14,34;4,0;3,0;7,0;4,0;0,0;0,0;1,0;0,0;0,49;36,0;19,0;52,78;2,51;1,32;0,11;0,21;9,0;31,0;12,0;34,0;0,0;27,0;0,0;;;;;0,0;;;;;;;;;;No;No;No;No;No;No;No;No;No;No
248;Jeanuël Belocian;fr FRA;DF, MF;Wolfsburg;de Bundesliga;21,0;2005,0;14,0;9,0;826,0;9,18;0,0;1,0;1,0;0,0;0,0;0,0;1,0;0,0;0,11;3,0;0,0;0,0;0,33;0,0;0,0;0,0;7,0;9,0;8,0;9,0;0,0;15,0;0,0;;;;;0,0;;;;;;;;;;No;No;No;No;No;No;No;No;No;No
249;Andrea Belotti;it ITA;FW;Cagliari;it Serie A;32,0;1993,0;3,0;3,0;188,0;2,09;2,0;0,0;2,0;1,0;1,0;1,0;0,0;0,0;0,48;6,0;4,0;66,67;2,87;1,91;0,33;0,5;1,0;0,0;3,0;7,0;0,0;3,0;0,0;;;;;0,0;;;;;;;;;;No;No;No;No;No;No;No;No;No;No
250;Fran Beltrán;es ESP;MF;Girona;es La Liga;27,0;1999,0;18,0;13,0;1034,0;11,49;1,0;0,0;1,0;1,0;0,0;0,0;2,0;0,0;0,09;12,0;3,0;25,0;1,04;0,26;0,08;0,33;5,0;12,0;11,0;8,0;0,0;15,0;0,0;;;;;0,0;;;;;;;;;;No;No;No;No;No;No;No;No;No;No
251;Lucas Beltrán;ar ARG;FW;Valencia;es La Liga;24,0;2001,0;22,0;13,0;1109,0;12,32;1,0;2,0;3,0;1,0;0,0;0,0;0,0;0,0;0,24;28,0;8,0;28,57;2,27;0,65;0,04;0,12;10,0;8,0;4,0;35,0;0,0;21,0;0,0;;;;;0,0;;;;;;;;;;No;No;No;No;No;No;No;No;No;No
252;Eliesse Ben Seghir;ma MAR;MF;Leverkusen;de Bundesliga;21,0;2005,0;9,0;2,0;244,0;2,71;0,0;0,0;0,0;0,0;0,0;0,0;2,0;0,0;0,0;5,0;1,0;20,0;1,84;0,37;0,0;0,0;7,0;1,0;1,0;6,0;0,0;4,0;0,0;;;;;0,0;;;;;;;;;;No;No;No;No;No;No;No;No;No;No
253;Carlos Benavídez;uy URU;DF;Alavés;es La Liga;27,0;1998,0;9,0;3,0;242,0;2,69;0,0;0,0;0,0;0,0;0,0;0,0;2,0;1,0;0,0;3,0;2,0;66,67;1,12;0,74;0,0;0,0;0,0;5,0;3,0;2,0;1,0;7,0;0,0;;;;;0,0;;;;;;;;;;No;No;No;No;No;No;No;No;No;No
254;Adrian Benedyczak;pl POL;FW;Parma;it Serie A;25,0;2000,0;14,0;5,0;490,0;5,44;1,0;1,0;2,0;0,0;1,0;1,0;1,0;0,0;0,18;8,0;3,0;37,5;1,47;0,55;0,12;0,33;10,0;6,0;1,0;6,0;0,0;9,0;0,0;;;;;0,0;;;;;;;;;;No;No;No;No;No;No;No;No;No;No
255;Yassine Benhattab;fr FRA;FW, MF;Nantes;fr Ligue 1;23,0;2002,0;10,0;5,0;477,0;5,3;0,0;0,0;0,0;0,0;0,0;0,0;0,0;0,0;0,0;4,0;1,0;25,0;0,75;0,19;0,0;0,0;25,0;6,0;0,0;3,0;0,0;3,0;0,0;;;;;0,0;;;;;;;;;;No;No;No;No;No;No;No;No;No;No
256;Walter Benítez;ar ARG;GK;Crystal Palace;eng Premier League;33,0;1993,0;1,0;1,0;90,0;1,0;0,0;0,0;0,0;0,0;0,0;0,0;0,0;0,0;0,0;0,0;0,0;0,0;0,0;0,0;0,0;0,0;0,0;0,0;0,0;0,0;0,0;0,0;0,0;0,0;0,0;3,0;3,0;100,0;0,0;1,0;0,0;1,0;100,0;1,0;0,0;0,0;1,0;No;No;No;No;No;No;No;No;No;No
257;Iker Benito;es ESP;MF;Osasuna;es La Liga;23,0;2002,0;5,0;1,0;150,0;1,67;1,0;0,0;1,0;1,0;0,0;0,0;1,0;0,0;0,6;2,0;1,0;50,0;1,2;0,6;0,5;1,0;5,0;0,0;2,0;3,0;0,0;3,0;0,0;;;;;0,0;;;;;;;;;;No;No;No;No;No;No;No;No;No;No
258;Mohamed Benoit Dao;fr FRA;FW;Paris FC;fr Ligue 1;19,0;2007,0;1,0;0,0;2,0;0,02;0,0;0,0;0,0;0,0;0,0;0,0;0,0;0,0;0,0;0,0;0,0;0,0;0,0;0,0;0,0;0,0;1,0;0,0;0,0;0,0;0,0;0,0;0,0;;;;;0,0;;;;;;;;;;No;No;No;No;No;No;No;No;No;No
259;Ramy Bensebaini;dz ALG;DF;Dortmund;de Bundesliga;30,0;1995,0;16,0;12,0;1166,0;12,96;2,0;0,0;2,0;2,0;0,0;0,0;5,0;0,0;0,15;10,0;4,0;40,0;0,77;0,31;0,2;0,5;7,0;10,0;11,0;11,0;0,0;26,0;0,0;;;;;0,0;;;;;;;;;;No;No;No;No;No;No;No;No;No;No
260;Nabil Bentaleb;dz ALG;MF;Lille;fr Ligue 1;31,0;1994,0;21,0;9,0;927,0;10,3;2,0;2,0;4,0;1,0;1,0;1,0;3,0;0,0;0,29;16,0;5,0;31,25;1,55;0,49;0,12;0,4;16,0;4,0;7,0;15,0;0,0;9,0;0,0;;;;;0,0;;;;;;;;;;No;No;No;No;No;No;No;No;No;No
261;Rodrigo Bentancur;uy URU;MF;Tottenham Hotspur;eng Premier League;28,0;1997,0;20,0;17,0;1410,0;15,67;1,0;1,0;2,0;1,0;0,0;0,0;5,0;0,0;0,13;9,0;2,0;22,22;0,57;0,13;0,11;0,5;7,0;21,0;24,0;3,0;0,0;15,0;0,0;;;;;0,0;;;;;;;;;;No;No;No;No;No;No;No;No;No;No
262;Lucas Beraldo;br BRA;DF;Paris Saint-Germain;fr Ligue 1;22,0;2003,0;11,0;10,0;823,0;9,14;1,0;0,0;1,0;1,0;0,0;0,0;1,0;0,0;0,11;3,0;1,0;33,33;0,33;0,11;0,33;1,0;0,0;7,0;8,0;2,0;0,0;12,0;0,0;;;;;0,0;;;;;;;;;;No;No;No;No;No;No;No;No;No;No
263;Domenico Berardi;it ITA;FW;Sassuolo;it Serie A;31,0;1994,0;19,0;18,0;1488,0;16,53;7,0;3,0;10,0;5,0;2,0;3,0;2,0;0,0;0,48;29,0;15,0;51,72;1,75;0,91;0,24;0,47;44,0;17,0;17,0;30,0;0,0;25,0;0,0;;;;;0,0;;;;;;;;;;No;No;No;No;No;No;No;No;No;No
264;Yuri Berchiche;es ESP;DF;Athletic Club;es La Liga;36,0;1990,0;24,0;23,0;2023,0;22,48;0,0;3,0;3,0;0,0;0,0;0,0;3,0;0,0;0,13;15,0;3,0;20,0;0,67;0,13;0,0;0,0;45,0;22,0;28,0;28,0;0,0;19,0;0,0;;;;;0,0;;;;;;;;;;No;No;No;No;No;No;No;No;No;No
265;Álex Berenguer;es ESP;MF;Athletic Club;es La Liga;30,0;1995,0;23,0;20,0;1672,0;18,58;2,0;3,0;5,0;2,0;0,0;0,0;4,0;0,0;0,27;34,0;18,0;52,94;1,83;0,97;0,06;0,11;160,0;12,0;10,0;35,0;0,0;19,0;1,0;;;;;0,0;;;;;;;;;;No;No;No;No;No;No;No;No;No;No
266;Sander Berge;no NOR;MF;Fulham;eng Premier League;28,0;1998,0;30,0;29,0;2500,0;27,78;0,0;1,0;1,0;0,0;0,0;0,0;5,0;0,0;0,04;9,0;3,0;33,33;0,32;0,11;0,0;0,0;12,0;36,0;20,0;10,0;0,0;30,0;1,0;;;;;0,0;;;;;;;;;;No;No;No;No;No;No;No;No;No;No
267;Lucas Bergström;fi FIN;GK;Mallorca;es La Liga;23,0;2002,0;5,0;5,0;450,0;5,0;0,0;0,0;0,0;0,0;0,0;0,0;1,0;0,0;0,0;0,0;0,0;0,0;0,0;0,0;0,0;0,0;0,0;0,0;0,0;0,0;0,0;0,0;0,0;7,0;1,4;22,0;15,0;68,18;1,0;2,0;2,0;2,0;40,0;0,0;0,0;0,0;0,0;No;No;No;No;No;No;No;No;No;No
268;Lucas Bergvall;se SWE;MF;Tottenham Hotspur;eng Premier League;20,0;2006,0;17,0;10,0;805,0;8,94;1,0;2,0;3,0;1,0;0,0;0,0;2,0;0,0;0,34;10,0;5,0;50,0;1,12;0,56;0,1;0,2;17,0;12,0;2,0;5,0;0,0;18,0;0,0;;;;;0,0;;;;;;;;;;No;No;No;No;No;No;No;No;No;No
269;Medon Berisha;al ALB;MF;Lecce;it Serie A;22,0;2003,0;13,0;12,0;871,0;9,68;2,0;3,0;5,0;2,0;0,0;0,0;0,0;0,0;0,52;24,0;5,0;20,83;2,48;0,52;0,08;0,4;58,0;12,0;5,0;10,0;0,0;11,0;0,0;;;;;0,0;;;;;;;;;;No;No;No;No;No;No;No;No;No;No
270;Anthony Bermont;fr FRA;FW;Lens;fr Ligue 1;21,0;2005,0;9,0;0,0;92,0;1,02;0,0;0,0;0,0;0,0;0,0;0,0;0,0;0,0;0,0;3,0;1,0;33,33;2,93;0,98;0,0;0,0;11,0;0,0;3,0;0,0;0,0;2,0;0,0;;;;;0,0;;;;;;;;;;No;No;No;No;No;No;No;No;No;No
271;Adrian Bernabe;es ESP;MF;Parma;it Serie A;24,0;2001,0;27,0;26,0;2109,0;23,43;3,0;1,0;4,0;3,0;0,0;0,0;0,0;0,0;0,17;46,0;11,0;23,91;1,96;0,47;0,07;0,27;79,0;20,0;13,0;48,0;0,0;13,0;0,0;;;;;0,0;;;;;;;;;;No;No;No;No;No;No;No;No;No;No
272;Marc Bernal;es ESP;MF;Barcelona;es La Liga;18,0;2007,0;15,0;5,0;449,0;4,99;2,0;1,0;3,0;2,0;0,0;0,0;3,0;0,0;0,6;5,0;2,0;40,0;1,0;0,4;0,4;1,0;1,0;9,0;6,0;6,0;0,0;10,0;0,0;;;;;0,0;;;;;;;;;;No;No;No;No;No;No;No;No;No;No
273;Gabin Bernardeau;fr FRA;MF;Nice;fr Ligue 1;20,0;2006,0;4,0;1,0;95,0;1,06;0,0;0,0;0,0;0,0;0,0;0,0;0,0;0,0;0,0;3,0;1,0;33,33;2,84;0,95;0,0;0,0;5,0;4,0;0,0;3,0;0,0;1,0;0,0;;;;;0,0;;;;;;;;;;No;No;No;No;No;No;No;No;No;No
274;Federico Bernardeschi;it ITA;FW, MF;Bologna;it Serie A;32,0;1994,0;21,0;6,0;759,0;8,43;2,0;1,0;3,0;1,0;1,0;1,0;2,0;0,0;0,24;23,0;8,0;34,78;2,73;0,95;0,09;0,25;36,0;5,0;3,0;10,0;0,0;11,0;0,0;;;;;0,0;;;;;;;;;;No;No;No;No;No;No;No;No;No;No
275;Bernardo;br BRA;DF;Hoffenheim;de Bundesliga;30,0;1995,0;21,0;20,0;1773,0;19,7;0,0;0,0;0,0;0,0;0,0;0,0;6,0;0,0;0,0;7,0;0,0;0,0;0,36;0,0;0,0;0,0;14,0;33,0;29,0;9,0;0,0;34,0;0,0;;;;;0,0;;;;;;;;;;No;No;No;No;No;No;No;No;No;No
276;Lorenzo Bernasconi;it ITA;MF;Atalanta;it Serie A;22,0;2003,0;19,0;14,0;1265,0;14,06;0,0;3,0;3,0;0,0;0,0;0,0;3,0;0,0;0,21;9,0;1,0;11,11;0,64;0,07;0,0;0,0;95,0;15,0;10,0;4,0;0,0;8,0;0,0;;;;;0,0;;;;;;;;;;No;No;No;No;No;No;No;No;No;No
277;Antoine Bernede;fr FRA;MF;Hellas Verona;it Serie A;26,0;1999,0;24,0;22,0;1801,0;20,01;1,0;2,0;3,0;1,0;0,0;0,0;1,0;0,0;0,15;16,0;3,0;18,75;0,8;0,15;0,06;0,33;21,0;31,0;12,0;16,0;0,0;46,0;0,0;;;;;0,0;;;;;;;;;;No;No;No;No;No;No;No;No;No;No
278;Nicolò Bertola;it ITA;DF, MF;Udinese;it Serie A;22,0;2003,0;23,0;18,0;1640,0;18,22;0,0;1,0;1,0;0,0;0,0;0,0;3,0;0,0;0,05;12,0;4,0;33,33;0,66;0,22;0,0;0,0;8,0;20,0;21,0;11,0;0,0;17,0;0,0;;;;;0,0;;;;;;;;;;No;No;No;No;No;No;No;No;No;No
279;Jan-Niklas Beste;de GER;MF;Freiburg;de Bundesliga;27,0;1999,0;20,0;15,0;1301,0;14,46;1,0;2,0;3,0;1,0;0,0;0,0;5,0;0,0;0,21;20,0;11,0;55,0;1,38;0,76;0,05;0,09;87,0;16,0;14,0;26,0;0,0;13,0;0,0;;;;;0,0;;;;;;;;;;No;No;No;No;No;No;No;No;No;No
280;Beto;gw GNB;FW;Everton;eng Premier League;28,0;1998,0;30,0;11,0;1132,0;12,58;4,0;0,0;4,0;4,0;0,0;0,0;2,0;0,0;0,32;29,0;10,0;34,48;2,31;0,8;0,14;0,4;2,0;4,0;1,0;11,0;0,0;26,0;0,0;;;;;0,0;;;;;;;;;;No;No;No;No;No;No;No;No;No;No
281;Sam Beukema;nl NED;DF;Napoli;it Serie A;27,0;1998,0;17,0;14,0;1232,0;13,69;2,0;0,0;2,0;2,0;0,0;0,0;2,0;0,0;0,15;6,0;3,0;50,0;0,44;0,22;0,33;0,67;5,0;14,0;11,0;4,0;0,0;14,0;0,0;;;;;0,0;;;;;;;;;;No;No;No;No;No;No;No;No;No;No
282;Matteo Bianchetti;it ITA;DF;Cremonese;it Serie A;33,0;1993,0;21,0;20,0;1674,0;18,6;0,0;2,0;2,0;0,0;0,0;0,0;3,0;0,0;0,11;6,0;1,0;16,67;0,32;0,05;0,0;0,0;6,0;25,0;11,0;13,0;0,0;22,0;0,0;;;;;0,0;;;;;;;;;;No;No;No;No;No;No;No;No;No;No
283;Mika Biereth;dk DEN;FW;Monaco;fr Ligue 1;23,0;2003,0;24,0;12,0;1004,0;11,16;2,0;2,0;4,0;2,0;0,0;0,0;0,0;0,0;0,36;19,0;7,0;36,84;1,7;0,63;0,11;0,29;9,0;7,0;0,0;14,0;0,0;16,0;0,0;;;;;0,0;;;;;;;;;;No;No;No;No;No;No;No;No;No;No
284;Pedro Bigas;es ESP;DF;Elche;es La Liga;35,0;1990,0;20,0;18,0;1476,0;16,4;0,0;2,0;2,0;0,0;0,0;0,0;3,0;0,0;0,12;7,0;1,0;14,29;0,43;0,06;0,0;0,0;20,0;15,0;24,0;16,0;0,0;16,0;0,0;;;;;0,0;;;;;;;;;;No;No;No;No;No;No;No;No;No;No
285;Justin Bijlow;nl NED;GK;Genoa;it Serie A;28,0;1998,0;8,0;8,0;720,0;8,0;0,0;0,0;0,0;0,0;0,0;0,0;0,0;0,0;0,0;0,0;0,0;0,0;0,0;0,0;0,0;0,0;0,0;0,0;0,0;1,0;0,0;0,0;0,0;11,0;1,38;28,0;21,0;75,0;4,0;1,0;3,0;3,0;37,5;4,0;4,0;0,0;0,0;No;No;No;No;No;No;No;No;No;No
286;Jaka Bijol;si SVN;DF;Leeds United;eng Premier League;27,0;1999,0;17,0;13,0;1218,0;13,53;1,0;1,0;2,0;1,0;0,0;0,0;3,0;0,0;0,15;12,0;6,0;50,0;0,89;0,44;0,08;0,17;1,0;11,0;16,0;7,0;0,0;15,0;0,0;;;;;0,0;;;;;;;;;;No;No;No;No;No;No;No;No;No;No
287;Cristiano Biraghi;it ITA;DF, MF;Torino;it Serie A;33,0;1992,0;11,0;5,0;469,0;5,21;0,0;0,0;0,0;0,0;0,0;0,0;0,0;0,0;0,0;2,0;0,0;0,0;0,38;0,0;0,0;0,0;38,0;7,0;2,0;6,0;0,0;7,0;0,0;;;;;0,0;;;;;;;;;;No;No;No;No;No;No;No;No;No;No
288;Veljko Birmančević;rs SRB;FW, MF;Getafe;es La Liga;28,0;1998,0;2,0;0,0;60,0;0,67;0,0;0,0;0,0;0,0;0,0;0,0;0,0;0,0;0,0;1,0;0,0;0,0;1,5;0,0;0,0;0,0;1,0;0,0;1,0;1,0;0,0;1,0;0,0;;;;;0,0;;;;;;;;;;No;No;No;No;No;No;No;No;No;No
289;Tom Bischof;de GER;DF, MF;Bayern Munich;de Bundesliga;20,0;2005,0;21,0;10,0;912,0;10,13;0,0;3,0;3,0;0,0;0,0;0,0;2,0;0,0;0,3;21,0;3,0;14,29;2,07;0,3;0,0;0,0;22,0;12,0;9,0;6,0;0,0;10,0;0,0;;;;;0,0;;;;;;;;;;No;No;No;No;No;No;No;No;No;No
290;Yves Bissouma;ml MLI;MF;Tottenham Hotspur;eng Premier League;29,0;1996,0;8,0;5,0;462,0;5,13;0,0;0,0;0,0;0,0;0,0;0,0;3,0;0,0;0,0;5,0;2,0;40,0;0,97;0,39;0,0;0,0;1,0;11,0;8,0;5,0;0,0;4,0;0,0;;;;;0,0;;;;;;;;;;No;No;No;No;No;No;No;No;No;No
291;Leonardo Bittencourt;de GER;MF;Werder Bremen;de Bundesliga;32,0;1993,0;12,0;2,0;343,0;3,81;0,0;1,0;1,0;0,0;0,0;0,0;3,0;0,0;0,26;4,0;0,0;0,0;1,05;0,0;0,0;0,0;2,0;4,0;5,0;6,0;0,0;5,0;0,0;;;;;0,0;;;;;;;;;;No;No;No;No;No;No;No;No;No;No
292;Emmanuel Biumla;fr FRA;DF;Angers;fr Ligue 1;20,0;2005,0;5,0;2,0;234,0;2,6;0,0;0,0;0,0;0,0;0,0;0,0;0,0;0,0;0,0;0,0;0,0;0,0;0,0;0,0;0,0;0,0;0,0;3,0;2,0;4,0;0,0;2,0;0,0;;;;;0,0;;;;;;;;;;No;No;No;No;No;No;No;No;No;No
293;Marco Bizot;nl NED;GK;Aston Villa;eng Premier League;35,0;1991,0;5,0;4,0;405,0;4,5;0,0;0,0;0,0;0,0;0,0;0,0;2,0;0,0;0,0;0,0;0,0;0,0;0,0;0,0;0,0;0,0;0,0;0,0;0,0;1,0;0,0;1,0;0,0;8,0;1,78;20,0;13,0;65,0;2,0;1,0;1,0;2,0;40,0;1,0;1,0;0,0;0,0;No;No;No;No;No;No;No;No;No;No
294;Antonio Blanco;es ESP;MF;Alavés;es La Liga;25,0;2000,0;26,0;26,0;2226,0;24,73;1,0;1,0;2,0;1,0;0,0;0,0;6,0;0,0;0,08;29,0;11,0;37,93;1,17;0,44;0,03;0,09;24,0;42,0;42,0;27,0;0,0;51,0;0,0;;;;;0,0;;;;;;;;;;No;No;No;No;No;No;No;No;No;No
295;Ludovic Blas;fr FRA;FW, MF;Rennes;fr Ligue 1;28,0;1997,0;24,0;8,0;981,0;10,9;4,0;3,0;7,0;2,0;2,0;2,0;0,0;0,0;0,46;30,0;10,0;33,33;2,75;0,92;0,13;0,4;52,0;5,0;8,0;21,0;0,0;15,0;0,0;;;;;0,0;;;;;;;;;;No;No;No;No;No;No;No;No;No;No
296;Janis Blaswich;de GER;GK;Leverkusen;de Bundesliga;34,0;1991,0;10,0;9,0;841,0;9,34;0,0;0,0;0,0;0,0;0,0;0,0;0,0;0,0;0,0;0,0;0,0;0,0;0,0;0,0;0,0;0,0;0,0;0,0;0,0;0,0;0,0;0,0;0,0;8,0;0,86;41,0;33,0;80,49;4,0;4,0;1,0;3,0;30,0;0,0;0,0;0,0;0,0;No;No;No;No;No;No;No;No;No;No
297;Daley Blind;nl NED;DF;Girona;es La Liga;36,0;1990,0;26,0;25,0;2212,0;24,58;0,0;0,0;0,0;0,0;0,0;0,0;1,0;0,0;0,0;3,0;1,0;33,33;0,12;0,04;0,0;0,0;11,0;30,0;34,0;11,0;0,0;13,0;0,0;;;;;0,0;;;;;;;;;;No;No;No;No;No;No;No;No;No;No
298;Adam Boayar;ma MAR;MF;Elche;es La Liga;20,0;2005,0;7,0;0,0;104,0;1,16;1,0;0,0;1,0;1,0;0,0;0,0;0,0;0,0;0,87;5,0;2,0;40,0;4,33;1,73;0,2;0,5;2,0;2,0;1,0;1,0;0,0;0,0;0,0;;;;;0,0;;;;;;;;;;No;No;No;No;No;No;No;No;No;No
299;Oscar Bobb;no NOR;FW, MF;Fulham;eng Premier League;22,0;2003,0;15,0;7,0;704,0;7,82;0,0;1,0;1,0;0,0;0,0;0,0;1,0;0,0;0,13;6,0;0,0;0,0;0,77;0,0;0,0;0,0;8,0;7,0;7,0;10,0;0,0;8,0;0,0;;;;;0,0;;;;;;;;;;No;No;No;No;No;No;No;No;No;No
300;Ben Bobzien;de GER;FW;Mainz 05;de Bundesliga;22,0;2003,0;1,0;0,0;9,0;0,1;0,0;0,0;0,0;0,0;0,0;0,0;0,0;0,0;0,0;0,0;0,0;0,0;0,0;0,0;0,0;0,0;1,0;2,0;0,0;0,0;0,0;0,0;0,0;;;;;0,0;;;;;;;;;;No;No;No;No;No;No;No;No;No;No
301;Arnaud Bodart;be BEL;GK;Lille;fr Ligue 1;28,0;1998,0;2,0;2,0;180,0;2,0;0,0;0,0;0,0;0,0;0,0;0,0;0,0;0,0;0,0;0,0;0,0;0,0;0,0;0,0;0,0;0,0;0,0;0,0;0,0;0,0;0,0;1,0;0,0;3,0;1,5;5,0;3,0;60,0;0,0;0,0;2,0;0,0;0,0;1,0;1,0;0,0;0,0;No;No;No;No;No;No;No;No;No;No
302;Sacha Boey;fr FRA;DF;Bayern Munich;de Bundesliga;25,0;2000,0;9,0;5,0;463,0;5,14;0,0;0,0;0,0;0,0;0,0;0,0;1,0;0,0;0,0;6,0;0,0;0,0;1,17;0,0;0,0;0,0;6,0;4,0;7,0;8,0;0,0;10,0;0,0;;;;;0,0;;;;;;;;;;No;No;No;No;No;No;No;No;No;No
303;Jeremie Boga;ci CIV;FW, MF;Juventus;it Serie A;29,0;1997,0;20,0;8,0;846,0;9,4;5,0;2,0;7,0;5,0;0,0;0,0;0,0;0,0;0,74;26,0;11,0;42,31;2,77;1,17;0,19;0,45;23,0;7,0;4,0;14,0;0,0;3,0;0,0;;;;;0,0;;;;;;;;;;No;No;No;No;No;No;No;No;No;No
304;Lamare Bogarde;nl NED;DF, MF;Aston Villa;eng Premier League;22,0;2004,0;24,0;8,0;807,0;8,97;0,0;0,0;0,0;0,0;0,0;0,0;5,0;0,0;0,0;0,0;0,0;0,0;0,0;0,0;0,0;0,0;2,0;14,0;3,0;17,0;0,0;14,0;0,0;;;;;0,0;;;;;;;;;;No;No;No;No;No;No;No;No;No;No
305;Jayden Bogle;eng ENG;DF, MF;Leeds United;eng Premier League;25,0;2000,0;28,0;26,0;2312,0;25,69;1,0;1,0;2,0;1,0;0,0;0,0;5,0;0,0;0,08;15,0;4,0;26,67;0,58;0,16;0,07;0,25;52,0;34,0;25,0;23,0;0,0;31,0;0,0;;;;;0,0;;;;;;;;;;No;No;No;No;No;No;No;No;No;No
306;Dmytro Bohdanov;ua UKR;MF;Union Berlin;de Bundesliga;19,0;2007,0;1,0;0,0;1,0;0,01;0,0;0,0;0,0;0,0;0,0;0,0;0,0;0,0;0,0;0,0;0,0;0,0;0,0;0,0;0,0;0,0;0,0;0,0;0,0;0,0;0,0;0,0;0,0;;;;;0,0;;;;;;;;;;No;No;No;No;No;No;No;No;No;No
307;Adama Boiro;es ESP;DF;Athletic Club;es La Liga;23,0;2002,0;9,0;6,0;595,0;6,61;0,0;0,0;0,0;0,0;0,0;0,0;1,0;0,0;0,0;1,0;0,0;0,0;0,15;0,0;0,0;0,0;15,0;7,0;14,0;7,0;0,0;4,0;0,0;;;;;0,0;;;;;;;;;;No;No;No;No;No;No;No;No;No;No
308;Morgan Bokelé Mputu;cm CMR;MF;Metz;fr Ligue 1;22,0;2004,0;10,0;1,0;227,0;2,52;0,0;0,0;0,0;0,0;0,0;0,0;0,0;0,0;0,0;3,0;1,0;33,33;1,19;0,4;0,0;0,0;5,0;4,0;1,0;8,0;0,0;2,0;0,0;;;;;0,0;;;;;;;;;;No;No;No;No;No;No;No;No;No;No
309;Hugo Bolin;se SWE;MF;Gladbach;de Bundesliga;22,0;2003,0;6,0;3,0;275,0;3,06;0,0;0,0;0,0;0,0;0,0;0,0;0,0;0,0;0,0;4,0;0,0;0,0;1,31;0,0;0,0;0,0;8,0;0,0;1,0;7,0;0,0;1,0;0,0;;;;;0,0;;;;;;;;;;No;No;No;No;No;No;No;No;No;No
310;Daniel Boloca;ro ROU;MF;Sassuolo;it Serie A;27,0;1998,0;2,0;2,0;135,0;1,5;0,0;0,0;0,0;0,0;0,0;0,0;0,0;0,0;0,0;2,0;0,0;0,0;1,33;0,0;0,0;0,0;1,0;2,0;2,0;1,0;0,0;0,0;0,0;;;;;0,0;;;;;;;;;;No;No;No;No;No;No;No;No;No;No
311;Moïse Bombito;ca CAN;DF;Nice;fr Ligue 1;25,0;2000,0;2,0;2,0;145,0;1,61;0,0;0,0;0,0;0,0;0,0;0,0;1,0;0,0;0,0;0,0;0,0;0,0;0,0;0,0;0,0;0,0;0,0;1,0;2,0;1,0;0,0;3,0;0,0;;;;;0,0;;;;;;;;;;No;No;No;No;No;No;No;No;No;No
312;Federico Bonazzoli;it ITA;FW;Cremonese;it Serie A;28,0;1997,0;26,0;22,0;1761,0;19,57;6,0;1,0;7,0;5,0;1,0;1,0;3,0;0,0;0,31;51,0;18,0;35,29;2,61;0,92;0,12;0,33;18,0;9,0;9,0;51,0;0,0;17,0;0,0;;;;;0,0;;;;;;;;;;No;No;No;No;No;No;No;No;No;No
313;Warren Bondo;fr FRA;MF;Cremonese;it Serie A;22,0;2003,0;22,0;19,0;1475,0;16,39;0,0;0,0;0,0;0,0;0,0;0,0;5,0;0,0;0,0;5,0;0,0;0,0;0,31;0,0;0,0;0,0;2,0;13,0;9,0;28,0;0,0;33,0;0,0;;;;;0,0;;;;;;;;;;No;No;No;No;No;No;No;No;No;No
314;Giovanni Bonfanti;it ITA;DF, MF;Pisa;it Serie A;23,0;2003,0;9,0;6,0;494,0;5,49;0,0;0,0;0,0;0,0;0,0;0,0;1,0;0,0;0,0;6,0;1,0;16,67;1,09;0,18;0,0;0,0;12,0;6,0;7,0;3,0;0,0;10,0;0,0;;;;;0,0;;;;;;;;;;No;No;No;No;No;No;No;No;No;No
315;Victor Boniface;ng NGA;FW;Werder Bremen;de Bundesliga;25,0;2000,0;11,0;2,0;333,0;3,7;0,0;2,0;2,0;0,0;0,0;0,0;1,0;0,0;0,54;16,0;6,0;37,5;4,32;1,62;0,0;0,0;2,0;1,0;0,0;6,0;0,0;1,0;0,0;;;;;0,0;;;;;;;;;;No;No;No;No;No;No;No;No;No;No
316;Rahim Bonkano;ne NIG;DF;Oviedo;es La Liga;24,0;2002,0;19,0;15,0;1414,0;15,71;0,0;0,0;0,0;0,0;0,0;0,0;1,0;0,0;0,0;2,0;0,0;0,0;0,13;0,0;0,0;0,0;56,0;15,0;20,0;6,0;0,0;7,0;0,0;;;;;0,0;;;;;;;;;;No;No;No;No;No;No;No;No;No;No
317;Ange-Yoan Bonny;fr FRA;FW;Inter;it Serie A;22,0;2003,0;24,0;8,0;786,0;8,73;5,0;3,0;8,0;5,0;0,0;0,0;0,0;0,0;0,92;19,0;8,0;42,11;2,18;0,92;0,26;0,62;1,0;6,0;1,0;17,0;0,0;14,0;0,0;;;;;0,0;;;;;;;;;;No;No;No;No;No;No;No;No;No;No
318;Thiago Borbas;uy URU;FW;Oviedo;es La Liga;23,0;2002,0;5,0;0,0;49,0;0,54;0,0;0,0;0,0;0,0;0,0;0,0;1,0;0,0;0,0;3,0;1,0;33,33;5,51;1,84;0,0;0,0;0,0;0,0;0,0;2,0;0,0;2,0;0,0;;;;;0,0;;;;;;;;;;No;No;No;No;No;No;No;No;No;No
319;Sebastiaan Bornauw;be BEL;DF;Leeds United;eng Premier League;26,0;1999,0;9,0;4,0;304,0;3,38;0,0;0,0;0,0;0,0;0,0;0,0;1,0;0,0;0,0;0,0;0,0;0,0;0,0;0,0;0,0;0,0;1,0;2,0;5,0;0,0;0,0;5,0;0,0;;;;;0,0;;;;;;;;;;No;No;No;No;No;No;No;No;No;No
320;Gennaro Borrelli;it ITA;FW;Cagliari;it Serie A;26,0;2000,0;22,0;10,0;1038,0;11,53;3,0;1,0;4,0;3,0;0,0;0,0;3,0;0,0;0,35;22,0;6,0;27,27;1,91;0,52;0,14;0,5;2,0;6,0;3,0;41,0;0,0;40,0;0,0;;;;;0,0;;;;;;;;;;No;No;No;No;No;No;No;No;No;No
321;Olivier Boscagli;fr FRA;DF;Brighton;eng Premier League;28,0;1997,0;8,0;5,0;442,0;4,91;0,0;1,0;1,0;0,0;0,0;0,0;2,0;0,0;0,2;1,0;0,0;0,0;0,2;0,0;0,0;0,0;11,0;5,0;7,0;5,0;0,0;7,0;0,0;;;;;0,0;;;;;;;;;;No;No;No;No;No;No;No;No;No;No
322;Sebastián Boselli;uy URU;DF;Getafe;es La Liga;22,0;2003,0;5,0;1,0;124,0;1,38;0,0;0,0;0,0;0,0;0,0;0,0;0,0;0,0;0,0;2,0;1,0;50,0;1,45;0,73;0,0;0,0;1,0;5,0;0,0;0,0;0,0;1,0;0,0;;;;;0,0;;;;;;;;;;No;No;No;No;No;No;No;No;No;No
323;Sven Botman;nl NED;DF;Newcastle United;eng Premier League;26,0;2000,0;17,0;13,0;1152,0;12,8;1,0;1,0;2,0;1,0;0,0;0,0;1,0;0,0;0,16;8,0;4,0;50,0;0,62;0,31;0,12;0,25;2,0;9,0;8,0;8,0;0,0;8,0;1,0;;;;;0,0;;;;;;;;;;No;No;No;No;No;No;No;No;No;No
324;Ayyoub Bouaddi;fr FRA;MF;Lille;fr Ligue 1;18,0;2007,0;23,0;21,0;1756,0;19,51;0,0;1,0;1,0;0,0;0,0;0,0;5,0;1,0;0,05;14,0;4,0;28,57;0,72;0,21;0,0;0,0;14,0;32,0;22,0;18,0;0,0;30,0;0,0;;;;;0,0;;;;;;;;;;No;No;No;No;No;No;No;No;No;No
325;Badredine Bouanani;dz ALG;MF;Stuttgart;de Bundesliga;21,0;2004,0;14,0;6,0;537,0;5,97;0,0;0,0;0,0;0,0;0,0;0,0;1,0;0,0;0,0;14,0;2,0;14,29;2,35;0,34;0,0;0,0;24,0;3,0;5,0;8,0;0,0;1,0;0,0;;;;;0,0;;;;;;;;;;No;No;No;No;No;No;No;No;No;No
326;Kaïl Boudache;fr FRA;FW;Nice;fr Ligue 1;19,0;2006,0;7,0;1,0;354,0;3,93;1,0;0,0;1,0;1,0;0,0;0,0;1,0;0,0;0,25;9,0;2,0;22,22;2,29;0,51;0,11;0,5;7,0;6,0;5,0;4,0;0,0;2,0;0,0;;;;;0,0;;;;;;;;;;No;No;No;No;No;No;No;No;No;No
327;Hicham Boudaoui;dz ALG;MF;Nice;fr Ligue 1;26,0;1999,0;18,0;12,0;1110,0;12,33;1,0;2,0;3,0;1,0;0,0;0,0;4,0;0,0;0,24;19,0;8,0;42,11;1,54;0,65;0,05;0,12;14,0;10,0;13,0;24,0;0,0;12,0;0,0;;;;;0,0;;;;;;;;;;No;No;No;No;No;No;No;No;No;No
328;Sofiane Boufal;ma MAR;FW, MF;Le Havre;fr Ligue 1;32,0;1993,0;9,0;7,0;544,0;6,04;0,0;2,0;2,0;0,0;0,0;0,0;1,0;0,0;0,33;8,0;2,0;25,0;1,32;0,33;0,0;0,0;36,0;8,0;2,0;16,0;0,0;11,0;0,0;;;;;0,0;;;;;;;;;;No;No;No;No;No;No;No;No;No;No
329;Justin Bourgault;fr FRA;FW;Brest;fr Ligue 1;20,0;2005,0;1,0;0,0;16,0;0,18;0,0;0,0;0,0;0,0;0,0;0,0;0,0;0,0;0,0;1,0;0,0;0,0;5,62;0,0;0,0;0,0;0,0;0,0;1,0;0,0;0,0;0,0;0,0;;;;;0,0;;;;;;;;;;No;No;No;No;No;No;No;No;No;No
330;Jarrod Bowen;eng ENG;FW, MF;West Ham United;eng Premier League;29,0;1996,0;30,0;30,0;2687,0;29,86;8,0;6,0;14,0;7,0;1,0;1,0;4,0;0,0;0,44;65,0;23,0;35,38;2,18;0,77;0,12;0,35;100,0;21,0;19,0;45,0;0,0;17,0;0,0;;;;;0,0;;;;;;;;;;No;No;No;No;No;No;No;No;No;No
331;Kieron Bowie;sct SCO;FW;Hellas Verona;it Serie A;23,0;2002,0;6,0;6,0;493,0;5,48;1,0;0,0;1,0;1,0;0,0;0,0;1,0;0,0;0,18;10,0;2,0;20,0;1,83;0,37;0,1;0,5;4,0;1,0;0,0;12,0;0,0;14,0;0,0;;;;;0,0;;;;;;;;;;No;No;No;No;No;No;No;No;No;No
332;Lucas Boyé;ar ARG;FW;Alavés;es La Liga;30,0;1996,0;22,0;18,0;1712,0;19,02;9,0;1,0;10,0;7,0;2,0;2,0;4,0;1,0;0,42;54,0;18,0;33,33;2,84;0,95;0,17;0,5;9,0;24,0;7,0;31,0;1,0;51,0;0,0;;;;;0,0;;;;;;;;;;No;No;No;No;No;No;No;No;No;No
333;Enzo Boyomo;cm CMR;DF;Osasuna;es La Liga;24,0;2001,0;21,0;20,0;1732,0;19,24;1,0;1,0;2,0;1,0;0,0;0,0;4,0;0,0;0,1;4,0;1,0;25,0;0,21;0,05;0,25;1,0;7,0;27,0;11,0;3,0;0,0;24,0;0,0;;;;;0,0;;;;;;;;;;No;No;No;No;No;No;No;No;No;No
334;Rosen Bozhinov;bg BUL;DF;Pisa;it Serie A;21,0;2005,0;5,0;4,0;339,0;3,77;0,0;0,0;0,0;0,0;0,0;0,0;1,0;0,0;0,0;1,0;1,0;100,0;0,27;0,27;0,0;0,0;1,0;2,0;8,0;1,0;0,0;8,0;0,0;;;;;0,0;;;;;;;;;;No;No;No;No;No;No;No;No;No;No
335;Domagoj Bradarić;hr CRO;MF;Hellas Verona;it Serie A;26,0;1999,0;23,0;21,0;1784,0;19,82;0,0;0,0;0,0;0,0;0,0;0,0;2,0;0,0;0,0;9,0;5,0;55,56;0,45;0,25;0,0;0,0;84,0;18,0;9,0;9,0;0,0;8,0;0,0;;;;;0,0;;;;;;;;;;No;No;No;No;No;No;No;No;No;No
336;Conor Bradley;nir NIR;DF;Liverpool;eng Premier League;22,0;2003,0;15,0;12,0;929,0;10,32;0,0;1,0;1,0;0,0;0,0;0,0;5,0;0,0;0,1;6,0;0,0;0,0;0,58;0,0;0,0;0,0;23,0;15,0;12,0;20,0;0,0;18,0;0,0;;;;;0,0;;;;;;;;;;No;No;No;No;No;No;No;No;No;No
337;Bilal Brahimi;dz ALG;FW, MF;Nice;fr Ligue 1;26,0;2000,0;1,0;0,0;1,0;0,01;0,0;0,0;0,0;0,0;0,0;0,0;0,0;0,0;0,0;0,0;0,0;0,0;0,0;0,0;0,0;0,0;2,0;0,0;0,0;0,0;0,0;0,0;0,0;;;;;0,0;;;;;;;;;;No;No;No;No;No;No;No;No;No;No
338;Julian Brandt;de GER;FW, MF;Dortmund;de Bundesliga;29,0;1996,0;21,0;13,0;1216,0;13,51;6,0;3,0;9,0;6,0;0,0;0,0;0,0;0,0;0,67;26,0;15,0;57,69;1,92;1,11;0,23;0,4;18,0;6,0;4,0;5,0;0,0;6,0;0,0;;;;;0,0;;;;;;;;;;No;No;No;No;No;No;No;No;No;No
339;Jarrad Branthwaite;eng ENG;DF;Everton;eng Premier League;23,0;2002,0;7,0;5,0;491,0;5,46;1,0;0,0;1,0;1,0;0,0;0,0;1,0;0,0;0,18;5,0;2,0;40,0;0,92;0,37;0,2;0,5;3,0;5,0;8,0;1,0;0,0;3,0;0,0;;;;;0,0;;;;;;;;;;No;No;No;No;No;No;No;No;No;No
340;Lilian Brassier;fr FRA;DF;Rennes;fr Ligue 1;26,0;1999,0;21,0;19,0;1710,0;19,0;0,0;1,0;1,0;0,0;0,0;0,0;1,0;0,0;0,05;6,0;0,0;0,0;0,32;0,0;0,0;0,0;23,0;11,0;31,0;16,0;0,0;21,0;0,0;;;;;0,0;;;;;;;;;;No;No;No;No;No;No;No;No;No;No
341;Iker Bravo;es ESP;FW;Udinese;it Serie A;21,0;2005,0;8,0;3,0;206,0;2,29;1,0;0,0;1,0;1,0;0,0;0,0;1,0;0,0;0,44;4,0;1,0;25,0;1,75;0,44;0,25;1,0;4,0;1,0;0,0;1,0;0,0;3,0;0,0;;;;;0,0;;;;;;;;;;No;No;No;No;No;No;No;No;No;No
342;Josip Brekalo;hr CRO;FW, MF;Oviedo;es La Liga;27,0;1998,0;14,0;6,0;486,0;5,4;0,0;0,0;0,0;0,0;0,0;0,0;1,0;0,0;0,0;9,0;3,0;33,33;1,67;0,56;0,0;0,0;26,0;7,0;2,0;6,0;0,0;7,0;0,0;;;;;0,0;;;;;;;;;;No;No;No;No;No;No;No;No;No;No
343;Gleison Bremer;br BRA;DF;Juventus;it Serie A;28,0;1997,0;18,0;17,0;1451,0;16,12;3,0;3,0;6,0;3,0;0,0;0,0;2,0;0,0;0,37;11,0;5,0;45,45;0,68;0,31;0,27;0,6;1,0;11,0;18,0;8,0;0,0;14,0;0,0;;;;;0,0;;;;;;;;;;No;No;No;No;No;No;No;No;No;No
344;Marco Brescianini;it ITA;MF;Fiorentina;it Serie A;26,0;2000,0;19,0;6,0;720,0;8,0;2,0;0,0;2,0;2,0;0,0;0,0;1,0;0,0;0,25;12,0;4,0;33,33;1,5;0,5;0,17;0,5;15,0;10,0;3,0;10,0;0,0;10,0;0,0;;;;;0,0;;;;;;;;;;No;No;No;No;No;No;No;No;No;No
345;Abel Bretones;es ESP;DF, MF;Osasuna;es La Liga;25,0;2000,0;21,0;15,0;1409,0;15,66;1,0;0,0;1,0;1,0;0,0;0,0;5,0;1,0;0,06;11,0;3,0;27,27;0,7;0,19;0,09;0,33;24,0;11,0;13,0;17,0;0,0;14,0;0,0;;;;;0,0;;;;;;;;;;No;No;No;No;No;No;No;No;No;No
346;Sascha Britschgi;ch SUI;DF, MF;Parma;it Serie A;19,0;2006,0;24,0;19,0;1813,0;20,14;0,0;2,0;2,0;0,0;0,0;0,0;4,0;0,0;0,1;13,0;3,0;23,08;0,65;0,15;0,0;0,0;44,0;17,0;7,0;20,0;0,0;15,0;0,0;;;;;0,0;;;;;;;;;;No;No;No;No;No;No;No;No;No;No
347;Brian Brobbey;nl NED;FW;Sunderland;eng Premier League;24,0;2002,0;23,0;14,0;1279,0;14,21;5,0;1,0;6,0;5,0;0,0;0,0;3,0;0,0;0,42;21,0;10,0;47,62;1,48;0,7;0,24;0,5;1,0;1,0;0,0;25,0;0,0;16,0;0,0;;;;;0,0;;;;;;;;;;No;No;No;No;No;No;No;No;No;No
348;Marius Broholm;no NOR;MF;Lille;fr Ligue 1;21,0;2004,0;11,0;3,0;279,0;3,1;1,0;1,0;2,0;0,0;1,0;1,0;0,0;0,0;0,32;4,0;3,0;75,0;1,29;0,97;0,25;0,33;14,0;6,0;2,0;8,0;0,0;4,0;0,0;;;;;0,0;;;;;;;;;;No;No;No;No;No;No;No;No;No;No
349;Armando Broja;al ALB;FW;Burnley;eng Premier League;24,0;2001,0;20,0;8,0;819,0;9,1;1,0;1,0;2,0;1,0;0,0;0,0;0,0;0,0;0,22;16,0;6,0;37,5;1,76;0,66;0,06;0,17;2,0;3,0;3,0;14,0;0,0;12,0;0,0;;;;;0,0;;;;;;;;;;No;No;No;No;No;No;No;No;No;No
350;David Brooks;wls WAL;MF;Bournemouth;eng Premier League;28,0;1997,0;24,0;12,0;1033,0;11,48;1,0;2,0;3,0;1,0;0,0;0,0;7,0;0,0;0,26;42,0;12,0;28,57;3,66;1,05;0,02;0,08;52,0;9,0;3,0;12,0;0,0;11,0;0,0;;;;;0,0;;;;;;;;;;No;No;No;No;No;No;No;No;No;No
351;Nathaniel Brown;de GER;DF, MF;Eintracht Frankfurt;de Bundesliga;22,0;2003,0;25,0;21,0;1981,0;22,01;3,0;4,0;7,0;3,0;0,0;0,0;3,0;0,0;0,32;16,0;8,0;50,0;0,73;0,36;0,19;0,38;34,0;44,0;20,0;23,0;0,0;20,0;0,0;;;;;0,0;;;;;;;;;;No;No;No;No;No;No;No;No;No;No
352;Brugui;es ESP;FW, MF;Levante;es La Liga;29,0;1996,0;15,0;10,0;896,0;9,96;0,0;1,0;1,0;0,0;0,0;0,0;1,0;0,0;0,1;18,0;5,0;27,78;1,81;0,5;0,0;0,0;10,0;5,0;3,0;8,0;0,0;11,0;0,0;;;;;0,0;;;;;;;;;;No;No;No;No;No;No;No;No;No;No
353;Paris Brunner;de GER;FW;Monaco;fr Ligue 1;20,0;2006,0;6,0;1,0;117,0;1,3;0,0;0,0;0,0;0,0;0,0;0,0;1,0;0,0;0,0;2,0;0,0;0,0;1,54;0,0;0,0;0,0;1,0;2,0;1,0;1,0;0,0;8,0;0,0;;;;;0,0;;;;;;;;;;No;No;No;No;No;No;No;No;No;No
354;Jacob Bruun Larsen;dk DEN;FW, MF;Burnley;eng Premier League;27,0;1998,0;23,0;10,0;972,0;10,8;0,0;1,0;1,0;0,0;0,0;0,0;0,0;0,0;0,09;16,0;4,0;25,0;1,48;0,37;0,0;0,0;39,0;3,0;6,0;0,0;0,0;1,0;0,0;;;;;0,0;;;;;;;;;;No;No;No;No;No;No;No;No;No;No
355;Tajon Buchanan;ca CAN;MF;Villarreal;es La Liga;27,0;1999,0;26,0;17,0;1506,0;16,73;6,0;1,0;7,0;6,0;0,0;0,0;7,0;0,0;0,42;22,0;9,0;40,91;1,31;0,54;0,27;0,67;26,0;17,0;21,0;33,0;0,0;17,0;0,0;;;;;0,0;;;;;;;;;;No;No;No;No;No;No;No;No;No;No
356;Ante Budimir;hr CRO;FW;Osasuna;es La Liga;34,0;1991,0;27,0;25,0;2112,0;23,47;13,0;0,0;13,0;9,0;4,0;5,0;1,0;0,0;0,38;71,0;26,0;36,62;3,03;1,11;0,18;0,5;3,0;12,0;3,0;31,0;0,0;38,0;0,0;;;;;0,0;;;;;;;;;;No;No;No;No;No;No;No;No;No;No
357;Emi Buendía;ar ARG;MF;Aston Villa;eng Premier League;29,0;1996,0;28,0;18,0;1437,0;15,97;5,0;2,0;7,0;5,0;0,0;0,0;6,0;0,0;0,44;40,0;9,0;22,5;2,51;0,56;0,12;0,56;7,0;19,0;8,0;32,0;0,0;34,0;0,0;;;;;0,0;;;;;;;;;;No;No;No;No;No;No;No;No;No;No
358;Hugo Bueno;es ESP;DF, MF;Wolves;eng Premier League;23,0;2002,0;28,0;21,0;1952,0;21,69;1,0;1,0;2,0;1,0;0,0;0,0;1,0;0,0;0,09;10,0;5,0;50,0;0,46;0,23;0,1;0,2;140,0;29,0;29,0;20,0;0,0;14,0;0,0;;;;;0,0;;;;;;;;;;No;No;No;No;No;No;No;No;No;No
359;Manu Bueno;es ESP;MF;Sevilla;es La Liga;21,0;2004,0;5,0;0,0;94,0;1,04;0,0;0,0;0,0;0,0;0,0;0,0;0,0;0,0;0,0;1,0;0,0;0,0;0,96;0,0;0,0;0,0;1,0;1,0;0,0;1,0;0,0;1,0;0,0;;;;;0,0;;;;;;;;;;No;No;No;No;No;No;No;No;No;No
360;Santiago Bueno;uy URU;DF;Wolves;eng Premier League;27,0;1998,0;22,0;21,0;1923,0;21,37;2,0;1,0;3,0;2,0;0,0;0,0;4,0;0,0;0,14;6,0;5,0;83,33;0,28;0,23;0,33;0,4;5,0;22,0;20,0;9,0;0,0;21,0;0,0;;;;;0,0;;;;;;;;;;No;No;No;No;No;No;No;No;No;No
361;Louis Buffon;cz CZE;FW;Pisa;it Serie A;18,0;2007,0;4,0;0,0;32,0;0,36;0,0;0,0;0,0;0,0;0,0;0,0;0,0;0,0;0,0;0,0;0,0;0,0;0,0;0,0;0,0;0,0;0,0;0,0;0,0;1,0;0,0;1,0;0,0;;;;;0,0;;;;;;;;;;No;No;No;No;No;No;No;No;No;No
362;Adam Buksa;pl POL;FW;Udinese;it Serie A;29,0;1996,0;19,0;3,0;627,0;6,97;2,0;0,0;2,0;2,0;0,0;0,0;2,0;0,0;0,29;9,0;4,0;44,44;1,29;0,57;0,22;0,5;1,0;5,0;2,0;12,0;0,0;14,0;0,0;;;;;0,0;;;;;;;;;;No;No;No;No;No;No;No;No;No;No
363;Andrija Bulatović;me MNE;MF;Lens;fr Ligue 1;19,0;2006,0;13,0;4,0;519,0;5,77;0,0;1,0;1,0;0,0;0,0;0,0;1,0;0,0;0,17;6,0;4,0;66,67;1,04;0,69;0,0;0,0;29,0;15,0;6,0;16,0;0,0;15,0;0,0;;;;;0,0;;;;;;;;;;No;No;No;No;No;No;No;No;No;No
364;Marius Bülter;de GER;FW, MF;Köln;de Bundesliga;32,0;1993,0;24,0;14,0;1212,0;13,47;3,0;3,0;6,0;3,0;0,0;0,0;3,0;0,0;0,45;34,0;12,0;35,29;2,52;0,89;0,09;0,25;54,0;2,0;6,0;23,0;0,0;13,0;0,0;;;;;0,0;;;;;;;;;;No;No;No;No;No;No;No;No;No;No
365;Facundo Buonanotte;ar ARG;MF;Leeds United;eng Premier League;21,0;2004,0;3,0;1,0;71,0;0,79;0,0;0,0;0,0;0,0;0,0;0,0;1,0;0,0;0,0;1,0;0,0;0,0;1,27;0,0;0,0;0,0;0,0;0,0;1,0;0,0;0,0;1,0;0,0;;;;;0,0;;;;;;;;;;No;No;No;No;No;No;No;No;No;No
366;Alessandro Buongiorno;it ITA;DF;Napoli;it Serie A;26,0;1999,0;25,0;20,0;1833,0;20,37;0,0;1,0;1,0;0,0;0,0;0,0;2,0;0,0;0,05;5,0;2,0;40,0;0,25;0,1;0,0;0,0;6,0;19,0;31,0;23,0;0,0;35,0;0,0;;;;;0,0;;;;;;;;;;No;No;No;No;No;No;No;No;No;No
367;Livan Burcu;tr TUR;FW, MF;Union Berlin;de Bundesliga;21,0;2004,0;11,0;3,0;396,0;4,4;0,0;0,0;0,0;0,0;0,0;0,0;3,0;0,0;0,0;12,0;1,0;8,33;2,73;0,23;0,0;0,0;11,0;5,0;1,0;7,0;0,0;5,0;0,0;;;;;0,0;;;;;;;;;;No;No;No;No;No;No;No;No;No;No
368;Jan Bürger;de GER;DF, MF;Wolfsburg;de Bundesliga;19,0;2007,0;7,0;2,0;247,0;2,74;0,0;0,0;0,0;0,0;0,0;0,0;0,0;0,0;0,0;2,0;1,0;50,0;0,73;0,36;0,0;0,0;6,0;3,0;0,0;5,0;0,0;4,0;0,0;;;;;0,0;;;;;;;;;;No;No;No;No;No;No;No;No;No;No
369;Wouter Burger;nl NED;MF;Hoffenheim;de Bundesliga;25,0;2001,0;23,0;23,0;1832,0;20,36;4,0;5,0;9,0;4,0;0,0;0,0;4,0;1,0;0,44;27,0;12,0;44,44;1,33;0,59;0,15;0,33;64,0;33,0;14,0;9,0;0,0;45,0;0,0;;;;;0,0;;;;;;;;;;No;No;No;No;No;No;No;No;No;No
370;Jonathan Burkardt;de GER;FW;Eintracht Frankfurt;de Bundesliga;25,0;2000,0;14,0;10,0;888,0;9,87;9,0;0,0;9,0;7,0;2,0;2,0;1,0;0,0;0,71;29,0;15,0;51,72;2,94;1,52;0,31;0,6;2,0;0,0;1,0;11,0;0,0;10,0;0,0;;;;;0,0;;;;;;;;;;No;No;No;No;No;No;No;No;No;No
371;Oliver Burke;sct SCO;FW, MF;Union Berlin;de Bundesliga;28,0;1997,0;22,0;14,0;1082,0;12,02;4,0;1,0;5,0;4,0;0,0;0,0;2,0;0,0;0,42;24,0;10,0;41,67;2,0;0,83;0,17;0,4;20,0;3,0;3,0;7,0;0,0;7,0;0,0;;;;;0,0;;;;;;;;;;No;No;No;No;No;No;No;No;No;No
372;Vincent Burlet;be BEL;DF;Lille;fr Ligue 1;20,0;2005,0;1,0;0,0;19,0;0,21;0,0;0,0;0,0;0,0;0,0;0,0;0,0;0,0;0,0;0,0;0,0;0,0;0,0;0,0;0,0;0,0;1,0;0,0;0,0;0,0;0,0;0,0;0,0;;;;;0,0;;;;;;;;;;No;No;No;No;No;No;No;No;No;No
373;Dan Burn;eng ENG;DF;Newcastle United;eng Premier League;33,0;1992,0;22,0;20,0;1723,0;19,14;0,0;2,0;2,0;0,0;0,0;0,0;9,0;1,0;0,1;4,0;0,0;0,0;0,21;0,0;0,0;0,0;11,0;21,0;16,0;9,0;1,0;33,0;0,0;;;;;0,0;;;;;;;;;;No;No;No;No;No;No;No;No;No;No
374;Bradley Burrowes;eng ENG;MF;Aston Villa;eng Premier League;18,0;2008,0;1,0;0,0;17,0;0,19;0,0;0,0;0,0;0,0;0,0;0,0;0,0;0,0;0,0;0,0;0,0;0,0;0,0;0,0;0,0;0,0;3,0;0,0;0,0;1,0;0,0;0,0;0,0;;;;;0,0;;;;;;;;;;No;No;No;No;No;No;No;No;No;No
375;Marnon Busch;de GER;DF, MF;Heidenheim;de Bundesliga;31,0;1994,0;22,0;13,0;1330,0;14,78;0,0;2,0;2,0;0,0;0,0;0,0;2,0;0,0;0,14;6,0;1,0;16,67;0,41;0,07;0,0;0,0;39,0;15,0;19,0;5,0;0,0;11,0;0,0;;;;;0,0;;;;;;;;;;No;No;No;No;No;No;No;No;No;No
376;Aurélio Buta;pt POR;DF;Eintracht Frankfurt;de Bundesliga;29,0;1997,0;4,0;1,0;144,0;1,6;0,0;0,0;0,0;0,0;0,0;0,0;1,0;0,0;0,0;1,0;0,0;0,0;0,62;0,0;0,0;0,0;2,0;5,0;0,0;2,0;0,0;3,0;0,0;;;;;0,0;;;;;;;;;;No;No;No;No;No;No;No;No;No;No
377;Jean Butez;fr FRA;GK;Como;it Serie A;30,0;1995,0;29,0;29,0;2610,0;29,0;0,0;0,0;0,0;0,0;0,0;0,0;3,0;0,0;0,0;0,0;0,0;0,0;0,0;0,0;0,0;0,0;0,0;1,0;0,0;8,0;0,0;0,0;0,0;22,0;0,76;89,0;71,0;79,78;15,0;9,0;5,0;13,0;44,83;5,0;4,0;1,0;0,0;No;No;No;No;No;No;No;No;No;No
378;Jun'ai Byfield;eng ENG;DF;Tottenham Hotspur;eng Premier League;17,0;2008,0;1,0;0,0;1,0;0,01;0,0;0,0;0,0;0,0;0,0;0,0;0,0;0,0;0,0;0,0;0,0;0,0;0,0;0,0;0,0;0,0;0,0;0,0;0,0;0,0;0,0;0,0;0,0;;;;;0,0;;;;;;;;;;No;No;No;No;No;No;No;No;No;No
379;Sam Byram;eng ENG;DF, MF;Leeds United;eng Premier League;32,0;1993,0;1,0;0,0;8,0;0,09;0,0;0,0;0,0;0,0;0,0;0,0;0,0;0,0;0,0;0,0;0,0;0,0;0,0;0,0;0,0;0,0;0,0;0,0;0,0;0,0;0,0;1,0;0,0;;;;;0,0;;;;;;;;;;No;No;No;No;No;No;No;No;No;No
380;William Bøving;dk DEN;MF;Mainz 05;de Bundesliga;23,0;2003,0;7,0;2,0;202,0;2,24;0,0;1,0;1,0;0,0;0,0;0,0;1,0;0,0;0,45;1,0;0,0;0,0;0,45;0,0;0,0;0,0;6,0;1,0;0,0;1,0;0,0;2,0;0,0;;;;;0,0;;;;;;;;;;No;No;No;No;No;No;No;No;No;No
381;Rémy Cabella;fr FRA;FW, MF;Nantes;fr Ligue 1;36,0;1990,0;8,0;5,0;490,0;5,44;1,0;0,0;1,0;0,0;1,0;1,0;1,0;0,0;0,0;6,0;3,0;50,0;1,1;0,55;0,17;0,33;28,0;6,0;4,0;10,0;0,0;7,0;0,0;;;;;0,0;;;;;;;;;;No;No;No;No;No;No;No;No;No;No
382;Jorge Cabello;es ESP;DF;Levante;es La Liga;21,0;2004,0;5,0;4,0;362,0;4,02;0,0;0,0;0,0;0,0;0,0;0,0;1,0;0,0;0,0;0,0;0,0;0,0;0,0;0,0;0,0;0,0;0,0;3,0;0,0;3,0;0,0;3,0;0,0;;;;;0,0;;;;;;;;;;No;No;No;No;No;No;No;No;No;No
383;Pape Cabral;fr FRA;MF;Monaco;fr Ligue 1;19,0;2007,0;4,0;0,0;77,0;0,86;0,0;0,0;0,0;0,0;0,0;0,0;0,0;0,0;0,0;3,0;2,0;66,67;3,51;2,34;0,0;0,0;0,0;1,0;1,0;1,0;0,0;1,0;0,0;;;;;0,0;;;;;;;;;;No;No;No;No;No;No;No;No;No;No
384;Leandro Cabrera;uy URU;DF;Espanyol;es La Liga;34,0;1991,0;27,0;27,0;2430,0;27,0;3,0;0,0;3,0;3,0;0,0;0,0;2,0;0,0;0,11;29,0;9,0;31,03;1,07;0,33;0,1;0,33;15,0;19,0;17,0;7,0;0,0;23,0;0,0;;;;;0,0;;;;;;;;;;No;No;No;No;No;No;No;No;No;No
385;Anthony Caci;fr FRA;MF;Mainz 05;de Bundesliga;28,0;1997,0;4,0;4,0;310,0;3,44;0,0;0,0;0,0;0,0;0,0;0,0;1,0;0,0;0,0;5,0;0,0;0,0;1,45;0,0;0,0;0,0;21,0;3,0;3,0;3,0;0,0;5,0;0,0;;;;;0,0;;;;;;;;;;No;No;No;No;No;No;No;No;No;No
386;Noah Cadiou;gp GLP;MF;Lorient;fr Ligue 1;27,0;1998,0;20,0;12,0;1159,0;12,88;1,0;1,0;2,0;1,0;0,0;0,0;0,0;0,0;0,16;11,0;6,0;54,55;0,85;0,47;0,09;0,17;3,0;12,0;15,0;11,0;0,0;18,0;0,0;;;;;0,0;;;;;;;;;;No;No;No;No;No;No;No;No;No;No
387;Mathieu Cafaro;fr FRA;FW;Paris FC;fr Ligue 1;28,0;1997,0;9,0;1,0;149,0;1,66;0,0;0,0;0,0;0,0;0,0;0,0;0,0;0,0;0,0;6,0;1,0;16,67;3,62;0,6;0,0;0,0;7,0;0,0;0,0;4,0;0,0;2,0;0,0;;;;;0,0;;;;;;;;;;No;No;No;No;No;No;No;No;No;No
388;Moisés Caicedo;ec ECU;MF;Chelsea;eng Premier League;24,0;2001,0;25,0;24,0;2104,0;23,38;3,0;1,0;4,0;3,0;0,0;0,0;9,0;1,0;0,17;20,0;7,0;35,0;0,86;0,3;0,15;0,43;8,0;43,0;51,0;38,0;0,0;40,0;0,0;;;;;0,0;;;;;;;;;;No;No;No;No;No;No;No;No;No;No
389;Tom Cairney;sct SCO;MF;Fulham;eng Premier League;35,0;1991,0;20,0;4,0;562,0;6,24;1,0;0,0;1,0;1,0;0,0;0,0;3,0;0,0;0,16;12,0;1,0;8,33;1,92;0,16;0,08;1,0;6,0;3,0;2,0;9,0;0,0;8,0;0,0;;;;;0,0;;;;;;;;;;No;No;No;No;No;No;No;No;No;No
390;Arturo Calabresi;it ITA;DF;Pisa;it Serie A;30,0;1996,0;20,0;12,0;1087,0;12,08;0,0;0,0;0,0;0,0;0,0;0,0;5,0;0,0;0,0;4,0;1,0;25,0;0,33;0,08;0,0;0,0;16,0;8,0;15,0;16,0;0,0;19,0;0,0;;;;;0,0;;;;;;;;;;No;No;No;No;No;No;No;No;No;No
391;Riccardo Calafiori;it ITA;DF;Arsenal;eng Premier League;23,0;2002,0;22,0;18,0;1448,0;16,09;1,0;2,0;3,0;1,0;0,0;0,0;5,0;0,0;0,19;28,0;6,0;21,43;1,74;0,37;0,04;0,17;21,0;18,0;13,0;9,0;0,0;25,0;0,0;;;;;0,0;;;;;;;;;;No;No;No;No;No;No;No;No;No;No
392;Calebe;br BRA;MF;Alavés;es La Liga;25,0;2000,0;17,0;13,0;717,0;7,97;0,0;0,0;0,0;0,0;0,0;0,0;2,0;0,0;0,0;5,0;1,0;20,0;0,63;0,13;0,0;0,0;16,0;14,0;7,0;18,0;0,0;18,0;0,0;;;;;0,0;;;;;;;;;;No;No;No;No;No;No;No;No;No;No
393;Fernando Calero;es ESP;DF;Espanyol;es La Liga;30,0;1995,0;21,0;18,0;1594,0;17,71;0,0;0,0;0,0;0,0;0,0;0,0;3,0;0,0;0,0;9,0;1,0;11,11;0,51;0,06;0,0;0,0;1,0;13,0;23,0;5,0;0,0;6,0;0,0;;;;;0,0;;;;;;;;;;No;No;No;No;No;No;No;No;No;No
394;Duje Ćaleta-Car;hr CRO;DF;Real Sociedad;es La Liga;29,0;1996,0;19,0;17,0;1505,0;16,72;1,0;0,0;1,0;1,0;0,0;0,0;4,0;1,0;0,06;10,0;2,0;20,0;0,6;0,12;0,1;0,5;1,0;11,0;23,0;6,0;0,0;21,0;0,0;;;;;0,0;;;;;;;;;;No;No;No;No;No;No;No;No;No;No
395;Hakan Çalhanoğlu;tr TUR;MF;Inter;it Serie A;32,0;1994,0;18,0;16,0;1331,0;14,79;8,0;2,0;10,0;4,0;4,0;5,0;6,0;0,0;0,41;45,0;15,0;33,33;3,04;1,01;0,18;0,53;74,0;13,0;11,0;11,0;0,0;21,0;0,0;;;;;0,0;;;;;;;;;;No;No;No;No;No;No;No;No;No;No
396;Dominic Calvert-Lewin;eng ENG;FW;Leeds United;eng Premier League;29,0;1997,0;27,0;22,0;2025,0;22,5;10,0;1,0;11,0;8,0;2,0;3,0;1,0;0,0;0,4;56,0;25,0;44,64;2,49;1,11;0,18;0,4;7,0;4,0;2,0;30,0;0,0;32,0;0,0;;;;;0,0;;;;;;;;;;No;No;No;No;No;No;No;No;No;No
397;Dani Calvo;es ESP;DF;Oviedo;es La Liga;31,0;1994,0;13,0;10,0;981,0;10,9;0,0;0,0;0,0;0,0;0,0;0,0;3,0;0,0;0,0;0,0;0,0;0,0;0,0;0,0;0,0;0,0;1,0;8,0;5,0;4,0;0,0;9,0;0,0;;;;;0,0;;;;;;;;;;No;No;No;No;No;No;No;No;No;No
398;Adama Camara;fr FRA;DF, MF;Paris FC;fr Ligue 1;29,0;1996,0;22,0;21,0;1728,0;19,2;1,0;0,0;1,0;1,0;0,0;0,0;6,0;0,0;0,05;16,0;4,0;25,0;0,83;0,21;0,06;0,25;8,0;21,0;25,0;17,0;0,0;21,0;0,0;;;;;0,0;;;;;;;;;;No;No;No;No;No;No;No;No;No;No
399;Amady Camara;ml MLI;FW;Nantes;fr Ligue 1;20,0;2005,0;10,0;1,0;171,0;1,9;0,0;0,0;0,0;0,0;0,0;0,0;0,0;0,0;0,0;6,0;0,0;0,0;3,16;0,0;0,0;0,0;17,0;3,0;1,0;2,0;0,0;3,0;0,0;;;;;0,0;;;;;;;;;;No;No;No;No;No;No;No;No;No;No
400;Dawda Camara;mr MTN;FW;Girona;es La Liga;23,0;2002,0;2,0;1,0;72,0;0,8;0,0;0,0;0,0;0,0;0,0;0,0;0,0;0,0;0,0;2,0;1,0;50,0;2,5;1,25;0,0;0,0;0,0;0,0;1,0;0,0;0,0;2,0;0,0;;;;;0,0;;;;;;;;;;No;No;No;No;No;No;No;No;No;No
401;Lamine Camara;sn SEN;MF;Monaco;fr Ligue 1;22,0;2004,0;17,0;15,0;1295,0;14,39;0,0;4,0;4,0;0,0;0,0;0,0;4,0;0,0;0,28;14,0;1,0;7,14;0,97;0,07;0,0;0,0;68,0;26,0;31,0;38,0;0,0;19,0;0,0;;;;;0,0;;;;;;;;;;No;No;No;No;No;No;No;No;No;No
402;Mahdi Camara;fr FRA;MF;Rennes;fr Ligue 1;27,0;1998,0;24,0;23,0;1952,0;21,69;3,0;1,0;4,0;3,0;0,0;0,0;4,0;1,0;0,18;19,0;8,0;42,11;0,88;0,37;0,16;0,38;24,0;24,0;20,0;23,0;0,0;28,0;0,0;;;;;0,0;;;;;;;;;;No;No;No;No;No;No;No;No;No;No
403;Ousmane Camara;ml MLI;DF;Angers;fr Ligue 1;23,0;2003,0;25,0;24,0;2133,0;23,7;1,0;0,0;1,0;1,0;0,0;0,0;2,0;0,0;0,04;6,0;2,0;33,33;0,25;0,08;0,17;0,5;3,0;27,0;27,0;6,0;0,0;17,0;0,0;;;;;0,0;;;;;;;;;;No;No;No;No;No;No;No;No;No;No
404;Francesco Camarda;it ITA;FW;Lecce;it Serie A;18,0;2008,0;17,0;7,0;639,0;7,1;1,0;0,0;1,0;1,0;0,0;1,0;1,0;0,0;0,14;13,0;3,0;23,08;1,83;0,42;0,08;0,33;1,0;1,0;0,0;4,0;0,0;12,0;0,0;;;;;0,0;;;;;;;;;;No;No;No;No;No;No;No;No;No;No
405;Eduardo Camavinga;fr FRA;MF;Real Madrid;es La Liga;23,0;2002,0;20,0;12,0;1142,0;12,69;1,0;0,0;1,0;1,0;0,0;0,0;1,0;0,0;0,08;10,0;2,0;20,0;0,79;0,16;0,1;0,5;2,0;29,0;12,0;25,0;0,0;27,0;0,0;;;;;0,0;;;;;;;;;;No;No;No;No;No;No;No;No;No;No
406;Nicolò Cambiaghi;it ITA;FW, MF;Bologna;it Serie A;25,0;2000,0;23,0;15,0;1331,0;14,79;3,0;4,0;7,0;3,0;0,0;0,0;3,0;1,0;0,47;24,0;6,0;25,0;1,62;0,41;0,12;0,5;58,0;18,0;5,0;60,0;0,0;28,0;0,0;;;;;0,0;;;;;;;;;;No;No;No;No;No;No;No;No;No;No
407;Andrea Cambiaso;it ITA;DF, MF;Juventus;it Serie A;26,0;2000,0;27,0;26,0;2113,0;23,48;3,0;3,0;6,0;3,0;0,0;0,0;1,0;1,0;0,26;21,0;11,0;52,38;0,89;0,47;0,14;0,27;98,0;32,0;15,0;15,0;0,0;22,0;2,0;;;;;0,0;;;;;;;;;;No;No;No;No;No;No;No;No;No;No
408;Axel Camblan;fr FRA;FW;Brest;fr Ligue 1;22,0;2003,0;1,0;0,0;12,0;0,13;0,0;0,0;0,0;0,0;0,0;0,0;0,0;0,0;0,0;0,0;0,0;0,0;0,0;0,0;0,0;0,0;0,0;0,0;0,0;0,0;0,0;0,0;0,0;;;;;0,0;;;;;;;;;;No;No;No;No;No;No;No;No;No;No
409;Sergio Camello;es ESP;FW;Rayo Vallecano;es La Liga;25,0;2001,0;13,0;4,0;458,0;5,09;0,0;0,0;0,0;0,0;0,0;0,0;2,0;1,0;0,0;9,0;4,0;44,44;1,77;0,79;0,0;0,0;1,0;2,0;2,0;9,0;0,0;3,0;0,0;;;;;0,0;;;;;;;;;;No;No;No;No;No;No;No;No;No;No
410;Cole Campbell;us USA;FW;Hoffenheim;de Bundesliga;20,0;2006,0;2,0;0,0;22,0;0,24;0,0;0,0;0,0;0,0;0,0;0,0;0,0;0,0;0,0;1,0;0,0;0,0;4,09;0,0;0,0;0,0;1,0;0,0;0,0;0,0;0,0;0,0;0,0;;;;;0,0;;;;;;;;;;No;No;No;No;No;No;No;No;No;No
411;Emre Can;de GER;DF;Dortmund;de Bundesliga;32,0;1994,0;9,0;7,0;621,0;6,9;3,0;0,0;3,0;0,0;3,0;3,0;3,0;0,0;0,0;5,0;4,0;80,0;0,72;0,58;0,6;0,75;2,0;8,0;13,0;10,0;0,0;10,0;0,0;;;;;0,0;;;;;;;;;;No;No;No;No;No;No;No;No;No;No
412;Matteo Cancellieri;it ITA;FW, MF;Lazio;it Serie A;24,0;2002,0;22,0;15,0;1247,0;13,86;3,0;1,0;4,0;3,0;0,0;0,0;4,0;0,0;0,29;30,0;9,0;30,0;2,17;0,65;0,1;0,33;18,0;18,0;17,0;54,0;0,0;25,0;0,0;;;;;0,0;;;;;;;;;;No;No;No;No;No;No;No;No;No;No
413;João Cancelo;pt POR;DF;Barcelona;es La Liga;31,0;1994,0;6,0;4,0;346,0;3,84;1,0;1,0;2,0;1,0;0,0;0,0;0,0;0,0;0,52;4,0;1,0;25,0;1,04;0,26;0,25;1,0;8,0;3,0;8,0;4,0;0,0;3,0;0,0;;;;;0,0;;;;;;;;;;No;No;No;No;No;No;No;No;No;No
414;Fali Candé;gw GNB;DF;Sassuolo;it Serie A;28,0;1998,0;12,0;5,0;509,0;5,66;0,0;0,0;0,0;0,0;0,0;0,0;2,0;0,0;0,0;3,0;0,0;0,0;0,53;0,0;0,0;0,0;4,0;9,0;2,0;6,0;0,0;9,0;0,0;;;;;0,0;;;;;;;;;;No;No;No;No;No;No;No;No;No;No
415;Simone Canestrelli;it ITA;DF;Pisa;it Serie A;25,0;2000,0;28,0;27,0;2406,0;26,73;0,0;0,0;0,0;0,0;0,0;0,0;2,0;0,0;0,0;11,0;1,0;9,09;0,41;0,04;0,0;0,0;9,0;20,0;21,0;16,0;0,0;31,0;0,0;;;;;0,0;;;;;;;;;;No;No;No;No;No;No;No;No;No;No
416;Jaydee Canvot;fr FRA;DF, MF;Crystal Palace;eng Premier League;19,0;2006,0;15,0;9,0;886,0;9,84;0,0;0,0;0,0;0,0;0,0;0,0;3,0;0,0;0,0;5,0;0,0;0,0;0,51;0,0;0,0;0,0;3,0;14,0;6,0;3,0;0,0;10,0;0,0;;;;;0,0;;;;;;;;;;No;No;No;No;No;No;No;No;No;No
417;Nicolás Capaldo;ar ARG;DF, MF;Hamburger SV;de Bundesliga;28,0;1997,0;20,0;19,0;1540,0;17,11;1,0;1,0;2,0;1,0;0,0;0,0;6,0;0,0;0,12;16,0;4,0;25,0;0,94;0,23;0,06;0,25;18,0;33,0;32,0;40,0;0,0;21,0;0,0;;;;;0,0;;;;;;;;;;No;No;No;No;No;No;No;No;No;No
418;Pierrick Capelle;fr FRA;MF;Angers;fr Ligue 1;38,0;1987,0;8,0;1,0;239,0;2,66;0,0;0,0;0,0;0,0;0,0;0,0;0,0;0,0;0,0;3,0;0,0;0,0;1,13;0,0;0,0;0,0;7,0;7,0;3,0;9,0;0,0;6,0;0,0;;;;;0,0;;;;;;;;;;No;No;No;No;No;No;No;No;No;No
419;Elia Caprile;it ITA;GK;Cagliari;it Serie A;24,0;2001,0;29,0;29,0;2610,0;29,0;0,0;0,0;0,0;0,0;0,0;0,0;2,0;0,0;0,0;0,0;0,0;0,0;0,0;0,0;0,0;0,0;0,0;0,0;0,0;8,0;0,0;0,0;0,0;41,0;1,41;137,0;97,0;70,8;7,0;9,0;13,0;6,0;20,69;2,0;2,0;0,0;0,0;No;No;No;No;No;No;No;No;No;No
420;Maxence Caqueret;fr FRA;MF;Como;it Serie A;26,0;2000,0;23,0;14,0;1180,0;13,11;2,0;4,0;6,0;2,0;0,0;0,0;2,0;0,0;0,46;16,0;4,0;25,0;1,22;0,31;0,12;0,5;28,0;19,0;9,0;18,0;0,0;19,0;0,0;;;;;0,0;;;;;;;;;;No;No;No;No;No;No;No;No;No;No
421;Antonio Caracciolo;it ITA;DF;Pisa;it Serie A;35,0;1990,0;27,0;26,0;2353,0;26,14;2,0;0,0;2,0;2,0;0,0;0,0;7,0;0,0;0,08;19,0;5,0;26,32;0,73;0,19;0,11;0,4;2,0;33,0;41,0;10,0;0,0;28,0;1,0;;;;;0,0;;;;;;;;;;No;No;No;No;No;No;No;No;No;No
422;Franco Carboni;it ITA;MF;Parma;it Serie A;22,0;2003,0;2,0;0,0;5,0;0,06;0,0;0,0;0,0;0,0;0,0;0,0;0,0;0,0;0,0;0,0;0,0;0,0;0,0;0,0;0,0;0,0;0,0;0,0;0,0;0,0;0,0;0,0;0,0;;;;;0,0;;;;;;;;;;No;No;No;No;No;No;No;No;No;No
423;Valentin Carboni;ar ARG;MF;Genoa;it Serie A;21,0;2005,0;12,0;3,0;359,0;3,99;0,0;0,0;0,0;0,0;0,0;0,0;2,0;0,0;0,0;6,0;2,0;33,33;1,5;0,5;0,0;0,0;7,0;8,0;2,0;5,0;0,0;11,0;0,0;;;;;0,0;;;;;;;;;;No;No;No;No;No;No;No;No;No;No
424;Sergi Cardona;es ESP;DF;Villarreal;es La Liga;26,0;1999,0;23,0;16,0;1544,0;17,16;0,0;3,0;3,0;0,0;0,0;0,0;4,0;0,0;0,17;14,0;3,0;21,43;0,82;0,17;0,0;0,0;55,0;24,0;30,0;17,0;0,0;21,0;0,0;;;;;0,0;;;;;;;;;;No;No;No;No;No;No;No;No;No;No
425;Fábio Cardoso;pt POR;DF;Sevilla;es La Liga;31,0;1994,0;4,0;4,0;295,0;3,28;0,0;0,0;0,0;0,0;0,0;0,0;0,0;0,0;0,0;0,0;0,0;0,0;0,0;0,0;0,0;0,0;0,0;3,0;4,0;1,0;0,0;9,0;0,0;;;;;0,0;;;;;;;;;;No;No;No;No;No;No;No;No;No;No
426;Johnny Cardoso;us USA;MF;Atlético Madrid;es La Liga;24,0;2001,0;12,0;10,0;708,0;7,87;0,0;0,0;0,0;0,0;0,0;0,0;4,0;0,0;0,0;2,0;0,0;0,0;0,25;0,0;0,0;0,0;3,0;17,0;11,0;11,0;0,0;16,0;0,0;;;;;0,0;;;;;;;;;;No;No;No;No;No;No;No;No;No;No
427;Maycon Cardozo;br BRA;MF;Bayern Munich;de Bundesliga;17,0;2008,0;1,0;0,0;30,0;0,33;0,0;0,0;0,0;0,0;0,0;0,0;0,0;0,0;0,0;0,0;0,0;0,0;0,0;0,0;0,0;0,0;1,0;0,0;0,0;2,0;0,0;0,0;0,0;;;;;0,0;;;;;;;;;;No;No;No;No;No;No;No;No;No;No
428;Igor Carioca;br BRA;DF;Lorient;fr Ligue 1;29,0;1996,0;14,0;13,0;1197,0;13,3;1,0;0,0;1,0;1,0;0,0;0,0;1,0;0,0;0,08;7,0;1,0;14,29;0,53;0,08;0,14;1,0;20,0;19,0;13,0;18,0;0,0;9,0;0,0;;;;;0,0;;;;;;;;;;No;No;No;No;No;No;No;No;No;No
429;Patrik Carlgren;se SWE;GK;Nantes;fr Ligue 1;34,0;1992,0;2,0;1,0;92,0;1,02;0,0;0,0;0,0;0,0;0,0;0,0;0,0;0,0;0,0;0,0;0,0;0,0;0,0;0,0;0,0;0,0;0,0;0,0;0,0;0,0;0,0;0,0;0,0;2,0;1,96;5,0;3,0;60,0;0,0;1,0;0,0;0,0;0,0;0,0;0,0;0,0;0,0;No;No;No;No;No;No;No;No;No;No
430;Diego Carlos;br BRA;DF;Como;it Serie A;33,0;1993,0;20,0;15,0;1493,0;16,59;1,0;0,0;1,0;1,0;0,0;0,0;6,0;0,0;0,06;3,0;2,0;66,67;0,18;0,12;0,33;0,5;1,0;12,0;13,0;6,0;0,0;26,0;0,0;;;;;0,0;;;;;;;;;;No;No;No;No;No;No;No;No;No;No
431;Kevin Carlos;es ESP;FW;Nice;fr Ligue 1;24,0;2001,0;17,0;9,0;812,0;9,02;0,0;0,0;0,0;0,0;0,0;0,0;3,0;0,0;0,0;20,0;7,0;35,0;2,22;0,78;0,0;0,0;3,0;1,0;1,0;14,0;0,0;26,0;0,0;;;;;0,0;;;;;;;;;;No;No;No;No;No;No;No;No;No;No
432;David Carmo;ao ANG;DF;Oviedo;es La Liga;26,0;1999,0;21,0;19,0;1722,0;19,13;1,0;0,0;1,0;1,0;0,0;0,0;8,0;1,0;0,05;10,0;3,0;30,0;0,52;0,16;0,1;0,33;2,0;17,0;21,0;4,0;1,0;20,0;0,0;;;;;0,0;;;;;;;;;;No;No;No;No;No;No;No;No;No;No
433;Carmona;es ESP;DF, MF;Sevilla;es La Liga;24,0;2002,0;26,0;22,0;1957,0;21,74;1,0;3,0;4,0;1,0;0,0;0,0;9,0;0,0;0,18;17,0;3,0;17,65;0,78;0,14;0,06;0,33;25,0;32,0;33,0;36,0;0,0;37,0;0,0;;;;;0,0;;;;;;;;;;No;No;No;No;No;No;No;No;No;No
434;Marco Carnesecchi;it ITA;GK;Atalanta;it Serie A;25,0;2000,0;29,0;29,0;2610,0;29,0;0,0;0,0;0,0;0,0;0,0;0,0;0,0;0,0;0,0;0,0;0,0;0,0;0,0;0,0;0,0;0,0;1,0;0,0;0,0;5,0;0,0;1,0;0,0;27,0;0,93;110,0;85,0;77,27;12,0;11,0;6,0;10,0;34,48;3,0;1,0;2,0;0,0;No;No;No;No;No;No;No;No;No;No
435;Sergio Carreira;es ESP;MF;Celta Vigo;es La Liga;25,0;2000,0;24,0;21,0;1914,0;21,27;2,0;1,0;3,0;2,0;0,0;0,0;2,0;0,0;0,14;12,0;5,0;41,67;0,56;0,24;0,17;0,4;24,0;15,0;21,0;27,0;0,0;14,0;0,0;;;;;0,0;;;;;;;;;;No;No;No;No;No;No;No;No;No;No
436;Gorka Carrera;es ESP;FW;Real Sociedad;es La Liga;20,0;2005,0;1,0;0,0;14,0;0,16;0,0;0,0;0,0;0,0;0,0;0,0;0,0;0,0;0,0;0,0;0,0;0,0;0,0;0,0;0,0;0,0;0,0;0,0;0,0;1,0;0,0;0,0;0,0;;;;;0,0;;;;;;;;;;No;No;No;No;No;No;No;No;No;No
437;Álvaro Carreras;es ESP;DF;Real Madrid;es La Liga;22,0;2003,0;23,0;22,0;1968,0;21,87;2,0;2,0;4,0;2,0;0,0;0,0;5,0;1,0;0,18;8,0;2,0;25,0;0,37;0,09;0,25;1,0;28,0;16,0;33,0;26,0;0,0;16,0;0,0;;;;;0,0;;;;;;;;;;No;No;No;No;No;No;No;No;No;No
438;Dani Carvajal;es ESP;DF;Real Madrid;es La Liga;34,0;1992,0;11,0;6,0;596,0;6,62;0,0;0,0;0,0;0,0;0,0;0,0;0,0;0,0;0,0;3,0;0,0;0,0;0,45;0,0;0,0;0,0;5,0;9,0;4,0;7,0;0,0;5,0;0,0;;;;;0,0;;;;;;;;;;No;No;No;Sí;No;No;No;Sí;Sí;Sí
439;Fabio Carvalho;pt POR;MF;Brentford;eng Premier League;23,0;2002,0;6,0;1,0;102,0;1,13;1,0;0,0;1,0;1,0;0,0;0,0;0,0;0,0;0,88;2,0;1,0;50,0;1,76;0,88;0,5;1,0;5,0;2,0;0,0;0,0;0,0;0,0;0,0;;;;;0,0;;;;;;;;;;No;No;No;No;No;No;No;No;No;No
440;Cesare Casadei;it ITA;MF;Torino;it Serie A;23,0;2003,0;25,0;16,0;1614,0;17,93;4,0;0,0;4,0;4,0;0,0;0,0;5,0;0,0;0,22;29,0;14,0;48,28;1,62;0,78;0,14;0,29;2,0;12,0;8,0;13,0;0,0;44,0;0,0;;;;;0,0;;;;;;;;;;No;No;No;No;No;No;No;No;No;No
441;Marc Casado;es ESP;MF;Barcelona;es La Liga;22,0;2003,0;18,0;9,0;836,0;9,29;0,0;1,0;1,0;0,0;0,0;0,0;0,0;0,0;0,11;9,0;0,0;0,0;0,97;0,0;0,0;0,0;0,0;7,0;7,0;15,0;0,0;21,0;0,0;;;;;0,0;;;;;;;;;;No;No;No;No;No;Sí;Sí;No;No;No
442;Nicolò Casale;it ITA;DF;Bologna;it Serie A;28,0;1998,0;11,0;7,0;588,0;6,53;0,0;0,0;0,0;0,0;0,0;0,0;0,0;0,0;0,0;4,0;0,0;0,0;0,61;0,0;0,0;0,0;2,0;1,0;7,0;4,0;0,0;10,0;0,0;;;;;0,0;;;;;;;;;;No;No;No;No;No;No;No;No;No;No
443;Casemiro;br BRA;MF;Manchester Utd;eng Premier League;34,0;1992,0;28,0;27,0;2050,0;22,78;7,0;2,0;9,0;7,0;0,0;0,0;9,0;1,0;0,4;43,0;14,0;32,56;1,89;0,61;0,16;0,5;15,0;34,0;21,0;27,0;1,0;39,0;0,0;;;;;0,0;;;;;;;;;;No;No;No;No;No;No;No;No;No;No
444;Matty Cash;pl POL;DF;Aston Villa;eng Premier League;28,0;1997,0;27,0;27,0;2351,0;26,12;3,0;2,0;5,0;3,0;0,0;0,0;7,0;0,0;0,19;25,0;9,0;36,0;0,96;0,34;0,12;0,33;100,0;22,0;20,0;25,0;0,0;37,0;0,0;;;;;0,0;;;;;;;;;;No;No;No;No;No;No;No;No;No;No
445;Josué Casimir;ht HAI;FW, MF;Auxerre;fr Ligue 1;24,0;2001,0;24,0;16,0;1393,0;15,48;1,0;0,0;1,0;1,0;0,0;1,0;5,0;1,0;0,06;21,0;11,0;52,38;1,36;0,71;0,05;0,09;53,0;13,0;10,0;28,0;1,0;31,0;0,0;;;;;0,0;;;;;;;;;;No;No;No;No;No;No;No;No;No;No
446;Cristian Cásseres Jr.;ve VEN;MF;Toulouse;fr Ligue 1;26,0;2000,0;23,0;21,0;1873,0;20,81;1,0;0,0;1,0;1,0;0,0;1,0;5,0;0,0;0,05;21,0;5,0;23,81;1,01;0,24;0,05;0,2;85,0;33,0;28,0;34,0;0,0;28,0;0,0;;;;;0,0;;;;;;;;;;No;No;No;No;No;No;No;No;No;No
447;Timothy Castagne;be BEL;DF, MF;Fulham;eng Premier League;30,0;1995,0;22,0;12,0;1133,0;12,59;0,0;0,0;0,0;0,0;0,0;0,0;3,0;0,0;0,0;8,0;4,0;50,0;0,64;0,32;0,0;0,0;32,0;13,0;20,0;3,0;0,0;14,0;0,0;;;;;0,0;;;;;;;;;;No;No;No;No;No;No;No;No;No;No
448;Valentín Castellanos;ar ARG;FW;West Ham United;eng Premier League;27,0;1998,0;21,0;18,0;1507,0;16,74;4,0;3,0;7,0;4,0;0,0;0,0;4,0;0,0;0,42;41,0;16,0;39,02;2,45;0,96;0,1;0,25;10,0;8,0;4,0;27,0;0,0;28,0;0,0;;;;;0,0;;;;;;;;;;No;No;No;No;No;No;No;No;No;No
449;Castrin;es ESP;DF;Sevilla;es La Liga;23,0;2003,0;10,0;7,0;669,0;7,43;0,0;0,0;0,0;0,0;0,0;0,0;3,0;0,0;0,0;5,0;1,0;20,0;0,67;0,13;0,0;0,0;0,0;10,0;12,0;7,0;0,0;7,0;0,0;;;;;0,0;;;;;;;;;;No;No;No;No;No;No;No;No;No;No
450;Jonny Castro;es ESP;DF;Alavés;es La Liga;32,0;1994,0;27,0;27,0;2364,0;26,27;0,0;0,0;0,0;0,0;0,0;0,0;5,0;0,0;0,0;7,0;2,0;28,57;0,27;0,08;0,0;0,0;19,0;35,0;33,0;23,0;0,0;28,0;0,0;;;;;0,0;;;;;;;;;;No;No;No;No;No;No;No;No;No;No
451;Santiago Castro;ar ARG;FW;Bologna;it Serie A;21,0;2004,0;26,0;18,0;1698,0;18,87;7,0;2,0;9,0;7,0;0,0;0,0;1,0;0,0;0,48;47,0;16,0;34,04;2,49;0,85;0,15;0,44;4,0;7,0;1,0;40,0;0,0;26,0;0,0;;;;;0,0;;;;;;;;;;No;No;No;No;No;No;No;No;No;No
452;Alessio Castro-Montes;be BEL;DF, MF;Köln;de Bundesliga;28,0;1997,0;8,0;5,0;429,0;4,77;0,0;3,0;3,0;0,0;0,0;0,0;2,0;0,0;0,63;3,0;0,0;0,0;0,63;0,0;0,0;0,0;38,0;13,0;3,0;6,0;0,0;9,0;0,0;;;;;0,0;;;;;;;;;;No;No;No;No;No;No;No;No;No;No
453;Danilo Cataldi;it ITA;MF;Lazio;it Serie A;31,0;1994,0;25,0;22,0;1835,0;20,39;3,0;3,0;6,0;1,0;2,0;2,0;5,0;0,0;0,2;26,0;7,0;26,92;1,28;0,34;0,12;0,43;42,0;22,0;21,0;11,0;0,0;18,0;0,0;;;;;0,0;;;;;;;;;;No;No;No;No;No;No;No;No;No;No
454;Catena;es ESP;DF;Osasuna;es La Liga;31,0;1994,0;26,0;26,0;2261,0;25,12;2,0;2,0;4,0;2,0;0,0;0,0;8,0;1,0;0,16;14,0;2,0;14,29;0,56;0,08;0,14;1,0;1,0;24,0;28,0;12,0;0,0;37,0;0,0;;;;;0,0;;;;;;;;;;No;No;No;No;No;No;No;No;No;No
455;Nicolò Cavuoti;it ITA;MF;Cagliari;it Serie A;22,0;2003,0;4,0;0,0;44,0;0,49;0,0;0,0;0,0;0,0;0,0;0,0;0,0;0,0;0,0;0,0;0,0;0,0;0,0;0,0;0,0;0,0;0,0;0,0;0,0;1,0;0,0;1,0;0,0;;;;;0,0;;;;;;;;;;No;No;No;No;No;No;No;No;No;No
456;Santi Cazorla;es ESP;MF;Oviedo;es La Liga;41,0;1984,0;19,0;4,0;590,0;6,56;0,0;1,0;1,0;0,0;0,0;0,0;0,0;1,0;0,15;5,0;0,0;0,0;0,76;0,0;0,0;0,0;41,0;6,0;1,0;12,0;0,0;4,0;0,0;;;;;0,0;;;;;;;;;;No;No;No;No;No;No;No;No;No;No
457;Dani Ceballos;es ESP;MF;Real Madrid;es La Liga;29,0;1996,0;15,0;4,0;469,0;5,21;0,0;0,0;0,0;0,0;0,0;0,0;1,0;0,0;0,0;3,0;0,0;0,0;0,58;0,0;0,0;0,0;3,0;10,0;7,0;15,0;0,0;6,0;0,0;;;;;0,0;;;;;;;;;;No;No;No;No;No;No;No;No;No;No
458;Federico Ceccherini;it ITA;DF;Cremonese;it Serie A;33,0;1992,0;9,0;6,0;476,0;5,29;0,0;1,0;1,0;0,0;0,0;0,0;1,0;1,0;0,19;5,0;2,0;40,0;0,95;0,38;0,0;0,0;3,0;2,0;7,0;9,0;0,0;10,0;0,0;;;;;0,0;;;;;;;;;;No;No;No;No;No;No;No;No;No;No
459;Abdoulie Ceesay;gm GAM;FW;St Pauli;de Bundesliga;22,0;2004,0;15,0;0,0;217,0;2,41;0,0;0,0;0,0;0,0;0,0;0,0;2,0;0,0;0,0;4,0;1,0;25,0;1,66;0,41;0,0;0,0;0,0;0,0;0,0;5,0;0,0;10,0;0,0;;;;;0,0;;;;;;;;;;No;No;No;No;No;No;No;No;No;No
460;Nidal Celik;ba BIH;DF;Lens;fr Ligue 1;19,0;2006,0;5,0;5,0;382,0;4,24;0,0;0,0;0,0;0,0;0,0;0,0;1,0;0,0;0,0;0,0;0,0;0,0;0,0;0,0;0,0;0,0;0,0;6,0;6,0;1,0;0,0;8,0;0,0;;;;;0,0;;;;;;;;;;No;No;No;No;No;No;No;No;No;No
461;Zeki Çelik;tr TUR;DF, MF;Roma;it Serie A;29,0;1997,0;26,0;24,0;2077,0;23,08;1,0;2,0;3,0;1,0;0,0;0,0;1,0;1,0;0,13;18,0;3,0;16,67;0,78;0,13;0,06;0,33;61,0;29,0;14,0;12,0;0,0;30,0;0,0;;;;;0,0;;;;;;;;;;No;No;No;No;No;No;No;No;No;No
462;Fabien Centonze;fr FRA;DF, MF;Nantes;fr Ligue 1;30,0;1996,0;13,0;8,0;674,0;7,49;3,0;0,0;3,0;3,0;0,0;0,0;3,0;0,0;0,4;7,0;3,0;42,86;0,93;0,4;0,43;1,0;24,0;18,0;20,0;7,0;0,0;12,0;0,0;;;;;0,0;;;;;;;;;;No;No;No;No;No;No;No;No;No;No
463;Lucas Cepeda;cl CHI;MF;Elche;es La Liga;23,0;2002,0;6,0;4,0;338,0;3,76;0,0;0,0;0,0;0,0;0,0;0,0;1,0;0,0;0,0;9,0;3,0;33,33;2,4;0,8;0,0;0,0;14,0;3,0;1,0;7,0;0,0;4,0;0,0;;;;;0,0;;;;;;;;;;No;No;No;No;No;No;No;No;No;No
464;Václav Černý;cz CZE;FW, MF;Wolfsburg;de Bundesliga;28,0;1997,0;2,0;0,0;47,0;0,52;0,0;0,0;0,0;0,0;0,0;0,0;0,0;0,0;0,0;1,0;0,0;0,0;1,91;0,0;0,0;0,0;2,0;0,0;0,0;2,0;0,0;0,0;0,0;;;;;0,0;;;;;;;;;;No;No;No;No;No;No;No;No;No;No
465;Jorge Cestero;es ESP;MF;Real Madrid;es La Liga;19,0;2006,0;2,0;0,0;13,0;0,14;0,0;0,0;0,0;0,0;0,0;0,0;0,0;0,0;0,0;0,0;0,0;0,0;0,0;0,0;0,0;0,0;0,0;0,0;0,0;0,0;0,0;0,0;0,0;;;;;0,0;;;;;;;;;;No;No;No;No;No;No;No;No;No;No
466;Julian Chabot;de GER;DF;Stuttgart;de Bundesliga;28,0;1998,0;20,0;19,0;1700,0;18,89;0,0;0,0;0,0;0,0;0,0;0,0;3,0;0,0;0,0;15,0;6,0;40,0;0,79;0,32;0,0;0,0;1,0;12,0;32,0;33,0;0,0;26,0;1,0;;;;;0,0;;;;;;;;;;No;No;No;No;No;No;No;No;No;No
467;El Chadaille Bitshiabu;fr FRA;DF;RB Leipzig;de Bundesliga;20,0;2005,0;7,0;4,0;340,0;3,78;0,0;0,0;0,0;0,0;0,0;0,0;0,0;0,0;0,0;1,0;0,0;0,0;0,26;0,0;0,0;0,0;0,0;2,0;3,0;0,0;0,0;3,0;0,0;;;;;0,0;;;;;;;;;;No;No;No;No;No;No;No;No;No;No
468;Fares Chaïbi;dz ALG;MF;Eintracht Frankfurt;de Bundesliga;23,0;2002,0;20,0;17,0;1370,0;15,22;2,0;8,0;10,0;2,0;0,0;0,0;1,0;0,0;0,66;22,0;7,0;31,82;1,45;0,46;0,09;0,29;67,0;15,0;10,0;15,0;0,0;10,0;0,0;;;;;0,0;;;;;;;;;;No;No;No;No;No;No;No;No;No;No
469;Ilyas Chaira;ma MAR;MF;Oviedo;es La Liga;25,0;2001,0;26,0;21,0;1665,0;18,5;3,0;1,0;4,0;3,0;0,0;0,0;1,0;1,0;0,22;50,0;22,0;44,0;2,7;1,19;0,06;0,14;43,0;26,0;4,0;20,0;0,0;37,0;0,0;;;;;0,0;;;;;;;;;;No;No;No;No;No;No;No;No;No;No
470;Trevoh Chalobah;eng ENG;DF;Chelsea;eng Premier League;26,0;1999,0;29,0;29,0;2550,0;28,33;3,0;0,0;3,0;3,0;0,0;0,0;3,0;1,0;0,11;14,0;5,0;35,71;0,49;0,18;0,21;0,6;5,0;22,0;35,0;18,0;0,0;20,0;0,0;;;;;0,0;;;;;;;;;;No;No;No;No;No;No;No;No;No;No
471;Fallou Cham;gm GAM;MF;Hellas Verona;it Serie A;20,0;2006,0;6,0;3,0;228,0;2,53;0,0;0,0;0,0;0,0;0,0;0,0;0,0;0,0;0,0;5,0;2,0;40,0;1,97;0,79;0,0;0,0;10,0;9,0;4,0;5,0;0,0;7,0;0,0;;;;;0,0;;;;;;;;;;No;No;No;No;No;No;No;No;No;No
472;Brendan Chardonnet;fr FRA;DF;Brest;fr Ligue 1;31,0;1994,0;24,0;24,0;2096,0;23,29;0,0;3,0;3,0;0,0;0,0;0,0;4,0;0,0;0,13;10,0;5,0;50,0;0,43;0,21;0,0;0,0;6,0;17,0;29,0;17,0;0,0;22,0;0,0;;;;;0,0;;;;;;;;;;No;No;No;No;No;No;No;No;No;No
473;Pep Chavarría;es ESP;DF;Rayo Vallecano;es La Liga;27,0;1998,0;24,0;22,0;2015,0;22,39;1,0;2,0;3,0;1,0;0,0;0,0;6,0;1,0;0,13;14,0;2,0;14,29;0,63;0,09;0,07;0,5;70,0;24,0;25,0;30,0;1,0;26,0;0,0;;;;;0,0;;;;;;;;;;No;No;No;No;No;No;No;No;No;No
474;Arthur Chaves;br BRA;DF;Augsburg;de Bundesliga;25,0;2001,0;9,0;7,0;639,0;7,1;1,0;0,0;1,0;1,0;0,0;0,0;1,0;0,0;0,14;4,0;1,0;25,0;0,56;0,14;0,25;1,0;2,0;13,0;6,0;7,0;0,0;7,0;1,0;;;;;0,0;;;;;;;;;;No;No;No;No;No;No;No;No;No;No
475;Felipe Chávez;pe PER;MF;Köln;de Bundesliga;18,0;2007,0;5,0;0,0;35,0;0,39;0,0;0,0;0,0;0,0;0,0;0,0;0,0;0,0;0,0;2,0;0,0;0,0;5,14;0,0;0,0;0,0;2,0;1,0;0,0;0,0;0,0;0,0;0,0;;;;;0,0;;;;;;;;;;No;No;No;No;No;No;No;No;No;No
476;Walid Cheddira;ma MAR;FW;Lecce;it Serie A;28,0;1998,0;24,0;6,0;698,0;7,76;1,0;0,0;1,0;1,0;0,0;0,0;1,0;0,0;0,13;17,0;4,0;23,53;2,19;0,52;0,06;0,25;5,0;2,0;0,0;21,0;0,0;17,0;0,0;;;;;0,0;;;;;;;;;;No;No;No;No;No;No;No;No;No;No
477;Chema;es ESP;MF;Stuttgart;de Bundesliga;20,0;2005,0;18,0;9,0;875,0;9,72;1,0;0,0;1,0;1,0;0,0;0,0;2,0;0,0;0,1;10,0;3,0;30,0;1,03;0,31;0,1;0,33;0,0;13,0;23,0;7,0;0,0;12,0;0,0;;;;;0,0;;;;;;;;;;No;No;No;No;No;No;No;No;No;No
478;Samir Chergui;dz ALG;DF;Paris FC;fr Ligue 1;27,0;1999,0;12,0;11,0;973,0;10,81;1,0;0,0;1,0;1,0;0,0;0,0;1,0;0,0;0,09;11,0;3,0;27,27;1,02;0,28;0,09;0,33;6,0;10,0;8,0;4,0;0,0;12,0;0,0;;;;;0,0;;;;;;;;;;No;No;No;No;No;No;No;No;No;No
479;Sidiki Cherif;fr FRA;FW, MF;Angers;fr Ligue 1;19,0;2006,0;19,0;14,0;1157,0;12,86;4,0;0,0;4,0;4,0;0,0;0,0;3,0;0,0;0,31;28,0;12,0;42,86;2,18;0,93;0,14;0,33;6,0;3,0;6,0;16,0;0,0;15,0;0,0;;;;;0,0;;;;;;;;;;No;No;No;No;No;No;No;No;No;No
480;Rayan Cherki;fr FRA;MF;Manchester City;eng Premier League;22,0;2003,0;25,0;14,0;1308,0;14,53;3,0;8,0;11,0;3,0;0,0;0,0;1,0;0,0;0,76;33,0;8,0;24,24;2,27;0,55;0,09;0,38;58,0;15,0;7,0;30,0;0,0;14,0;0,0;;;;;0,0;;;;;;;;;;No;No;No;No;No;No;No;No;No;No
481;Lucas Chevalier;fr FRA;GK;Paris Saint-Germain;fr Ligue 1;24,0;2001,0;17,0;17,0;1530,0;17,0;0,0;0,0;0,0;0,0;0,0;0,0;0,0;0,0;0,0;0,0;0,0;0,0;0,0;0,0;0,0;0,0;0,0;0,0;0,0;1,0;0,0;0,0;0,0;13,0;0,76;43,0;32,0;74,42;12,0;3,0;2,0;9,0;52,94;3,0;1,0;1,0;1,0;No;No;No;No;No;No;No;No;No;No
482;Fabio Chiarodia;it ITA;DF;Gladbach;de Bundesliga;20,0;2005,0;10,0;5,0;410,0;4,56;0,0;0,0;0,0;0,0;0,0;0,0;0,0;0,0;0,0;3,0;1,0;33,33;0,66;0,22;0,0;0,0;0,0;6,0;9,0;0,0;0,0;5,0;0,0;;;;;0,0;;;;;;;;;;No;No;No;No;No;No;No;No;No;No
483;Federico Chiesa;it ITA;MF;Liverpool;eng Premier League;28,0;1997,0;22,0;1,0;282,0;3,13;2,0;1,0;3,0;2,0;0,0;0,0;2,0;0,0;0,96;15,0;4,0;26,67;4,79;1,28;0,13;0,5;14,0;5,0;4,0;5,0;0,0;8,0;0,0;;;;;0,0;;;;;;;;;;No;No;No;No;No;No;No;No;No;No
484;Ben Chilwell;eng ENG;DF, MF;Strasbourg;fr Ligue 1;29,0;1996,0;19,0;18,0;1541,0;17,12;0,0;2,0;2,0;0,0;0,0;0,0;4,0;0,0;0,12;5,0;3,0;60,0;0,29;0,18;0,0;0,0;30,0;17,0;22,0;21,0;0,0;14,0;0,0;;;;;0,0;;;;;;;;;;No;No;No;No;No;No;No;No;No;No
485;Tawanda Chirewa;zw ZIM;MF;Wolves;eng Premier League;22,0;2003,0;2,0;0,0;27,0;0,3;0,0;0,0;0,0;0,0;0,0;0,0;0,0;0,0;0,0;0,0;0,0;0,0;0,0;0,0;0,0;0,0;0,0;0,0;0,0;1,0;0,0;3,0;0,0;;;;;0,0;;;;;;;;;;No;No;No;No;No;No;No;No;No;No
486;Joris Chotard;fr FRA;MF;Brest;fr Ligue 1;24,0;2001,0;25,0;24,0;2157,0;23,97;2,0;0,0;2,0;2,0;0,0;0,0;1,0;0,0;0,08;22,0;7,0;31,82;0,92;0,29;0,09;0,29;35,0;28,0;32,0;11,0;0,0;25,0;0,0;;;;;0,0;;;;;;;;;;No;No;No;No;No;No;No;No;No;No
487;Andreas Christensen;dk DEN;DF;Barcelona;es La Liga;29,0;1996,0;12,0;3,0;380,0;4,22;0,0;0,0;0,0;0,0;0,0;0,0;1,0;0,0;0,0;2,0;0,0;0,0;0,47;0,0;0,0;0,0;0,0;3,0;2,0;3,0;0,0;4,0;0,0;;;;;0,0;;;;;;;;;;No;No;No;No;No;No;No;No;No;No
488;Ryan Christie;sct SCO;MF;Bournemouth;eng Premier League;31,0;1995,0;20,0;4,0;655,0;7,28;1,0;0,0;1,0;1,0;0,0;0,0;2,0;0,0;0,14;18,0;5,0;27,78;2,47;0,69;0,06;0,2;14,0;13,0;5,0;16,0;0,0;13,0;0,0;;;;;0,0;;;;;;;;;;No;No;No;No;No;No;No;No;No;No
489;Carney Chukwuemeka;eng ENG;FW, MF;Dortmund;de Bundesliga;22,0;2003,0;21,0;6,0;670,0;7,44;2,0;0,0;2,0;2,0;0,0;0,0;1,0;0,0;0,27;14,0;2,0;14,29;1,88;0,27;0,14;1,0;0,0;13,0;6,0;10,0;0,0;8,0;0,0;;;;;0,0;;;;;;;;;;No;No;No;No;No;No;No;No;No;No
490;Samuel Chukwueze;ng NGA;FW, MF;Fulham;eng Premier League;26,0;1999,0;17,0;7,0;805,0;8,94;3,0;4,0;7,0;3,0;0,0;0,0;0,0;0,0;0,78;18,0;6,0;33,33;2,01;0,67;0,17;0,5;31,0;4,0;5,0;13,0;0,0;5,0;0,0;;;;;0,0;;;;;;;;;;No;No;No;No;No;No;No;No;No;No
491;Víctor Chust;es ESP;DF;Elche;es La Liga;26,0;2000,0;22,0;18,0;1702,0;18,91;0,0;0,0;0,0;0,0;0,0;0,0;7,0;1,0;0,0;6,0;2,0;33,33;0,32;0,11;0,0;0,0;17,0;26,0;20,0;9,0;1,0;31,0;0,0;;;;;0,0;;;;;;;;;;No;No;No;No;No;No;No;No;No;No
492;Alessandro Circati;au AUS;DF;Parma;it Serie A;22,0;2003,0;22,0;22,0;1885,0;20,94;1,0;0,0;1,0;1,0;0,0;0,0;5,0;0,0;0,05;5,0;1,0;20,0;0,24;0,05;0,2;1,0;2,0;15,0;17,0;14,0;0,0;24,0;0,0;;;;;0,0;;;;;;;;;;No;No;No;No;No;No;No;No;No;No
493;Dennis Cirkin;eng ENG;DF;Sunderland;eng Premier League;23,0;2002,0;7,0;3,0;304,0;3,38;0,0;0,0;0,0;0,0;0,0;0,0;1,0;0,0;0,0;1,0;0,0;0,0;0,3;0,0;0,0;0,0;3,0;5,0;5,0;2,0;0,0;3,0;0,0;;;;;0,0;;;;;;;;;;No;No;No;No;No;No;No;No;No;No
494;Pathé Ciss;sn SEN;DF, MF;Rayo Vallecano;es La Liga;32,0;1994,0;20,0;14,0;1353,0;15,03;2,0;0,0;2,0;2,0;0,0;0,0;4,0;2,0;0,13;14,0;7,0;50,0;0,93;0,47;0,14;0,29;1,0;23,0;20,0;5,0;0,0;19,0;0,0;;;;;0,0;;;;;;;;;;No;No;No;No;No;No;No;No;No;No
495;Djaoui Cissé;fr FRA;MF;Rennes;fr Ligue 1;22,0;2004,0;20,0;12,0;926,0;10,29;0,0;0,0;0,0;0,0;0,0;0,0;3,0;0,0;0,0;23,0;6,0;26,09;2,24;0,58;0,0;0,0;27,0;19,0;5,0;10,0;0,0;17,0;0,0;;;;;0,0;;;;;;;;;;No;No;No;No;No;No;No;No;No;No
496;Mamoudou Cissokho;fr FRA;FW;Auxerre;fr Ligue 1;18,0;2007,0;1,0;0,0;1,0;0,01;0,0;0,0;0,0;0,0;0,0;0,0;0,0;0,0;0,0;0,0;0,0;0,0;0,0;0,0;0,0;0,0;0,0;0,0;0,0;0,0;0,0;0,0;0,0;;;;;0,0;;;;;;;;;;No;No;No;No;No;No;No;No;No;No
497;Alexis Claude-Maurice;fr FRA;FW, MF;Augsburg;de Bundesliga;27,0;1998,0;22,0;19,0;1584,0;17,6;4,0;4,0;8,0;3,0;1,0;1,0;3,0;0,0;0,4;55,0;21,0;38,18;3,12;1,19;0,07;0,19;45,0;17,0;4,0;36,0;0,0;21,0;0,0;;;;;0,0;;;;;;;;;;No;No;No;No;No;No;No;No;No;No
498;Jonathan Clauss;fr FRA;DF, MF;Nice;fr Ligue 1;33,0;1992,0;23,0;21,0;1921,0;21,34;1,0;6,0;7,0;1,0;0,0;0,0;0,0;0,0;0,33;17,0;4,0;23,53;0,8;0,19;0,06;0,25;175,0;30,0;31,0;15,0;0,0;16,0;0,0;;;;;0,0;;;;;;;;;;No;No;No;No;No;No;No;No;No;No
499;Nathaniel Clyne;eng ENG;MF;Crystal Palace;eng Premier League;34,0;1991,0;8,0;6,0;495,0;5,5;0,0;1,0;1,0;0,0;0,0;0,0;1,0;0,0;0,18;3,0;0,0;0,0;0,55;0,0;0,0;0,0;14,0;9,0;7,0;1,0;0,0;4,0;0,0;;;;;0,0;;;;;;;;;;No;No;No;No;No;No;No;No;No;No
500;Saúl Coco;gq EQG;DF;Torino;it Serie A;27,0;1999,0;26,0;26,0;2340,0;26,0;1,0;1,0;2,0;1,0;0,0;0,0;2,0;0,0;0,08;14,0;4,0;28,57;0,54;0,15;0,07;0,25;4,0;28,0;32,0;31,0;0,0;36,0;0,0;;;;;0,0;;;;;;;;;;No;No;No;No;No;No;No;No;No;No
501;Séamus Coleman;ie IRL;DF;Everton;eng Premier League;37,0;1988,0;3,0;1,0;11,0;0,12;0,0;0,0;0,0;0,0;0,0;0,0;0,0;0,0;0,0;0,0;0,0;0,0;0,0;0,0;0,0;0,0;1,0;0,0;0,0;1,0;0,0;0,0;0,0;;;;;0,0;;;;;;;;;;No;No;No;No;No;No;No;No;No;No
502;Maxime Colin;fr FRA;DF;Metz;fr Ligue 1;34,0;1991,0;18,0;14,0;1369,0;15,21;0,0;0,0;0,0;0,0;0,0;0,0;0,0;0,0;0,0;7,0;2,0;28,57;0,46;0,13;0,0;0,0;9,0;25,0;19,0;6,0;0,0;8,0;0,0;;;;;0,0;;;;;;;;;;No;No;No;No;No;No;No;No;No;No
503;Nathan Collins;ie IRL;DF;Brentford;eng Premier League;24,0;2001,0;27,0;24,0;2255,0;25,06;1,0;2,0;3,0;1,0;0,0;0,0;5,0;0,0;0,12;13,0;5,0;38,46;0,52;0,2;0,08;0,2;1,0;9,0;27,0;15,0;0,0;16,0;1,0;;;;;0,0;;;;;;;;;;No;No;No;No;No;No;No;No;No;No
504;Nnamdi Collins;de GER;DF;Eintracht Frankfurt;de Bundesliga;22,0;2004,0;22,0;15,0;1437,0;15,97;1,0;2,0;3,0;1,0;0,0;0,0;4,0;0,0;0,19;3,0;1,0;33,33;0,19;0,06;0,33;1,0;4,0;38,0;24,0;19,0;0,0;22,0;0,0;;;;;0,0;;;;;;;;;;No;No;No;No;No;No;No;No;No;No
505;Michele Collocolo;it ITA;MF;Cremonese;it Serie A;26,0;1999,0;6,0;5,0;308,0;3,42;0,0;0,0;0,0;0,0;0,0;0,0;1,0;0,0;0,0;2,0;1,0;50,0;0,58;0,29;0,0;0,0;5,0;3,0;1,0;2,0;0,0;2,0;0,0;;;;;0,0;;;;;;;;;;No;No;No;No;No;No;No;No;No;No
506;Santiago Colombatto;ar ARG;MF;Oviedo;es La Liga;29,0;1997,0;23,0;18,0;1609,0;17,88;0,0;1,0;1,0;0,0;0,0;0,0;6,0;0,0;0,06;12,0;2,0;16,67;0,67;0,11;0,0;0,0;53,0;15,0;13,0;33,0;0,0;35,0;0,0;;;;;0,0;;;;;;;;;;No;No;No;No;No;No;No;No;No;No
507;Lorenzo Colombo;it ITA;FW;Genoa;it Serie A;24,0;2002,0;29,0;22,0;1751,0;19,46;6,0;1,0;7,0;6,0;0,0;1,0;1,0;0,0;0,36;52,0;21,0;40,38;2,67;1,08;0,12;0,29;11,0;9,0;1,0;40,0;0,0;34,0;0,0;;;;;0,0;;;;;;;;;;No;No;No;No;No;No;No;No;No;No
508;Eray Cömert;ch SUI;DF;Valencia;es La Liga;28,0;1998,0;11,0;9,0;834,0;9,27;2,0;0,0;2,0;2,0;0,0;0,0;2,0;0,0;0,22;5,0;2,0;40,0;0,54;0,22;0,4;1,0;1,0;10,0;15,0;6,0;0,0;3,0;0,0;;;;;0,0;;;;;;;;;;No;No;No;No;No;No;No;No;No;No
509;Santi Comesaña;es ESP;MF;Villarreal;es La Liga;29,0;1996,0;26,0;21,0;1801,0;20,01;3,0;4,0;7,0;3,0;0,0;0,0;4,0;1,0;0,35;22,0;7,0;31,82;1,1;0,35;0,14;0,43;11,0;19,0;23,0;19,0;0,0;31,0;0,0;;;;;0,0;;;;;;;;;;No;No;No;No;No;No;No;No;No;No
510;Pietro Comuzzo;it ITA;DF;Fiorentina;it Serie A;21,0;2005,0;21,0;16,0;1428,0;15,87;1,0;0,0;1,0;1,0;0,0;0,0;2,0;0,0;0,06;9,0;2,0;22,22;0,57;0,13;0,11;0,5;1,0;14,0;19,0;3,0;0,0;20,0;0,0;;;;;0,0;;;;;;;;;;No;No;No;No;No;No;No;No;No;No
511;Francisco Conceição;pt POR;FW, MF;Juventus;it Serie A;23,0;2002,0;22,0;18,0;1383,0;15,37;3,0;2,0;5,0;3,0;0,0;0,0;2,0;0,0;0,33;48,0;15,0;31,25;3,12;0,98;0,06;0,2;59,0;14,0;6,0;25,0;0,0;23,0;0,0;;;;;0,0;;;;;;;;;;No;No;No;No;No;No;No;No;No;No
512;Christian Conteh;de GER;FW, MF;Heidenheim;de Bundesliga;26,0;1999,0;4,0;3,0;261,0;2,9;0,0;0,0;0,0;0,0;0,0;0,0;0,0;0,0;0,0;3,0;0,0;0,0;1,03;0,0;0,0;0,0;5,0;1,0;1,0;2,0;0,0;4,0;0,0;;;;;0,0;;;;;;;;;;No;No;No;No;No;No;No;No;No;No
513;Sirlord Conteh;de GER;FW, MF;Heidenheim;de Bundesliga;29,0;1996,0;14,0;3,0;598,0;6,64;2,0;1,0;3,0;2,0;0,0;0,0;1,0;0,0;0,45;10,0;3,0;30,0;1,51;0,45;0,2;0,67;17,0;7,0;3,0;8,0;0,0;6,0;0,0;;;;;0,0;;;;;;;;;;No;No;No;No;No;No;No;No;No;No
514;Lewis Cook;eng ENG;DF, MF;Bournemouth;eng Premier League;29,0;1997,0;16,0;8,0;872,0;9,69;0,0;1,0;1,0;0,0;0,0;0,0;1,0;1,0;0,1;3,0;0,0;0,0;0,31;0,0;0,0;0,0;44,0;17,0;21,0;5,0;0,0;8,0;0,0;;;;;0,0;;;;;;;;;;No;No;No;No;No;No;No;No;No;No
515;Copete;es ESP;DF;Valencia;es La Liga;26,0;1999,0;21,0;19,0;1759,0;19,54;0,0;0,0;0,0;0,0;0,0;0,0;5,0;0,0;0,0;13,0;0,0;0,0;0,67;0,0;0,0;0,0;4,0;15,0;25,0;11,0;0,0;20,0;1,0;;;;;0,0;;;;;;;;;;No;No;No;No;No;No;No;No;No;No
516;Diego Coppola;it ITA;DF;Paris FC;fr Ligue 1;22,0;2003,0;10,0;7,0;644,0;7,16;0,0;0,0;0,0;0,0;0,0;0,0;3,0;0,0;0,0;1,0;0,0;0,0;0,14;0,0;0,0;0,0;0,0;5,0;3,0;3,0;0,0;8,0;0,0;;;;;0,0;;;;;;;;;;No;No;No;No;No;No;No;No;No;No
517;Francesco Coppola;it ITA;DF;Pisa;it Serie A;20,0;2005,0;6,0;5,0;451,0;5,01;0,0;0,0;0,0;0,0;0,0;0,0;3,0;0,0;0,0;2,0;0,0;0,0;0,4;0,0;0,0;0,0;2,0;5,0;5,0;8,0;0,0;7,0;0,0;;;;;0,0;;;;;;;;;;No;No;No;No;No;No;No;No;No;No
518;Francis Coquelin;fr FRA;MF;Nantes;fr Ligue 1;34,0;1991,0;12,0;5,0;433,0;4,81;0,0;0,0;0,0;0,0;0,0;0,0;1,0;0,0;0,0;4,0;1,0;25,0;0,83;0,21;0,0;0,0;0,0;8,0;3,0;5,0;0,0;9,0;0,0;;;;;0,0;;;;;;;;;;No;No;No;No;No;No;No;No;No;No
519;Derek Cornelius;ca CAN;DF, FW;Marseille;fr Ligue 1;28,0;1997,0;2,0;0,0;58,0;0,64;0,0;0,0;0,0;0,0;0,0;0,0;0,0;0,0;0,0;0,0;0,0;0,0;0,0;0,0;0,0;0,0;0,0;0,0;1,0;2,0;0,0;0,0;0,0;;;;;0,0;;;;;;;;;;No;No;No;No;No;No;No;No;No;No
520;Maxwel Cornet;ci CIV;MF;Genoa;it Serie A;29,0;1996,0;7,0;1,0;108,0;1,2;0,0;0,0;0,0;0,0;0,0;1,0;0,0;0,0;0,0;4,0;2,0;50,0;3,33;1,67;0,0;0,0;12,0;3,0;0,0;1,0;0,0;6,0;0,0;;;;;0,0;;;;;;;;;;No;No;No;No;No;No;No;No;No;No
521;Iván Corralejo;es ESP;MF;Real Betis;es La Liga;18,0;2007,0;1,0;0,0;15,0;0,17;0,0;0,0;0,0;0,0;0,0;0,0;0,0;0,0;0,0;0,0;0,0;0,0;0,0;0,0;0,0;0,0;0,0;0,0;0,0;1,0;0,0;1,0;0,0;;;;;0,0;;;;;;;;;;No;No;No;No;No;No;No;No;No;No
522;Félix Correia;pt POR;MF;Lille;fr Ligue 1;25,0;2001,0;26,0;18,0;1493,0;16,59;3,0;5,0;8,0;3,0;0,0;0,0;2,0;0,0;0,48;25,0;5,0;20,0;1,51;0,3;0,12;0,6;69,0;7,0;18,0;20,0;0,0;9,0;0,0;;;;;0,0;;;;;;;;;;No;No;No;No;No;No;No;No;No;No
523;Thierry Correia;pt POR;DF, MF;Valencia;es La Liga;27,0;1999,0;19,0;15,0;1235,0;13,72;0,0;1,0;1,0;0,0;0,0;0,0;5,0;0,0;0,07;5,0;1,0;20,0;0,36;0,07;0,0;0,0;35,0;19,0;17,0;23,0;0,0;23,0;0,0;;;;;0,0;;;;;;;;;;No;No;No;No;No;No;No;No;No;No
524;Paco Cortés;es ESP;FW, MF;Levante;es La Liga;18,0;2007,0;10,0;3,0;397,0;4,41;0,0;0,0;0,0;0,0;0,0;0,0;2,0;0,0;0,0;10,0;3,0;30,0;2,27;0,68;0,0;0,0;18,0;1,0;2,0;5,0;0,0;6,0;0,0;;;;;0,0;;;;;;;;;;No;No;No;No;No;No;No;No;No;No
525;Edoardo Corvi;it ITA;GK;Parma;it Serie A;24,0;2001,0;16,0;16,0;1440,0;16,0;0,0;0,0;0,0;0,0;0,0;0,0;1,0;0,0;0,0;0,0;0,0;0,0;0,0;0,0;0,0;0,0;0,0;0,0;0,0;5,0;0,0;0,0;0,0;18,0;1,12;59,0;43,0;72,88;7,0;4,0;5,0;6,0;37,5;3,0;3,0;0,0;0,0;No;No;No;No;No;No;No;No;No;No
526;Coba da Costa;es ESP;MF;Getafe;es La Liga;23,0;2002,0;14,0;2,0;348,0;3,87;0,0;0,0;0,0;0,0;0,0;0,0;1,0;0,0;0,0;5,0;1,0;20,0;1,29;0,26;0,0;0,0;23,0;6,0;0,0;6,0;0,0;7,0;0,0;;;;;0,0;;;;;;;;;;No;No;No;No;No;No;No;No;No;No
527;Danny da Costa;de GER;DF, MF;Mainz 05;de Bundesliga;32,0;1993,0;26,0;23,0;2112,0;23,47;2,0;3,0;5,0;2,0;0,0;0,0;3,0;0,0;0,21;11,0;5,0;45,45;0,47;0,21;0,18;0,4;41,0;18,0;23,0;19,0;0,0;20,0;1,0;;;;;0,0;;;;;;;;;;No;No;No;No;No;No;No;No;No;No
528;Samu Costa;pt POR;MF;Mallorca;es La Liga;25,0;2000,0;25,0;22,0;1956,0;21,73;5,0;0,0;5,0;5,0;0,0;0,0;9,0;0,0;0,23;22,0;10,0;45,45;1,01;0,46;0,23;0,5;22,0;22,0;19,0;52,0;0,0;48,0;0,0;;;;;0,0;;;;;;;;;;No;No;No;No;No;No;No;No;No;No
529;David Costas;es ESP;DF;Oviedo;es La Liga;30,0;1995,0;18,0;17,0;1520,0;16,89;1,0;0,0;1,0;1,0;0,0;0,0;2,0;0,0;0,06;2,0;1,0;50,0;0,12;0,06;0,5;1,0;1,0;20,0;21,0;9,0;0,0;13,0;0,0;;;;;0,0;;;;;;;;;;No;No;No;No;No;No;No;No;No;No
530;Grégoire Coudert;fr FRA;GK;Brest;fr Ligue 1;26,0;1999,0;17,0;16,0;1472,0;16,36;0,0;0,0;0,0;0,0;0,0;0,0;0,0;0,0;0,0;0,0;0,0;0,0;0,0;0,0;0,0;0,0;0,0;0,0;0,0;6,0;0,0;0,0;0,0;21,0;1,28;69,0;50,0;72,46;9,0;2,0;5,0;6,0;35,29;2,0;1,0;1,0;0,0;No;No;No;No;No;No;No;No;No;No
531;Vladimír Coufal;cz CZE;DF, MF;Hoffenheim;de Bundesliga;33,0;1992,0;26,0;26,0;2324,0;25,82;1,0;6,0;7,0;1,0;0,0;0,0;3,0;0,0;0,27;20,0;4,0;20,0;0,77;0,15;0,05;0,25;149,0;29,0;32,0;27,0;0,0;23,0;0,0;;;;;0,0;;;;;;;;;;No;No;No;No;No;No;No;No;No;No
532;Abdoul Coulibaly;de GER;DF;Werder Bremen;de Bundesliga;18,0;2007,0;21,0;20,0;1730,0;19,22;1,0;0,0;1,0;1,0;0,0;0,0;5,0;1,0;0,05;6,0;1,0;16,67;0,31;0,05;0,17;1,0;11,0;12,0;21,0;6,0;1,0;16,0;1,0;;;;;0,0;;;;;;;;;;No;No;No;No;No;No;No;No;No;No
533;Djibril Coulibaly;fr FRA;MF;Nice;fr Ligue 1;17,0;2008,0;1,0;0,0;6,0;0,07;0,0;0,0;0,0;0,0;0,0;0,0;0,0;0,0;0,0;0,0;0,0;0,0;0,0;0,0;0,0;0,0;0,0;0,0;0,0;0,0;0,0;1,0;0,0;;;;;0,0;;;;;;;;;;No;No;No;No;No;No;No;No;No;No
534;Lassana Coulibaly;ml MLI;MF;Lecce;it Serie A;29,0;1996,0;25,0;24,0;2036,0;22,62;3,0;1,0;4,0;3,0;0,0;0,0;3,0;0,0;0,18;20,0;7,0;35,0;0,88;0,31;0,15;0,43;11,0;24,0;7,0;36,0;0,0;20,0;0,0;;;;;0,0;;;;;;;;;;No;No;No;No;No;No;No;No;No;No
535;Lasso Coulibaly;ci CIV;MF;Auxerre;fr Ligue 1;23,0;2002,0;14,0;1,0;290,0;3,22;0,0;0,0;0,0;0,0;0,0;0,0;1,0;0,0;0,0;3,0;0,0;0,0;0,93;0,0;0,0;0,0;16,0;5,0;6,0;10,0;0,0;8,0;0,0;;;;;0,0;;;;;;;;;;No;No;No;No;No;No;No;No;No;No
536;Mamadou Coulibaly;fr FRA;MF;Monaco;fr Ligue 1;21,0;2004,0;18,0;13,0;1100,0;12,22;3,0;3,0;6,0;3,0;0,0;0,0;5,0;1,0;0,49;7,0;4,0;57,14;0,57;0,33;0,43;0,75;8,0;17,0;17,0;12,0;0,0;26,0;0,0;;;;;0,0;;;;;;;;;;No;No;No;No;No;No;No;No;No;No
537;Soumaïla Coulibaly;fr FRA;DF;Brest;fr Ligue 1;22,0;2003,0;12,0;12,0;1063,0;11,81;0,0;0,0;0,0;0,0;0,0;0,0;3,0;0,0;0,0;6,0;2,0;33,33;0,51;0,17;0,0;0,0;1,0;9,0;11,0;14,0;0,0;19,0;1,0;;;;;0,0;;;;;;;;;;No;No;No;No;No;No;No;No;No;No
538;Woyo Coulibaly;ml MLI;DF;Sassuolo;it Serie A;26,0;1999,0;13,0;5,0;586,0;6,51;0,0;0,0;0,0;0,0;0,0;0,0;2,0;0,0;0,0;3,0;1,0;33,33;0,46;0,15;0,0;0,0;5,0;5,0;6,0;11,0;0,0;9,0;0,0;;;;;0,0;;;;;;;;;;No;No;No;No;No;No;No;No;No;No
539;Marius Courcoul;fr FRA;MF;Angers;fr Ligue 1;19,0;2007,0;17,0;3,0;353,0;3,92;0,0;0,0;0,0;0,0;0,0;0,0;0,0;0,0;0,0;2,0;1,0;50,0;0,51;0,25;0,0;0,0;0,0;8,0;3,0;3,0;0,0;5,0;0,0;;;;;0,0;;;;;;;;;;No;No;No;No;No;No;No;No;No;No
540;Thibaut Courtois;be BEL;GK;Real Madrid;es La Liga;33,0;1992,0;28,0;28,0;2520,0;28,0;0,0;0,0;0,0;0,0;0,0;0,0;1,0;0,0;0,0;0,0;0,0;0,0;0,0;0,0;0,0;0,0;0,0;1,0;0,0;2,0;0,0;1,0;0,0;24,0;0,86;78,0;58,0;74,36;21,0;3,0;4,0;11,0;39,29;4,0;4,0;0,0;0,0;No;No;No;No;No;No;No;No;No;No
541;Yan Couto;br BRA;MF;Dortmund;de Bundesliga;23,0;2002,0;17,0;11,0;987,0;10,97;1,0;2,0;3,0;1,0;0,0;0,0;4,0;0,0;0,27;8,0;3,0;37,5;0,73;0,27;0,12;0,33;54,0;15,0;9,0;13,0;0,0;14,0;0,0;;;;;0,0;;;;;;;;;;No;No;No;No;No;No;No;No;No;No
542;Patrice Čović;hr CRO;MF;Werder Bremen;de Bundesliga;18,0;2007,0;13,0;2,0;288,0;3,2;1,0;0,0;1,0;1,0;0,0;0,0;1,0;0,0;0,31;5,0;2,0;40,0;1,56;0,62;0,2;0,5;6,0;3,0;4,0;2,0;0,0;5,0;0,0;;;;;0,0;;;;;;;;;;No;No;No;No;No;No;No;No;No;No
543;Nicolas Cozza;fr FRA;DF;Nantes;fr Ligue 1;27,0;1999,0;21,0;17,0;1581,0;17,57;0,0;0,0;0,0;0,0;0,0;0,0;1,0;0,0;0,0;3,0;0,0;0,0;0,17;0,0;0,0;0,0;17,0;13,0;12,0;17,0;0,0;13,0;0,0;;;;;0,0;;;;;;;;;;No;No;No;No;No;No;No;No;No;No
544;Ben Cremaschi;us USA;MF;Parma;it Serie A;21,0;2005,0;8,0;2,0;132,0;1,47;0,0;0,0;0,0;0,0;0,0;0,0;0,0;0,0;0,0;1,0;0,0;0,0;0,68;0,0;0,0;0,0;6,0;1,0;0,0;0,0;0,0;2,0;0,0;;;;;0,0;;;;;;;;;;No;No;No;No;No;No;No;No;No;No
545;Charlie Cresswell;eng ENG;DF;Toulouse;fr Ligue 1;23,0;2002,0;24,0;24,0;2160,0;24,0;3,0;2,0;5,0;3,0;0,0;0,0;6,0;0,0;0,21;31,0;9,0;29,03;1,29;0,38;0,1;0,33;1,0;12,0;25,0;14,0;0,0;28,0;0,0;;;;;0,0;;;;;;;;;;No;No;No;No;No;No;No;No;No;No
546;Bryan Cristante;it ITA;MF;Roma;it Serie A;31,0;1995,0;28,0;27,0;2316,0;25,73;2,0;1,0;3,0;2,0;0,0;0,0;6,0;0,0;0,12;35,0;8,0;22,86;1,36;0,31;0,06;0,25;14,0;29,0;18,0;6,0;0,0;50,0;0,0;;;;;0,0;;;;;;;;;;No;No;No;No;No;No;No;No;No;No
547;Juan Cruz Armada;es ESP;DF;Osasuna;es La Liga;33,0;1992,0;14,0;7,0;604,0;6,71;0,0;0,0;0,0;0,0;0,0;0,0;0,0;0,0;0,0;1,0;0,0;0,0;0,15;0,0;0,0;0,0;5,0;3,0;3,0;2,0;0,0;4,0;0,0;;;;;0,0;;;;;;;;;;No;No;No;No;No;No;No;No;No;No
548;Juan Cuadrado;co COL;MF;Pisa;it Serie A;37,0;1988,0;13,0;2,0;409,0;4,54;1,0;0,0;1,0;0,0;1,0;1,0;3,0;0,0;0,0;8,0;2,0;25,0;1,76;0,44;0,12;0,5;31,0;8,0;4,0;11,0;0,0;8,0;0,0;;;;;0,0;;;;;;;;;;No;No;No;No;No;No;No;No;No;No
549;Pau Cubarsí;es ESP;DF;Barcelona;es La Liga;19,0;2007,0;23,0;23,0;2012,0;22,36;1,0;0,0;1,0;1,0;0,0;0,0;2,0;0,0;0,04;10,0;2,0;20,0;0,45;0,09;0,1;0,5;0,0;21,0;22,0;6,0;0,0;20,0;0,0;;;;;0,0;;;;;;;;;;Sí;Sí;Sí;Sí;Sí;Sí;No;Sí;No;Sí
550;Cucho;co COL;FW;Real Betis;es La Liga;26,0;1999,0;23,0;22,0;1912,0;21,24;8,0;3,0;11,0;7,0;1,0;1,0;3,0;0,0;0,47;67,0;17,0;25,37;3,15;0,8;0,12;0,47;16,0;13,0;9,0;26,0;0,0;19,0;0,0;;;;;0,0;;;;;;;;;;No;No;No;No;No;No;No;No;No;No
551;Marc Cucurella;es ESP;DF;Chelsea;eng Premier League;27,0;1998,0;26,0;23,0;1987,0;22,08;1,0;3,0;4,0;1,0;0,0;0,0;5,0;1,0;0,18;15,0;4,0;26,67;0,68;0,18;0,07;0,25;25,0;32,0;19,0;20,0;0,0;33,0;0,0;;;;;0,0;;;;;;;;;;Sí;Sí;Sí;Sí;Sí;Sí;Sí;Sí;Sí;Sí
552;Jorge Cuenca;es ESP;DF;Fulham;eng Premier League;26,0;1999,0;14,0;11,0;933,0;10,37;0,0;0,0;0,0;0,0;0,0;0,0;5,0;0,0;0,0;1,0;0,0;0,0;0,1;0,0;0,0;0,0;2,0;10,0;15,0;1,0;0,0;9,0;0,0;;;;;0,0;;;;;;;;;;No;No;No;No;No;No;No;No;No;No
553;Montrell Culbreath;de GER;MF;Leverkusen;de Bundesliga;18,0;2007,0;4,0;2,0;185,0;2,06;1,0;0,0;1,0;1,0;0,0;0,0;0,0;0,0;0,49;3,0;1,0;33,33;1,46;0,49;0,33;1,0;4,0;5,0;3,0;4,0;0,0;2,0;0,0;;;;;0,0;;;;;;;;;;No;No;No;No;No;No;No;No;No;No
554;Josh Cullen;ie IRL;MF;Burnley;eng Premier League;29,0;1996,0;18,0;18,0;1514,0;16,82;2,0;2,0;4,0;2,0;0,0;0,0;2,0;0,0;0,24;11,0;6,0;54,55;0,65;0,36;0,18;0,33;12,0;19,0;24,0;18,0;0,0;16,0;1,0;;;;;0,0;;;;;;;;;;No;No;No;No;No;No;No;No;No;No
555;Pablo Cuñat;es ESP;GK;Levante;es La Liga;23,0;2002,0;2,0;2,0;180,0;2,0;0,0;0,0;0,0;0,0;0,0;0,0;0,0;0,0;0,0;0,0;0,0;0,0;0,0;0,0;0,0;0,0;0,0;0,0;0,0;0,0;0,0;0,0;0,0;5,0;2,5;16,0;11,0;68,75;0,0;0,0;2,0;0,0;0,0;0,0;0,0;0,0;0,0;No;No;No;No;No;No;No;No;No;No
556;Jair Cunha;br BRA;DF;Nottingham Forest;eng Premier League;21,0;2005,0;3,0;2,0;215,0;2,39;0,0;0,0;0,0;0,0;0,0;0,0;0,0;0,0;0,0;2,0;0,0;0,0;0,84;0,0;0,0;0,0;0,0;3,0;3,0;1,0;0,0;0,0;0,0;;;;;0,0;;;;;;;;;;No;No;No;No;No;No;No;No;No;No
557;Matheus Cunha;br BRA;FW, MF;Manchester Utd;eng Premier League;26,0;1999,0;27,0;23,0;1988,0;22,09;7,0;2,0;9,0;7,0;0,0;0,0;1,0;0,0;0,41;70,0;28,0;40,0;3,17;1,27;0,1;0,25;40,0;19,0;15,0;47,0;0,0;17,0;0,0;;;;;0,0;;;;;;;;;;No;No;No;No;No;No;No;No;No;No
558;Patrick Cutrone;it ITA;FW;Parma;it Serie A;28,0;1998,0;15,0;11,0;888,0;9,87;1,0;0,0;1,0;1,0;0,0;0,0;0,0;0,0;0,1;25,0;7,0;28,0;2,53;0,71;0,04;0,14;12,0;1,0;3,0;16,0;0,0;7,0;0,0;;;;;0,0;;;;;;;;;;No;No;No;No;No;No;No;No;No;No
559;Lucas Da Cunha;fr FRA;MF;Como;it Serie A;24,0;2001,0;27,0;23,0;2030,0;22,56;3,0;3,0;6,0;1,0;2,0;2,0;4,0;0,0;0,18;29,0;10,0;34,48;1,29;0,44;0,1;0,3;63,0;22,0;13,0;16,0;0,0;28,0;0,0;;;;;0,0;;;;;;;;;;No;No;No;No;No;No;No;No;No;No
560;Adam Daghim;dk DEN;MF;Wolfsburg;de Bundesliga;20,0;2005,0;20,0;9,0;1060,0;11,78;2,0;2,0;4,0;2,0;0,0;0,0;1,0;0,0;0,34;18,0;5,0;27,78;1,53;0,42;0,11;0,4;15,0;17,0;8,0;20,0;0,0;14,0;0,0;;;;;0,0;;;;;;;;;;No;No;No;No;No;No;No;No;No;No
561;Finn Dahmen;de GER;GK;Augsburg;de Bundesliga;27,0;1998,0;26,0;26,0;2340,0;26,0;0,0;0,0;0,0;0,0;0,0;0,0;1,0;0,0;0,0;1,0;0,0;0,0;0,04;0,0;0,0;0,0;0,0;0,0;0,0;4,0;0,0;0,0;0,0;45,0;1,73;109,0;71,0;65,14;9,0;4,0;13,0;5,0;19,23;7,0;6,0;1,0;0,0;No;No;No;No;No;No;No;No;No;No
562;Mahmoud Dahoud;de GER;FW, MF;Eintracht Frankfurt;de Bundesliga;30,0;1996,0;13,0;7,0;629,0;6,99;2,0;2,0;4,0;2,0;0,0;0,0;0,0;0,0;0,57;15,0;2,0;13,33;2,15;0,29;0,13;1,0;7,0;7,0;9,0;1,0;0,0;15,0;0,0;;;;;0,0;;;;;;;;;;No;No;No;No;No;No;No;No;No;No
563;David Daiber;pt POR;FW;Bayern Munich;de Bundesliga;19,0;2007,0;2,0;0,0;29,0;0,32;0,0;0,0;0,0;0,0;0,0;0,0;0,0;0,0;0,0;1,0;0,0;0,0;3,1;0,0;0,0;0,0;0,0;0,0;0,0;0,0;0,0;2,0;0,0;;;;;0,0;;;;;;;;;;No;No;No;No;No;No;No;No;No;No
564;Ameen Al-Dakhil;be BEL;DF;Stuttgart;de Bundesliga;24,0;2002,0;8,0;3,0;380,0;4,22;0,0;0,0;0,0;0,0;0,0;0,0;1,0;0,0;0,0;1,0;0,0;0,0;0,24;0,0;0,0;0,0;0,0;3,0;5,0;0,0;0,0;1,0;0,0;;;;;0,0;;;;;;;;;;No;No;No;No;No;No;No;No;No;No
565;Thijs Dallinga;nl NED;FW;Bologna;it Serie A;25,0;2000,0;20,0;9,0;770,0;8,56;2,0;2,0;4,0;2,0;0,0;0,0;2,0;0,0;0,47;24,0;5,0;20,83;2,81;0,58;0,08;0,4;5,0;4,0;1,0;9,0;0,0;19,0;0,0;;;;;0,0;;;;;;;;;;No;No;No;No;No;No;No;No;No;No
566;Diogo Dalot;pt POR;DF, MF;Manchester Utd;eng Premier League;26,0;1999,0;28,0;24,0;2143,0;23,81;1,0;3,0;4,0;1,0;0,0;0,0;5,0;0,0;0,17;20,0;6,0;30,0;0,84;0,25;0,05;0,17;51,0;25,0;21,0;11,0;0,0;22,0;0,0;;;;;0,0;;;;;;;;;;No;No;No;No;No;No;No;No;No;No
567;Muhammed Damar;de GER;FW, MF;Hoffenheim;de Bundesliga;21,0;2004,0;12,0;2,0;259,0;2,88;0,0;0,0;0,0;0,0;0,0;0,0;0,0;0,0;0,0;11,0;7,0;63,64;3,82;2,43;0,0;0,0;32,0;3,0;1,0;2,0;0,0;3,0;0,0;;;;;0,0;;;;;;;;;;No;No;No;No;No;No;No;No;No;No
568;Mikkel Damsgaard;dk DEN;MF;Brentford;eng Premier League;25,0;2000,0;26,0;18,0;1575,0;17,5;3,0;4,0;7,0;3,0;0,0;0,0;0,0;0,0;0,4;20,0;9,0;45,0;1,14;0,51;0,15;0,33;83,0;25,0;18,0;18,0;0,0;15,0;0,0;;;;;0,0;;;;;;;;;;No;No;No;No;No;No;No;No;No;No
569;Arnaut Danjuma;nl NED;FW, MF;Valencia;es La Liga;29,0;1997,0;26,0;18,0;1556,0;17,29;3,0;2,0;5,0;3,0;0,0;1,0;0,0;0,0;0,29;35,0;14,0;40,0;2,02;0,81;0,09;0,21;39,0;10,0;1,0;22,0;0,0;20,0;0,0;;;;;0,0;;;;;;;;;;No;No;No;No;No;No;No;No;No;No
570;Kévin Danois;fr FRA;MF;Auxerre;fr Ligue 1;21,0;2004,0;25,0;24,0;2114,0;23,49;2,0;1,0;3,0;2,0;0,0;0,0;3,0;0,0;0,13;21,0;6,0;28,57;0,89;0,26;0,1;0,33;98,0;28,0;30,0;18,0;0,0;23,0;0,0;;;;;0,0;;;;;;;;;;No;No;No;No;No;No;No;No;No;No
571;Kevin Danso;at AUT;DF;Tottenham Hotspur;eng Premier League;27,0;1998,0;16,0;10,0;843,0;9,37;0,0;0,0;0,0;0,0;0,0;0,0;4,0;0,0;0,0;3,0;1,0;33,33;0,32;0,11;0,0;0,0;5,0;8,0;8,0;8,0;0,0;11,0;0,0;;;;;0,0;;;;;;;;;;No;No;No;No;No;No;No;No;No;No
572;Dante;br BRA;DF;Nice;fr Ligue 1;42,0;1983,0;9,0;7,0;644,0;7,16;0,0;0,0;0,0;0,0;0,0;0,0;1,0;0,0;0,0;4,0;1,0;25,0;0,56;0,14;0,0;0,0;0,0;4,0;10,0;2,0;0,0;6,0;0,0;;;;;0,0;;;;;;;;;;No;No;No;No;No;No;No;No;No;No
573;Bence Dárdai;hu HUN;MF;Wolfsburg;de Bundesliga;20,0;2006,0;1,0;0,0;35,0;0,39;0,0;0,0;0,0;0,0;0,0;0,0;0,0;0,0;0,0;0,0;0,0;0,0;0,0;0,0;0,0;0,0;0,0;1,0;1,0;0,0;0,0;1,0;0,0;;;;;0,0;;;;;;;;;;No;No;No;No;No;No;No;No;No;No
574;Aiman Dardari;lu LUX;MF;Augsburg;de Bundesliga;20,0;2005,0;3,0;0,0;34,0;0,38;0,0;0,0;0,0;0,0;0,0;0,0;1,0;0,0;0,0;1,0;0,0;0,0;2,65;0,0;0,0;0,0;0,0;0,0;0,0;1,0;0,0;1,0;0,0;;;;;0,0;;;;;;;;;;No;No;No;No;No;No;No;No;No;No
575;Sergi Darder;es ESP;MF;Mallorca;es La Liga;32,0;1993,0;28,0;21,0;1891,0;21,01;1,0;4,0;5,0;1,0;0,0;0,0;3,0;0,0;0,24;28,0;8,0;28,57;1,33;0,38;0,04;0,12;129,0;8,0;15,0;21,0;0,0;15,0;0,0;;;;;0,0;;;;;;;;;;No;No;No;No;No;No;No;No;No;No
576;Karl Darlow;wls WAL;GK;Leeds United;eng Premier League;35,0;1990,0;14,0;14,0;1260,0;14,0;0,0;0,0;0,0;0,0;0,0;0,0;1,0;0,0;0,0;0,0;0,0;0,0;0,0;0,0;0,0;0,0;0,0;0,0;0,0;5,0;0,0;0,0;0,0;19,0;1,36;51,0;34,0;66,67;3,0;5,0;6,0;2,0;14,29;2,0;2,0;0,0;0,0;No;No;No;No;No;No;No;No;No;No
577;Matteo Darmian;it ITA;DF, MF;Inter;it Serie A;36,0;1989,0;3,0;0,0;73,0;0,81;0,0;0,0;0,0;0,0;0,0;0,0;0,0;0,0;0,0;0,0;0,0;0,0;0,0;0,0;0,0;0,0;1,0;0,0;1,0;1,0;0,0;1,0;0,0;;;;;0,0;;;;;;;;;;No;No;No;No;No;No;No;No;No;No
578;David Datro Fofana;ci CIV;FW;Strasbourg;fr Ligue 1;23,0;2002,0;3,0;1,0;81,0;0,9;0,0;0,0;0,0;0,0;0,0;0,0;0,0;0,0;0,0;2,0;0,0;0,0;2,22;0,0;0,0;0,0;0,0;1,0;1,0;0,0;0,0;2,0;0,0;;;;;0,0;;;;;;;;;;No;No;No;No;No;No;No;No;No;No
579;Juan David Cabal;co COL;MF;Juventus;it Serie A;25,0;2001,0;12,0;2,0;296,0;3,29;2,0;0,0;2,0;2,0;0,0;0,0;1,0;0,0;0,61;5,0;2,0;40,0;1,52;0,61;0,4;1,0;4,0;5,0;4,0;1,0;0,0;4,0;0,0;;;;;0,0;;;;;;;;;;No;No;No;No;No;No;No;No;No;No
580;Jonathan David;ca CAN;FW;Juventus;it Serie A;26,0;2000,0;28,0;16,0;1420,0;15,78;5,0;4,0;9,0;5,0;0,0;1,0;0,0;0,0;0,57;35,0;15,0;42,86;2,22;0,95;0,14;0,33;8,0;7,0;6,0;20,0;0,0;22,0;0,0;;;;;0,0;;;;;;;;;;No;No;No;No;No;No;No;No;No;No
581;Alphonso Davies;ca CAN;DF;Bayern Munich;de Bundesliga;25,0;2000,0;8,0;4,0;358,0;3,98;0,0;1,0;1,0;0,0;0,0;0,0;1,0;0,0;0,25;2,0;0,0;0,0;0,5;0,0;0,0;0,0;5,0;6,0;2,0;4,0;0,0;2,0;0,0;;;;;0,0;;;;;;;;;;No;No;No;No;No;No;No;No;No;No
582;Ben Davies;wls WAL;DF;Tottenham Hotspur;eng Premier League;32,0;1993,0;3,0;2,0;137,0;1,52;1,0;0,0;1,0;1,0;0,0;0,0;1,0;0,0;0,66;2,0;2,0;100,0;1,31;1,31;0,5;0,5;3,0;4,0;1,0;0,0;0,0;2,0;0,0;;;;;0,0;;;;;;;;;;No;No;No;No;No;No;No;No;No;No
583;Davinchi;es ESP;DF;Getafe;es La Liga;18,0;2007,0;7,0;4,0;429,0;4,77;0,0;0,0;0,0;0,0;0,0;0,0;1,0;0,0;0,0;3,0;1,0;33,33;0,63;0,21;0,0;0,0;13,0;10,0;4,0;1,0;0,0;14,0;0,0;;;;;0,0;;;;;;;;;;No;No;No;No;No;No;No;No;No;No
584;Keinan Davis;eng ENG;FW;Udinese;it Serie A;28,0;1998,0;25,0;23,0;1725,0;19,17;9,0;3,0;12,0;5,0;4,0;4,0;4,0;0,0;0,42;42,0;19,0;45,24;2,19;0,99;0,21;0,47;3,0;4,0;0,0;45,0;0,0;36,0;0,0;;;;;0,0;;;;;;;;;;No;No;No;No;No;No;No;No;No;No
585;Kevin De Bruyne;be BEL;MF;Napoli;it Serie A;34,0;1991,0;10,0;7,0;623,0;6,92;4,0;0,0;4,0;1,0;3,0;3,0;1,0;0,0;0,14;18,0;7,0;38,89;2,6;1,01;0,22;0,57;29,0;3,0;5,0;4,0;0,0;6,0;0,0;;;;;0,0;;;;;;;;;;No;No;No;No;No;No;No;No;No;No
586;Mathys De Carvalho;fr FRA;MF;Lyon;fr Ligue 1;20,0;2005,0;10,0;3,0;288,0;3,2;0,0;0,0;0,0;0,0;0,0;0,0;1,0;0,0;0,0;7,0;2,0;28,57;2,19;0,62;0,0;0,0;2,0;5,0;3,0;5,0;0,0;2,0;0,0;;;;;0,0;;;;;;;;;;No;No;No;No;No;No;No;No;No;No
587;Maxim De Cuyper;be BEL;DF, MF;Brighton;eng Premier League;25,0;2000,0;24,0;14,0;1152,0;12,8;2,0;0,0;2,0;2,0;0,0;0,0;2,0;0,0;0,16;11,0;6,0;54,55;0,86;0,47;0,18;0,33;57,0;9,0;9,0;18,0;0,0;15,0;0,0;;;;;0,0;;;;;;;;;;No;No;No;No;No;No;No;No;No;No
588;Charles De Ketelaere;be BEL;FW, MF;Atalanta;it Serie A;25,0;2001,0;22,0;18,0;1555,0;17,28;3,0;3,0;6,0;3,0;0,0;0,0;3,0;0,0;0,35;35,0;14,0;40,0;2,03;0,81;0,09;0,21;38,0;9,0;2,0;26,0;0,0;16,0;0,0;;;;;0,0;;;;;;;;;;No;No;No;No;No;No;No;No;No;No
589;Jeffrey De Lange;nl NED;GK;Marseille;fr Ligue 1;27,0;1998,0;4,0;4,0;360,0;4,0;0,0;0,0;0,0;0,0;0,0;0,0;0,0;0,0;0,0;0,0;0,0;0,0;0,0;0,0;0,0;0,0;0,0;0,0;0,0;0,0;0,0;0,0;0,0;8,0;2,0;19,0;11,0;57,89;3,0;0,0;1,0;1,0;25,0;0,0;0,0;0,0;0,0;No;No;No;No;No;No;No;No;No;No
590;Manuel De Luca;it ITA;FW;Cremonese;it Serie A;27,0;1998,0;2,0;0,0;16,0;0,18;1,0;0,0;1,0;0,0;1,0;1,0;0,0;0,0;0,0;2,0;2,0;100,0;11,25;11,25;0,5;0,5;0,0;0,0;0,0;1,0;0,0;1,0;0,0;;;;;0,0;;;;;;;;;;No;No;No;No;No;No;No;No;No;No
591;Théo De Percin;mq MTQ;GK;Auxerre;fr Ligue 1;25,0;2001,0;3,0;2,0;226,0;2,51;0,0;0,0;0,0;0,0;0,0;0,0;0,0;0,0;0,0;0,0;0,0;0,0;0,0;0,0;0,0;0,0;0,0;0,0;0,0;1,0;0,0;0,0;0,0;4,0;1,59;11,0;7,0;63,64;0,0;0,0;2,0;0,0;0,0;0,0;0,0;0,0;0,0;No;No;No;No;No;No;No;No;No;No
592;Lorenzo De Silvestri;it ITA;DF;Bologna;it Serie A;37,0;1988,0;9,0;4,0;317,0;3,52;0,0;0,0;0,0;0,0;0,0;0,0;2,0;0,0;0,0;0,0;0,0;0,0;0,0;0,0;0,0;0,0;3,0;0,0;4,0;2,0;0,0;5,0;0,0;;;;;0,0;;;;;;;;;;No;No;No;No;No;No;No;No;No;No
593;Thibault De Smet;be BEL;DF;Paris FC;fr Ligue 1;27,0;1998,0;16,0;12,0;1057,0;11,74;0,0;1,0;1,0;0,0;0,0;0,0;6,0;2,0;0,09;4,0;0,0;0,0;0,34;0,0;0,0;0,0;24,0;11,0;10,0;13,0;2,0;11,0;0,0;;;;;0,0;;;;;;;;;;No;No;No;No;No;No;No;No;No;No
594;Koni De Winter;be BEL;DF;Milan;it Serie A;23,0;2002,0;21,0;15,0;1458,0;16,2;1,0;1,0;2,0;1,0;0,0;0,0;1,0;0,0;0,12;7,0;1,0;14,29;0,43;0,06;0,14;1,0;4,0;15,0;11,0;8,0;0,0;24,0;0,0;;;;;0,0;;;;;;;;;;No;No;No;No;No;No;No;No;No;No
595;Alessandro Deiola;it ITA;DF, MF;Cagliari;it Serie A;30,0;1995,0;12,0;11,0;958,0;10,64;0,0;2,0;2,0;0,0;0,0;0,0;3,0;0,0;0,19;6,0;3,0;50,0;0,56;0,28;0,0;0,0;1,0;17,0;12,0;9,0;0,0;17,0;0,0;;;;;0,0;;;;;;;;;;No;No;No;No;No;No;No;No;No;No
596;Romain Del Castillo;fr FRA;FW, MF;Brest;fr Ligue 1;29,0;1996,0;24,0;24,0;1971,0;21,9;8,0;2,0;10,0;2,0;6,0;8,0;1,0;1,0;0,18;26,0;11,0;42,31;1,19;0,5;0,31;0,73;164,0;31,0;18,0;29,0;0,0;23,0;0,0;;;;;0,0;;;;;;;;;;No;No;No;No;No;No;No;No;No;No
597;Enrico Del Prato;it ITA;DF;Parma;it Serie A;26,0;1999,0;28,0;27,0;2348,0;26,09;1,0;0,0;1,0;1,0;0,0;0,0;5,0;0,0;0,04;15,0;7,0;46,67;0,57;0,27;0,07;0,14;11,0;16,0;22,0;10,0;0,0;16,0;0,0;;;;;0,0;;;;;;;;;;No;No;No;No;No;No;No;No;No;No
598;Thomas Delaine;fr FRA;DF, MF;Le Havre;fr Ligue 1;33,0;1992,0;5,0;2,0;201,0;2,23;0,0;0,0;0,0;0,0;0,0;0,0;1,0;0,0;0,0;3,0;0,0;0,0;1,34;0,0;0,0;0,0;18,0;0,0;3,0;1,0;0,0;2,0;0,0;;;;;0,0;;;;;;;;;;No;No;No;No;No;No;No;No;No;No
599;Liam Delap;eng ENG;FW;Chelsea;eng Premier League;23,0;2003,0;21,0;9,0;783,0;8,7;1,0;0,0;1,0;1,0;0,0;0,0;2,0;0,0;0,11;31,0;11,0;35,48;3,56;1,26;0,03;0,09;6,0;3,0;1,0;14,0;0,0;17,0;0,0;;;;;0,0;;;;;;;;;;No;No;No;No;No;No;No;No;No;No
600;Fisayo Dele-Bashiru;ng NGA;MF;Lazio;it Serie A;25,0;2001,0;15,0;7,0;677,0;7,52;0,0;0,0;0,0;0,0;0,0;0,0;0,0;0,0;0,0;5,0;0,0;0,0;0,66;0,0;0,0;0,0;7,0;8,0;2,0;2,0;0,0;3,0;0,0;;;;;0,0;;;;;;;;;;No;No;No;No;No;No;No;No;No;No
601;Olivier Deman;be BEL;DF, MF;Werder Bremen;de Bundesliga;25,0;2000,0;8,0;6,0;534,0;5,93;1,0;1,0;2,0;1,0;0,0;0,0;2,0;0,0;0,34;6,0;2,0;33,33;1,01;0,34;0,17;0,5;33,0;10,0;4,0;4,0;0,0;11,0;0,0;;;;;0,0;;;;;;;;;;No;No;No;No;No;No;No;No;No;No
602;Pape Demba Diop;sn SEN;MF;Toulouse;fr Ligue 1;22,0;2003,0;9,0;9,0;778,0;8,64;1,0;2,0;3,0;1,0;0,0;0,0;2,0;0,0;0,35;21,0;10,0;47,62;2,43;1,16;0,05;0,1;13,0;14,0;18,0;12,0;0,0;11,0;0,0;;;;;0,0;;;;;;;;;;No;No;No;No;No;No;No;No;No;No
603;Ali Dembélé;fr FRA;DF;Torino;it Serie A;22,0;2004,0;2,0;0,0;21,0;0,23;0,0;0,0;0,0;0,0;0,0;0,0;0,0;0,0;0,0;1,0;0,0;0,0;4,29;0,0;0,0;0,0;0,0;0,0;0,0;0,0;0,0;0,0;0,0;;;;;0,0;;;;;;;;;;No;No;No;No;No;No;No;No;No;No
604;Ousmane Dembélé;fr FRA;FW;Paris Saint-Germain;fr Ligue 1;28,0;1997,0;15,0;7,0;719,0;7,99;8,0;4,0;12,0;6,0;2,0;3,0;0,0;0,0;1,25;30,0;13,0;43,33;3,76;1,63;0,27;0,62;41,0;2,0;0,0;2,0;0,0;2,0;0,0;;;;;0,0;;;;;;;;;;No;No;No;No;No;No;No;No;No;No
605;Jessy Deminguet;fr FRA;MF;Metz;fr Ligue 1;28,0;1998,0;24,0;18,0;1425,0;15,83;1,0;0,0;1,0;1,0;0,0;0,0;4,0;0,0;0,06;11,0;4,0;36,36;0,69;0,25;0,09;0,25;15,0;15,0;15,0;21,0;0,0;20,0;0,0;;;;;0,0;;;;;;;;;;No;No;No;No;No;No;No;No;No;No
606;Ermedin Demirović;ba BIH;FW;Stuttgart;de Bundesliga;27,0;1998,0;17,0;14,0;1155,0;12,83;8,0;2,0;10,0;7,0;1,0;1,0;4,0;0,0;0,7;28,0;14,0;50,0;2,18;1,09;0,29;0,57;1,0;8,0;2,0;19,0;0,0;26,0;0,0;;;;;0,0;;;;;;;;;;No;No;No;No;No;No;No;No;No;No
607;Rav van den Berg;nl NED;DF;Köln;de Bundesliga;21,0;2004,0;12,0;10,0;951,0;10,57;0,0;1,0;1,0;0,0;0,0;0,0;0,0;1,0;0,09;1,0;0,0;0,0;0,09;0,0;0,0;0,0;0,0;6,0;11,0;1,0;0,0;9,0;0,0;;;;;0,0;;;;;;;;;;No;No;No;No;No;No;No;No;No;No
608;Sepp van den Berg;nl NED;DF;Brentford;eng Premier League;24,0;2001,0;25,0;24,0;2214,0;24,6;0,0;1,0;1,0;0,0;0,0;0,0;1,0;0,0;0,04;20,0;6,0;30,0;0,81;0,24;0,0;0,0;0,0;6,0;24,0;9,0;0,0;12,0;0,0;;;;;0,0;;;;;;;;;;No;No;No;No;No;No;No;No;No;No
609;Branco van den Boomen;nl NED;MF;Angers;fr Ligue 1;30,0;1995,0;7,0;6,0;538,0;5,98;0,0;1,0;1,0;0,0;0,0;0,0;2,0;0,0;0,17;9,0;2,0;22,22;1,51;0,33;0,0;0,0;34,0;5,0;3,0;4,0;0,0;11,0;0,0;;;;;0,0;;;;;;;;;;No;No;No;No;No;No;No;No;No;No
610;Leander Dendoncker;be BEL;MF;Oviedo;es La Liga;30,0;1995,0;19,0;15,0;1330,0;14,78;1,0;0,0;1,0;1,0;0,0;0,0;2,0;0,0;0,07;9,0;4,0;44,44;0,61;0,27;0,11;0,25;5,0;25,0;11,0;3,0;0,0;12,0;0,0;;;;;0,0;;;;;;;;;;No;No;No;No;No;No;No;No;No;No
611;Daniel Denoon;ch SUI;DF;Pisa;it Serie A;22,0;2004,0;2,0;2,0;122,0;1,36;0,0;0,0;0,0;0,0;0,0;0,0;1,0;0,0;0,0;0,0;0,0;0,0;0,0;0,0;0,0;0,0;0,0;2,0;1,0;3,0;0,0;4,0;0,0;;;;;0,0;;;;;;;;;;No;No;No;No;No;No;No;No;No;No
612;Nelson Deossa;co COL;MF;Real Betis;es La Liga;26,0;2000,0;16,0;7,0;602,0;6,69;0,0;0,0;0,0;0,0;0,0;0,0;3,0;0,0;0,0;16,0;0,0;0,0;2,39;0,0;0,0;0,0;5,0;7,0;5,0;22,0;0,0;15,0;0,0;;;;;0,0;;;;;;;;;;No;No;No;No;No;No;No;No;No;No
613;Rémy Descamps;fr FRA;GK;Lyon;fr Ligue 1;29,0;1996,0;5,0;5,0;450,0;5,0;0,0;0,0;0,0;0,0;0,0;0,0;0,0;0,0;0,0;0,0;0,0;0,0;0,0;0,0;0,0;0,0;0,0;0,0;0,0;0,0;0,0;0,0;1,0;3,0;0,6;17,0;14,0;82,35;3,0;1,0;1,0;4,0;80,0;0,0;0,0;0,0;0,0;No;No;No;No;No;No;No;No;No;No
614;Bahmed Deuff;mr MTN;MF;Nantes;fr Ligue 1;20,0;2006,0;10,0;1,0;232,0;2,58;0,0;0,0;0,0;0,0;0,0;0,0;1,0;0,0;0,0;6,0;2,0;33,33;2,33;0,78;0,0;0,0;1,0;2,0;2,0;3,0;0,0;6,0;0,0;;;;;0,0;;;;;;;;;;No;No;No;No;No;No;No;No;No;No
615;Justin Devenny;nir NIR;FW, MF;Crystal Palace;eng Premier League;22,0;2003,0;18,0;5,0;603,0;6,7;1,0;0,0;1,0;0,0;1,0;1,0;0,0;0,0;0,0;13,0;4,0;30,77;1,94;0,6;0,08;0,25;9,0;8,0;0,0;6,0;0,0;10,0;0,0;;;;;0,0;;;;;;;;;;No;No;No;No;No;No;No;No;No;No
616;Tidiane Devernois;fr FRA;MF;Auxerre;fr Ligue 1;18,0;2007,0;2,0;0,0;10,0;0,11;0,0;0,0;0,0;0,0;0,0;0,0;0,0;0,0;0,0;0,0;0,0;0,0;0,0;0,0;0,0;0,0;3,0;0,0;0,0;0,0;0,0;0,0;0,0;;;;;0,0;;;;;;;;;;No;No;No;No;No;No;No;No;No;No
617;Kiernan Dewsbury-Hall;eng ENG;MF;Everton;eng Premier League;27,0;1998,0;23,0;22,0;1917,0;21,3;6,0;3,0;9,0;6,0;0,0;0,0;6,0;0,0;0,42;29,0;10,0;34,48;1,36;0,47;0,21;0,6;89,0;17,0;11,0;38,0;0,0;25,0;0,0;;;;;0,0;;;;;;;;;;No;No;No;No;No;No;No;No;No;No
618;Michele Di Gregorio;it ITA;GK;Juventus;it Serie A;28,0;1997,0;23,0;23,0;2070,0;23,0;0,0;0,0;0,0;0,0;0,0;0,0;1,0;0,0;0,0;0,0;0,0;0,0;0,0;0,0;0,0;0,0;0,0;0,0;0,0;5,0;0,0;0,0;0,0;22,0;0,96;67,0;46,0;68,66;12,0;7,0;4,0;9,0;39,13;2,0;1,0;0,0;1,0;No;No;No;No;No;No;No;No;No;No
619;Giovanni Di Lorenzo;it ITA;DF, MF;Napoli;it Serie A;32,0;1993,0;23,0;23,0;2009,0;22,32;1,0;1,0;2,0;1,0;0,0;0,0;1,0;0,0;0,09;23,0;8,0;34,78;1,03;0,36;0,04;0,12;34,0;26,0;9,0;21,0;0,0;31,0;0,0;;;;;0,0;;;;;;;;;;No;No;No;No;No;No;No;No;No;No
620;Alessandro Di Pardo;it ITA;DF, MF;Cagliari;it Serie A;26,0;1999,0;3,0;0,0;54,0;0,6;0,0;0,0;0,0;0,0;0,0;0,0;0,0;0,0;0,0;1,0;0,0;0,0;1,67;0,0;0,0;0,0;0,0;1,0;0,0;1,0;0,0;0,0;0,0;;;;;0,0;;;;;;;;;;No;No;No;No;No;No;No;No;No;No
621;Boulaye Dia;sn SEN;FW, MF;Lazio;it Serie A;29,0;1996,0;18,0;11,0;927,0;10,3;1,0;0,0;1,0;1,0;0,0;0,0;0,0;0,0;0,1;10,0;6,0;60,0;0,97;0,58;0,1;0,17;0,0;7,0;1,0;9,0;0,0;12,0;0,0;;;;;0,0;;;;;;;;;;No;No;No;No;No;No;No;No;No;No
622;Bambo Diaby;sn SEN;DF;Elche;es La Liga;28,0;1997,0;4,0;1,0;102,0;1,13;0,0;0,0;0,0;0,0;0,0;0,0;1,0;0,0;0,0;0,0;0,0;0,0;0,0;0,0;0,0;0,0;0,0;0,0;1,0;3,0;0,0;3,0;0,0;;;;;0,0;;;;;;;;;;No;No;No;No;No;No;No;No;No;No
623;Mouctar Diakhaby;gn GUI;DF;Valencia;es La Liga;29,0;1996,0;8,0;7,0;543,0;6,03;1,0;0,0;1,0;1,0;0,0;0,0;3,0;0,0;0,17;4,0;3,0;75,0;0,66;0,5;0,25;0,33;0,0;6,0;9,0;3,0;0,0;7,0;0,0;;;;;0,0;;;;;;;;;;No;No;No;No;No;No;No;No;No;No
624;Bafodé Diakité;fr FRA;DF;Bournemouth;eng Premier League;25,0;2001,0;18,0;15,0;1277,0;14,19;0,0;0,0;0,0;0,0;0,0;0,0;1,0;0,0;0,0;1,0;0,0;0,0;0,07;0,0;0,0;0,0;1,0;15,0;10,0;4,0;0,0;8,0;0,0;;;;;0,0;;;;;;;;;;No;No;No;No;No;No;No;No;No;No
625;Amad Diallo;ci CIV;MF;Manchester Utd;eng Premier League;23,0;2002,0;24,0;21,0;1828,0;20,31;2,0;2,0;4,0;2,0;0,0;0,0;2,0;0,0;0,2;41,0;16,0;39,02;2,02;0,79;0,05;0,12;40,0;18,0;12,0;33,0;0,0;18,0;0,0;;;;;0,0;;;;;;;;;;No;No;No;No;No;No;No;No;No;No
626;Habib Diallo;sn SEN;FW;Metz;fr Ligue 1;30,0;1995,0;19,0;17,0;1573,0;17,48;4,0;1,0;5,0;4,0;0,0;1,0;0,0;0,0;0,29;33,0;12,0;36,36;1,89;0,69;0,12;0,33;4,0;4,0;2,0;26,0;0,0;25,0;0,0;;;;;0,0;;;;;;;;;;No;No;No;No;No;No;No;No;No;No
627;Zoumana Diallo;fr FRA;FW;Nice;fr Ligue 1;21,0;2005,0;1,0;0,0;10,0;0,11;0,0;0,0;0,0;0,0;0,0;0,0;0,0;0,0;0,0;0,0;0,0;0,0;0,0;0,0;0,0;0,0;0,0;0,0;0,0;1,0;0,0;2,0;0,0;;;;;0,0;;;;;;;;;;No;No;No;No;No;No;No;No;No;No
628;Grady Diangana;cd COD;FW, MF;Elche;es La Liga;27,0;1998,0;16,0;10,0;700,0;7,78;1,0;0,0;1,0;1,0;0,0;0,0;2,0;0,0;0,13;13,0;2,0;15,38;1,67;0,26;0,08;0,5;10,0;3,0;4,0;16,0;0,0;11,0;0,0;;;;;0,0;;;;;;;;;;No;No;No;No;No;No;No;No;No;No
629;Assane Diao;sn SEN;MF;Como;it Serie A;20,0;2005,0;8,0;4,0;366,0;4,07;0,0;0,0;0,0;0,0;0,0;0,0;0,0;0,0;0,0;9,0;3,0;33,33;2,21;0,74;0,0;0,0;6,0;0,0;1,0;16,0;0,0;5,0;0,0;;;;;0,0;;;;;;;;;;No;No;No;No;No;No;No;No;No;No
630;Soriba Diaoune;fr FRA;MF;Lille;fr Ligue 1;18,0;2007,0;10,0;1,0;185,0;2,06;1,0;1,0;2,0;1,0;0,0;0,0;0,0;0,0;0,97;10,0;4,0;40,0;4,86;1,95;0,1;0,25;5,0;2,0;1,0;3,0;0,0;5,0;0,0;;;;;0,0;;;;;;;;;;No;No;No;No;No;No;No;No;No;No
631;Habib Diarra;sn SEN;MF;Sunderland;eng Premier League;22,0;2004,0;13,0;11,0;1014,0;11,27;2,0;0,0;2,0;1,0;1,0;1,0;4,0;0,0;0,09;16,0;6,0;37,5;1,42;0,53;0,12;0,33;17,0;3,0;3,0;17,0;0,0;13,0;0,0;;;;;0,0;;;;;;;;;;No;No;No;No;No;No;No;No;No;No
632;Moussa Diarra;ml MLI;DF;Alavés;es La Liga;25,0;2000,0;3,0;3,0;216,0;2,4;0,0;0,0;0,0;0,0;0,0;0,0;1,0;0,0;0,0;0,0;0,0;0,0;0,0;0,0;0,0;0,0;1,0;2,0;1,0;1,0;0,0;4,0;0,0;;;;;0,0;;;;;;;;;;No;No;No;No;No;No;No;No;No;No
633;Rúben Dias;pt POR;DF;Manchester City;eng Premier League;28,0;1997,0;25,0;23,0;2051,0;22,79;2,0;0,0;2,0;2,0;0,0;0,0;3,0;0,0;0,09;10,0;4,0;40,0;0,44;0,18;0,2;0,5;9,0;6,0;22,0;9,0;0,0;14,0;0,0;;;;;0,0;;;;;;;;;;No;No;No;No;No;No;No;No;No;No
634;Krépin Diatta;sn SEN;DF, MF;Monaco;fr Ligue 1;27,0;1999,0;14,0;9,0;846,0;9,4;0,0;1,0;1,0;0,0;0,0;0,0;1,0;0,0;0,11;5,0;1,0;20,0;0,53;0,11;0,0;0,0;33,0;15,0;15,0;8,0;0,0;7,0;0,0;;;;;0,0;;;;;;;;;;No;No;No;No;No;No;No;No;No;No
635;Mory Diaw;sn SEN;GK;Le Havre;fr Ligue 1;32,0;1993,0;22,0;22,0;1935,0;21,5;0,0;1,0;1,0;0,0;0,0;0,0;1,0;0,0;0,05;0,0;0,0;0,0;0,0;0,0;0,0;0,0;0,0;0,0;2,0;4,0;0,0;0,0;0,0;29,0;1,35;80,0;56,0;70,0;5,0;7,0;10,0;6,0;27,27;5,0;4,0;1,0;0,0;No;No;No;No;No;No;No;No;No;No
636;Brahim Díaz;ma MAR;FW, MF;Real Madrid;es La Liga;26,0;1999,0;20,0;5,0;613,0;6,81;0,0;4,0;4,0;0,0;0,0;0,0;1,0;0,0;0,59;8,0;2,0;25,0;1,17;0,29;0,0;0,0;10,0;7,0;1,0;16,0;0,0;10,0;0,0;;;;;0,0;;;;;;;;;;No;No;No;No;No;No;No;No;No;No
637;Daniel Díaz;es ESP;FW;Real Sociedad;es La Liga;19,0;2006,0;1,0;0,0;18,0;0,2;0,0;0,0;0,0;0,0;0,0;0,0;0,0;0,0;0,0;0,0;0,0;0,0;0,0;0,0;0,0;0,0;1,0;0,0;0,0;0,0;0,0;0,0;0,0;;;;;0,0;;;;;;;;;;No;No;No;No;No;No;No;No;No;No
638;Julio Diaz;es ESP;DF;Atlético Madrid;es La Liga;21,0;2005,0;1,0;1,0;90,0;1,0;0,0;0,0;0,0;0,0;0,0;0,0;0,0;0,0;0,0;1,0;0,0;0,0;1,0;0,0;0,0;0,0;2,0;1,0;0,0;2,0;0,0;1,0;0,0;;;;;0,0;;;;;;;;;;No;No;No;No;No;No;No;No;No;No
639;Junior Diaz;ci CIV;DF;Brest;fr Ligue 1;22,0;2003,0;15,0;13,0;1206,0;13,4;0,0;0,0;0,0;0,0;0,0;0,0;2,0;0,0;0,0;4,0;0,0;0,0;0,3;0,0;0,0;0,0;0,0;12,0;19,0;7,0;0,0;5,0;0,0;;;;;0,0;;;;;;;;;;No;No;No;No;No;No;No;No;No;No
640;Luis Díaz;co COL;MF;Bayern Munich;de Bundesliga;29,0;1997,0;25,0;23,0;2069,0;22,99;15,0;11,0;26,0;15,0;0,0;0,0;7,0;1,0;1,13;71,0;33,0;46,48;3,09;1,44;0,21;0,45;38,0;13,0;12,0;30,0;1,0;28,0;0,0;;;;;0,0;;;;;;;;;;No;No;No;No;No;No;No;No;No;No
641;Pedro Díaz;es ESP;FW, MF;Rayo Vallecano;es La Liga;27,0;1998,0;25,0;15,0;1328,0;14,76;0,0;0,0;0,0;0,0;0,0;0,0;1,0;0,0;0,0;32,0;5,0;15,62;2,17;0,34;0,0;0,0;31,0;18,0;3,0;7,0;0,0;11,0;0,0;;;;;0,0;;;;;;;;;;No;No;No;No;No;No;No;No;No;No
642;Tyler Dibling;eng ENG;MF;Everton;eng Premier League;20,0;2006,0;14,0;4,0;358,0;3,98;0,0;0,0;0,0;0,0;0,0;0,0;2,0;0,0;0,0;4,0;0,0;0,0;1,01;0,0;0,0;0,0;7,0;3,0;6,0;11,0;0,0;11,0;0,0;;;;;0,0;;;;;;;;;;No;No;No;No;No;No;No;No;No;No
643;Nouha Dicko;ml MLI;FW, MF;Paris FC;fr Ligue 1;33,0;1992,0;8,0;0,0;72,0;0,8;1,0;1,0;2,0;1,0;0,0;0,0;0,0;0,0;2,5;4,0;2,0;50,0;5,0;2,5;0,25;0,5;2,0;0,0;0,0;4,0;0,0;4,0;0,0;;;;;0,0;;;;;;;;;;No;No;No;No;No;No;No;No;No;No
644;Bamba Dieng;sn SEN;FW;Lorient;fr Ligue 1;25,0;2000,0;14,0;8,0;685,0;7,61;7,0;1,0;8,0;6,0;1,0;1,0;2,0;0,0;0,92;29,0;16,0;55,17;3,81;2,1;0,24;0,44;2,0;2,0;1,0;8,0;0,0;12,0;0,0;;;;;0,0;;;;;;;;;;No;No;No;No;No;No;No;No;No;No
645;Eric Dier;eng ENG;DF;Monaco;fr Ligue 1;32,0;1994,0;8,0;7,0;672,0;7,47;1,0;0,0;1,0;1,0;0,0;0,0;0,0;0,0;0,13;3,0;2,0;66,67;0,4;0,27;0,33;0,5;2,0;2,0;10,0;4,0;0,0;9,0;0,0;;;;;0,0;;;;;;;;;;No;No;No;No;No;No;No;No;No;No
646;Lucas Digne;fr FRA;DF;Aston Villa;eng Premier League;32,0;1993,0;25,0;17,0;1467,0;16,3;0,0;4,0;4,0;0,0;0,0;0,0;3,0;0,0;0,25;10,0;5,0;50,0;0,61;0,31;0,0;0,0;83,0;19,0;10,0;11,0;0,0;11,0;0,0;;;;;0,0;;;;;;;;;;No;No;No;No;No;No;No;No;No;No
647;Kevin Diks;id IDN;DF;Gladbach;de Bundesliga;29,0;1996,0;23,0;22,0;1952,0;21,69;4,0;0,0;4,0;0,0;4,0;4,0;5,0;0,0;0,0;19,0;10,0;52,63;0,88;0,46;0,21;0,4;4,0;28,0;19,0;16,0;0,0;12,0;0,0;;;;;0,0;;;;;;;;;;No;No;No;No;No;No;No;No;No;No
648;Federico Dimarco;it ITA;MF;Inter;it Serie A;28,0;1997,0;27,0;23,0;2139,0;23,77;6,0;13,0;19,0;6,0;0,0;0,0;2,0;0,0;0,8;56,0;18,0;32,14;2,36;0,76;0,11;0,33;244,0;30,0;22,0;17,0;0,0;32,0;0,0;;;;;0,0;;;;;;;;;;No;No;No;No;No;No;No;No;No;No
649;Stole Dimitrievski;mk MKD;GK;Valencia;es La Liga;32,0;1993,0;10,0;10,0;900,0;10,0;0,0;0,0;0,0;0,0;0,0;0,0;0,0;0,0;0,0;0,0;0,0;0,0;0,0;0,0;0,0;0,0;0,0;0,0;0,0;2,0;0,0;0,0;0,0;12,0;1,2;33,0;24,0;72,73;5,0;1,0;4,0;3,0;30,0;3,0;3,0;0,0;0,0;No;No;No;No;No;No;No;No;No;No
650;Junior Dina Ebimbe;cm CMR;FW, MF;Brest;fr Ligue 1;25,0;2000,0;20,0;9,0;710,0;7,89;2,0;0,0;2,0;2,0;0,0;0,0;1,0;0,0;0,25;18,0;5,0;27,78;2,28;0,63;0,11;0,4;2,0;8,0;3,0;10,0;0,0;16,0;0,0;;;;;0,0;;;;;;;;;;No;No;No;No;No;No;No;No;No;No
651;Eren Dinkçi;de GER;FW, MF;Heidenheim;de Bundesliga;24,0;2001,0;15,0;9,0;779,0;8,66;1,0;1,0;2,0;1,0;0,0;0,0;2,0;0,0;0,23;15,0;3,0;20,0;1,73;0,35;0,07;0,33;20,0;7,0;7,0;2,0;0,0;6,0;0,0;;;;;0,0;;;;;;;;;;No;No;No;No;No;No;No;No;No;No
652;Sinaly Diomande;ci CIV;DF;Auxerre;fr Ligue 1;24,0;2001,0;16,0;16,0;1411,0;15,68;1,0;1,0;2,0;1,0;0,0;0,0;4,0;1,0;0,13;4,0;1,0;25,0;0,26;0,06;0,25;1,0;0,0;11,0;27,0;15,0;1,0;19,0;0,0;;;;;0,0;;;;;;;;;;No;No;No;No;No;No;No;No;No;No
653;Yan Diomandé;ci CIV;FW, MF;RB Leipzig;de Bundesliga;19,0;2006,0;25,0;20,0;1806,0;20,07;10,0;5,0;15,0;10,0;0,0;0,0;2,0;0,0;0,75;42,0;22,0;52,38;2,09;1,1;0,24;0,45;32,0;13,0;14,0;25,0;0,0;12,0;0,0;;;;;0,0;;;;;;;;;;No;No;No;No;No;No;No;No;No;No
654;Issa Diop;fr FRA;DF;Fulham;eng Premier League;29,0;1997,0;10,0;6,0;596,0;6,62;0,0;0,0;0,0;0,0;0,0;0,0;2,0;0,0;0,0;1,0;0,0;0,0;0,15;0,0;0,0;0,0;1,0;2,0;4,0;3,0;0,0;7,0;0,0;;;;;0,0;;;;;;;;;;No;No;No;No;No;No;No;No;No;No
655;Sérigné Diop;sn SEN;FW;Brest;fr Ligue 1;20,0;2005,0;2,0;0,0;12,0;0,13;0,0;0,0;0,0;0,0;0,0;0,0;0,0;0,0;0,0;1,0;0,0;0,0;7,5;0,0;0,0;0,0;1,0;0,0;0,0;0,0;0,0;0,0;0,0;;;;;0,0;;;;;;;;;;No;No;No;No;No;No;No;No;No;No
656;Sofiane Diop;ma MAR;FW, MF;Nice;fr Ligue 1;25,0;2000,0;25,0;20,0;1631,0;18,12;7,0;2,0;9,0;5,0;2,0;2,0;5,0;0,0;0,39;42,0;13,0;30,95;2,32;0,72;0,17;0,54;28,0;4,0;15,0;40,0;0,0;20,0;0,0;;;;;0,0;;;;;;;;;;No;No;No;No;No;No;No;No;No;No
657;Andy Diouf;fr FRA;MF;Inter;it Serie A;22,0;2003,0;15,0;2,0;328,0;3,64;0,0;0,0;0,0;0,0;0,0;0,0;0,0;0,0;0,0;8,0;3,0;37,5;2,2;0,82;0,0;0,0;4,0;3,0;1,0;2,0;0,0;1,0;0,0;;;;;0,0;;;;;;;;;;No;No;No;No;No;No;No;No;No;No
658;El Hadji Malick Diouf;sn SEN;DF, MF;West Ham United;eng Premier League;21,0;2004,0;24,0;22,0;2004,0;22,27;0,0;5,0;5,0;0,0;0,0;0,0;4,0;0,0;0,22;13,0;2,0;15,38;0,58;0,09;0,0;0,0;71,0;12,0;27,0;17,0;0,0;21,0;0,0;;;;;0,0;;;;;;;;;;No;No;No;No;No;No;No;No;No;No
659;Yehvann Diouf;sn SEN;GK;Nice;fr Ligue 1;26,0;1999,0;18,0;18,0;1620,0;18,0;0,0;0,0;0,0;0,0;0,0;0,0;1,0;0,0;0,0;0,0;0,0;0,0;0,0;0,0;0,0;0,0;0,0;0,0;0,0;3,0;0,0;0,0;0,0;33,0;1,83;91,0;63,0;69,23;6,0;2,0;10,0;3,0;16,67;6,0;4,0;1,0;1,0;No;No;No;No;No;No;No;No;No;No
660;Assane Dioussé;sn SEN;MF;Auxerre;fr Ligue 1;28,0;1997,0;14,0;1,0;215,0;2,39;0,0;0,0;0,0;0,0;0,0;0,0;3,0;0,0;0,0;4,0;1,0;25,0;1,67;0,42;0,0;0,0;6,0;1,0;6,0;3,0;0,0;7,0;0,0;;;;;0,0;;;;;;;;;;No;No;No;No;No;No;No;No;No;No
661;Axel Disasi;fr FRA;DF;West Ham United;eng Premier League;28,0;1998,0;6,0;6,0;540,0;6,0;0,0;0,0;0,0;0,0;0,0;0,0;0,0;0,0;0,0;3,0;2,0;66,67;0,5;0,33;0,0;0,0;0,0;2,0;4,0;3,0;0,0;4,0;1,0;;;;;0,0;;;;;;;;;;No;No;No;No;No;No;No;No;No;No
662;Matías Dituro;ar ARG;GK;Elche;es La Liga;38,0;1987,0;12,0;12,0;1080,0;12,0;0,0;0,0;0,0;0,0;0,0;0,0;1,0;0,0;0,0;0,0;0,0;0,0;0,0;0,0;0,0;0,0;0,0;0,0;0,0;5,0;0,0;0,0;0,0;17,0;1,42;48,0;34,0;70,83;2,0;7,0;3,0;2,0;16,67;3,0;3,0;0,0;0,0;No;No;No;No;No;No;No;No;No;No
663;Djené;tg TOG;DF, MF;Getafe;es La Liga;34,0;1991,0;26,0;24,0;1958,0;21,76;0,0;0,0;0,0;0,0;0,0;0,0;6,0;1,0;0,0;4,0;0,0;0,0;0,18;0,0;0,0;0,0;8,0;18,0;26,0;20,0;0,0;21,0;0,0;;;;;0,0;;;;;;;;;;No;No;No;No;No;No;No;No;No;No
664;Harouna Djibrin;cm CMR;MF;Angers;fr Ligue 1;19,0;2006,0;14,0;1,0;316,0;3,51;2,0;1,0;3,0;2,0;0,0;0,0;2,0;0,0;0,85;7,0;3,0;42,86;1,99;0,85;0,29;0,67;8,0;4,0;5,0;7,0;0,0;8,0;0,0;;;;;0,0;;;;;;;;;;No;No;No;No;No;No;No;No;No;No
665;Berat Djimsiti;al ALB;DF;Atalanta;it Serie A;33,0;1993,0;26,0;22,0;1926,0;21,4;0,0;0,0;0,0;0,0;0,0;0,0;2,0;0,0;0,0;10,0;1,0;10,0;0,47;0,05;0,0;0,0;2,0;20,0;20,0;5,0;0,0;12,0;0,0;;;;;0,0;;;;;;;;;;No;No;No;No;No;No;No;No;No;No
666;Marko Dmitrović;rs SRB;GK;Espanyol;es La Liga;34,0;1992,0;28,0;28,0;2520,0;28,0;0,0;0,0;0,0;0,0;0,0;0,0;0,0;0,0;0,0;0,0;0,0;0,0;0,0;0,0;0,0;0,0;0,0;2,0;0,0;4,0;0,0;0,0;0,0;42,0;1,5;131,0;94,0;71,76;10,0;7,0;11,0;7,0;25,0;5,0;5,0;0,0;0,0;No;No;No;No;No;No;No;No;No;No
667;Henrick Do Marcolino;fr FRA;FW;Rennes;fr Ligue 1;19,0;2006,0;1,0;0,0;3,0;0,03;0,0;0,0;0,0;0,0;0,0;0,0;0,0;0,0;0,0;0,0;0,0;0,0;0,0;0,0;0,0;0,0;0,0;1,0;2,0;0,0;0,0;0,0;0,0;;;;;0,0;;;;;;;;;;No;No;No;No;No;No;No;No;No;No
668;Ritsu Doan;jp JPN;MF;Eintracht Frankfurt;de Bundesliga;27,0;1998,0;26,0;24,0;2004,0;22,27;4,0;5,0;9,0;4,0;0,0;0,0;3,0;0,0;0,4;33,0;11,0;33,33;1,48;0,49;0,12;0,36;97,0;19,0;15,0;29,0;0,0;19,0;0,0;;;;;0,0;;;;;;;;;;No;No;No;No;No;No;No;No;No;No
669;Dodô;br BRA;DF, MF;Fiorentina;it Serie A;27,0;1998,0;28,0;28,0;2414,0;26,82;1,0;2,0;3,0;1,0;0,0;0,0;6,0;0,0;0,11;19,0;2,0;10,53;0,71;0,07;0,05;0,5;120,0;13,0;22,0;46,0;0,0;14,0;0,0;;;;;0,0;;;;;;;;;;No;No;No;No;No;No;No;No;No;No
670;Danilho Doekhi;nl NED;DF;Union Berlin;de Bundesliga;27,0;1998,0;26,0;26,0;2340,0;26,0;4,0;0,0;4,0;4,0;0,0;0,0;3,0;0,0;0,15;32,0;5,0;15,62;1,23;0,19;0,12;0,8;6,0;26,0;34,0;13,0;0,0;22,0;0,0;;;;;0,0;;;;;;;;;;No;No;No;No;No;No;No;No;No;No
671;Matt Doherty;ie IRL;DF, MF;Wolves;eng Premier League;34,0;1992,0;10,0;10,0;702,0;7,8;0,0;0,0;0,0;0,0;0,0;0,0;4,0;0,0;0,0;3,0;0,0;0,0;0,38;0,0;0,0;0,0;8,0;7,0;7,0;5,0;0,0;16,0;0,0;;;;;0,0;;;;;;;;;;No;No;No;No;No;No;No;No;No;No
672;Josh Doig;sct SCO;DF;Sassuolo;it Serie A;23,0;2002,0;27,0;20,0;1762,0;19,58;0,0;0,0;0,0;0,0;0,0;0,0;4,0;0,0;0,0;10,0;4,0;40,0;0,51;0,2;0,0;0,0;34,0;20,0;22,0;16,0;0,0;14,0;0,0;;;;;0,0;;;;;;;;;;No;No;No;No;No;No;No;No;No;No
673;Jeremy Doku;be BEL;FW, MF;Manchester City;eng Premier League;23,0;2002,0;22,0;13,0;1231,0;13,68;1,0;4,0;5,0;1,0;0,0;0,0;0,0;0,0;0,37;22,0;8,0;36,36;1,61;0,58;0,05;0,12;46,0;11,0;9,0;40,0;0,0;17,0;0,0;;;;;0,0;;;;;;;;;;No;No;No;No;No;No;No;No;No;No
674;Tyrhys Dolan;eng ENG;MF;Espanyol;es La Liga;24,0;2001,0;27,0;21,0;1824,0;20,27;1,0;4,0;5,0;1,0;0,0;0,0;6,0;1,0;0,25;29,0;9,0;31,03;1,43;0,44;0,03;0,11;85,0;29,0;12,0;39,0;1,0;29,0;0,0;;;;;0,0;;;;;;;;;;No;No;No;No;No;No;No;No;No;No
675;Marc Domenech;es ESP;MF;Mallorca;es La Liga;20,0;2006,0;7,0;2,0;214,0;2,38;0,0;1,0;1,0;0,0;0,0;0,0;0,0;0,0;0,42;3,0;0,0;0,0;1,26;0,0;0,0;0,0;7,0;2,0;0,0;3,0;0,0;3,0;0,0;;;;;0,0;;;;;;;;;;No;No;No;No;No;No;No;No;No;No
676;Benjamín Domínguez;ar ARG;MF;Bologna;it Serie A;22,0;2003,0;12,0;5,0;453,0;5,03;0,0;3,0;3,0;0,0;0,0;0,0;1,0;0,0;0,6;10,0;1,0;10,0;1,99;0,2;0,0;0,0;6,0;2,0;2,0;12,0;0,0;6,0;0,0;;;;;0,0;;;;;;;;;;No;No;No;No;No;No;No;No;No;No
677;Carlos Dominguez;es ESP;DF;Celta Vigo;es La Liga;25,0;2001,0;7,0;5,0;520,0;5,78;0,0;0,0;0,0;0,0;0,0;0,0;1,0;0,0;0,0;1,0;0,0;0,0;0,17;0,0;0,0;0,0;1,0;8,0;4,0;1,0;0,0;6,0;0,0;;;;;0,0;;;;;;;;;;No;No;No;No;No;No;No;No;No;No
678;Nicolás Domínguez;ar ARG;MF;Nottingham Forest;eng Premier League;27,0;1998,0;19,0;14,0;934,0;10,38;1,0;0,0;1,0;1,0;0,0;0,0;2,0;0,0;0,1;16,0;5,0;31,25;1,54;0,48;0,06;0,2;13,0;22,0;4,0;8,0;0,0;11,0;0,0;;;;;0,0;;;;;;;;;;No;No;No;No;No;No;No;No;No;No
679;Jean-Luc Dompé;fr FRA;FW, MF;Hamburger SV;de Bundesliga;30,0;1995,0;19,0;12,0;1137,0;12,63;3,0;0,0;3,0;2,0;1,0;1,0;0,0;0,0;0,16;25,0;12,0;48,0;1,98;0,95;0,12;0,25;81,0;5,0;0,0;9,0;0,0;2,0;0,0;;;;;0,0;;;;;;;;;;No;No;No;No;No;No;No;No;No;No
680;John Donald;es ESP;DF, MF;Elche;es La Liga;25,0;2000,0;14,0;5,0;458,0;5,09;1,0;0,0;1,0;1,0;0,0;0,0;2,0;0,0;0,2;5,0;2,0;40,0;0,98;0,39;0,2;0,5;0,0;8,0;5,0;4,0;0,0;10,0;0,0;;;;;0,0;;;;;;;;;;No;No;No;No;No;No;No;No;No;No
681;Gianluigi Donnarumma;it ITA;GK;Manchester City;eng Premier League;27,0;1999,0;27,0;27,0;2430,0;27,0;0,0;0,0;0,0;0,0;0,0;0,0;6,0;0,0;0,0;0,0;0,0;0,0;0,0;0,0;0,0;0,0;0,0;0,0;1,0;3,0;0,0;0,0;0,0;24,0;0,89;86,0;61,0;70,93;17,0;7,0;3,0;11,0;40,74;1,0;0,0;1,0;0,0;No;No;No;No;No;No;No;No;No;No
682;Romelle Donovan;eng ENG;FW;Brentford;eng Premier League;19,0;2006,0;4,0;0,0;41,0;0,46;0,0;0,0;0,0;0,0;0,0;0,0;0,0;0,0;0,0;3,0;1,0;33,33;6,59;2,2;0,0;0,0;2,0;0,0;0,0;3,0;0,0;2,0;0,0;;;;;0,0;;;;;;;;;;No;No;No;No;No;No;No;No;No;No
683;Patrick Dorgu;dk DEN;MF;Manchester Utd;eng Premier League;21,0;2004,0;22,0;14,0;1335,0;14,83;3,0;3,0;6,0;3,0;0,0;0,0;5,0;0,0;0,4;20,0;7,0;35,0;1,35;0,47;0,15;0,43;54,0;30,0;14,0;42,0;0,0;19,0;0,0;;;;;0,0;;;;;;;;;;No;No;No;No;No;No;No;No;No;No
684;Niklas Dorsch;de GER;MF;Heidenheim;de Bundesliga;28,0;1998,0;24,0;20,0;1664,0;18,49;0,0;0,0;0,0;0,0;0,0;0,0;2,0;0,0;0,0;13,0;3,0;23,08;0,7;0,16;0,0;0,0;18,0;24,0;13,0;19,0;0,0;26,0;0,0;;;;;0,0;;;;;;;;;;No;No;No;No;No;No;No;No;No;No
685;Alberto Dossena;it ITA;DF;Cagliari;it Serie A;27,0;1998,0;5,0;5,0;450,0;5,0;0,0;1,0;1,0;0,0;0,0;0,0;4,0;0,0;0,2;5,0;1,0;20,0;1,0;0,2;0,0;0,0;0,0;6,0;3,0;5,0;0,0;7,0;0,0;;;;;0,0;;;;;;;;;;No;No;No;No;No;No;No;No;No;No
686;Lohann Doucet;fr FRA;MF;Paris FC;fr Ligue 1;23,0;2002,0;5,0;1,0;121,0;1,34;1,0;0,0;1,0;1,0;0,0;0,0;2,0;0,0;0,74;2,0;1,0;50,0;1,49;0,74;0,5;1,0;0,0;0,0;0,0;1,0;0,0;4,0;0,0;;;;;0,0;;;;;;;;;;No;No;No;No;No;No;No;No;No;No
687;Fodé Doucouré;ml MLI;FW, MF;Le Havre;fr Ligue 1;25,0;2001,0;20,0;9,0;828,0;9,2;2,0;1,0;3,0;2,0;0,0;0,0;1,0;0,0;0,33;16,0;5,0;31,25;1,74;0,54;0,12;0,4;57,0;18,0;5,0;3,0;0,0;8,0;0,0;;;;;0,0;;;;;;;;;;No;No;No;No;No;No;No;No;No;No
688;Sékou Doucoure;fr FRA;DF;Nantes;fr Ligue 1;20,0;2005,0;1,0;0,0;45,0;0,5;0,0;0,0;0,0;0,0;0,0;0,0;0,0;0,0;0,0;0,0;0,0;0,0;0,0;0,0;0,0;0,0;0,0;0,0;3,0;0,0;0,0;1,0;0,0;;;;;0,0;;;;;;;;;;No;No;No;No;No;No;No;No;No;No
689;Désiré Doué;fr FRA;FW, MF;Paris Saint-Germain;fr Ligue 1;20,0;2005,0;16,0;10,0;837,0;9,3;4,0;2,0;6,0;4,0;0,0;1,0;0,0;0,0;0,65;34,0;14,0;41,18;3,66;1,51;0,12;0,29;37,0;14,0;6,0;21,0;0,0;17,0;0,0;;;;;0,0;;;;;;;;;;No;No;No;No;No;No;No;No;No;No
690;Guela Doué;ci CIV;DF, MF;Strasbourg;fr Ligue 1;23,0;2002,0;19,0;18,0;1611,0;17,9;2,0;5,0;7,0;2,0;0,0;0,0;3,0;0,0;0,39;10,0;5,0;50,0;0,56;0,28;0,2;0,4;42,0;31,0;19,0;19,0;0,0;35,0;0,0;;;;;0,0;;;;;;;;;;No;No;No;No;No;No;No;No;No;No
691;Ismaël Doukouré;fr FRA;DF, MF;Strasbourg;fr Ligue 1;22,0;2003,0;19,0;19,0;1578,0;17,53;0,0;1,0;1,0;0,0;0,0;0,0;3,0;2,0;0,06;6,0;3,0;50,0;0,34;0,17;0,0;0,0;3,0;9,0;21,0;13,0;0,0;14,0;1,0;;;;;0,0;;;;;;;;;;No;No;No;No;No;No;No;No;No;No
692;Kamory Doumbia;ml MLI;MF;Brest;fr Ligue 1;23,0;2003,0;20,0;19,0;1515,0;16,83;5,0;3,0;8,0;5,0;0,0;0,0;6,0;0,0;0,48;38,0;12,0;31,58;2,26;0,71;0,13;0,42;19,0;28,0;18,0;18,0;0,0;26,0;0,0;;;;;0,0;;;;;;;;;;No;No;No;No;No;No;No;No;No;No
693;Anastasios Douvikas;gr GRE;FW;Como;it Serie A;26,0;1999,0;29,0;17,0;1610,0;17,89;10,0;1,0;11,0;9,0;1,0;1,0;0,0;0,0;0,56;47,0;22,0;46,81;2,63;1,23;0,21;0,45;4,0;8,0;4,0;31,0;0,0;26,0;0,0;;;;;0,0;;;;;;;;;;No;No;No;No;No;No;No;No;No;No
694;Artem Dovbyk;ua UKR;FW;Roma;it Serie A;28,0;1997,0;13,0;3,0;390,0;4,33;3,0;1,0;4,0;3,0;0,0;0,0;0,0;0,0;0,92;10,0;5,0;50,0;2,31;1,15;0,3;0,6;1,0;3,0;0,0;6,0;0,0;11,0;0,0;;;;;0,0;;;;;;;;;;No;No;No;No;No;No;No;No;No;No
695;Max Dowman;eng ENG;MF;Arsenal;eng Premier League;16,0;2009,0;3,0;0,0;46,0;0,51;1,0;0,0;1,0;1,0;0,0;0,0;0,0;0,0;1,96;5,0;1,0;20,0;9,78;1,96;0,2;1,0;1,0;2,0;0,0;4,0;0,0;0,0;0,0;;;;;0,0;;;;;;;;;;No;No;No;No;No;No;No;No;No;No
696;Damion Downs;us USA;FW;Hamburger SV;de Bundesliga;21,0;2004,0;8,0;6,0;478,0;5,31;0,0;0,0;0,0;0,0;0,0;0,0;0,0;0,0;0,0;7,0;4,0;57,14;1,32;0,75;0,0;0,0;0,0;2,0;0,0;1,0;0,0;7,0;0,0;;;;;0,0;;;;;;;;;;No;No;No;No;No;No;No;No;No;No
697;Radu Drăgușin;ro ROU;DF;Tottenham Hotspur;eng Premier League;24,0;2002,0;8,0;5,0;515,0;5,72;0,0;0,0;0,0;0,0;0,0;0,0;0,0;0,0;0,0;4,0;0,0;0,0;0,7;0,0;0,0;0,0;3,0;3,0;15,0;1,0;0,0;9,0;0,0;;;;;0,0;;;;;;;;;;No;No;No;No;No;No;No;No;No;No
698;Joél Drakes-Thomas;eng ENG;MF;Crystal Palace;eng Premier League;16,0;2009,0;2,0;0,0;9,0;0,1;0,0;0,0;0,0;0,0;0,0;0,0;0,0;0,0;0,0;0,0;0,0;0,0;0,0;0,0;0,0;0,0;0,0;1,0;0,0;0,0;0,0;1,0;0,0;;;;;0,0;;;;;;;;;;No;No;No;No;No;No;No;No;No;No
699;Domingos Duarte;pt POR;DF;Getafe;es La Liga;31,0;1995,0;25,0;25,0;2132,0;23,69;0,0;0,0;0,0;0,0;0,0;0,0;8,0;0,0;0,0;10,0;3,0;30,0;0,42;0,13;0,0;0,0;0,0;10,0;24,0;21,0;0,0;25,0;1,0;;;;;0,0;;;;;;;;;;No;No;No;No;No;No;No;No;No;No
700;Martin Dúbravka;sk SVK;GK;Burnley;eng Premier League;37,0;1989,0;30,0;30,0;2700,0;30,0;0,0;0,0;0,0;0,0;0,0;0,0;1,0;0,0;0,0;0,0;0,0;0,0;0,0;0,0;0,0;0,0;0,0;1,0;0,0;5,0;0,0;0,0;0,0;58,0;1,93;161,0;108,0;67,08;4,0;8,0;18,0;4,0;13,33;6,0;5,0;0,0;1,0;No;No;No;No;No;No;No;No;No;No
701;Denzel Dumfries;nl NED;MF;Inter;it Serie A;29,0;1996,0;13,0;10,0;841,0;9,34;1,0;0,0;1,0;1,0;0,0;0,0;2,0;0,0;0,11;11,0;3,0;27,27;1,18;0,32;0,09;0,33;23,0;7,0;4,0;8,0;0,0;14,0;0,0;;;;;0,0;;;;;;;;;;No;No;No;No;No;No;No;No;No;No
702;Lewis Dunk;eng ENG;DF;Brighton;eng Premier League;34,0;1991,0;28,0;27,0;2475,0;27,5;0,0;0,0;0,0;0,0;0,0;0,0;9,0;0,0;0,0;19,0;2,0;10,53;0,69;0,07;0,0;0,0;5,0;20,0;29,0;8,0;0,0;13,0;0,0;;;;;0,0;;;;;;;;;;No;No;No;No;No;No;No;No;No;No
703;Maxime Dupé;fr FRA;GK;Nice;fr Ligue 1;33,0;1993,0;8,0;8,0;720,0;8,0;0,0;0,0;0,0;0,0;0,0;0,0;0,0;0,0;0,0;0,0;0,0;0,0;0,0;0,0;0,0;0,0;0,0;0,0;0,0;1,0;0,0;0,0;0,0;15,0;1,88;32,0;20,0;62,5;1,0;4,0;3,0;1,0;12,5;3,0;3,0;0,0;0,0;No;No;No;No;No;No;No;No;No;No
704;Pablo Durán;es ESP;FW, MF;Celta Vigo;es La Liga;24,0;2001,0;21,0;12,0;1042,0;11,58;2,0;2,0;4,0;2,0;0,0;0,0;0,0;0,0;0,35;26,0;10,0;38,46;2,25;0,86;0,08;0,2;11,0;8,0;3,0;8,0;0,0;13,0;0,0;;;;;0,0;;;;;;;;;;No;No;No;No;No;No;No;No;No;No
705;Hugo Duro;es ESP;FW;Valencia;es La Liga;26,0;1999,0;27,0;16,0;1489,0;16,54;8,0;0,0;8,0;7,0;1,0;1,0;4,0;0,0;0,42;27,0;11,0;40,74;1,63;0,66;0,3;0,73;0,0;6,0;3,0;28,0;0,0;16,0;0,0;;;;;0,0;;;;;;;;;;No;No;No;No;No;No;No;No;No;No
706;Rafiu Durosinmi;ng NGA;FW;Pisa;it Serie A;23,0;2003,0;9,0;4,0;384,0;4,27;1,0;1,0;2,0;1,0;0,0;0,0;0,0;1,0;0,47;6,0;3,0;50,0;1,41;0,7;0,17;0,33;0,0;0,0;1,0;2,0;0,0;13,0;0,0;;;;;0,0;;;;;;;;;;No;No;No;No;No;No;No;No;No;No
707;Paulo Dybala;ar ARG;FW, MF;Roma;it Serie A;32,0;1993,0;17,0;12,0;1054,0;11,71;2,0;2,0;4,0;2,0;0,0;1,0;0,0;0,0;0,34;36,0;14,0;38,89;3,07;1,2;0,06;0,14;73,0;5,0;3,0;25,0;0,0;11,0;0,0;;;;;0,0;;;;;;;;;;No;No;No;No;No;No;No;No;No;No
708;Edin Džeko;ba BIH;FW;Fiorentina;it Serie A;40,0;1986,0;11,0;2,0;244,0;2,71;0,0;0,0;0,0;0,0;0,0;0,0;1,0;0,0;0,0;4,0;1,0;25,0;1,48;0,37;0,0;0,0;1,0;1,0;1,0;5,0;0,0;2,0;0,0;;;;;0,0;;;;;;;;;;No;No;No;No;No;No;No;No;No;No
709;Adam Dźwigała;pl POL;DF;St Pauli;de Bundesliga;30,0;1995,0;16,0;12,0;1077,0;11,97;1,0;1,0;2,0;1,0;0,0;0,0;5,0;0,0;0,17;3,0;1,0;33,33;0,25;0,08;0,33;1,0;1,0;24,0;19,0;6,0;0,0;15,0;0,0;;;;;0,0;;;;;;;;;;No;No;No;No;No;No;No;No;No;No
710;Aron Dønnum;no NOR;MF;Toulouse;fr Ligue 1;27,0;1998,0;21,0;21,0;1859,0;20,66;4,0;4,0;8,0;1,0;3,0;3,0;6,0;0,0;0,24;31,0;12,0;38,71;1,5;0,58;0,13;0,33;123,0;23,0;22,0;32,0;0,0;25,0;0,0;;;;;0,0;;;;;;;;;;No;No;No;No;No;No;No;No;No;No
711;George Earthy;eng ENG;MF;West Ham United;eng Premier League;21,0;2004,0;1,0;0,0;9,0;0,1;0,0;0,0;0,0;0,0;0,0;0,0;0,0;0,0;0,0;0,0;0,0;0,0;0,0;0,0;0,0;0,0;0,0;0,0;0,0;0,0;0,0;0,0;0,0;;;;;0,0;;;;;;;;;;No;No;No;No;No;No;No;No;No;No
712;Younes Ebnoutalib;de GER;FW;Eintracht Frankfurt;de Bundesliga;22,0;2003,0;2,0;2,0;109,0;1,21;1,0;0,0;1,0;1,0;0,0;0,0;0,0;0,0;0,83;3,0;1,0;33,33;2,48;0,83;0,33;1,0;0,0;0,0;1,0;2,0;0,0;2,0;0,0;;;;;0,0;;;;;;;;;;No;No;No;No;No;No;No;No;No;No
713;Simon Ebonog;cm CMR;MF;Le Havre;fr Ligue 1;21,0;2004,0;22,0;16,0;1300,0;14,44;0,0;0,0;0,0;0,0;0,0;0,0;5,0;0,0;0,0;14,0;2,0;14,29;0,97;0,14;0,0;0,0;10,0;20,0;17,0;23,0;0,0;20,0;0,0;;;;;0,0;;;;;;;;;;No;No;No;No;No;No;No;No;No;No
714;Enzo Ebosse;cm CMR;DF;Torino;it Serie A;27,0;1999,0;8,0;7,0;528,0;5,87;0,0;0,0;0,0;0,0;0,0;0,0;1,0;0,0;0,0;1,0;0,0;0,0;0,17;0,0;0,0;0,0;1,0;1,0;5,0;3,0;0,0;9,0;0,0;;;;;0,0;;;;;;;;;;No;No;No;No;No;No;No;No;No;No
715;Claudio Echeverri;ar ARG;MF;Girona;es La Liga;20,0;2006,0;14,0;2,0;369,0;4,1;1,0;1,0;2,0;1,0;0,0;0,0;3,0;0,0;0,49;9,0;3,0;33,33;2,2;0,73;0,11;0,33;15,0;6,0;1,0;7,0;0,0;4,0;0,0;;;;;0,0;;;;;;;;;;No;No;No;No;No;No;No;No;No;No
716;Éderson;br BRA;MF;Atalanta;it Serie A;26,0;1999,0;22,0;19,0;1621,0;18,01;1,0;0,0;1,0;0,0;1,0;1,0;1,0;0,0;0,0;25,0;6,0;24,0;1,39;0,33;0,04;0,17;10,0;25,0;19,0;28,0;0,0;25,0;0,0;;;;;0,0;;;;;;;;;;No;No;No;No;No;No;No;No;No;No
717;Noah Edjouma;fr FRA;FW, MF;Lille;fr Ligue 1;20,0;2005,0;15,0;3,0;348,0;3,87;0,0;0,0;0,0;0,0;0,0;0,0;0,0;0,0;0,0;10,0;3,0;30,0;2,59;0,78;0,0;0,0;18,0;7,0;3,0;6,0;0,0;5,0;0,0;;;;;0,0;;;;;;;;;;No;No;No;No;No;No;No;No;No;No
718;Andrias Edmundsson;fo FRO;DF;Hellas Verona;it Serie A;25,0;2000,0;6,0;6,0;540,0;6,0;0,0;0,0;0,0;0,0;0,0;0,0;1,0;0,0;0,0;1,0;0,0;0,0;0,17;0,0;0,0;0,0;4,0;8,0;11,0;6,0;0,0;6,0;0,0;;;;;0,0;;;;;;;;;;No;No;No;No;No;No;No;No;No;No
719;Odsonne Édouard;fr FRA;FW;Lens;fr Ligue 1;28,0;1998,0;23,0;21,0;1390,0;15,44;10,0;3,0;13,0;9,0;1,0;1,0;1,0;0,0;0,78;42,0;22,0;52,38;2,72;1,42;0,24;0,45;1,0;5,0;1,0;17,0;0,0;18,0;0,0;;;;;0,0;;;;;;;;;;No;No;No;No;No;No;No;No;No;No
720;Tom Edozie;eng ENG;MF;Wolves;eng Premier League;19,0;2006,0;1,0;0,0;7,0;0,08;1,0;0,0;1,0;1,0;0,0;0,0;0,0;0,0;12,86;1,0;1,0;100,0;12,86;12,86;1,0;1,0;0,0;0,0;0,0;0,0;0,0;0,0;0,0;;;;;0,0;;;;;;;;;;No;No;No;No;No;No;No;No;No;No
721;Yannick Eduardo;cz CZE;FW;Hoffenheim;de Bundesliga;20,0;2006,0;1,0;0,0;1,0;0,01;0,0;0,0;0,0;0,0;0,0;0,0;0,0;0,0;0,0;0,0;0,0;0,0;0,0;0,0;0,0;0,0;0,0;0,0;0,0;0,0;0,0;0,0;0,0;;;;;0,0;;;;;;;;;;No;No;No;No;No;No;No;No;No;No
722;Alysson Edward;br BRA;MF;Aston Villa;eng Premier League;19,0;2006,0;3,0;0,0;49,0;0,54;0,0;0,0;0,0;0,0;0,0;0,0;0,0;0,0;0,0;1,0;0,0;0,0;1,84;0,0;0,0;0,0;2,0;0,0;1,0;1,0;0,0;0,0;0,0;;;;;0,0;;;;;;;;;;No;No;No;No;No;No;No;No;No;No
723;Marcus Edwards;eng ENG;FW, MF;Burnley;eng Premier League;27,0;1998,0;18,0;9,0;897,0;9,97;1,0;3,0;4,0;1,0;0,0;0,0;0,0;0,0;0,4;21,0;5,0;23,81;2,11;0,5;0,05;0,2;15,0;5,0;3,0;12,0;0,0;7,0;0,0;;;;;0,0;;;;;;;;;;No;No;No;No;No;No;No;No;No;No
724;CJ Egan-Riley;eng ENG;DF, MF;Marseille;fr Ligue 1;23,0;2003,0;10,0;7,0;548,0;6,09;0,0;0,0;0,0;0,0;0,0;0,0;1,0;1,0;0,0;0,0;0,0;0,0;0,0;0,0;0,0;0,0;1,0;4,0;2,0;4,0;0,0;4,0;0,0;;;;;0,0;;;;;;;;;;No;No;No;No;No;No;No;No;No;No
725;Maximilian Eggestein;de GER;MF;Freiburg;de Bundesliga;29,0;1996,0;26,0;26,0;2340,0;26,0;2,0;0,0;2,0;2,0;0,0;0,0;3,0;0,0;0,08;39,0;12,0;30,77;1,5;0,46;0,05;0,17;12,0;31,0;25,0;14,0;0,0;16,0;0,0;;;;;0,0;;;;;;;;;;No;No;No;No;No;No;No;No;No;No
726;Kingsley Ehizibue;nl NED;DF, MF;Udinese;it Serie A;30,0;1995,0;24,0;12,0;1153,0;12,81;0,0;0,0;0,0;0,0;0,0;0,0;3,0;0,0;0,0;2,0;0,0;0,0;0,16;0,0;0,0;0,0;24,0;21,0;10,0;17,0;0,0;25,0;0,0;;;;;0,0;;;;;;;;;;No;No;No;No;No;No;No;No;No;No
727;Ovie Ejaria;eng ENG;MF;Oviedo;es La Liga;28,0;1997,0;7,0;2,0;180,0;2,0;0,0;0,0;0,0;0,0;0,0;0,0;1,0;0,0;0,0;3,0;1,0;33,33;1,5;0,5;0,0;0,0;0,0;2,0;2,0;5,0;0,0;3,0;0,0;;;;;0,0;;;;;;;;;;No;No;No;No;No;No;No;No;No;No
728;Chidera Ejuke;ng NGA;FW, MF;Sevilla;es La Liga;28,0;1998,0;21,0;4,0;684,0;7,6;1,0;1,0;2,0;1,0;0,0;0,0;0,0;0,0;0,26;17,0;2,0;11,76;2,24;0,26;0,06;0,5;16,0;9,0;5,0;11,0;0,0;3,0;0,0;;;;;0,0;;;;;;;;;;No;No;No;No;No;No;No;No;No;No
729;Hjalmar Ekdal;se SWE;DF;Burnley;eng Premier League;27,0;1998,0;15,0;13,0;1179,0;13,1;0,0;0,0;0,0;0,0;0,0;0,0;0,0;0,0;0,0;5,0;1,0;20,0;0,38;0,08;0,0;0,0;1,0;13,0;9,0;3,0;0,0;5,0;0,0;;;;;0,0;;;;;;;;;;No;No;No;No;No;No;No;No;No;No
730;Jeff Ekhator;it ITA;FW;Genoa;it Serie A;19,0;2006,0;23,0;5,0;630,0;7,0;2,0;0,0;2,0;2,0;0,0;0,0;3,0;0,0;0,29;15,0;3,0;20,0;2,14;0,43;0,13;0,67;6,0;6,0;1,0;17,0;0,0;16,0;0,0;;;;;0,0;;;;;;;;;;No;No;No;No;No;No;No;No;No;No
731;Hugo Ekitike;fr FRA;FW;Liverpool;eng Premier League;23,0;2002,0;27,0;20,0;1796,0;19,96;11,0;4,0;15,0;11,0;0,0;0,0;0,0;0,0;0,75;65,0;19,0;29,23;3,26;0,95;0,17;0,58;7,0;7,0;4,0;12,0;0,0;35,0;0,0;;;;;0,0;;;;;;;;;;No;No;No;No;No;No;No;No;No;No
732;Jurgen Ekkelenkamp;nl NED;MF;Udinese;it Serie A;25,0;2000,0;25,0;21,0;1717,0;19,08;3,0;1,0;4,0;3,0;0,0;0,0;1,0;0,0;0,21;25,0;11,0;44,0;1,31;0,58;0,12;0,27;27,0;20,0;12,0;12,0;0,0;17,0;0,0;;;;;0,0;;;;;;;;;;No;No;No;No;No;No;No;No;No;No
733;Jacques Ekomie;ga GAB;DF, MF;Angers;fr Ligue 1;22,0;2003,0;25,0;19,0;1673,0;18,59;0,0;0,0;0,0;0,0;0,0;0,0;3,0;0,0;0,0;8,0;3,0;37,5;0,43;0,16;0,0;0,0;45,0;27,0;26,0;21,0;0,0;22,0;0,0;;;;;0,0;;;;;;;;;;No;No;No;No;No;No;No;No;No;No
734;Caleb Ekuban;gh GHA;FW, MF;Genoa;it Serie A;31,0;1994,0;24,0;6,0;828,0;9,2;3,0;1,0;4,0;3,0;0,0;0,0;0,0;0,0;0,43;24,0;8,0;33,33;2,61;0,87;0,12;0,38;4,0;1,0;5,0;24,0;0,0;12,0;0,0;;;;;0,0;;;;;;;;;;No;No;No;No;No;No;No;No;No;No
735;Anthony Elanga;se SWE;FW;Newcastle United;eng Premier League;23,0;2002,0;26,0;12,0;1157,0;12,86;0,0;1,0;1,0;0,0;0,0;0,0;0,0;0,0;0,08;14,0;4,0;28,57;1,09;0,31;0,0;0,0;77,0;10,0;3,0;19,0;0,0;7,0;0,0;;;;;0,0;;;;;;;;;;No;No;No;No;No;No;No;No;No;No
736;Daniel Elfadli;ly LBY;DF;Hamburger SV;de Bundesliga;28,0;1997,0;19,0;14,0;1170,0;13,0;0,0;0,0;0,0;0,0;0,0;0,0;6,0;1,0;0,0;4,0;1,0;25,0;0,31;0,08;0,0;0,0;0,0;12,0;20,0;15,0;1,0;19,0;0,0;;;;;0,0;;;;;;;;;;No;No;No;No;No;No;No;No;No;No
737;Unai Elgezabal;es ESP;DF, MF;Levante;es La Liga;32,0;1993,0;12,0;11,0;958,0;10,64;1,0;0,0;1,0;1,0;0,0;0,0;2,0;0,0;0,09;3,0;1,0;33,33;0,28;0,09;0,33;1,0;0,0;4,0;4,0;6,0;0,0;11,0;1,0;;;;;0,0;;;;;;;;;;No;No;No;No;No;No;No;No;No;No
738;Melker Ellborg;se SWE;GK;Sunderland;eng Premier League;22,0;2003,0;2,0;2,0;180,0;2,0;0,0;0,0;0,0;0,0;0,0;0,0;0,0;0,0;0,0;0,0;0,0;0,0;0,0;0,0;0,0;0,0;0,0;0,0;0,0;0,0;0,0;0,0;0,0;1,0;0,5;8,0;7,0;87,5;1,0;0,0;1,0;1,0;50,0;0,0;0,0;0,0;0,0;No;No;No;No;No;No;No;No;No;No
739;Mikael Ellertsson;is ISL;MF;Genoa;it Serie A;24,0;2002,0;28,0;23,0;2093,0;23,26;1,0;1,0;2,0;1,0;0,0;0,0;1,0;0,0;0,09;21,0;6,0;28,57;0,9;0,26;0,05;0,17;25,0;22,0;13,0;31,0;0,0;22,0;0,0;;;;;0,0;;;;;;;;;;No;No;No;No;No;No;No;No;No;No
740;Harvey Elliott;eng ENG;FW, MF;Aston Villa;eng Premier League;22,0;2003,0;5,0;1,0;113,0;1,26;0,0;0,0;0,0;0,0;0,0;0,0;0,0;0,0;0,0;5,0;0,0;0,0;3,98;0,0;0,0;0,0;3,0;0,0;0,0;2,0;0,0;0,0;0,0;;;;;0,0;;;;;;;;;;No;No;No;No;No;No;No;No;No;No
741;Elif Elmas;mk MKD;MF;Napoli;it Serie A;26,0;1999,0;26,0;18,0;1540,0;17,11;1,0;2,0;3,0;1,0;0,0;0,0;2,0;0,0;0,18;20,0;8,0;40,0;1,17;0,47;0,05;0,12;33,0;12,0;5,0;12,0;0,0;14,0;0,0;;;;;0,0;;;;;;;;;;No;No;No;No;No;No;No;No;No;No
742;Nesta Elphege;fr FRA;FW;Parma;it Serie A;25,0;2001,0;2,0;0,0;35,0;0,39;0,0;0,0;0,0;0,0;0,0;0,0;0,0;0,0;0,0;0,0;0,0;0,0;0,0;0,0;0,0;0,0;0,0;0,0;0,0;0,0;0,0;0,0;0,0;;;;;0,0;;;;;;;;;;No;No;No;No;No;No;No;No;No;No
743;Aritz Elustondo;es ESP;DF;Real Sociedad;es La Liga;31,0;1994,0;9,0;4,0;372,0;4,13;0,0;0,0;0,0;0,0;0,0;0,0;0,0;0,0;0,0;3,0;2,0;66,67;0,73;0,48;0,0;0,0;3,0;4,0;6,0;5,0;0,0;13,0;0,0;;;;;0,0;;;;;;;;;;No;No;No;No;No;No;No;No;No;No
744;Nico Elvedi;ch SUI;DF;Gladbach;de Bundesliga;29,0;1996,0;26,0;26,0;2336,0;25,96;0,0;0,0;0,0;0,0;0,0;0,0;2,0;0,0;0,0;8,0;0,0;0,0;0,31;0,0;0,0;0,0;0,0;28,0;25,0;11,0;0,0;14,0;0,0;;;;;0,0;;;;;;;;;;No;No;No;No;No;No;No;No;No;No
745;Breel Embolo;ch SUI;FW;Rennes;fr Ligue 1;29,0;1997,0;23,0;15,0;1387,0;15,41;6,0;3,0;9,0;6,0;0,0;0,0;3,0;0,0;0,58;23,0;11,0;47,83;1,49;0,71;0,26;0,55;4,0;10,0;4,0;42,0;0,0;37,0;0,0;;;;;0,0;;;;;;;;;;No;No;No;No;No;No;No;No;No;No
746;Emanuel Emegha;nl NED;FW;Strasbourg;fr Ligue 1;23,0;2003,0;7,0;4,0;414,0;4,6;4,0;2,0;6,0;4,0;0,0;0,0;3,0;0,0;1,3;16,0;8,0;50,0;3,48;1,74;0,25;0,5;0,0;0,0;0,0;9,0;0,0;10,0;0,0;;;;;0,0;;;;;;;;;;No;No;No;No;No;No;No;No;No;No
747;Emersonn;br BRA;FW;Toulouse;fr Ligue 1;21,0;2004,0;20,0;15,0;1182,0;13,13;3,0;2,0;5,0;3,0;0,0;0,0;4,0;1,0;0,38;41,0;14,0;34,15;3,12;1,07;0,07;0,21;7,0;6,0;5,0;8,0;0,0;32,0;0,0;;;;;0,0;;;;;;;;;;No;No;No;No;No;No;No;No;No;No
748;Julio Enciso;py PAR;MF;Strasbourg;fr Ligue 1;22,0;2004,0;19,0;17,0;1390,0;15,44;1,0;2,0;3,0;1,0;0,0;0,0;2,0;0,0;0,19;40,0;14,0;35,0;2,59;0,91;0,02;0,07;47,0;7,0;5,0;22,0;0,0;13,0;0,0;;;;;0,0;;;;;;;;;;No;No;No;No;No;No;No;No;No;No
749;Wataru Endo;jp JPN;DF;Liverpool;eng Premier League;33,0;1993,0;8,0;1,0;175,0;1,94;0,0;1,0;1,0;0,0;0,0;0,0;1,0;0,0;0,51;1,0;0,0;0,0;0,51;0,0;0,0;0,0;3,0;3,0;0,0;3,0;0,0;2,0;0,0;;;;;0,0;;;;;;;;;;No;No;No;No;No;No;No;No;No;No
750;Endrick;br BRA;FW;Lyon;fr Ligue 1;19,0;2006,0;9,0;7,0;623,0;6,92;3,0;3,0;6,0;2,0;1,0;1,0;2,0;1,0;0,72;26,0;16,0;61,54;3,76;2,31;0,12;0,19;18,0;3,0;2,0;14,0;0,0;8,0;0,0;;;;;0,0;;;;;;;;;;No;No;No;No;No;No;No;No;No;No
751;Yannik Engelhardt;de GER;MF;Gladbach;de Bundesliga;25,0;2001,0;23,0;21,0;1801,0;20,01;2,0;1,0;3,0;2,0;0,0;0,0;5,0;0,0;0,15;17,0;5,0;29,41;0,85;0,25;0,12;0,4;5,0;19,0;25,0;25,0;0,0;30,0;0,0;;;;;0,0;;;;;;;;;;No;No;No;No;No;No;No;No;No;No
752;Christian Eriksen;dk DEN;MF;Wolfsburg;de Bundesliga;34,0;1992,0;23,0;19,0;1749,0;19,43;2,0;6,0;8,0;0,0;2,0;2,0;4,0;0,0;0,31;26,0;8,0;30,77;1,34;0,41;0,08;0,25;75,0;15,0;12,0;3,0;0,0;11,0;0,0;;;;;0,0;;;;;;;;;;No;No;No;No;No;No;No;No;No;No
753;Aarón Escandell;es ESP;GK;Oviedo;es La Liga;30,0;1995,0;28,0;28,0;2520,0;28,0;0,0;0,0;0,0;0,0;0,0;0,0;2,0;0,0;0,0;0,0;0,0;0,0;0,0;0,0;0,0;0,0;0,0;0,0;0,0;7,0;0,0;1,0;0,0;44,0;1,57;158,0;120,0;75,95;4,0;9,0;15,0;7,0;25,0;6,0;4,0;2,0;0,0;No;No;No;No;No;No;No;No;No;No
754;Xavi Espart;es ESP;DF;Barcelona;es La Liga;18,0;2007,0;1,0;1,0;90,0;1,0;0,0;0,0;0,0;0,0;0,0;0,0;0,0;0,0;0,0;0,0;0,0;0,0;0,0;0,0;0,0;0,0;0,0;1,0;5,0;3,0;0,0;0,0;0,0;;;;;0,0;;;;;;;;;;No;No;No;No;No;No;No;No;No;No
755;Carlos Espí;es ESP;FW;Levante;es La Liga;20,0;2005,0;15,0;3,0;494,0;5,49;5,0;0,0;5,0;5,0;0,0;0,0;1,0;0,0;0,91;18,0;11,0;61,11;3,28;2,0;0,28;0,45;0,0;2,0;2,0;14,0;0,0;14,0;0,0;;;;;0,0;;;;;;;;;;No;No;No;No;No;No;No;No;No;No
756;Alfonso Espino;uy URU;DF, MF;Rayo Vallecano;es La Liga;34,0;1992,0;21,0;10,0;1007,0;11,19;2,0;0,0;2,0;2,0;0,0;0,0;2,0;0,0;0,18;13,0;7,0;53,85;1,16;0,63;0,15;0,29;30,0;19,0;11,0;21,0;0,0;16,0;0,0;;;;;0,0;;;;;;;;;;No;No;No;No;No;No;No;No;No;No
757;Francesco Esposito;it ITA;FW;Inter;it Serie A;20,0;2005,0;27,0;10,0;1119,0;12,43;5,0;3,0;8,0;5,0;0,0;0,0;1,0;0,0;0,64;45,0;17,0;37,78;3,62;1,37;0,11;0,29;2,0;3,0;4,0;39,0;0,0;22,0;0,0;;;;;0,0;;;;;;;;;;No;No;No;No;No;No;No;No;No;No
758;Sebastiano Esposito;it ITA;FW, MF;Cagliari;it Serie A;23,0;2002,0;27,0;25,0;1940,0;21,56;4,0;5,0;9,0;4,0;0,0;0,0;5,0;0,0;0,42;35,0;10,0;28,57;1,62;0,46;0,11;0,4;97,0;25,0;9,0;37,0;0,0;35,0;0,0;;;;;0,0;;;;;;;;;;No;No;No;No;No;No;No;No;No;No
759;Romain Esse;eng ENG;MF;Crystal Palace;eng Premier League;20,0;2005,0;4,0;0,0;44,0;0,49;0,0;0,0;0,0;0,0;0,0;0,0;0,0;0,0;0,0;0,0;0,0;0,0;0,0;0,0;0,0;0,0;2,0;1,0;0,0;2,0;0,0;2,0;0,0;;;;;0,0;;;;;;;;;;No;No;No;No;No;No;No;No;No;No
760;Samuel Essende;cd COD;FW, MF;Augsburg;de Bundesliga;28,0;1998,0;14,0;2,0;414,0;4,6;1,0;0,0;1,0;1,0;0,0;0,0;2,0;0,0;0,22;17,0;4,0;23,53;3,7;0,87;0,06;0,25;3,0;2,0;1,0;14,0;0,0;17,0;0,0;;;;;0,0;;;;;;;;;;No;No;No;No;No;No;No;No;No;No
761;Marco Esteban;es ESP;DF;Oviedo;es La Liga;20,0;2006,0;1,0;0,0;45,0;0,5;0,0;0,0;0,0;0,0;0,0;0,0;0,0;0,0;0,0;0,0;0,0;0,0;0,0;0,0;0,0;0,0;0,0;0,0;0,0;0,0;0,0;0,0;0,0;;;;;0,0;;;;;;;;;;No;No;No;No;No;No;No;No;No;No
762;Maxime Estève;fr FRA;DF;Burnley;eng Premier League;23,0;2002,0;27,0;27,0;2311,0;25,68;0,0;0,0;0,0;0,0;0,0;0,0;0,0;0,0;0,0;9,0;1,0;11,11;0,35;0,04;0,0;0,0;5,0;22,0;32,0;12,0;0,0;9,0;2,0;;;;;0,0;;;;;;;;;;No;No;No;No;No;No;No;No;No;No
763;Tomás Esteves;pt POR;DF, MF;Pisa;it Serie A;23,0;2002,0;1,0;0,0;14,0;0,16;0,0;0,0;0,0;0,0;0,0;0,0;0,0;0,0;0,0;0,0;0,0;0,0;0,0;0,0;0,0;0,0;0,0;0,0;0,0;0,0;0,0;0,0;0,0;;;;;0,0;;;;;;;;;;No;No;No;No;No;No;No;No;No;No
764;Nahuel Estévez;ar ARG;MF;Parma;it Serie A;30,0;1995,0;25,0;9,0;922,0;10,24;0,0;0,0;0,0;0,0;0,0;0,0;2,0;0,0;0,0;8,0;1,0;12,5;0,78;0,1;0,0;0,0;37,0;9,0;4,0;11,0;0,0;8,0;0,0;;;;;0,0;;;;;;;;;;No;No;No;No;No;No;No;No;No;No
765;Pervis Estupiñán;ec ECU;MF;Milan;it Serie A;28,0;1998,0;16,0;12,0;888,0;9,87;1,0;1,0;2,0;1,0;0,0;0,0;3,0;1,0;0,2;9,0;1,0;11,11;0,91;0,1;0,11;1,0;15,0;8,0;10,0;6,0;0,0;14,0;0,0;;;;;0,0;;;;;;;;;;No;No;No;No;No;No;No;No;No;No
766;Karl Etta Eyong;cm CMR;FW;Levante;es La Liga;22,0;2003,0;26,0;18,0;1591,0;17,68;6,0;4,0;10,0;6,0;0,0;1,0;2,0;0,0;0,57;41,0;17,0;41,46;2,32;0,96;0,15;0,35;13,0;13,0;4,0;34,0;0,0;27,0;0,0;;;;;0,0;;;;;;;;;;No;No;No;No;No;No;No;No;No;No
767;Evanilson;br BRA;FW;Bournemouth;eng Premier League;26,0;1999,0;28,0;24,0;2104,0;23,38;6,0;0,0;6,0;6,0;0,0;0,0;1,0;0,0;0,26;59,0;22,0;37,29;2,52;0,94;0,1;0,27;2,0;3,0;2,0;25,0;0,0;17,0;0,0;;;;;0,0;;;;;;;;;;No;No;No;No;No;No;No;No;No;No
768;Edu Expósito;es ESP;MF;Espanyol;es La Liga;29,0;1996,0;26,0;22,0;1722,0;19,13;1,0;6,0;7,0;1,0;0,0;0,0;5,0;0,0;0,37;29,0;9,0;31,03;1,52;0,47;0,03;0,11;183,0;20,0;16,0;28,0;0,0;18,0;0,0;;;;;0,0;;;;;;;;;;No;No;No;No;No;No;No;No;No;No
769;Eberechi Eze;eng ENG;FW, MF;Arsenal;eng Premier League;27,0;1998,0;26,0;17,0;1502,0;16,69;6,0;2,0;8,0;6,0;0,0;0,0;1,0;0,0;0,48;49,0;16,0;32,65;2,94;0,96;0,12;0,38;11,0;12,0;8,0;29,0;0,0;16,0;0,0;;;;;0,0;;;;;;;;;;No;No;No;No;No;No;No;No;No;No
770;Abde Ezzalzouli;ma MAR;FW, MF;Real Betis;es La Liga;24,0;2001,0;19,0;17,0;1446,0;16,07;5,0;5,0;10,0;5,0;0,0;0,0;3,0;0,0;0,62;51,0;15,0;29,41;3,17;0,93;0,1;0,33;34,0;20,0;10,0;51,0;0,0;21,0;0,0;;;;;0,0;;;;;;;;;;No;No;No;No;No;No;No;No;No;No
771;Giovanni Fabbian;it ITA;MF;Fiorentina;it Serie A;23,0;2003,0;21,0;9,0;865,0;9,61;2,0;0,0;2,0;2,0;0,0;0,0;2,0;0,0;0,21;15,0;5,0;33,33;1,56;0,52;0,13;0,4;2,0;4,0;6,0;22,0;0,0;15,0;0,0;;;;;0,0;;;;;;;;;;No;No;No;No;No;No;No;No;No;No
772;Alieu Fadera;gm GAM;FW;Sassuolo;it Serie A;24,0;2001,0;25,0;8,0;936,0;10,4;2,0;1,0;3,0;2,0;0,0;0,0;4,0;0,0;0,29;13,0;4,0;30,77;1,25;0,38;0,15;0,5;24,0;19,0;5,0;36,0;0,0;32,0;0,0;;;;;0,0;;;;;;;;;;No;No;No;No;No;No;No;No;No;No
773;Wout Faes;be BEL;DF;Monaco;fr Ligue 1;27,0;1998,0;7,0;7,0;568,0;6,31;0,0;0,0;0,0;0,0;0,0;0,0;2,0;0,0;0,0;3,0;1,0;33,33;0,48;0,16;0,0;0,0;0,0;7,0;10,0;2,0;0,0;7,0;0,0;;;;;0,0;;;;;;;;;;No;No;No;No;No;No;No;No;No;No
774;Nicolò Fagioli;it ITA;MF;Fiorentina;it Serie A;25,0;2001,0;26,0;23,0;1980,0;22,0;1,0;3,0;4,0;1,0;0,0;0,0;4,0;0,0;0,18;25,0;6,0;24,0;1,14;0,27;0,04;0,17;78,0;22,0;14,0;33,0;0,0;18,0;0,0;;;;;0,0;;;;;;;;;;No;No;No;No;No;No;No;No;No;No
775;Romain Faivre;fr FRA;FW;Auxerre;fr Ligue 1;27,0;1998,0;5,0;2,0;188,0;2,09;0,0;0,0;0,0;0,0;0,0;0,0;0,0;0,0;0,0;6,0;2,0;33,33;2,87;0,96;0,0;0,0;3,0;2,0;1,0;3,0;0,0;3,0;0,0;;;;;0,0;;;;;;;;;;No;No;No;No;No;No;No;No;No;No
776;Omar Falah;es ESP;DF;Oviedo;es La Liga;22,0;2003,0;1,0;0,0;14,0;0,16;0,0;0,0;0,0;0,0;0,0;0,0;0,0;0,0;0,0;0,0;0,0;0,0;0,0;0,0;0,0;0,0;0,0;0,0;0,0;0,0;0,0;0,0;0,0;;;;;0,0;;;;;;;;;;No;No;No;No;No;No;No;No;No;No
777;Wladimiro Falcone;it ITA;GK;Lecce;it Serie A;30,0;1995,0;29,0;29,0;2610,0;29,0;0,0;0,0;0,0;0,0;0,0;0,0;2,0;0,0;0,0;0,0;0,0;0,0;0,0;0,0;0,0;0,0;0,0;2,0;0,0;7,0;0,0;0,0;0,0;39,0;1,34;114,0;81,0;71,05;7,0;6,0;16,0;8,0;27,59;6,0;4,0;2,0;0,0;No;No;No;No;No;No;No;No;No;No
778;Ansu Fati;es ESP;MF;Monaco;fr Ligue 1;23,0;2002,0;17,0;6,0;671,0;7,46;8,0;0,0;8,0;5,0;3,0;4,0;1,0;0,0;0,67;27,0;15,0;55,56;3,62;2,01;0,3;0,53;2,0;7,0;1,0;4,0;0,0;7,0;0,0;;;;;0,0;;;;;;;;;;No;No;No;No;No;No;No;No;No;No
779;Abdoulaye Faye;sn SEN;DF;Lorient;fr Ligue 1;21,0;2004,0;9,0;8,0;753,0;8,37;0,0;0,0;0,0;0,0;0,0;0,0;6,0;0,0;0,0;6,0;1,0;16,67;0,72;0,12;0,0;0,0;1,0;13,0;17,0;9,0;0,0;17,0;0,0;;;;;0,0;;;;;;;;;;No;No;No;No;No;No;No;No;No;No
780;Jacopo Fazzini;it ITA;FW, MF;Fiorentina;it Serie A;23,0;2003,0;15,0;4,0;434,0;4,82;0,0;0,0;0,0;0,0;0,0;0,0;1,0;0,0;0,0;9,0;1,0;11,11;1,87;0,21;0,0;0,0;7,0;6,0;5,0;11,0;0,0;7,0;0,0;;;;;0,0;;;;;;;;;;No;No;No;No;No;No;No;No;No;No
781;Aleix Febas;es ESP;MF;Elche;es La Liga;30,0;1996,0;27,0;27,0;2395,0;26,61;2,0;1,0;3,0;2,0;0,0;0,0;7,0;0,0;0,11;19,0;8,0;42,11;0,71;0,3;0,11;0,25;17,0;30,0;21,0;85,0;0,0;23,0;0,0;;;;;0,0;;;;;;;;;;No;No;No;No;No;No;No;No;No;No
782;Mattia Felici;it ITA;MF;Cagliari;it Serie A;24,0;2001,0;11,0;4,0;411,0;4,57;2,0;1,0;3,0;2,0;0,0;0,0;3,0;0,0;0,66;9,0;6,0;66,67;1,97;1,31;0,22;0,33;23,0;6,0;5,0;6,0;0,0;10,0;0,0;;;;;0,0;;;;;;;;;;No;No;No;No;No;No;No;No;No;No
783;Luiz Felipe;it ITA;DF;Rayo Vallecano;es La Liga;28,0;1997,0;9,0;6,0;380,0;4,22;0,0;0,0;0,0;0,0;0,0;0,0;1,0;0,0;0,0;3,0;1,0;33,33;0,71;0,24;0,0;0,0;0,0;5,0;4,0;1,0;0,0;4,0;0,0;;;;;0,0;;;;;;;;;;No;No;No;No;No;No;No;No;No;No
784;Pedro Felipe;br BRA;DF;Sassuolo;it Serie A;21,0;2004,0;1,0;0,0;2,0;0,02;0,0;0,0;0,0;0,0;0,0;0,0;0,0;0,0;0,0;0,0;0,0;0,0;0,0;0,0;0,0;0,0;0,0;0,0;0,0;0,0;0,0;0,0;0,0;;;;;0,0;;;;;;;;;;No;No;No;No;No;No;No;No;No;No
785;Frank Feller;de GER;GK;Heidenheim;de Bundesliga;22,0;2004,0;1,0;1,0;90,0;1,0;0,0;0,0;0,0;0,0;0,0;0,0;0,0;0,0;0,0;0,0;0,0;0,0;0,0;0,0;0,0;0,0;0,0;0,0;0,0;0,0;0,0;0,0;0,0;2,0;2,0;6,0;4,0;66,67;0,0;0,0;1,0;0,0;0,0;0,0;0,0;0,0;0,0;No;No;No;No;No;No;No;No;No;No
786;Robin Fellhauer;de GER;MF;Augsburg;de Bundesliga;28,0;1998,0;26,0;24,0;2131,0;23,68;2,0;1,0;3,0;2,0;0,0;0,0;2,0;0,0;0,13;24,0;6,0;25,0;1,01;0,25;0,08;0,33;68,0;37,0;17,0;29,0;0,0;21,0;0,0;;;;;0,0;;;;;;;;;;No;No;No;No;No;No;No;No;No;No
787;Kiko Femenía;es ESP;DF, MF;Getafe;es La Liga;35,0;1991,0;23,0;21,0;1664,0;18,49;1,0;1,0;2,0;1,0;0,0;0,0;4,0;0,0;0,11;7,0;3,0;42,86;0,38;0,16;0,14;0,33;38,0;20,0;33,0;11,0;0,0;19,0;0,0;;;;;0,0;;;;;;;;;;No;No;No;No;No;No;No;No;No;No
788;Evan Ferguson;ie IRL;FW;Roma;it Serie A;21,0;2004,0;16,0;10,0;773,0;8,59;3,0;2,0;5,0;3,0;0,0;0,0;1,0;0,0;0,58;27,0;15,0;55,56;3,14;1,75;0,11;0,2;2,0;4,0;1,0;9,0;0,0;11,0;0,0;;;;;0,0;;;;;;;;;;No;No;No;No;No;No;No;No;No;No
789;Lewis Ferguson;sct SCO;MF;Bologna;it Serie A;26,0;1999,0;19,0;13,0;1192,0;13,24;1,0;0,0;1,0;1,0;0,0;0,0;5,0;0,0;0,08;10,0;2,0;20,0;0,76;0,15;0,1;0,5;17,0;12,0;9,0;19,0;0,0;29,0;0,0;;;;;0,0;;;;;;;;;;No;No;No;No;No;No;No;No;No;No
790;Bruno Fernandes;pt POR;MF;Manchester Utd;eng Premier League;31,0;1994,0;27,0;27,0;2344,0;26,04;7,0;16,0;23,0;4,0;3,0;5,0;3,0;0,0;0,77;67,0;18,0;26,87;2,57;0,69;0,1;0,39;121,0;28,0;15,0;32,0;0,0;20,0;0,0;;;;;0,0;;;;;;;;;;No;No;No;No;No;No;No;No;No;No
791;Mateus Fernandes;pt POR;MF;West Ham United;eng Premier League;21,0;2004,0;28,0;27,0;2302,0;25,58;3,0;3,0;6,0;3,0;0,0;0,0;6,0;0,0;0,23;21,0;5,0;23,81;0,82;0,2;0,14;0,6;43,0;52,0;30,0;39,0;0,0;39,0;0,0;;;;;0,0;;;;;;;;;;No;No;No;No;No;No;No;No;No;No
792;Dro Fernández;es ESP;MF;Paris SaintGermain;es La Liga;18,0;2008,0;9,0;4,0;309,0;3,43;0,0;0,0;0,0;0,0;0,0;0,0;0,0;0,0;0,0;2,0;1,0;50,0;0,58;0,29;0,0;0,0;2,0;0,0;5,0;8,0;0,0;5,0;0,0;;;;;0,0;;;;;;;;;;No;No;No;No;No;No;No;No;No;No
793;Enzo Fernández;ar ARG;MF;Chelsea;eng Premier League;25,0;2001,0;29,0;28,0;2488,0;27,64;8,0;3,0;11,0;6,0;2,0;2,0;8,0;0,0;0,33;57,0;24,0;42,11;2,06;0,87;0,14;0,33;59,0;23,0;16,0;38,0;0,0;30,0;0,0;;;;;0,0;;;;;;;;;;No;No;No;No;No;No;No;No;No;No
794;Ezequiél Fernández;ar ARG;MF;Leverkusen;de Bundesliga;23,0;2002,0;16,0;11,0;905,0;10,06;0,0;0,0;0,0;0,0;0,0;0,0;4,0;1,0;0,0;10,0;1,0;10,0;0,99;0,1;0,0;0,0;4,0;16,0;11,0;21,0;1,0;12,0;0,0;;;;;0,0;;;;;;;;;;No;No;No;No;No;No;No;No;No;No
795;Manu Fernández;es ESP;DF;Celta Vigo;es La Liga;24,0;2001,0;13,0;9,0;713,0;7,92;0,0;0,0;0,0;0,0;0,0;0,0;2,0;0,0;0,0;2,0;0,0;0,0;0,25;0,0;0,0;0,0;0,0;9,0;6,0;7,0;0,0;7,0;0,0;;;;;0,0;;;;;;;;;;No;No;No;No;No;No;No;No;No;No
796;Pelayo Fernandez;es ESP;DF;Rayo Vallecano;es La Liga;22,0;2003,0;1,0;0,0;45,0;0,5;0,0;0,0;0,0;0,0;0,0;0,0;0,0;0,0;0,0;1,0;0,0;0,0;2,0;0,0;0,0;0,0;0,0;0,0;0,0;0,0;0,0;1,0;0,0;;;;;0,0;;;;;;;;;;No;No;No;No;No;No;No;No;No;No
797;Roberto Férnandez;es ESP;FW;Espanyol;es La Liga;23,0;2002,0;28,0;19,0;1806,0;20,07;5,0;2,0;7,0;4,0;1,0;1,0;3,0;0,0;0,3;44,0;17,0;38,64;2,19;0,85;0,11;0,29;7,0;2,0;5,0;35,0;0,0;28,0;0,0;;;;;0,0;;;;;;;;;;No;No;No;No;No;No;No;No;No;No
798;Thiago Fernández;ar ARG;MF;Oviedo;es La Liga;21,0;2004,0;7,0;2,0;264,0;2,93;0,0;3,0;3,0;0,0;0,0;0,0;2,0;0,0;1,02;5,0;2,0;40,0;1,7;0,68;0,0;0,0;10,0;1,0;3,0;3,0;0,0;3,0;0,0;;;;;0,0;;;;;;;;;;No;No;No;No;No;No;No;No;No;No
799;Toni Fernández;es ESP;FW;Barcelona;es La Liga;17,0;2008,0;1,0;1,0;45,0;0,5;0,0;0,0;0,0;0,0;0,0;0,0;0,0;0,0;0,0;0,0;0,0;0,0;0,0;0,0;0,0;0,0;0,0;0,0;0,0;0,0;0,0;0,0;0,0;;;;;0,0;;;;;;;;;;No;No;No;No;No;No;No;No;No;No
800;Matias Fernandez-Pardo;be BEL;FW, MF;Lille;fr Ligue 1;21,0;2005,0;21,0;19,0;1670,0;18,56;5,0;4,0;9,0;5,0;0,0;0,0;4,0;0,0;0,49;46,0;21,0;45,65;2,48;1,13;0,11;0,24;50,0;11,0;6,0;29,0;0,0;11,0;0,0;;;;;0,0;;;;;;;;;;No;No;No;No;No;No;No;No;No;No
801;Álvaro Fidalgo;es ESP;MF;Real Betis;es La Liga;28,0;1997,0;6,0;6,0;441,0;4,9;1,0;0,0;1,0;1,0;0,0;0,0;0,0;0,0;0,2;3,0;2,0;66,67;0,61;0,41;0,33;0,5;5,0;3,0;2,0;6,0;0,0;2,0;0,0;;;;;0,0;;;;;;;;;;No;No;No;No;No;No;No;No;No;No
802;Seydou Fini;it ITA;FW;Genoa;it Serie A;19,0;2006,0;1,0;0,0;32,0;0,36;0,0;0,0;0,0;0,0;0,0;0,0;0,0;0,0;0,0;0,0;0,0;0,0;0,0;0,0;0,0;0,0;1,0;0,0;0,0;0,0;0,0;1,0;0,0;;;;;0,0;;;;;;;;;;No;No;No;No;No;No;No;No;No;No
803;Max Finkgräfe;de GER;DF;RB Leipzig;de Bundesliga;21,0;2004,0;6,0;1,0;131,0;1,46;0,0;0,0;0,0;0,0;0,0;0,0;0,0;0,0;0,0;1,0;0,0;0,0;0,69;0,0;0,0;0,0;6,0;4,0;4,0;1,0;0,0;1,0;0,0;;;;;0,0;;;;;;;;;;No;No;No;No;No;No;No;No;No;No
804;Junior Firpo;do DOM;DF;Real Betis;es La Liga;29,0;1996,0;10,0;8,0;672,0;7,47;0,0;1,0;1,0;0,0;0,0;0,0;2,0;0,0;0,13;5,0;0,0;0,0;0,67;0,0;0,0;0,0;18,0;13,0;8,0;7,0;0,0;10,0;0,0;;;;;0,0;;;;;;;;;;No;No;No;No;No;No;No;No;No;No
805;Jonathan Fischer;dk DEN;GK;Metz;fr Ligue 1;24,0;2001,0;26,0;25,0;2264,0;25,16;0,0;0,0;0,0;0,0;0,0;0,0;0,0;0,0;0,0;0,0;0,0;0,0;0,0;0,0;0,0;0,0;0,0;0,0;0,0;4,0;0,0;0,0;0,0;56,0;2,23;137,0;88,0;64,23;3,0;4,0;18,0;4,0;15,38;7,0;6,0;1,0;0,0;No;No;No;No;No;No;No;No;No;No
806;Kilian Fischer;de GER;DF;Wolfsburg;de Bundesliga;25,0;2000,0;11,0;10,0;800,0;8,89;0,0;0,0;0,0;0,0;0,0;0,0;0,0;0,0;0,0;2,0;0,0;0,0;0,22;0,0;0,0;0,0;16,0;13,0;12,0;4,0;0,0;10,0;1,0;;;;;0,0;;;;;;;;;;No;No;No;No;No;No;No;No;No;No
807;Mark Flekken;nl NED;GK;Leverkusen;de Bundesliga;32,0;1993,0;17,0;17,0;1499,0;16,66;0,0;0,0;0,0;0,0;0,0;0,0;2,0;0,0;0,0;0,0;0,0;0,0;0,0;0,0;0,0;0,0;0,0;0,0;0,0;3,0;0,0;0,0;0,0;25,0;1,5;81,0;59,0;72,84;9,0;2,0;6,0;4,0;23,53;3,0;3,0;0,0;0,0;No;No;No;No;No;No;No;No;No;No
808;Zian Flemming;nl NED;FW;Burnley;eng Premier League;27,0;1998,0;21,0;13,0;1099,0;12,21;7,0;0,0;7,0;5,0;2,0;2,0;3,0;0,0;0,41;34,0;14,0;41,18;2,78;1,15;0,21;0,5;3,0;5,0;4,0;17,0;0,0;29,0;0,0;;;;;0,0;;;;;;;;;;No;No;No;No;No;No;No;No;No;No
809;Jack Fletcher;eng ENG;MF;Manchester Utd;eng Premier League;18,0;2007,0;3,0;0,0;108,0;1,2;0,0;0,0;0,0;0,0;0,0;0,0;0,0;0,0;0,0;1,0;0,0;0,0;0,83;0,0;0,0;0,0;0,0;1,0;1,0;1,0;0,0;2,0;0,0;;;;;0,0;;;;;;;;;;No;No;No;No;No;No;No;No;No;No
810;Tyler Fletcher;sct SCO;MF;Manchester Utd;eng Premier League;18,0;2007,0;1,0;0,0;1,0;0,01;0,0;0,0;0,0;0,0;0,0;0,0;0,0;0,0;0,0;0,0;0,0;0,0;0,0;0,0;0,0;0,0;0,0;0,0;0,0;0,0;0,0;0,0;0,0;;;;;0,0;;;;;;;;;;No;No;No;No;No;No;No;No;No;No
811;Romano Floriani;it ITA;DF, MF;Cremonese;it Serie A;23,0;2003,0;21,0;8,0;848,0;9,42;0,0;0,0;0,0;0,0;0,0;0,0;2,0;0,0;0,0;4,0;0,0;0,0;0,42;0,0;0,0;0,0;22,0;9,0;5,0;4,0;0,0;15,0;0,0;;;;;0,0;;;;;;;;;;No;No;No;No;No;No;No;No;No;No
812;Phil Foden;eng ENG;MF;Manchester City;eng Premier League;25,0;2000,0;26,0;21,0;1811,0;20,12;7,0;3,0;10,0;7,0;0,0;0,0;4,0;0,0;0,5;51,0;17,0;33,33;2,53;0,84;0,14;0,41;103,0;12,0;9,0;26,0;0,0;17,0;0,0;;;;;0,0;;;;;;;;;;No;No;No;No;No;No;No;No;No;No
813;Malick Fofana;be BEL;FW, MF;Lyon;fr Ligue 1;20,0;2005,0;9,0;9,0;721,0;8,01;2,0;1,0;3,0;2,0;0,0;0,0;1,0;0,0;0,37;18,0;9,0;50,0;2,25;1,12;0,11;0,22;26,0;5,0;3,0;21,0;0,0;11,0;0,0;;;;;0,0;;;;;;;;;;No;No;No;No;No;No;No;No;No;No
814;Rayan Fofana;fr FRA;FW;Lens;fr Ligue 1;20,0;2006,0;21,0;5,0;672,0;7,47;5,0;0,0;5,0;5,0;0,0;0,0;0,0;0,0;0,67;31,0;11,0;35,48;4,15;1,47;0,16;0,45;4,0;3,0;1,0;30,0;0,0;11,0;0,0;;;;;0,0;;;;;;;;;;No;No;No;No;No;No;No;No;No;No
815;Sadik Fofana;tg TOG;MF;Lecce;it Serie A;22,0;2003,0;3,0;0,0;9,0;0,1;0,0;0,0;0,0;0,0;0,0;0,0;0,0;0,0;0,0;0,0;0,0;0,0;0,0;0,0;0,0;0,0;0,0;0,0;0,0;0,0;0,0;1,0;0,0;;;;;0,0;;;;;;;;;;No;No;No;No;No;No;No;No;No;No
816;Seko Fofana;ci CIV;MF;Rennes;fr Ligue 1;30,0;1995,0;12,0;7,0;655,0;7,28;1,0;0,0;1,0;1,0;0,0;0,0;0,0;0,0;0,14;9,0;3,0;33,33;1,24;0,41;0,11;0,33;7,0;2,0;3,0;13,0;0,0;3,0;0,0;;;;;0,0;;;;;;;;;;No;No;No;No;No;No;No;No;No;No
817;Wesley Fofana;fr FRA;DF;Chelsea;eng Premier League;25,0;2000,0;18,0;13,0;1186,0;13,18;0,0;1,0;1,0;0,0;0,0;0,0;5,0;1,0;0,08;5,0;0,0;0,0;0,38;0,0;0,0;0,0;2,0;10,0;25,0;12,0;1,0;18,0;0,0;;;;;0,0;;;;;;;;;;No;No;No;No;No;No;No;No;No;No
818;Youssouf Fofana;fr FRA;MF;Milan;it Serie A;27,0;1999,0;24,0;21,0;1668,0;18,53;1,0;3,0;4,0;1,0;0,0;0,0;4,0;0,0;0,22;35,0;13,0;37,14;1,89;0,7;0,03;0,08;9,0;14,0;9,0;14,0;0,0;17,0;0,0;;;;;0,0;;;;;;;;;;No;No;No;No;No;No;No;No;No;No
819;Jonas Föhrenbach;de GER;DF, MF;Heidenheim;de Bundesliga;30,0;1996,0;19,0;18,0;1650,0;18,33;1,0;1,0;2,0;1,0;0,0;0,0;3,0;0,0;0,11;5,0;1,0;20,0;0,27;0,05;0,2;1,0;75,0;18,0;23,0;9,0;0,0;12,0;0,0;;;;;0,0;;;;;;;;;;No;No;No;No;No;No;No;No;No;No
820;Francesco Folino;it ITA;DF;Cremonese;it Serie A;24,0;2002,0;15,0;7,0;684,0;7,6;1,0;0,0;1,0;1,0;0,0;0,0;1,0;0,0;0,13;1,0;1,0;100,0;0,13;0,13;1,0;1,0;1,0;4,0;1,0;8,0;0,0;11,0;0,0;;;;;0,0;;;;;;;;;;No;No;No;No;No;No;No;No;No;No
821;Michael Folorunsho;it ITA;FW, MF;Cagliari;it Serie A;28,0;1998,0;19,0;18,0;1516,0;16,84;2,0;0,0;2,0;2,0;0,0;0,0;3,0;0,0;0,12;23,0;7,0;30,43;1,37;0,42;0,09;0,29;18,0;8,0;7,0;34,0;0,0;30,0;0,0;;;;;0,0;;;;;;;;;;No;No;No;No;No;No;No;No;No;No
822;Nicolas Fonseca;uy URU;MF;Oviedo;es La Liga;27,0;1998,0;11,0;4,0;450,0;5,0;0,0;0,0;0,0;0,0;0,0;0,0;3,0;0,0;0,0;5,0;1,0;20,0;1,0;0,2;0,0;0,0;1,0;16,0;8,0;4,0;0,0;11,0;0,0;;;;;0,0;;;;;;;;;;No;No;No;No;No;No;No;No;No;No
823;Álex Forés;es ESP;FW;Oviedo;es La Liga;24,0;2001,0;14,0;2,0;285,0;3,17;0,0;1,0;1,0;0,0;0,0;0,0;0,0;0,0;0,32;8,0;2,0;25,0;2,53;0,63;0,0;0,0;2,0;0,0;1,0;4,0;0,0;2,0;0,0;;;;;0,0;;;;;;;;;;No;No;No;No;No;No;No;No;No;No
824;Pablo Fornals;es ESP;MF;Real Betis;es La Liga;30,0;1996,0;28,0;26,0;2208,0;24,53;6,0;4,0;10,0;6,0;0,0;0,0;2,0;0,0;0,41;35,0;15,0;42,86;1,43;0,61;0,17;0,4;109,0;23,0;26,0;20,0;0,0;24,0;0,0;;;;;0,0;;;;;;;;;;Sí;Sí;No;No;No;No;No;No;No;No
825;Héctor Fort;es ESP;DF, MF;Elche;es La Liga;19,0;2006,0;9,0;5,0;327,0;3,63;1,0;2,0;3,0;1,0;0,0;0,0;0,0;0,0;0,83;10,0;4,0;40,0;2,75;1,1;0,1;0,25;6,0;2,0;4,0;0,0;0,0;4,0;0,0;;;;;0,0;;;;;;;;;;No;No;No;No;No;No;No;No;No;No
826;Niccolò Fortini;it ITA;MF;Fiorentina;it Serie A;20,0;2006,0;16,0;2,0;541,0;6,01;0,0;0,0;0,0;0,0;0,0;0,0;0,0;0,0;0,0;8,0;2,0;25,0;1,33;0,33;0,0;0,0;29,0;9,0;4,0;18,0;0,0;5,0;0,0;;;;;0,0;;;;;;;;;;No;No;No;No;No;No;No;No;No;No
827;Lyle Foster;za RSA;FW, MF;Burnley;eng Premier League;25,0;2000,0;22,0;14,0;1226,0;13,62;3,0;1,0;4,0;3,0;0,0;0,0;4,0;0,0;0,29;18,0;5,0;27,78;1,32;0,37;0,17;0,6;5,0;10,0;4,0;13,0;0,0;20,0;0,0;;;;;0,0;;;;;;;;;;No;No;No;No;No;No;No;No;No;No
828;Dimitri Foulquier;fr FRA;DF;Valencia;es La Liga;32,0;1993,0;15,0;12,0;1150,0;12,78;0,0;0,0;0,0;0,0;0,0;0,0;1,0;0,0;0,0;6,0;1,0;16,67;0,47;0,08;0,0;0,0;11,0;9,0;8,0;7,0;0,0;16,0;0,0;;;;;0,0;;;;;;;;;;No;No;No;No;No;No;No;No;No;No
829;Juan Foyth;ar ARG;DF;Villarreal;es La Liga;28,0;1998,0;13,0;12,0;934,0;10,38;0,0;0,0;0,0;0,0;0,0;0,0;2,0;0,0;0,0;2,0;0,0;0,0;0,19;0,0;0,0;0,0;0,0;13,0;15,0;1,0;0,0;8,0;0,0;;;;;0,0;;;;;;;;;;No;No;No;No;No;No;No;No;No;No
830;Alejandro Francés;es ESP;DF;Girona;es La Liga;23,0;2002,0;17,0;6,0;619,0;6,88;0,0;1,0;1,0;0,0;0,0;0,0;1,0;1,0;0,15;7,0;4,0;57,14;1,02;0,58;0,0;0,0;15,0;9,0;8,0;12,0;0,0;8,0;0,0;;;;;0,0;;;;;;;;;;No;No;No;No;No;No;No;No;No;No
831;Przemysław Frankowski;pl POL;MF;Rennes;fr Ligue 1;30,0;1995,0;17,0;14,0;1126,0;12,51;1,0;2,0;3,0;1,0;0,0;0,0;5,0;0,0;0,24;9,0;3,0;33,33;0,72;0,24;0,11;0,33;74,0;25,0;9,0;9,0;0,0;12,0;0,0;;;;;0,0;;;;;;;;;;No;No;No;No;No;No;No;No;No;No
832;Davide Frattesi;it ITA;MF;Inter;it Serie A;26,0;1999,0;17,0;3,0;490,0;5,44;0,0;0,0;0,0;0,0;0,0;0,0;0,0;0,0;0,0;12,0;3,0;25,0;2,2;0,55;0,0;0,0;0,0;6,0;3,0;10,0;0,0;8,0;0,0;;;;;0,0;;;;;;;;;;No;No;No;No;No;No;No;No;No;No
833;Oscar Fraulo;dk DEN;MF;Gladbach;de Bundesliga;22,0;2003,0;4,0;0,0;43,0;0,48;1,0;0,0;1,0;1,0;0,0;0,0;0,0;0,0;2,09;1,0;1,0;100,0;2,09;2,09;1,0;1,0;0,0;0,0;1,0;0,0;0,0;3,0;0,0;;;;;0,0;;;;;;;;;;No;No;No;No;No;No;No;No;No;No
834;Tyler Fredricson;eng ENG;DF;Manchester Utd;eng Premier League;21,0;2005,0;1,0;0,0;3,0;0,03;0,0;0,0;0,0;0,0;0,0;0,0;0,0;0,0;0,0;0,0;0,0;0,0;0,0;0,0;0,0;0,0;0,0;0,0;0,0;0,0;0,0;0,0;0,0;;;;;0,0;;;;;;;;;;No;No;No;No;No;No;No;No;No;No
835;Alex Freeman;us USA;DF;Villarreal;es La Liga;21,0;2004,0;4,0;0,0;42,0;0,47;0,0;0,0;0,0;0,0;0,0;0,0;0,0;0,0;0,0;0,0;0,0;0,0;0,0;0,0;0,0;0,0;1,0;0,0;1,0;0,0;0,0;1,0;0,0;;;;;0,0;;;;;;;;;;No;No;No;No;No;No;No;No;No;No
836;Morten Frendrup;dk DEN;MF;Genoa;it Serie A;24,0;2001,0;28,0;27,0;2376,0;26,4;1,0;0,0;1,0;1,0;0,0;0,0;3,0;0,0;0,04;8,0;3,0;37,5;0,3;0,11;0,12;0,33;3,0;56,0;33,0;33,0;0,0;34,0;0,0;;;;;0,0;;;;;;;;;;No;No;No;No;No;No;No;No;No;No
837;Martin Frese;dk DEN;DF, MF;Hellas Verona;it Serie A;28,0;1998,0;23,0;19,0;1771,0;19,68;2,0;0,0;2,0;2,0;0,0;0,0;5,0;0,0;0,1;16,0;8,0;50,0;0,81;0,41;0,12;0,25;52,0;33,0;20,0;14,0;0,0;35,0;1,0;;;;;0,0;;;;;;;;;;No;No;No;No;No;No;No;No;No;No
838;Remo Freuler;ch SUI;MF;Bologna;it Serie A;33,0;1992,0;21,0;18,0;1518,0;16,87;0,0;2,0;2,0;0,0;0,0;0,0;5,0;0,0;0,12;5,0;0,0;0,0;0,3;0,0;0,0;0,0;11,0;29,0;9,0;18,0;0,0;16,0;1,0;;;;;0,0;;;;;;;;;;No;No;No;No;No;No;No;No;No;No
839;Marco Friedl;at AUT;DF;Werder Bremen;de Bundesliga;28,0;1998,0;24,0;24,0;2118,0;23,53;1,0;0,0;1,0;1,0;0,0;0,0;7,0;0,0;0,04;8,0;2,0;25,0;0,34;0,08;0,12;0,5;15,0;19,0;28,0;15,0;0,0;13,0;0,0;;;;;0,0;;;;;;;;;;No;No;No;No;No;No;No;No;No;No
840;Marvin Friedrich;de GER;DF;Gladbach;de Bundesliga;30,0;1995,0;5,0;1,0;149,0;1,66;0,0;0,0;0,0;0,0;0,0;0,0;0,0;0,0;0,0;0,0;0,0;0,0;0,0;0,0;0,0;0,0;0,0;3,0;1,0;2,0;0,0;2,0;0,0;;;;;0,0;;;;;;;;;;No;No;No;No;No;No;No;No;No;No
841;Jeremie Frimpong;nl NED;DF, MF;Liverpool;eng Premier League;25,0;2000,0;14,0;8,0;690,0;7,67;0,0;1,0;1,0;0,0;0,0;0,0;0,0;0,0;0,13;8,0;1,0;12,5;1,04;0,13;0,0;0,0;41,0;7,0;5,0;12,0;0,0;3,0;0,0;;;;;0,0;;;;;;;;;;No;No;No;No;No;No;No;No;No;No
842;Jorge de Frutos;es ESP;FW, MF;Rayo Vallecano;es La Liga;29,0;1997,0;26,0;26,0;1880,0;20,89;10,0;1,0;11,0;9,0;1,0;1,0;3,0;0,0;0,48;43,0;20,0;46,51;2,06;0,96;0,23;0,5;30,0;12,0;5,0;29,0;0,0;27,0;0,0;;;;;0,0;;;;;;;;;;No;No;Sí;No;No;No;No;No;No;No
843;Chris Führich;de GER;MF;Stuttgart;de Bundesliga;28,0;1998,0;25,0;13,0;1146,0;12,73;4,0;5,0;9,0;4,0;0,0;0,0;1,0;0,0;0,71;24,0;13,0;54,17;1,88;1,02;0,17;0,31;51,0;7,0;1,0;4,0;0,0;4,0;0,0;;;;;0,0;;;;;;;;;;No;No;No;No;No;No;No;No;No;No
844;Joel Fujita;jp JPN;MF;St Pauli;de Bundesliga;24,0;2002,0;25,0;24,0;2123,0;23,59;1,0;3,0;4,0;1,0;0,0;0,0;4,0;0,0;0,17;26,0;5,0;19,23;1,1;0,21;0,04;0,2;25,0;26,0;28,0;12,0;0,0;28,0;0,0;;;;;0,0;;;;;;;;;;No;No;No;No;No;No;No;No;No;No
845;Niclas Füllkrug;de GER;FW;Milan;it Serie A;33,0;1993,0;21,0;6,0;777,0;8,63;1,0;0,0;1,0;1,0;0,0;1,0;0,0;0,0;0,12;22,0;7,0;31,82;2,55;0,81;0,05;0,14;1,0;3,0;4,0;7,0;0,0;17,0;0,0;;;;;0,0;;;;;;;;;;No;No;No;No;No;No;No;No;No;No
846;Matteo Gabbia;it ITA;DF;Milan;it Serie A;26,0;1999,0;24,0;22,0;1990,0;22,11;0,0;0,0;0,0;0,0;0,0;0,0;3,0;0,0;0,0;18,0;3,0;16,67;0,81;0,14;0,0;0,0;1,0;10,0;12,0;5,0;0,0;18,0;0,0;;;;;0,0;;;;;;;;;;No;No;No;No;No;No;No;No;No;No
847;Tiago Gabriel;pt POR;DF;Lecce;it Serie A;21,0;2004,0;29,0;28,0;2499,0;27,77;1,0;0,0;1,0;1,0;0,0;0,0;4,0;0,0;0,04;17,0;3,0;17,65;0,61;0,11;0,06;0,33;1,0;31,0;35,0;35,0;0,0;23,0;1,0;;;;;0,0;;;;;;;;;;No;No;No;No;No;No;No;No;No;No
848;Gianluca Gaetano;it ITA;FW, MF;Cagliari;it Serie A;25,0;2000,0;24,0;12,0;1152,0;12,8;2,0;3,0;5,0;2,0;0,0;0,0;4,0;0,0;0,39;22,0;8,0;36,36;1,72;0,62;0,09;0,25;29,0;9,0;10,0;22,0;0,0;19,0;0,0;;;;;0,0;;;;;;;;;;No;No;No;No;No;No;No;No;No;No
849;Roberto Gagliardini;it ITA;MF;Hellas Verona;it Serie A;31,0;1994,0;21,0;17,0;1585,0;17,61;1,0;0,0;1,0;1,0;0,0;0,0;5,0;0,0;0,06;11,0;3,0;27,27;0,62;0,17;0,09;0,33;13,0;30,0;42,0;22,0;0,0;28,0;0,0;;;;;0,0;;;;;;;;;;No;No;No;No;No;No;No;No;No;No
850;Cody Gakpo;nl NED;FW, MF;Liverpool;eng Premier League;26,0;1999,0;28,0;24,0;2055,0;22,83;6,0;3,0;9,0;6,0;0,0;0,0;2,0;0,0;0,39;67,0;15,0;22,39;2,93;0,66;0,09;0,4;82,0;10,0;9,0;38,0;0,0;31,0;0,0;;;;;0,0;;;;;;;;;;No;No;No;No;No;No;No;No;No;No
851;Javi Galán;es ESP;DF;Osasuna;es La Liga;31,0;1994,0;16,0;12,0;1094,0;12,16;0,0;1,0;1,0;0,0;0,0;0,0;1,0;0,0;0,08;4,0;1,0;25,0;0,33;0,08;0,0;0,0;45,0;23,0;18,0;27,0;0,0;15,0;0,0;;;;;0,0;;;;;;;;;;No;No;No;No;No;No;No;No;No;No
852;Iñigo Ruiz de Galarreta;es ESP;MF;Athletic Club;es La Liga;32,0;1993,0;25,0;23,0;1646,0;18,29;1,0;1,0;2,0;1,0;0,0;0,0;10,0;0,0;0,11;16,0;2,0;12,5;0,87;0,11;0,06;0,5;37,0;25,0;15,0;30,0;0,0;44,0;0,0;;;;;0,0;;;;;;;;;;No;No;No;No;No;No;No;No;No;No
853;Conor Gallagher;eng ENG;MF;Tottenham Hotspur;eng Premier League;26,0;2000,0;27,0;11,0;1257,0;13,97;2,0;1,0;3,0;2,0;0,0;0,0;2,0;0,0;0,21;18,0;7,0;38,89;1,29;0,5;0,11;0,29;25,0;18,0;20,0;23,0;0,0;29,0;0,0;;;;;0,0;;;;;;;;;;No;No;No;No;No;No;No;No;No;No
854;Antonino Gallo;it ITA;DF;Lecce;it Serie A;26,0;2000,0;29,0;27,0;2387,0;26,52;0,0;3,0;3,0;0,0;0,0;0,0;2,0;0,0;0,11;5,0;1,0;20,0;0,19;0,04;0,0;0,0;100,0;35,0;11,0;10,0;0,0;6,0;0,0;;;;;0,0;;;;;;;;;;No;No;No;No;No;No;No;No;No;No
855;Idrissa Gana Gueye;sn SEN;MF;Everton;eng Premier League;36,0;1989,0;21,0;21,0;1755,0;19,5;2,0;1,0;3,0;2,0;0,0;0,0;1,0;1,0;0,15;26,0;6,0;23,08;1,33;0,31;0,08;0,33;18,0;19,0;23,0;26,0;0,0;18,0;0,0;;;;;0,0;;;;;;;;;;No;No;No;No;No;No;No;No;No;No
856;Ignatius Ganago;cm CMR;FW;Nantes;fr Ligue 1;27,0;1999,0;5,0;3,0;242,0;2,69;1,0;0,0;1,0;0,0;1,0;1,0;0,0;0,0;0,0;5,0;2,0;40,0;1,86;0,74;0,2;0,5;2,0;0,0;0,0;2,0;0,0;3,0;0,0;;;;;0,0;;;;;;;;;;No;No;No;No;No;No;No;No;No;No
857;Omri Gandelman;il ISR;FW, MF;Lecce;it Serie A;25,0;2000,0;11,0;8,0;674,0;7,49;2,0;0,0;2,0;2,0;0,0;0,0;0,0;0,0;0,27;9,0;3,0;33,33;1,2;0,4;0,22;0,67;1,0;4,0;2,0;2,0;0,0;8,0;0,0;;;;;0,0;;;;;;;;;;No;No;No;No;No;No;No;No;No;No
858;Ismaëlo Ganiou;bf BFA;DF;Lens;fr Ligue 1;21,0;2005,0;15,0;15,0;1332,0;14,8;2,0;0,0;2,0;2,0;0,0;0,0;4,0;1,0;0,14;11,0;2,0;18,18;0,74;0,14;0,18;1,0;9,0;16,0;15,0;16,0;1,0;18,0;0,0;;;;;0,0;;;;;;;;;;No;No;No;No;No;No;No;No;No;No
859;Ben Gannon-Doak;sct SCO;MF;Bournemouth;eng Premier League;20,0;2005,0;4,0;0,0;57,0;0,63;0,0;1,0;1,0;0,0;0,0;0,0;0,0;0,0;1,58;1,0;0,0;0,0;1,58;0,0;0,0;0,0;2,0;0,0;1,0;1,0;0,0;1,0;0,0;;;;;0,0;;;;;;;;;;No;No;No;No;No;No;No;No;No;No
860;Facundo Garcés;my MAS;DF;Alavés;es La Liga;26,0;1999,0;10,0;8,0;793,0;8,81;0,0;0,0;0,0;0,0;0,0;0,0;3,0;0,0;0,0;8,0;4,0;50,0;0,91;0,45;0,0;0,0;1,0;8,0;7,0;3,0;0,0;13,0;0,0;;;;;0,0;;;;;;;;;;No;No;No;No;No;No;No;No;No;No
861;Aleix García;es ESP;MF;Leverkusen;de Bundesliga;28,0;1997,0;26,0;24,0;2104,0;23,38;2,0;5,0;7,0;2,0;0,0;0,0;4,0;0,0;0,3;23,0;4,0;17,39;0,98;0,17;0,09;0,5;95,0;14,0;19,0;17,0;0,0;7,0;0,0;;;;;0,0;;;;;;;;;;No;Sí;Sí;No;No;No;No;Sí;Sí;Sí
862;Álvaro García;es ESP;FW, MF;Rayo Vallecano;es La Liga;33,0;1992,0;28,0;20,0;1852,0;20,58;4,0;4,0;8,0;4,0;0,0;0,0;3,0;0,0;0,39;42,0;16,0;38,1;2,04;0,78;0,1;0,25;74,0;15,0;13,0;12,0;0,0;17,0;0,0;;;;;0,0;;;;;;;;;;No;No;No;No;No;No;No;No;No;No
863;Andrés García;es ESP;DF;Aston Villa;eng Premier League;23,0;2003,0;4,0;0,0;40,0;0,44;0,0;0,0;0,0;0,0;0,0;0,0;0,0;0,0;0,0;0,0;0,0;0,0;0,0;0,0;0,0;0,0;4,0;1,0;0,0;0,0;0,0;0,0;0,0;;;;;0,0;;;;;;;;;;No;No;No;No;No;No;No;No;No;No
864;Eder García;es ESP;FW;Athletic Club;es La Liga;22,0;2004,0;2,0;0,0;38,0;0,42;0,0;0,0;0,0;0,0;0,0;0,0;1,0;0,0;0,0;1,0;0,0;0,0;2,37;0,0;0,0;0,0;0,0;0,0;0,0;0,0;0,0;2,0;0,0;;;;;0,0;;;;;;;;;;No;No;No;No;No;No;No;No;No;No
865;Eric García;es ESP;DF, MF;Barcelona;es La Liga;25,0;2001,0;27,0;25,0;2170,0;24,11;1,0;1,0;2,0;1,0;0,0;0,0;3,0;0,0;0,08;23,0;6,0;26,09;0,95;0,25;0,04;0,17;9,0;37,0;41,0;19,0;0,0;26,0;0,0;;;;;0,0;;;;;;;;;;No;No;No;No;No;No;No;No;No;No
866;Fran Garcia;es ESP;DF, MF;Real Madrid;es La Liga;26,0;1999,0;8,0;6,0;504,0;5,6;1,0;1,0;2,0;1,0;0,0;0,0;2,0;1,0;0,36;4,0;2,0;50,0;0,71;0,36;0,25;0,5;20,0;5,0;4,0;6,0;1,0;4,0;0,0;;;;;0,0;;;;;;;;;;No;No;No;No;No;No;No;No;No;No
867;Gonzalo García;es ESP;FW;Real Madrid;es La Liga;21,0;2004,0;23,0;6,0;676,0;7,51;4,0;0,0;4,0;4,0;0,0;0,0;1,0;0,0;0,53;14,0;9,0;64,29;1,86;1,2;0,29;0,44;1,0;7,0;2,0;3,0;0,0;5,0;0,0;;;;;0,0;;;;;;;;;;No;No;No;No;No;No;No;No;No;No
868;Hugo García;es ESP;MF;Celta Vigo;es La Liga;19,0;2006,0;1,0;0,0;8,0;0,09;0,0;0,0;0,0;0,0;0,0;0,0;0,0;0,0;0,0;0,0;0,0;0,0;0,0;0,0;0,0;0,0;0,0;0,0;0,0;0,0;0,0;0,0;0,0;;;;;0,0;;;;;;;;;;No;No;No;No;No;No;No;No;No;No
869;Joan García;es ESP;GK;Barcelona;es La Liga;24,0;2001,0;22,0;22,0;1980,0;22,0;0,0;0,0;0,0;0,0;0,0;0,0;1,0;0,0;0,0;0,0;0,0;0,0;0,0;0,0;0,0;0,0;0,0;3,0;0,0;4,0;0,0;0,0;0,0;17,0;0,77;74,0;59,0;79,73;19,0;1,0;2,0;11,0;50,0;2,0;2,0;0,0;0,0;Sí;No;No;No;No;No;No;No;No;No
870;Pablo Garcia;es ESP;MF;Real Betis;es La Liga;19,0;2006,0;14,0;2,0;372,0;4,13;0,0;0,0;0,0;0,0;0,0;0,0;1,0;0,0;0,0;11,0;4,0;36,36;2,66;0,97;0,0;0,0;3,0;5,0;3,0;9,0;0,0;5,0;0,0;;;;;0,0;;;;;;;;;;No;No;No;No;No;No;No;No;No;No
871;Rubén García;es ESP;FW, MF;Osasuna;es La Liga;32,0;1993,0;25,0;19,0;1543,0;17,14;2,0;5,0;7,0;2,0;0,0;0,0;5,0;0,0;0,41;20,0;5,0;25,0;1,17;0,29;0,1;0,4;102,0;26,0;12,0;22,0;0,0;25,0;0,0;;;;;0,0;;;;;;;;;;No;No;No;No;No;No;No;No;No;No
872;Ulisses Garcia;ch SUI;DF, MF;Sassuolo;it Serie A;30,0;1996,0;10,0;6,0;598,0;6,64;0,0;1,0;1,0;0,0;0,0;0,0;2,0;1,0;0,15;2,0;1,0;50,0;0,3;0,15;0,0;0,0;20,0;7,0;4,0;3,0;0,0;7,0;0,0;;;;;0,0;;;;;;;;;;No;No;No;No;No;No;No;No;No;No
873;Víctor García;es ESP;FW, MF;Levante;es La Liga;28,0;1997,0;14,0;7,0;606,0;6,73;0,0;1,0;1,0;0,0;0,0;0,0;0,0;0,0;0,15;10,0;3,0;30,0;1,49;0,45;0,0;0,0;43,0;6,0;5,0;9,0;0,0;8,0;0,0;;;;;0,0;;;;;;;;;;No;No;No;No;No;No;No;No;No;No
874;Alejandro Garnacho;ar ARG;MF;Chelsea;eng Premier League;21,0;2004,0;19,0;14,0;1077,0;11,97;1,0;4,0;5,0;1,0;0,0;0,0;1,0;0,0;0,42;28,0;7,0;25,0;2,34;0,58;0,04;0,14;54,0;11,0;4,0;19,0;0,0;8,0;0,0;;;;;0,0;;;;;;;;;;No;No;No;No;No;No;No;No;No;No
875;James Garner;eng ENG;DF, MF;Everton;eng Premier League;25,0;2001,0;30,0;30,0;2693,0;29,92;2,0;5,0;7,0;2,0;0,0;0,0;7,0;0,0;0,23;40,0;11,0;27,5;1,34;0,37;0,05;0,18;162,0;53,0;47,0;30,0;0,0;28,0;0,0;;;;;0,0;;;;;;;;;;No;No;No;No;No;No;No;No;No;No
876;Erawan Garnier;th THA;DF;Lens;fr Ligue 1;20,0;2006,0;1,0;0,0;7,0;0,08;0,0;0,0;0,0;0,0;0,0;0,0;0,0;0,0;0,0;0,0;0,0;0,0;0,0;0,0;0,0;0,0;2,0;1,0;0,0;0,0;0,0;0,0;0,0;;;;;0,0;;;;;;;;;;No;No;No;No;No;No;No;No;No;No
877;Federico Gatti;it ITA;DF;Juventus;it Serie A;27,0;1998,0;16,0;11,0;957,0;10,63;2,0;0,0;2,0;2,0;0,0;0,0;3,0;0,0;0,19;12,0;6,0;50,0;1,13;0,56;0,17;0,33;2,0;7,0;11,0;6,0;0,0;14,0;0,0;;;;;0,0;;;;;;;;;;No;No;No;No;No;No;No;No;No;No
878;Federico Gattoni;ar ARG;DF;Sevilla;es La Liga;27,0;1999,0;1,0;0,0;10,0;0,11;0,0;0,0;0,0;0,0;0,0;0,0;0,0;0,0;0,0;0,0;0,0;0,0;0,0;0,0;0,0;0,0;0,0;0,0;0,0;0,0;0,0;0,0;0,0;;;;;0,0;;;;;;;;;;No;No;No;No;No;No;No;No;No;No
879;Gavi;es ESP;FW, MF;Barcelona;es La Liga;21,0;2004,0;3,0;0,0;76,0;0,84;0,0;1,0;1,0;0,0;0,0;0,0;0,0;0,0;1,18;0,0;0,0;0,0;0,0;0,0;0,0;0,0;1,0;1,0;1,0;1,0;0,0;3,0;0,0;;;;;0,0;;;;;;;;;;No;No;No;Sí;Sí;No;No;No;No;No
880;Jusuf Gazibegović;ba BIH;DF;Köln;de Bundesliga;26,0;2000,0;1,0;0,0;23,0;0,26;0,0;0,0;0,0;0,0;0,0;0,0;0,0;0,0;0,0;0,0;0,0;0,0;0,0;0,0;0,0;0,0;1,0;0,0;0,0;0,0;0,0;0,0;0,0;;;;;0,0;;;;;;;;;;No;No;No;No;No;No;No;No;No;No
881;Paulo Gazzaniga;ar ARG;GK;Girona;es La Liga;34,0;1992,0;25,0;25,0;2202,0;24,47;0,0;0,0;0,0;0,0;0,0;0,0;4,0;1,0;0,0;0,0;0,0;0,0;0,0;0,0;0,0;0,0;0,0;0,0;0,0;5,0;0,0;1,0;0,0;35,0;1,43;118,0;87,0;73,73;8,0;9,0;8,0;5,0;20,0;5,0;4,0;0,0;1,0;No;No;No;No;No;No;No;No;No;No
882;Jean-Philippe Gbamin;ci CIV;DF, MF;Metz;fr Ligue 1;30,0;1995,0;23,0;23,0;1917,0;21,3;1,0;1,0;2,0;1,0;0,0;0,0;2,0;1,0;0,09;13,0;7,0;53,85;0,61;0,33;0,08;0,14;3,0;23,0;19,0;7,0;0,0;16,0;0,0;;;;;0,0;;;;;;;;;;No;No;No;No;No;No;No;No;No;No
883;Yann Gboho;fr FRA;FW, MF;Toulouse;fr Ligue 1;25,0;2001,0;25,0;24,0;2160,0;24,0;8,0;2,0;10,0;8,0;0,0;0,0;1,0;0,0;0,42;47,0;15,0;31,91;1,96;0,62;0,17;0,53;30,0;10,0;12,0;60,0;0,0;13,0;0,0;;;;;0,0;;;;;;;;;;No;No;No;No;No;No;No;No;No;No
884;David de Gea;es ESP;GK;Fiorentina;it Serie A;35,0;1990,0;29,0;29,0;2610,0;29,0;0,0;0,0;0,0;0,0;0,0;0,0;0,0;0,0;0,0;0,0;0,0;0,0;0,0;0,0;0,0;0,0;0,0;0,0;0,0;4,0;0,0;0,0;0,0;43,0;1,48;121,0;84,0;69,42;6,0;10,0;13,0;5,0;17,24;6,0;5,0;1,0;0,0;No;No;No;No;No;No;No;No;No;No
885;Lutsharel Geertruida;nl NED;DF, MF;Sunderland;eng Premier League;25,0;2000,0;24,0;13,0;1333,0;14,81;0,0;0,0;0,0;0,0;0,0;0,0;0,0;0,0;0,0;8,0;2,0;25,0;0,54;0,14;0,0;0,0;3,0;18,0;17,0;5,0;0,0;12,0;0,0;;;;;0,0;;;;;;;;;;No;No;No;No;No;No;No;No;No;No
886;Valentin Gendrey;fr FRA;DF;Hoffenheim;de Bundesliga;25,0;2000,0;8,0;0,0;59,0;0,66;1,0;1,0;2,0;1,0;0,0;0,0;0,0;0,0;3,05;2,0;1,0;50,0;3,05;1,53;0,5;1,0;2,0;0,0;1,0;1,0;0,0;2,0;0,0;;;;;0,0;;;;;;;;;;No;No;No;No;No;No;No;No;No;No
887;Tyrique George;eng ENG;FW, MF;Everton;eng Premier League;20,0;2006,0;9,0;1,0;251,0;2,79;0,0;0,0;0,0;0,0;0,0;0,0;2,0;0,0;0,0;5,0;3,0;60,0;1,79;1,08;0,0;0,0;3,0;2,0;1,0;1,0;0,0;8,0;0,0;;;;;0,0;;;;;;;;;;No;No;No;No;No;No;No;No;No;No
888;Yannick Gerhardt;de GER;MF;Wolfsburg;de Bundesliga;32,0;1994,0;15,0;12,0;1006,0;11,18;1,0;0,0;1,0;1,0;0,0;0,0;1,0;0,0;0,09;10,0;1,0;10,0;0,89;0,09;0,1;1,0;7,0;8,0;9,0;13,0;0,0;19,0;0,0;;;;;0,0;;;;;;;;;;No;No;No;No;No;No;No;No;No;No
889;Willem Geubbels;fr FRA;FW;Paris FC;fr Ligue 1;24,0;2001,0;18,0;8,0;725,0;8,06;3,0;0,0;3,0;2,0;1,0;1,0;0,0;0,0;0,25;23,0;6,0;26,09;2,86;0,74;0,13;0,5;7,0;1,0;4,0;2,0;0,0;15,0;0,0;;;;;0,0;;;;;;;;;;No;No;No;No;No;No;No;No;No;No
890;Ismaël Gharbi;tn TUN;MF;Augsburg;de Bundesliga;21,0;2004,0;5,0;0,0;92,0;1,02;0,0;0,0;0,0;0,0;0,0;0,0;0,0;0,0;0,0;3,0;0,0;0,0;2,93;0,0;0,0;0,0;4,0;1,0;0,0;8,0;0,0;2,0;0,0;;;;;0,0;;;;;;;;;;No;No;No;No;No;No;No;No;No;No
891;Mourad El Ghezouani;ma MAR;FW;Elche;es La Liga;27,0;1998,0;2,0;0,0;50,0;0,56;0,0;0,0;0,0;0,0;0,0;0,0;0,0;0,0;0,0;1,0;0,0;0,0;1,8;0,0;0,0;0,0;0,0;3,0;0,0;1,0;0,0;1,0;0,0;;;;;0,0;;;;;;;;;;No;No;No;No;No;No;No;No;No;No
892;Rachid Ghezzal;dz ALG;FW;Lyon;fr Ligue 1;33,0;1992,0;8,0;1,0;153,0;1,7;0,0;0,0;0,0;0,0;0,0;0,0;0,0;0,0;0,0;3,0;1,0;33,33;1,76;0,59;0,0;0,0;11,0;2,0;0,0;1,0;0,0;4,0;0,0;;;;;0,0;;;;;;;;;;No;No;No;No;No;No;No;No;No;No
893;Daniele Ghilardi;it ITA;DF;Roma;it Serie A;23,0;2003,0;15,0;7,0;754,0;8,38;0,0;0,0;0,0;0,0;0,0;0,0;1,0;0,0;0,0;1,0;0,0;0,0;0,12;0,0;0,0;0,0;2,0;11,0;11,0;12,0;0,0;17,0;0,0;;;;;0,0;;;;;;;;;;No;No;No;No;No;No;No;No;No;No
894;Andrea Ghion;it ITA;MF;Sassuolo;it Serie A;26,0;2000,0;1,0;0,0;10,0;0,11;0,0;0,0;0,0;0,0;0,0;0,0;0,0;0,0;0,0;0,0;0,0;0,0;0,0;0,0;0,0;0,0;1,0;1,0;0,0;0,0;0,0;0,0;0,0;;;;;0,0;;;;;;;;;;No;No;No;No;No;No;No;No;No;No
895;Dimitris Giannoulis;gr GRE;MF;Augsburg;de Bundesliga;30,0;1995,0;20,0;18,0;1365,0;15,17;2,0;3,0;5,0;2,0;0,0;0,0;6,0;0,0;0,33;9,0;5,0;55,56;0,59;0,33;0,22;0,4;64,0;17,0;16,0;14,0;0,0;12,0;0,0;;;;;0,0;;;;;;;;;;No;No;No;No;No;No;No;No;No;No
896;Morgan Gibbs-White;eng ENG;FW, MF;Nottingham Forest;eng Premier League;26,0;2000,0;30,0;29,0;2548,0;28,31;8,0;2,0;10,0;7,0;1,0;1,0;1,0;0,0;0,32;64,0;22,0;34,38;2,26;0,78;0,12;0,36;32,0;11,0;9,0;35,0;0,0;21,0;0,0;;;;;0,0;;;;;;;;;;No;No;No;No;No;No;No;No;No;No
897;Bryan Gil;es ESP;MF;Girona;es La Liga;25,0;2001,0;23,0;17,0;1349,0;14,99;0,0;3,0;3,0;0,0;0,0;0,0;4,0;0,0;0,2;20,0;5,0;25,0;1,33;0,33;0,0;0,0;41,0;17,0;9,0;33,0;0,0;16,0;0,0;;;;;0,0;;;;;;;;;;No;No;No;No;No;No;No;No;No;No
898;Mario Gila;es ESP;DF;Lazio;it Serie A;25,0;2000,0;26,0;26,0;2197,0;24,41;0,0;0,0;0,0;0,0;0,0;0,0;3,0;1,0;0,0;11,0;3,0;27,27;0,45;0,12;0,0;0,0;1,0;33,0;24,0;21,0;0,0;17,0;0,0;;;;;0,0;;;;;;;;;;No;No;No;No;No;No;No;No;No;No
899;Billy Gilmour;sct SCO;MF;Napoli;it Serie A;24,0;2001,0;13,0;7,0;623,0;6,92;1,0;0,0;1,0;1,0;0,0;0,0;1,0;0,0;0,14;8,0;2,0;25,0;1,16;0,29;0,12;0,5;4,0;5,0;10,0;6,0;0,0;8,0;0,0;;;;;0,0;;;;;;;;;;No;No;No;No;No;No;No;No;No;No
900;Benedikt Gimber;de GER;DF;Heidenheim;de Bundesliga;29,0;1997,0;19,0;17,0;1367,0;15,19;0,0;0,0;0,0;0,0;0,0;0,0;6,0;0,0;0,0;4,0;1,0;25,0;0,26;0,07;0,0;0,0;5,0;18,0;14,0;29,0;0,0;26,0;0,0;;;;;0,0;;;;;;;;;;No;No;No;No;No;No;No;No;No;No
901;Santiago Giménez;mx MEX;FW;Milan;it Serie A;24,0;2001,0;9,0;8,0;621,0;6,9;0,0;0,0;0,0;0,0;0,0;0,0;1,0;0,0;0,0;21,0;7,0;33,33;3,04;1,01;0,0;0,0;1,0;4,0;1,0;10,0;0,0;7,0;0,0;;;;;0,0;;;;;;;;;;No;No;No;No;No;No;No;No;No;No
902;Gvidas Gineitis;lt LTU;MF;Torino;it Serie A;21,0;2004,0;21,0;15,0;1146,0;12,73;0,0;1,0;1,0;0,0;0,0;0,0;4,0;0,0;0,08;11,0;2,0;18,18;0,86;0,16;0,0;0,0;51,0;21,0;17,0;21,0;0,0;31,0;0,0;;;;;0,0;;;;;;;;;;No;No;No;No;No;No;No;No;No;No
903;Matthias Ginter;de GER;DF;Freiburg;de Bundesliga;32,0;1994,0;25,0;25,0;2250,0;25,0;2,0;2,0;4,0;2,0;0,0;0,0;1,0;0,0;0,16;14,0;6,0;42,86;0,56;0,24;0,14;0,33;8,0;10,0;20,0;14,0;0,0;13,0;0,0;;;;;0,0;;;;;;;;;;No;No;No;No;No;No;No;No;No;No
904;Giovane;br BRA;FW, MF;Napoli;it Serie A;22,0;2003,0;28,0;19,0;1644,0;18,27;3,0;5,0;8,0;3,0;0,0;0,0;2,0;0,0;0,44;49,0;25,0;51,02;2,68;1,37;0,06;0,12;61,0;9,0;5,0;20,0;0,0;24,0;0,0;;;;;0,0;;;;;;;;;;No;No;No;No;No;No;No;No;No;No
905;Olivier Giroud;fr FRA;FW;Lille;fr Ligue 1;39,0;1986,0;23,0;17,0;1458,0;16,2;5,0;1,0;6,0;3,0;2,0;3,0;2,0;0,0;0,25;38,0;13,0;34,21;2,35;0,8;0,13;0,38;2,0;6,0;4,0;27,0;0,0;26,0;0,0;;;;;0,0;;;;;;;;;;No;No;No;No;No;No;No;No;No;No
906;Jamie Gittens;eng ENG;MF;Chelsea;eng Premier League;21,0;2004,0;16,0;5,0;495,0;5,5;0,0;2,0;2,0;0,0;0,0;0,0;0,0;0,0;0,36;10,0;2,0;20,0;1,82;0,36;0,0;0,0;13,0;4,0;2,0;8,0;0,0;6,0;0,0;;;;;0,0;;;;;;;;;;No;No;No;No;No;No;No;No;No;No
907;Robert Glatzel;de GER;FW;Hamburger SV;de Bundesliga;32,0;1994,0;14,0;3,0;295,0;3,28;1,0;1,0;2,0;1,0;0,0;0,0;0,0;0,0;0,61;9,0;4,0;44,44;2,75;1,22;0,11;0,25;1,0;0,0;0,0;4,0;0,0;5,0;0,0;;;;;0,0;;;;;;;;;;No;No;No;No;No;No;No;No;No;No
908;Serge Gnabry;de GER;MF;Bayern Munich;de Bundesliga;30,0;1995,0;19,0;14,0;1069,0;11,88;6,0;6,0;12,0;6,0;0,0;0,0;1,0;0,0;1,01;40,0;15,0;37,5;3,37;1,26;0,15;0,4;19,0;8,0;4,0;3,0;0,0;8,0;0,0;;;;;0,0;;;;;;;;;;No;No;No;No;No;No;No;No;No;No
909;Wilfried Gnonto;it ITA;FW;Leeds United;eng Premier League;22,0;2003,0;16,0;4,0;387,0;4,3;0,0;1,0;1,0;0,0;0,0;0,0;3,0;0,0;0,23;8,0;0,0;0,0;1,86;0,0;0,0;0,0;15,0;10,0;3,0;8,0;0,0;7,0;0,0;;;;;0,0;;;;;;;;;;No;No;No;No;No;No;No;No;No;No
910;Giorgi Gocholeishvili;ge GEO;MF;Hamburger SV;de Bundesliga;25,0;2001,0;20,0;9,0;858,0;9,53;0,0;2,0;2,0;0,0;0,0;0,0;3,0;1,0;0,21;13,0;2,0;15,38;1,36;0,21;0,0;0,0;19,0;13,0;6,0;17,0;1,0;12,0;0,0;;;;;0,0;;;;;;;;;;No;No;No;No;No;No;No;No;No;No
911;Martial Godo;eng ENG;MF;Strasbourg;fr Ligue 1;23,0;2003,0;21,0;13,0;1088,0;12,09;7,0;1,0;8,0;7,0;0,0;0,0;2,0;0,0;0,66;28,0;13,0;46,43;2,32;1,08;0,25;0,54;21,0;8,0;12,0;22,0;0,0;13,0;0,0;;;;;0,0;;;;;;;;;;No;No;No;No;No;No;No;No;No;No
912;Maxima Goffi;fr FRA;DF;Lille;fr Ligue 1;18,0;2008,0;1,0;0,0;39,0;0,43;0,0;0,0;0,0;0,0;0,0;0,0;0,0;0,0;0,0;0,0;0,0;0,0;0,0;0,0;0,0;0,0;1,0;1,0;0,0;0,0;0,0;1,0;0,0;;;;;0,0;;;;;;;;;;No;No;No;No;No;No;No;No;No;No
913;Saba Goglichidze;ge GEO;DF;Udinese;it Serie A;21,0;2004,0;8,0;4,0;424,0;4,71;0,0;0,0;0,0;0,0;0,0;0,0;2,0;0,0;0,0;3,0;1,0;33,33;0,64;0,21;0,0;0,0;2,0;8,0;8,0;4,0;0,0;5,0;0,0;;;;;0,0;;;;;;;;;;No;No;No;No;No;No;No;No;No;No
914;Edoardo Goldaniga;it ITA;DF;Como;it Serie A;32,0;1993,0;1,0;0,0;1,0;0,01;0,0;0,0;0,0;0,0;0,0;0,0;0,0;0,0;0,0;0,0;0,0;0,0;0,0;0,0;0,0;0,0;0,0;0,0;0,0;0,0;0,0;0,0;0,0;;;;;0,0;;;;;;;;;;No;No;No;No;No;No;No;No;No;No
915;Aleksandr Golovin;ru RUS;MF;Monaco;fr Ligue 1;29,0;1996,0;19,0;17,0;1339,0;14,88;4,0;5,0;9,0;4,0;0,0;0,0;3,0;1,0;0,6;29,0;17,0;58,62;1,95;1,14;0,14;0,24;30,0;14,0;19,0;13,0;1,0;20,0;0,0;;;;;0,0;;;;;;;;;;No;No;No;No;No;No;No;No;No;No
916;André Gomes;pt POR;MF;Lille;fr Ligue 1;32,0;1993,0;2,0;0,0;8,0;0,09;0,0;0,0;0,0;0,0;0,0;0,0;0,0;0,0;0,0;0,0;0,0;0,0;0,0;0,0;0,0;0,0;0,0;0,0;0,0;0,0;0,0;2,0;0,0;;;;;0,0;;;;;;;;;;No;No;No;No;No;No;No;No;No;No
917;Angel Gomes;eng ENG;FW, MF;Wolves;eng Premier League;25,0;2000,0;21,0;16,0;1172,0;13,02;3,0;0,0;3,0;3,0;0,0;0,0;5,0;0,0;0,23;14,0;6,0;42,86;1,08;0,46;0,21;0,5;12,0;9,0;5,0;18,0;0,0;24,0;0,0;;;;;0,0;;;;;;;;;;No;No;No;No;No;No;No;No;No;No
918;João Gomes;br BRA;MF;Wolves;eng Premier League;25,0;2001,0;29,0;26,0;2297,0;25,52;1,0;1,0;2,0;1,0;0,0;0,0;9,0;0,0;0,08;16,0;6,0;37,5;0,63;0,24;0,06;0,17;25,0;57,0;31,0;39,0;0,0;56,0;0,0;;;;;0,0;;;;;;;;;;No;No;No;No;No;No;No;No;No;No
919;Rodrigo Gomes;pt POR;FW, MF;Wolves;eng Premier League;22,0;2003,0;15,0;6,0;602,0;6,69;3,0;0,0;3,0;3,0;0,0;0,0;0,0;0,0;0,45;14,0;6,0;42,86;2,09;0,9;0,21;0,5;20,0;13,0;8,0;7,0;0,0;4,0;0,0;;;;;0,0;;;;;;;;;;No;No;No;No;No;No;No;No;No;No
920;Toti Gomes;pt POR;DF;Wolves;eng Premier League;27,0;1999,0;14,0;13,0;1039,0;11,54;0,0;0,0;0,0;0,0;0,0;0,0;2,0;1,0;0,0;4,0;1,0;25,0;0,35;0,09;0,0;0,0;10,0;7,0;9,0;8,0;0,0;9,0;0,0;;;;;0,0;;;;;;;;;;No;No;No;No;No;No;No;No;No;No
921;Diego Gómez;py PAR;FW, MF;Brighton;eng Premier League;22,0;2003,0;27,0;22,0;1841,0;20,46;5,0;0,0;5,0;5,0;0,0;0,0;8,0;0,0;0,24;32,0;13,0;40,62;1,56;0,64;0,16;0,38;20,0;44,0;14,0;9,0;0,0;43,0;0,0;;;;;0,0;;;;;;;;;;No;No;No;No;No;No;No;No;No;No
922;Joe Gomez;eng ENG;DF;Liverpool;eng Premier League;28,0;1997,0;16,0;6,0;500,0;5,56;0,0;2,0;2,0;0,0;0,0;0,0;2,0;0,0;0,36;3,0;1,0;33,33;0,54;0,18;0,0;0,0;15,0;3,0;8,0;0,0;0,0;9,0;0,0;;;;;0,0;;;;;;;;;;No;No;No;No;No;No;No;No;No;No
923;Moi Gómez;es ESP;MF;Osasuna;es La Liga;31,0;1994,0;20,0;10,0;980,0;10,89;0,0;1,0;1,0;0,0;0,0;0,0;2,0;0,0;0,09;11,0;2,0;18,18;1,01;0,18;0,0;0,0;24,0;6,0;9,0;20,0;0,0;15,0;0,0;;;;;0,0;;;;;;;;;;No;No;No;No;No;No;No;No;No;No
924;Sergio Gómez;es ESP;DF;Real Sociedad;es La Liga;25,0;2000,0;26,0;22,0;1972,0;21,91;0,0;2,0;2,0;0,0;0,0;0,0;2,0;0,0;0,09;9,0;0,0;0,0;0,41;0,0;0,0;0,0;115,0;44,0;26,0;12,0;0,0;35,0;0,0;;;;;0,0;;;;;;;;;;No;No;No;No;No;No;No;No;No;No
925;Unai Gómez;es ESP;FW, MF;Athletic Club;es La Liga;22,0;2003,0;19,0;7,0;608,0;6,76;1,0;1,0;2,0;1,0;0,0;0,0;1,0;0,0;0,3;14,0;3,0;21,43;2,07;0,44;0,07;0,33;20,0;4,0;2,0;4,0;0,0;8,0;0,0;;;;;0,0;;;;;;;;;;No;No;No;No;No;No;No;No;No;No
926;Valentín Gómez;ar ARG;DF;Real Betis;es La Liga;22,0;2003,0;20,0;12,0;1240,0;13,78;1,0;0,0;1,0;1,0;0,0;0,0;5,0;0,0;0,07;9,0;3,0;33,33;0,65;0,22;0,11;0,33;10,0;21,0;18,0;7,0;0,0;18,0;0,0;;;;;0,0;;;;;;;;;;No;No;No;No;No;No;No;No;No;No
927;Tidiam Gomis;fr FRA;FW;RB Leipzig;de Bundesliga;19,0;2006,0;15,0;2,0;316,0;3,51;1,0;0,0;1,0;1,0;0,0;0,0;0,0;0,0;0,28;9,0;3,0;33,33;2,56;0,85;0,11;0,33;6,0;2,0;0,0;2,0;0,0;3,0;0,0;;;;;0,0;;;;;;;;;;No;No;No;No;No;No;No;No;No;No
928;Rafael Gonçalves;pt POR;MF;Strasbourg;fr Ligue 1;21,0;2005,0;8,0;3,0;273,0;3,03;0,0;0,0;0,0;0,0;0,0;0,0;0,0;0,0;0,0;1,0;1,0;100,0;0,33;0,33;0,0;0,0;1,0;7,0;2,0;1,0;0,0;4,0;0,0;;;;;0,0;;;;;;;;;;No;No;No;No;No;No;No;No;No;No
929;Nicolás González;es ESP;MF;Manchester City;eng Premier League;24,0;2002,0;21,0;15,0;1376,0;15,29;1,0;0,0;1,0;1,0;0,0;0,0;6,0;0,0;0,07;12,0;2,0;16,67;0,78;0,13;0,08;0,5;2,0;26,0;22,0;17,0;0,0;28,0;0,0;;;;;0,0;;;;;;;;;;No;No;No;No;No;No;No;No;No;No
930;Nicolás González;ar ARG;DF, FW, MF;Atlético Madrid;es La Liga;27,0;1998,0;22,0;16,0;1271,0;14,12;3,0;0,0;3,0;3,0;0,0;0,0;3,0;0,0;0,21;42,0;19,0;45,24;2,97;1,35;0,07;0,16;25,0;13,0;11,0;22,0;0,0;24,0;0,0;;;;;0,0;;;;;;;;;;No;No;No;No;No;No;No;No;No;No
931;Urko González;es ESP;DF, MF;Espanyol;es La Liga;24,0;2001,0;27,0;19,0;1831,0;20,34;0,0;1,0;1,0;0,0;0,0;0,0;4,0;0,0;0,05;13,0;1,0;7,69;0,64;0,05;0,0;0,0;8,0;25,0;19,0;26,0;0,0;27,0;0,0;;;;;0,0;;;;;;;;;;No;No;No;No;No;No;No;No;No;No
932;Anthony Gordon;eng ENG;FW;Newcastle United;eng Premier League;25,0;2001,0;24,0;22,0;1637,0;18,19;5,0;2,0;7,0;2,0;3,0;3,0;3,0;1,0;0,22;44,0;19,0;43,18;2,42;1,04;0,11;0,26;68,0;12,0;3,0;37,0;0,0;13,0;0,0;;;;;0,0;;;;;;;;;;No;No;No;No;No;No;No;No;No;No
933;Leon Goretzka;de GER;MF;Bayern Munich;de Bundesliga;31,0;1995,0;23,0;17,0;1319,0;14,66;2,0;1,0;3,0;2,0;0,0;0,0;4,0;0,0;0,2;16,0;5,0;31,25;1,09;0,34;0,12;0,4;3,0;13,0;21,0;12,0;0,0;11,0;0,0;;;;;0,0;;;;;;;;;;No;No;No;No;No;No;No;No;No;No
934;Andoni Gorosabel;es ESP;DF;Athletic Club;es La Liga;29,0;1996,0;16,0;10,0;818,0;9,09;0,0;1,0;1,0;0,0;0,0;0,0;2,0;0,0;0,11;5,0;1,0;20,0;0,55;0,11;0,0;0,0;28,0;16,0;8,0;9,0;0,0;9,0;0,0;;;;;0,0;;;;;;;;;;No;No;No;No;No;No;No;No;No;No
935;Jon Gorrotxategi;es ESP;MF;Real Sociedad;es La Liga;24,0;2002,0;24,0;21,0;1863,0;20,7;1,0;3,0;4,0;1,0;0,0;0,0;7,0;0,0;0,19;11,0;1,0;9,09;0,53;0,05;0,09;1,0;5,0;26,0;29,0;20,0;0,0;26,0;0,0;;;;;0,0;;;;;;;;;;No;No;No;No;No;No;No;No;No;No
936;Olaf Gorter;nl NED;MF;Lecce;it Serie A;21,0;2005,0;2,0;0,0;28,0;0,31;0,0;0,0;0,0;0,0;0,0;0,0;0,0;0,0;0,0;0,0;0,0;0,0;0,0;0,0;0,0;0,0;0,0;1,0;0,0;0,0;0,0;1,0;0,0;;;;;0,0;;;;;;;;;;No;No;No;No;No;No;No;No;No;No
937;Alimami Gory;ml MLI;DF, MF;Paris FC;fr Ligue 1;29,0;1996,0;17,0;7,0;718,0;7,98;1,0;1,0;2,0;1,0;0,0;0,0;0,0;0,0;0,25;9,0;1,0;11,11;1,13;0,13;0,11;1,0;7,0;7,0;8,0;12,0;0,0;9,0;0,0;;;;;0,0;;;;;;;;;;No;No;No;No;No;No;No;No;No;No
938;Robin Gosens;de GER;DF, MF;Fiorentina;it Serie A;31,0;1994,0;18,0;16,0;1299,0;14,43;2,0;1,0;3,0;2,0;0,0;0,0;2,0;0,0;0,21;14,0;6,0;42,86;0,97;0,42;0,14;0,33;32,0;11,0;11,0;17,0;0,0;15,0;0,0;;;;;0,0;;;;;;;;;;No;No;No;No;No;No;No;No;No;No
939;Mikel Goti;es ESP;MF;Real Sociedad;es La Liga;23,0;2002,0;4,0;1,0;76,0;0,84;0,0;0,0;0,0;0,0;0,0;0,0;0,0;0,0;0,0;3,0;0,0;0,0;3,55;0,0;0,0;0,0;3,0;1,0;0,0;0,0;0,0;6,0;0,0;;;;;0,0;;;;;;;;;;No;No;No;No;No;No;No;No;No;No
940;Mario Götze;de GER;MF;Eintracht Frankfurt;de Bundesliga;33,0;1992,0;18,0;7,0;769,0;8,54;0,0;0,0;0,0;0,0;0,0;0,0;1,0;0,0;0,0;5,0;0,0;0,0;0,59;0,0;0,0;0,0;21,0;6,0;4,0;12,0;0,0;6,0;0,0;;;;;0,0;;;;;;;;;;No;No;No;No;No;No;No;No;No;No
941;Amine Gouiri;dz ALG;FW, MF;Marseille;fr Ligue 1;26,0;2000,0;15,0;10,0;857,0;9,52;6,0;2,0;8,0;6,0;0,0;0,0;0,0;0,0;0,84;27,0;14,0;51,85;2,84;1,47;0,22;0,43;20,0;7,0;2,0;6,0;0,0;9,0;0,0;;;;;0,0;;;;;;;;;;No;No;No;No;No;No;No;No;No;No
942;Lucas Gourna-Douath;fr FRA;MF;Le Havre;fr Ligue 1;22,0;2003,0;8,0;8,0;713,0;7,92;0,0;0,0;0,0;0,0;0,0;0,0;3,0;0,0;0,0;5,0;1,0;20,0;0,63;0,13;0,0;0,0;2,0;5,0;10,0;17,0;0,0;11,0;0,0;;;;;0,0;;;;;;;;;;No;No;No;No;No;No;No;No;No;No
943;Tiago Gouveia;pt POR;MF;Nice;fr Ligue 1;24,0;2001,0;14,0;5,0;531,0;5,9;0,0;0,0;0,0;0,0;0,0;0,0;2,0;0,0;0,0;12,0;4,0;33,33;2,03;0,68;0,0;0,0;4,0;3,0;9,0;9,0;0,0;6,0;0,0;;;;;0,0;;;;;;;;;;No;No;No;No;No;No;No;No;No;No
944;Jeffrey Gouweleeuw;nl NED;DF;Augsburg;de Bundesliga;34,0;1991,0;5,0;4,0;365,0;4,06;0,0;0,0;0,0;0,0;0,0;0,0;2,0;0,0;0,0;2,0;1,0;50,0;0,49;0,25;0,0;0,0;3,0;6,0;7,0;0,0;0,0;3,0;0,0;;;;;0,0;;;;;;;;;;No;No;No;No;No;No;No;No;No;No
945;Kamil Grabara;pl POL;GK;Wolfsburg;de Bundesliga;27,0;1999,0;26,0;26,0;2340,0;26,0;0,0;0,0;0,0;0,0;0,0;0,0;1,0;0,0;0,0;1,0;0,0;0,0;0,04;0,0;0,0;0,0;0,0;1,0;0,0;1,0;0,0;0,0;0,0;56,0;2,15;140,0;92,0;65,71;5,0;6,0;15,0;1,0;3,85;9,0;5,0;3,0;1,0;No;No;No;No;No;No;No;No;No;No
946;Jonathan Gradit;fr FRA;DF;Lens;fr Ligue 1;33,0;1992,0;10,0;10,0;807,0;8,97;0,0;0,0;0,0;0,0;0,0;0,0;2,0;1,0;0,0;2,0;0,0;0,0;0,22;0,0;0,0;0,0;3,0;12,0;16,0;9,0;0,0;15,0;0,0;;;;;0,0;;;;;;;;;;No;No;No;No;No;No;No;No;No;No
947;Alberto Grassi;it ITA;MF;Cremonese;it Serie A;31,0;1995,0;21,0;10,0;1101,0;12,23;0,0;0,0;0,0;0,0;0,0;0,0;3,0;0,0;0,0;7,0;3,0;42,86;0,57;0,25;0,0;0,0;2,0;8,0;24,0;16,0;0,0;9,0;0,0;;;;;0,0;;;;;;;;;;No;No;No;No;No;No;No;No;No;No
948;Ryan Gravenberch;nl NED;MF;Liverpool;eng Premier League;23,0;2002,0;28,0;28,0;2428,0;26,98;4,0;3,0;7,0;4,0;0,0;0,0;5,0;0,0;0,26;31,0;9,0;29,03;1,15;0,33;0,13;0,44;6,0;29,0;38,0;34,0;0,0;29,0;0,0;;;;;0,0;;;;;;;;;;No;No;No;No;No;No;No;No;No;No
949;Archie Gray;eng ENG;DF, MF;Tottenham Hotspur;eng Premier League;20,0;2006,0;20,0;16,0;1291,0;14,34;2,0;2,0;4,0;2,0;0,0;0,0;5,0;0,0;0,28;8,0;4,0;50,0;0,56;0,28;0,25;0,5;12,0;7,0;14,0;2,0;0,0;10,0;0,0;;;;;0,0;;;;;;;;;;No;No;No;No;No;No;No;No;No;No
950;Jack Grealish;eng ENG;MF;Everton;eng Premier League;30,0;1995,0;20,0;18,0;1627,0;18,08;2,0;6,0;8,0;2,0;0,0;0,0;5,0;1,0;0,44;26,0;8,0;30,77;1,44;0,44;0,08;0,25;39,0;15,0;11,0;58,0;1,0;13,0;0,0;;;;;0,0;;;;;;;;;;No;No;No;No;No;No;No;No;No;No
951;Mason Greenwood;eng ENG;MF;Marseille;fr Ligue 1;24,0;2001,0;25,0;23,0;1980,0;22,0;15,0;4,0;19,0;10,0;5,0;7,0;3,0;0,0;0,64;95,0;38,0;40,0;4,32;1,73;0,16;0,39;95,0;9,0;3,0;21,0;0,0;17,0;0,0;;;;;0,0;;;;;;;;;;No;No;No;No;No;No;No;No;No;No
952;Michael Gregoritsch;at AUT;FW;Augsburg;de Bundesliga;31,0;1994,0;10,0;5,0;437,0;4,86;3,0;1,0;4,0;2,0;1,0;1,0;2,0;0,0;0,62;11,0;4,0;36,36;2,27;0,82;0,27;0,75;4,0;3,0;2,0;8,0;0,0;4,0;0,0;;;;;0,0;;;;;;;;;;No;No;No;No;No;No;No;No;No;No
953;Dominik Greif;sk SVK;GK;Lyon;fr Ligue 1;28,0;1997,0;21,0;21,0;1890,0;21,0;0,0;1,0;1,0;0,0;0,0;0,0;1,0;0,0;0,05;0,0;0,0;0,0;0,0;0,0;0,0;0,0;0,0;0,0;0,0;4,0;0,0;0,0;0,0;24,0;1,14;74,0;53,0;71,62;11,0;4,0;6,0;9,0;42,86;3,0;1,0;2,0;0,0;No;No;No;No;No;No;No;No;No;No
954;Antoine Griezmann;fr FRA;FW;Atlético Madrid;es La Liga;34,0;1991,0;25,0;6,0;926,0;10,29;6,0;1,0;7,0;6,0;0,0;0,0;0,0;0,0;0,68;33,0;18,0;54,55;3,21;1,75;0,18;0,33;52,0;5,0;3,0;6,0;0,0;1,0;0,0;;;;;0,0;;;;;;;;;;No;No;No;No;No;No;No;No;No;No
955;Vincenzo Grifo;it ITA;MF;Freiburg;de Bundesliga;32,0;1993,0;26,0;16,0;1279,0;14,21;7,0;1,0;8,0;3,0;4,0;4,0;0,0;0,0;0,28;23,0;9,0;39,13;1,62;0,63;0,3;0,78;97,0;4,0;11,0;9,0;0,0;8,0;0,0;;;;;0,0;;;;;;;;;;No;No;No;No;No;No;No;No;No;No
956;Álex Grimaldo;es ESP;MF;Leverkusen;de Bundesliga;30,0;1995,0;21,0;21,0;1801,0;20,01;6,0;4,0;10,0;4,0;2,0;2,0;5,0;0,0;0,4;40,0;15,0;37,5;2,0;0,75;0,15;0,4;105,0;16,0;13,0;25,0;0,0;11,0;0,0;;;;;0,0;;;;;;;;;;Sí;Sí;Sí;Sí;Sí;Sí;Sí;Sí;Sí;Sí
957;Pascal Groß;de GER;MF;Brighton;eng Premier League;34,0;1991,0;22,0;17,0;1529,0;16,99;1,0;2,0;3,0;1,0;0,0;0,0;2,0;0,0;0,18;19,0;5,0;26,32;1,12;0,29;0,05;0,2;90,0;17,0;13,0;14,0;0,0;19,0;0,0;;;;;0,0;;;;;;;;;;No;No;No;No;No;No;No;No;No;No
958;Brajan Gruda;de GER;FW, MF;RB Leipzig;de Bundesliga;21,0;2004,0;24,0;13,0;1129,0;12,54;2,0;2,0;4,0;2,0;0,0;0,0;2,0;0,0;0,32;27,0;11,0;40,74;2,15;0,88;0,07;0,18;28,0;8,0;2,0;20,0;0,0;18,0;0,0;;;;;0,0;;;;;;;;;;No;No;No;No;No;No;No;No;No;No
959;Ilia Gruev;bg BUL;MF;Leeds United;eng Premier League;25,0;2000,0;21,0;15,0;1293,0;14,37;0,0;3,0;3,0;0,0;0,0;0,0;3,0;0,0;0,21;6,0;1,0;16,67;0,42;0,07;0,0;0,0;16,0;13,0;14,0;9,0;0,0;16,0;0,0;;;;;0,0;;;;;;;;;;No;No;No;No;No;No;No;No;No;No
960;Marco Grüll;at AUT;FW, MF;Werder Bremen;de Bundesliga;27,0;1998,0;26,0;20,0;1710,0;19,0;3,0;1,0;4,0;3,0;0,0;0,0;4,0;0,0;0,21;38,0;12,0;31,58;2,0;0,63;0,08;0,25;57,0;14,0;10,0;22,0;0,0;24,0;0,0;;;;;0,0;;;;;;;;;;No;No;No;No;No;No;No;No;No;No
961;Albert Grønbaek;dk DEN;MF;Genoa;it Serie A;24,0;2001,0;4,0;1,0;103,0;1,14;0,0;0,0;0,0;0,0;0,0;0,0;1,0;0,0;0,0;1,0;1,0;100,0;0,87;0,87;0,0;0,0;1,0;2,0;0,0;1,0;0,0;1,0;0,0;;;;;0,0;;;;;;;;;;No;No;No;No;No;No;No;No;No;No
962;Nemanja Gudelj;rs SRB;DF, MF;Sevilla;es La Liga;34,0;1991,0;24,0;19,0;1770,0;19,67;1,0;0,0;1,0;1,0;0,0;0,0;7,0;0,0;0,05;18,0;5,0;27,78;0,92;0,25;0,06;0,2;6,0;21,0;16,0;9,0;0,0;29,0;0,0;;;;;0,0;;;;;;;;;;No;No;No;No;No;No;No;No;No;No
963;Gabriel Gudmundsson;se SWE;DF, MF;Leeds United;eng Premier League;26,0;1999,0;29,0;28,0;2362,0;26,24;0,0;0,0;0,0;0,0;0,0;0,0;6,0;1,0;0,0;18,0;3,0;16,67;0,69;0,11;0,0;0,0;77,0;42,0;21,0;51,0;1,0;30,0;1,0;;;;;0,0;;;;;;;;;;No;No;No;No;No;No;No;No;No;No
964;Gonçalo Guedes;pt POR;MF;Real Sociedad;es La Liga;29,0;1996,0;28,0;20,0;1592,0;17,69;8,0;4,0;12,0;8,0;0,0;0,0;1,0;0,0;0,68;38,0;16,0;42,11;2,15;0,9;0,21;0,5;61,0;14,0;3,0;25,0;0,0;15,0;0,0;;;;;0,0;;;;;;;;;;No;No;No;No;No;No;No;No;No;No
965;Marc Guéhi;eng ENG;DF;Manchester City;eng Premier League;25,0;2000,0;28,0;28,0;2520,0;28,0;2,0;2,0;4,0;2,0;0,0;0,0;5,0;0,0;0,14;27,0;7,0;25,93;0,96;0,25;0,07;0,29;13,0;25,0;38,0;25,0;0,0;18,0;0,0;;;;;0,0;;;;;;;;;;No;No;No;No;No;No;No;No;No;No
966;Mattéo Guendouzi;fr FRA;MF;Lazio;it Serie A;26,0;1999,0;16,0;16,0;1428,0;15,87;2,0;1,0;3,0;2,0;0,0;0,0;5,0;1,0;0,19;16,0;8,0;50,0;1,01;0,5;0,12;0,25;20,0;8,0;11,0;21,0;0,0;17,0;0,0;;;;;0,0;;;;;;;;;;No;No;No;No;No;No;No;No;No;No
967;Javier Guerra;es ESP;MF;Valencia;es La Liga;23,0;2003,0;27,0;17,0;1405,0;15,61;1,0;3,0;4,0;1,0;0,0;0,0;3,0;0,0;0,26;18,0;6,0;33,33;1,15;0,38;0,06;0,17;27,0;10,0;19,0;11,0;0,0;23,0;0,0;;;;;0,0;;;;;;;;;;No;No;No;No;No;No;No;No;No;No
968;Raphaël Guerreiro;pt POR;MF;Bayern Munich;de Bundesliga;32,0;1993,0;12,0;4,0;457,0;5,08;3,0;2,0;5,0;3,0;0,0;0,0;0,0;0,0;0,98;6,0;3,0;50,0;1,18;0,59;0,5;1,0;2,0;7,0;1,0;1,0;0,0;2,0;0,0;;;;;0,0;;;;;;;;;;No;No;No;No;No;No;No;No;No;No
969;Daniel Guerrero;es ESP;MF;Real Betis;es La Liga;20,0;2005,0;1,0;0,0;1,0;0,01;0,0;0,0;0,0;0,0;0,0;0,0;0,0;0,0;0,0;0,0;0,0;0,0;0,0;0,0;0,0;0,0;0,0;0,0;0,0;1,0;0,0;0,0;0,0;;;;;0,0;;;;;;;;;;No;No;No;No;No;No;No;No;No;No
970;Ismaël Guerti;fr FRA;FW;Metz;fr Ligue 1;21,0;2004,0;3,0;0,0;27,0;0,3;0,0;0,0;0,0;0,0;0,0;0,0;0,0;0,0;0,0;0,0;0,0;0,0;0,0;0,0;0,0;0,0;1,0;1,0;1,0;0,0;0,0;0,0;0,0;;;;;0,0;;;;;;;;;;No;No;No;No;No;No;No;No;No;No
971;Evann Guessand;ci CIV;MF;Crystal Palace;eng Premier League;24,0;2001,0;19,0;9,0;888,0;9,87;1,0;2,0;3,0;1,0;0,0;0,0;0,0;0,0;0,3;11,0;6,0;54,55;1,11;0,61;0,09;0,17;11,0;11,0;5,0;20,0;0,0;15,0;0,0;;;;;0,0;;;;;;;;;;No;No;No;No;No;No;No;No;No;No
972;Ander Guevara;es ESP;MF;Alavés;es La Liga;28,0;1997,0;19,0;2,0;550,0;6,11;1,0;0,0;1,0;1,0;0,0;0,0;4,0;1,0;0,16;4,0;1,0;25,0;0,65;0,16;0,25;1,0;4,0;8,0;8,0;5,0;1,0;10,0;0,0;;;;;0,0;;;;;;;;;;No;No;No;No;No;No;No;No;No;No
973;Idrissa Guèye;sn SEN;FW;Udinese;it Serie A;19,0;2006,0;14,0;1,0;317,0;3,52;0,0;0,0;0,0;0,0;0,0;0,0;2,0;0,0;0,0;7,0;1,0;14,29;1,99;0,28;0,0;0,0;2,0;3,0;1,0;8,0;0,0;13,0;0,0;;;;;0,0;;;;;;;;;;No;No;No;No;No;No;No;No;No;No
974;Pape Gueye;sn SEN;MF;Villarreal;es La Liga;27,0;1999,0;22,0;18,0;1501,0;16,68;4,0;2,0;6,0;3,0;1,0;1,0;7,0;0,0;0,3;32,0;10,0;31,25;1,92;0,6;0,12;0,4;11,0;16,0;23,0;39,0;0,0;30,0;0,0;;;;;0,0;;;;;;;;;;No;No;No;No;No;No;No;No;No;No
975;Morgan Guilavogui;gn GUI;MF;Lens;fr Ligue 1;28,0;1998,0;16,0;3,0;491,0;5,46;1,0;0,0;1,0;1,0;0,0;0,0;3,0;1,0;0,18;10,0;2,0;20,0;1,83;0,37;0,1;0,5;4,0;10,0;3,0;12,0;0,0;15,0;0,0;;;;;0,0;;;;;;;;;;No;No;No;No;No;No;No;No;No;No
976;Frederic Guilbert;fr FRA;DF, MF;Nantes;fr Ligue 1;31,0;1994,0;1,0;0,0;16,0;0,18;0,0;0,0;0,0;0,0;0,0;0,0;0,0;0,0;0,0;0,0;0,0;0,0;0,0;0,0;0,0;0,0;2,0;0,0;1,0;0,0;0,0;0,0;0,0;;;;;0,0;;;;;;;;;;No;No;No;No;No;No;No;No;No;No
977;Luis Guilherme;br BRA;FW;West Ham United;eng Premier League;20,0;2006,0;5,0;1,0;125,0;1,39;0,0;0,0;0,0;0,0;0,0;0,0;0,0;0,0;0,0;1,0;0,0;0,0;0,72;0,0;0,0;0,0;0,0;1,0;0,0;0,0;0,0;0,0;0,0;;;;;0,0;;;;;;;;;;No;No;No;No;No;No;No;No;No;No
978;Bruno Guimarães;br BRA;MF;Newcastle United;eng Premier League;28,0;1997,0;23,0;22,0;2017,0;22,41;9,0;4,0;13,0;7,0;2,0;2,0;5,0;0,0;0,49;32,0;17,0;53,12;1,43;0,76;0,28;0,53;62,0;35,0;13,0;52,0;0,0;33,0;0,0;;;;;0,0;;;;;;;;;;No;No;No;No;No;No;No;No;No;No
979;Daouda Guindo;ml MLI;DF;Brest;fr Ligue 1;23,0;2002,0;19,0;13,0;1197,0;13,3;0,0;0,0;0,0;0,0;0,0;0,0;3,0;1,0;0,0;16,0;4,0;25,0;1,2;0,3;0,0;0,0;23,0;24,0;19,0;12,0;0,0;22,0;0,0;;;;;0,0;;;;;;;;;;No;No;No;No;No;No;No;No;No;No
980;Bahereba Guirassy;fr FRA;FW, MF;Nantes;fr Ligue 1;19,0;2006,0;17,0;9,0;770,0;8,56;2,0;1,0;3,0;2,0;0,0;0,0;1,0;0,0;0,35;12,0;5,0;41,67;1,4;0,58;0,17;0,4;21,0;11,0;4,0;8,0;0,0;13,0;0,0;;;;;0,0;;;;;;;;;;No;No;No;No;No;No;No;No;No;No
981;Serhou Guirassy;gn GUI;FW;Dortmund;de Bundesliga;30,0;1996,0;25,0;21,0;1791,0;19,9;12,0;1,0;13,0;11,0;1,0;3,0;2,0;0,0;0,6;62,0;29,0;46,77;3,12;1,46;0,19;0,41;3,0;1,0;0,0;27,0;0,0;31,0;0,0;;;;;0,0;;;;;;;;;;No;No;No;No;No;No;No;No;No;No
982;Marc Guiu;es ESP;FW;Chelsea;eng Premier League;20,0;2006,0;9,0;1,0;253,0;2,81;0,0;1,0;1,0;0,0;0,0;0,0;1,0;0,0;0,36;12,0;2,0;16,67;4,27;0,71;0,0;0,0;0,0;0,0;0,0;2,0;0,0;9,0;0,0;;;;;0,0;;;;;;;;;;No;No;No;No;No;No;No;No;No;No
983;Péter Gulácsi;hu HUN;GK;RB Leipzig;de Bundesliga;35,0;1990,0;22,0;22,0;1918,0;21,31;0,0;0,0;0,0;0,0;0,0;0,0;1,0;0,0;0,0;0,0;0,0;0,0;0,0;0,0;0,0;0,0;0,0;0,0;0,0;0,0;0,0;0,0;0,0;28,0;1,31;78,0;51,0;65,38;12,0;4,0;6,0;9,0;40,91;2,0;2,0;0,0;0,0;No;No;No;No;No;No;No;No;No;No
984;Arda Güler;tr TUR;MF;Real Madrid;es La Liga;21,0;2005,0;28,0;22,0;1769,0;19,66;4,0;8,0;12,0;4,0;0,0;0,0;1,0;0,0;0,61;44,0;17,0;38,64;2,24;0,86;0,09;0,24;113,0;26,0;7,0;27,0;0,0;21,0;0,0;;;;;0,0;;;;;;;;;;No;No;No;No;No;No;No;No;No;No
985;Gerard Gumbau;es ESP;MF;Rayo Vallecano;es La Liga;31,0;1994,0;20,0;9,0;711,0;7,9;0,0;1,0;1,0;0,0;0,0;0,0;4,0;0,0;0,13;9,0;5,0;55,56;1,14;0,63;0,0;0,0;25,0;11,0;6,0;3,0;0,0;28,0;0,0;;;;;0,0;;;;;;;;;;No;No;No;No;No;No;No;No;No;No
986;Angus Gunn;sct SCO;GK;Nottingham Forest;eng Premier League;30,0;1996,0;1,0;0,0;45,0;0,5;0,0;0,0;0,0;0,0;0,0;0,0;0,0;0,0;0,0;0,0;0,0;0,0;0,0;0,0;0,0;0,0;0,0;0,0;0,0;0,0;0,0;0,0;0,0;0,0;0,0;0,0;0,0;0,0;0,0;0,0;0,0;0,0;0,0;0,0;0,0;0,0;0,0;No;No;No;No;No;No;No;No;No;No
987;Christian Günter;de GER;DF;Freiburg;de Bundesliga;33,0;1993,0;19,0;13,0;1155,0;12,83;0,0;3,0;3,0;0,0;0,0;0,0;2,0;0,0;0,23;8,0;0,0;0,0;0,62;0,0;0,0;0,0;61,0;9,0;7,0;6,0;0,0;7,0;0,0;;;;;0,0;;;;;;;;;;No;No;No;No;No;No;No;No;No;No
988;Jon Guridi;es ESP;FW, MF;Alavés;es La Liga;31,0;1995,0;18,0;8,0;647,0;7,19;0,0;0,0;0,0;0,0;0,0;0,0;1,0;0,0;0,0;6,0;2,0;33,33;0,83;0,28;0,0;0,0;4,0;10,0;4,0;3,0;0,0;8,0;0,0;;;;;0,0;;;;;;;;;;No;No;No;No;No;No;No;No;No;No
989;Gorka Guruzeta;es ESP;FW, MF;Athletic Club;es La Liga;29,0;1996,0;25,0;19,0;1625,0;18,06;6,0;1,0;7,0;5,0;1,0;1,0;4,0;1,0;0,33;60,0;23,0;38,33;3,32;1,27;0,1;0,26;6,0;3,0;7,0;26,0;1,0;36,0;0,0;;;;;0,0;;;;;;;;;;No;No;No;No;No;No;No;No;No;No
990;Malo Gusto;fr FRA;DF, MF;Chelsea;eng Premier League;22,0;2003,0;27,0;19,0;1696,0;18,84;2,0;3,0;5,0;2,0;0,0;0,0;4,0;1,0;0,27;11,0;5,0;45,45;0,58;0,27;0,18;0,4;36,0;21,0;22,0;13,0;1,0;15,0;0,0;;;;;0,0;;;;;;;;;;No;No;No;No;No;No;No;No;No;No
991;Miguel Gutiérrez;es ESP;DF, MF;Napoli;it Serie A;24,0;2001,0;19,0;9,0;900,0;10,0;1,0;1,0;2,0;1,0;0,0;0,0;0,0;0,0;0,2;11,0;4,0;36,36;1,1;0,4;0,09;0,25;29,0;15,0;5,0;23,0;0,0;12,0;0,0;;;;;0,0;;;;;;;;;;No;No;No;No;No;No;No;No;No;No
992;Albert Guðmundsson;is ISL;FW, MF;Fiorentina;it Serie A;28,0;1997,0;25,0;21,0;1776,0;19,73;5,0;4,0;9,0;2,0;3,0;3,0;3,0;0,0;0,3;29,0;12,0;41,38;1,47;0,61;0,17;0,42;45,0;4,0;2,0;24,0;0,0;29,0;0,0;;;;;0,0;;;;;;;;;;No;No;No;No;No;No;No;No;No;No
993;Joško Gvardiol;hr CRO;DF;Manchester City;eng Premier League;24,0;2002,0;16,0;15,0;1302,0;14,47;2,0;2,0;4,0;2,0;0,0;0,0;2,0;0,0;0,28;16,0;5,0;31,25;1,11;0,35;0,12;0,4;2,0;13,0;14,0;7,0;0,0;16,0;0,0;;;;;0,0;;;;;;;;;;No;No;No;No;No;No;No;No;No;No
994;Viktor Gyökeres;se SWE;FW;Arsenal;eng Premier League;27,0;1998,0;29,0;23,0;1892,0;21,02;11,0;0,0;11,0;9,0;2,0;2,0;4,0;0,0;0,43;43,0;17,0;39,53;2,05;0,81;0,26;0,65;7,0;5,0;1,0;23,0;0,0;28,0;0,0;;;;;0,0;;;;;;;;;;No;No;No;No;No;No;No;No;No;No
995;Erling Haaland;no NOR;FW;Manchester City;eng Premier League;25,0;2000,0;29,0;28,0;2413,0;26,81;22,0;7,0;29,0;19,0;3,0;4,0;1,0;0,0;0,97;102,0;49,0;48,04;3,8;1,83;0,22;0,45;3,0;6,0;3,0;23,0;0,0;19,0;0,0;;;;;0,0;;;;;;;;;;No;No;No;No;No;No;No;No;No;No
996;Janik Haberer;de GER;MF;Union Berlin;de Bundesliga;31,0;1994,0;23,0;16,0;1314,0;14,6;0,0;1,0;1,0;0,0;0,0;0,0;8,0;0,0;0,07;11,0;1,0;9,09;0,75;0,07;0,0;0,0;55,0;15,0;9,0;20,0;0,0;21,0;0,0;;;;;0,0;;;;;;;;;;No;No;No;No;No;No;No;No;No;No
997;Robin Hack;de GER;MF;Gladbach;de Bundesliga;27,0;1998,0;4,0;3,0;248,0;2,76;0,0;0,0;0,0;0,0;0,0;0,0;0,0;0,0;0,0;8,0;2,0;25,0;2,9;0,73;0,0;0,0;10,0;1,0;1,0;3,0;0,0;3,0;0,0;;;;;0,0;;;;;;;;;;No;No;No;No;No;No;No;No;No;No
998;Amadou Haidara;ml MLI;MF;Lens;fr Ligue 1;28,0;1998,0;4,0;0,0;99,0;1,1;1,0;0,0;1,0;1,0;0,0;0,0;0,0;0,0;0,91;2,0;2,0;100,0;1,82;1,82;0,5;0,5;0,0;0,0;2,0;2,0;0,0;1,0;0,0;;;;;0,0;;;;;;;;;;No;No;No;No;No;No;No;No;No;No
999;Albian Hajdari;xk KVX;DF;Hoffenheim;de Bundesliga;22,0;2003,0;22,0;21,0;1808,0;20,09;1,0;1,0;2,0;1,0;0,0;0,0;8,0;0,0;0,1;13,0;3,0;23,08;0,65;0,15;0,08;0,33;12,0;30,0;26,0;21,0;0,0;34,0;0,0;;;;;0,0;;;;;;;;;;No;No;No;No;No;No;No;No;No;No
1000;Achraf Hakimi;ma MAR;DF;Paris Saint-Germain;fr Ligue 1;27,0;1998,0;14,0;11,0;1091,0;12,12;2,0;1,0;3,0;2,0;0,0;0,0;3,0;1,0;0,25;21,0;7,0;33,33;1,73;0,58;0,1;0,29;33,0;10,0;9,0;13,0;0,0;8,0;0,0;;;;;0,0;;;;;;;;;;No;No;No;No;No;No;No;No;No;No
1001;Lewis Hall;eng ENG;DF;Newcastle United;eng Premier League;21,0;2004,0;23,0;18,0;1663,0;18,48;1,0;1,0;2,0;1,0;0,0;0,0;3,0;0,0;0,11;19,0;3,0;15,79;1,03;0,16;0,05;0,33;83,0;26,0;25,0;31,0;0,0;15,0;0,0;;;;;0,0;;;;;;;;;;No;No;No;No;No;No;No;No;No;No
1002;Adil Hamdani;fr FRA;MF;Lyon;fr Ligue 1;17,0;2009,0;4,0;0,0;27,0;0,3;0,0;0,0;0,0;0,0;0,0;0,0;0,0;0,0;0,0;2,0;0,0;0,0;6,67;0,0;0,0;0,0;4,0;0,0;0,0;0,0;0,0;1,0;0,0;;;;;0,0;;;;;;;;;;No;No;No;No;No;No;No;No;No;No
1003;Pierre-Yves Hamel;fr FRA;FW;Paris FC;fr Ligue 1;32,0;1994,0;2,0;1,0;78,0;0,87;0,0;0,0;0,0;0,0;0,0;0,0;0,0;0,0;0,0;0,0;0,0;0,0;0,0;0,0;0,0;0,0;0,0;0,0;1,0;0,0;0,0;2,0;0,0;;;;;0,0;;;;;;;;;;No;No;No;No;No;No;No;No;No;No
1004;Andreas Hanche-Olsen;no NOR;DF;Mainz 05;de Bundesliga;29,0;1997,0;13,0;8,0;851,0;9,46;0,0;1,0;1,0;0,0;0,0;0,0;3,0;0,0;0,11;6,0;3,0;50,0;0,63;0,32;0,0;0,0;0,0;5,0;13,0;6,0;0,0;13,0;1,0;;;;;0,0;;;;;;;;;;No;No;No;No;No;No;No;No;No;No
1005;Dávid Hancko;sk SVK;DF;Atlético Madrid;es La Liga;28,0;1997,0;25,0;22,0;2027,0;22,52;0,0;2,0;2,0;0,0;0,0;0,0;1,0;0,0;0,09;19,0;5,0;26,32;0,84;0,22;0,0;0,0;29,0;24,0;18,0;4,0;0,0;13,0;0,0;;;;;0,0;;;;;;;;;;No;No;No;No;No;No;No;No;No;No
1006;Florent Hanin;dz ALG;DF, MF;Angers;fr Ligue 1;36,0;1990,0;18,0;7,0;695,0;7,72;0,0;0,0;0,0;0,0;0,0;0,0;0,0;0,0;0,0;2,0;0,0;0,0;0,26;0,0;0,0;0,0;16,0;8,0;10,0;6,0;0,0;6,0;0,0;;;;;0,0;;;;;;;;;;No;No;No;No;No;No;No;No;No;No
1007;Isak Hansen-Aarøen;no NOR;MF;Werder Bremen;de Bundesliga;21,0;2004,0;1,0;0,0;2,0;0,02;0,0;0,0;0,0;0,0;0,0;0,0;0,0;0,0;0,0;0,0;0,0;0,0;0,0;0,0;0,0;0,0;0,0;2,0;0,0;0,0;0,0;0,0;0,0;;;;;0,0;;;;;;;;;;No;No;No;No;No;No;No;No;No;No
1008;Taichi Hara;jp JPN;FW;St Pauli;de Bundesliga;26,0;1999,0;2,0;0,0;23,0;0,26;0,0;0,0;0,0;0,0;0,0;0,0;0,0;0,0;0,0;1,0;0,0;0,0;3,91;0,0;0,0;0,0;0,0;0,0;0,0;0,0;0,0;0,0;0,0;;;;;0,0;;;;;;;;;;No;No;No;No;No;No;No;No;No;No
1009;Hákon Haraldsson;is ISL;MF;Lille;fr Ligue 1;22,0;2003,0;24,0;21,0;1783,0;19,81;6,0;1,0;7,0;6,0;0,0;0,0;4,0;0,0;0,35;34,0;8,0;23,53;1,72;0,4;0,18;0,75;58,0;10,0;11,0;28,0;0,0;21,0;0,0;;;;;0,0;;;;;;;;;;No;No;No;No;No;No;No;No;No;No
1010;Conrad Harder;dk DEN;FW;RB Leipzig;de Bundesliga;20,0;2005,0;23,0;7,0;771,0;8,57;2,0;3,0;5,0;2,0;0,0;0,0;3,0;0,0;0,58;36,0;11,0;30,56;4,2;1,28;0,06;0,18;12,0;4,0;6,0;16,0;0,0;16,0;0,0;;;;;0,0;;;;;;;;;;No;No;No;No;No;No;No;No;No;No
1011;Jack Harrison;eng ENG;FW, MF;Fiorentina;it Serie A;29,0;1996,0;18,0;5,0;710,0;7,89;0,0;1,0;1,0;0,0;0,0;0,0;0,0;0,0;0,13;8,0;2,0;25,0;1,01;0,25;0,0;0,0;55,0;3,0;5,0;8,0;0,0;6,0;0,0;;;;;0,0;;;;;;;;;;No;No;No;No;No;No;No;No;No;No
1012;Abdou Harroui;nl NED;MF;Hellas Verona;it Serie A;28,0;1998,0;18,0;8,0;658,0;7,31;1,0;0,0;1,0;0,0;1,0;1,0;2,0;0,0;0,0;9,0;2,0;22,22;1,23;0,27;0,11;0,5;20,0;14,0;1,0;1,0;0,0;17,0;0,0;;;;;0,0;;;;;;;;;;No;No;No;No;No;No;No;No;No;No
1013;Quilindschy Hartman;nl NED;DF;Burnley;eng Premier League;24,0;2001,0;16,0;16,0;1410,0;15,67;0,0;4,0;4,0;0,0;0,0;0,0;1,0;0,0;0,26;6,0;2,0;33,33;0,38;0,13;0,0;0,0;65,0;21,0;21,0;3,0;0,0;9,0;0,0;;;;;0,0;;;;;;;;;;No;No;No;No;No;No;No;No;No;No
1014;Haissem Hassan;fr FRA;FW, MF;Oviedo;es La Liga;24,0;2002,0;27,0;17,0;1566,0;17,4;0,0;3,0;3,0;0,0;0,0;0,0;1,0;0,0;0,17;30,0;7,0;23,33;1,72;0,4;0,0;0,0;92,0;16,0;6,0;11,0;0,0;9,0;0,0;;;;;0,0;;;;;;;;;;No;No;No;No;No;No;No;No;No;No
1015;Hans Hateboer;nl NED;DF, MF;Lyon;fr Ligue 1;32,0;1994,0;13,0;7,0;602,0;6,69;0,0;0,0;0,0;0,0;0,0;0,0;0,0;1,0;0,0;5,0;1,0;20,0;0,75;0,15;0,0;0,0;19,0;9,0;8,0;3,0;0,0;9,0;0,0;;;;;0,0;;;;;;;;;;No;No;No;No;No;No;No;No;No;No
1016;Jorrel Hato;nl NED;DF;Chelsea;eng Premier League;20,0;2006,0;15,0;5,0;557,0;6,19;0,0;0,0;0,0;0,0;0,0;0,0;4,0;0,0;0,0;4,0;0,0;0,0;0,65;0,0;0,0;0,0;6,0;10,0;9,0;1,0;0,0;10,0;0,0;;;;;0,0;;;;;;;;;;No;No;No;No;No;No;No;No;No;No
1017;Kjetil Haug;no NOR;GK;Toulouse;fr Ligue 1;27,0;1998,0;1,0;0,0;31,0;0,34;0,0;0,0;0,0;0,0;0,0;0,0;0,0;0,0;0,0;0,0;0,0;0,0;0,0;0,0;0,0;0,0;0,0;0,0;0,0;0,0;0,0;0,0;0,0;1,0;2,9;2,0;1,0;50,0;0,0;0,0;0,0;0,0;0,0;0,0;0,0;0,0;0,0;No;No;No;No;No;No;No;No;No;No
1018;Kai Havertz;de GER;FW, MF;Arsenal;eng Premier League;26,0;1999,0;6,0;3,0;264,0;2,93;0,0;1,0;1,0;0,0;0,0;0,0;0,0;0,0;0,34;5,0;1,0;20,0;1,7;0,34;0,0;0,0;1,0;2,0;0,0;7,0;0,0;1,0;0,0;;;;;0,0;;;;;;;;;;No;No;No;No;No;No;No;No;No;No
1019;Ayden Heaven;eng ENG;DF;Manchester Utd;eng Premier League;19,0;2006,0;13,0;8,0;645,0;7,17;0,0;1,0;1,0;0,0;0,0;0,0;2,0;0,0;0,14;3,0;0,0;0,0;0,42;0,0;0,0;0,0;1,0;9,0;1,0;5,0;0,0;5,0;1,0;;;;;0,0;;;;;;;;;;No;No;No;No;No;No;No;No;No;No
1020;Jan Paul van Hecke;nl NED;DF;Brighton;eng Premier League;25,0;2000,0;28,0;28,0;2490,0;27,67;3,0;2,0;5,0;3,0;0,0;0,0;7,0;0,0;0,18;18,0;8,0;44,44;0,65;0,29;0,17;0,38;18,0;23,0;31,0;33,0;0,0;22,0;1,0;;;;;0,0;;;;;;;;;;No;No;No;No;No;No;No;No;No;No
1021;Hwang Hee-chan;kr KOR;FW, MF;Wolves;eng Premier League;30,0;1996,0;20,0;15,0;1149,0;12,77;2,0;1,0;3,0;1,0;1,0;1,0;3,0;0,0;0,16;15,0;6,0;40,0;1,17;0,47;0,13;0,33;17,0;3,0;7,0;14,0;0,0;22,0;0,0;;;;;0,0;;;;;;;;;;No;No;No;No;No;No;No;No;No;No
1022;Torbjørn Heggem;no NOR;DF;Bologna;it Serie A;27,0;1999,0;21,0;20,0;1817,0;20,19;0,0;0,0;0,0;0,0;0,0;0,0;0,0;1,0;0,0;10,0;2,0;20,0;0,5;0,1;0,0;0,0;1,0;13,0;21,0;11,0;0,0;28,0;0,0;;;;;0,0;;;;;;;;;;No;No;No;No;No;No;No;No;No;No
1023;Gauthier Hein;fr FRA;FW, MF;Metz;fr Ligue 1;29,0;1996,0;22,0;19,0;1721,0;19,12;6,0;4,0;10,0;2,0;4,0;4,0;3,0;1,0;0,31;27,0;9,0;33,33;1,41;0,47;0,22;0,67;93,0;5,0;6,0;13,0;1,0;11,0;0,0;;;;;0,0;;;;;;;;;;No;No;No;No;No;No;No;No;No;No
1024;Dominique Heintz;de GER;DF;Köln;de Bundesliga;32,0;1993,0;8,0;5,0;380,0;4,22;0,0;0,0;0,0;0,0;0,0;0,0;0,0;0,0;0,0;0,0;0,0;0,0;0,0;0,0;0,0;0,0;1,0;1,0;5,0;4,0;0,0;2,0;0,0;;;;;0,0;;;;;;;;;;No;No;No;No;No;No;No;No;No;No
1025;George Hemmings;eng ENG;MF;Aston Villa;eng Premier League;19,0;2007,0;2,0;0,0;27,0;0,3;0,0;0,0;0,0;0,0;0,0;0,0;0,0;0,0;0,0;1,0;0,0;0,0;3,33;0,0;0,0;0,0;0,0;0,0;0,0;0,0;0,0;1,0;0,0;;;;;0,0;;;;;;;;;;No;No;No;No;No;No;No;No;No;No
1026;Dean Henderson;eng ENG;GK;Crystal Palace;eng Premier League;29,0;1997,0;29,0;29,0;2610,0;29,0;0,0;0,0;0,0;0,0;0,0;0,0;3,0;0,0;0,0;0,0;0,0;0,0;0,0;0,0;0,0;0,0;0,0;0,0;1,0;5,0;0,0;1,0;0,0;35,0;1,21;115,0;84,0;73,04;10,0;8,0;11,0;10,0;34,48;5,0;4,0;1,0;0,0;No;No;No;No;No;No;No;No;No;No
1027;Jordan Henderson;eng ENG;MF;Brentford;eng Premier League;35,0;1990,0;28,0;20,0;1730,0;19,22;1,0;3,0;4,0;1,0;0,0;0,0;4,0;0,0;0,21;6,0;1,0;16,67;0,31;0,05;0,17;1,0;44,0;13,0;16,0;7,0;0,0;13,0;0,0;;;;;0,0;;;;;;;;;;No;No;No;No;No;No;No;No;No;No
1028;Ramon Hendriks;nl NED;DF;Stuttgart;de Bundesliga;24,0;2001,0;23,0;16,0;1419,0;15,77;0,0;2,0;2,0;0,0;0,0;0,0;2,0;0,0;0,13;3,0;0,0;0,0;0,19;0,0;0,0;0,0;18,0;10,0;14,0;17,0;0,0;10,0;0,0;;;;;0,0;;;;;;;;;;No;No;No;No;No;No;No;No;No;No
1029;Benjamin Henrichs;de GER;DF;RB Leipzig;de Bundesliga;29,0;1997,0;9,0;2,0;189,0;2,1;0,0;0,0;0,0;0,0;0,0;0,0;0,0;0,0;0,0;3,0;1,0;33,33;1,43;0,48;0,0;0,0;0,0;4,0;4,0;0,0;0,0;1,0;0,0;;;;;0,0;;;;;;;;;;No;No;No;No;No;No;No;No;No;No
1030;Luis Henrique;br BRA;MF;Inter;it Serie A;24,0;2001,0;24,0;17,0;1414,0;15,71;1,0;2,0;3,0;1,0;0,0;0,0;1,0;0,0;0,19;14,0;6,0;42,86;0,89;0,38;0,07;0,17;39,0;14,0;7,0;0,0;0,0;5,0;0,0;;;;;0,0;;;;;;;;;;No;No;No;No;No;No;No;No;No;No
1031;Rico Henry;jm JAM;DF;Brentford;eng Premier League;28,0;1997,0;25,0;14,0;1328,0;14,76;0,0;1,0;1,0;0,0;0,0;0,0;2,0;0,0;0,07;5,0;0,0;0,0;0,34;0,0;0,0;0,0;26,0;11,0;7,0;17,0;0,0;15,0;0,0;;;;;0,0;;;;;;;;;;No;No;No;No;No;No;No;No;No;No
1032;Pharell Hensel;de GER;MF;Wolfsburg;de Bundesliga;19,0;2007,0;5,0;1,0;69,0;0,77;0,0;0,0;0,0;0,0;0,0;0,0;0,0;0,0;0,0;1,0;0,0;0,0;1,3;0,0;0,0;0,0;0,0;1,0;0,0;1,0;0,0;0,0;0,0;;;;;0,0;;;;;;;;;;No;No;No;No;No;No;No;No;No;No
1033;Mads Hermansen;dk DEN;GK;West Ham United;eng Premier League;25,0;2000,0;10,0;10,0;900,0;10,0;0,0;0,0;0,0;0,0;0,0;0,0;0,0;0,0;0,0;0,0;0,0;0,0;0,0;0,0;0,0;0,0;0,0;0,0;0,0;1,0;0,0;0,0;0,0;18,0;1,8;50,0;32,0;64,0;3,0;3,0;4,0;4,0;40,0;0,0;0,0;0,0;0,0;No;No;No;No;No;No;No;No;No;No
1034;Mario Hermoso;es ESP;DF;Roma;it Serie A;30,0;1995,0;18,0;16,0;1361,0;15,12;1,0;0,0;1,0;1,0;0,0;0,0;6,0;0,0;0,07;8,0;3,0;37,5;0,53;0,2;0,12;0,33;7,0;14,0;24,0;14,0;0,0;28,0;0,0;;;;;0,0;;;;;;;;;;No;No;No;No;No;No;No;No;No;No
1035;Lucas Hernández;fr FRA;DF;Paris Saint-Germain;fr Ligue 1;30,0;1996,0;17,0;13,0;1161,0;12,9;0,0;2,0;2,0;0,0;0,0;0,0;2,0;0,0;0,16;7,0;2,0;28,57;0,54;0,16;0,0;0,0;9,0;7,0;14,0;15,0;0,0;14,0;0,0;;;;;0,0;;;;;;;;;;No;No;No;No;No;No;No;No;No;No
1036;Hernani;br BRA;MF;Parma;it Serie A;31,0;1994,0;4,0;0,0;73,0;0,81;0,0;0,0;0,0;0,0;0,0;0,0;0,0;0,0;0,0;1,0;0,0;0,0;1,23;0,0;0,0;0,0;2,0;0,0;1,0;3,0;0,0;2,0;0,0;;;;;0,0;;;;;;;;;;No;No;No;No;No;No;No;No;No;No
1037;Jorge Herrando;es ESP;DF;Osasuna;es La Liga;25,0;2001,0;24,0;14,0;1399,0;15,54;0,0;1,0;1,0;0,0;0,0;0,0;2,0;0,0;0,06;3,0;0,0;0,0;0,19;0,0;0,0;0,0;2,0;13,0;20,0;8,0;0,0;22,0;0,0;;;;;0,0;;;;;;;;;;No;No;No;No;No;No;No;No;No;No
1038;Sergio Herrera;es ESP;GK;Osasuna;es La Liga;32,0;1993,0;28,0;28,0;2520,0;28,0;0,0;0,0;0,0;0,0;0,0;0,0;3,0;0,0;0,0;0,0;0,0;0,0;0,0;0,0;0,0;0,0;0,0;0,0;0,0;4,0;0,0;2,0;0,0;35,0;1,25;124,0;96,0;77,42;9,0;7,0;12,0;6,0;21,43;7,0;7,0;0,0;0,0;No;No;No;No;No;No;No;No;No;No
1039;Yangel Herrera;ve VEN;MF;Real Sociedad;es La Liga;28,0;1998,0;10,0;6,0;414,0;4,6;0,0;0,0;0,0;0,0;0,0;0,0;1,0;0,0;0,0;6,0;1,0;16,67;1,3;0,22;0,0;0,0;2,0;4,0;2,0;14,0;0,0;11,0;0,0;;;;;0,0;;;;;;;;;;No;No;No;No;No;No;No;No;No;No
1040;Charles Herrmann;de GER;FW;Gladbach;de Bundesliga;20,0;2006,0;1,0;0,0;5,0;0,06;0,0;1,0;1,0;0,0;0,0;0,0;0,0;0,0;18,0;0,0;0,0;0,0;0,0;0,0;0,0;0,0;1,0;0,0;1,0;0,0;0,0;1,0;0,0;;;;;0,0;;;;;;;;;;No;No;No;No;No;No;No;No;No;No
1041;Daniel Heuer Fernandes;pt POR;GK;Hamburger SV;de Bundesliga;33,0;1992,0;26,0;26,0;2340,0;26,0;0,0;0,0;0,0;0,0;0,0;0,0;3,0;0,0;0,0;1,0;0,0;0,0;0,04;0,0;0,0;0,0;0,0;0,0;0,0;4,0;0,0;0,0;0,0;37,0;1,42;106,0;75,0;70,75;7,0;9,0;10,0;6,0;23,08;6,0;4,0;2,0;0,0;No;No;No;No;No;No;No;No;No;No
1042;Aaron Hickey;sct SCO;DF;Brentford;eng Premier League;23,0;2002,0;18,0;7,0;599,0;6,66;0,0;0,0;0,0;0,0;0,0;0,0;1,0;0,0;0,0;5,0;1,0;20,0;0,75;0,15;0,0;0,0;4,0;6,0;7,0;8,0;0,0;6,0;0,0;;;;;0,0;;;;;;;;;;No;No;No;No;No;No;No;No;No;No
1043;Santiago Hidalgo;ar ARG;FW, MF;Toulouse;fr Ligue 1;21,0;2005,0;22,0;9,0;946,0;10,51;4,0;4,0;8,0;4,0;0,0;0,0;3,0;0,0;0,76;24,0;10,0;41,67;2,28;0,95;0,17;0,4;9,0;13,0;5,0;22,0;0,0;27,0;0,0;;;;;0,0;;;;;;;;;;No;No;No;No;No;No;No;No;No;No
1044;Isak Hien;se SWE;DF;Atalanta;it Serie A;27,0;1999,0;24,0;18,0;1741,0;19,34;1,0;0,0;1,0;1,0;0,0;0,0;3,0;0,0;0,05;8,0;3,0;37,5;0,41;0,16;0,12;0,33;0,0;31,0;22,0;15,0;0,0;32,0;1,0;;;;;0,0;;;;;;;;;;No;No;No;No;No;No;No;No;No;No
1045;Asier Hierro;es ESP;FW;Athletic Club;es La Liga;20,0;2005,0;1,0;0,0;34,0;0,38;0,0;0,0;0,0;0,0;0,0;0,0;0,0;0,0;0,0;1,0;0,0;0,0;2,65;0,0;0,0;0,0;0,0;0,0;0,0;0,0;0,0;0,0;0,0;;;;;0,0;;;;;;;;;;No;No;No;No;No;No;No;No;No;No
1046;Omar El Hilali;ma MAR;DF;Espanyol;es La Liga;22,0;2003,0;26,0;23,0;2030,0;22,56;0,0;2,0;2,0;0,0;0,0;0,0;5,0;0,0;0,09;1,0;0,0;0,0;0,04;0,0;0,0;0,0;40,0;40,0;27,0;18,0;0,0;30,0;0,0;;;;;0,0;;;;;;;;;;No;No;No;No;No;No;No;No;No;No
1047;James Hill;eng ENG;DF;Bournemouth;eng Premier League;24,0;2002,0;21,0;14,0;1386,0;15,4;0,0;3,0;3,0;0,0;0,0;0,0;2,0;0,0;0,19;8,0;1,0;12,5;0,52;0,06;0,0;0,0;9,0;12,0;27,0;10,0;0,0;11,0;0,0;;;;;0,0;;;;;;;;;;No;No;No;No;No;No;No;No;No;No
1048;Rémi Himbert;fr FRA;FW;Lyon;fr Ligue 1;18,0;2008,0;6,0;1,0;131,0;1,46;1,0;0,0;1,0;1,0;0,0;0,0;0,0;0,0;0,69;10,0;1,0;10,0;6,87;0,69;0,1;1,0;2,0;3,0;0,0;4,0;0,0;2,0;0,0;;;;;0,0;;;;;;;;;;No;No;No;No;No;No;No;No;No;No
1049;Piero Hincapié;ec ECU;DF;Arsenal;eng Premier League;24,0;2002,0;22,0;18,0;1593,0;17,7;1,0;2,0;3,0;1,0;0,0;0,0;2,0;0,0;0,17;4,0;2,0;50,0;0,23;0,11;0,25;0,5;28,0;21,0;22,0;12,0;0,0;18,0;1,0;;;;;0,0;;;;;;;;;;No;No;No;No;No;No;No;No;No;No
1050;Jack Hinshelwood;eng ENG;MF;Brighton;eng Premier League;20,0;2005,0;19,0;12,0;1094,0;12,16;1,0;2,0;3,0;1,0;0,0;0,0;0,0;0,0;0,25;22,0;7,0;31,82;1,81;0,58;0,05;0,14;4,0;10,0;5,0;6,0;0,0;25,0;1,0;;;;;0,0;;;;;;;;;;No;No;No;No;No;No;No;No;No;No
1051;Adam Hložek;cz CZE;FW, MF;Hoffenheim;de Bundesliga;23,0;2002,0;3,0;0,0;24,0;0,27;0,0;0,0;0,0;0,0;0,0;0,0;0,0;0,0;0,0;1,0;1,0;100,0;3,75;3,75;0,0;0,0;0,0;0,0;0,0;0,0;0,0;0,0;0,0;;;;;0,0;;;;;;;;;;No;No;No;No;No;No;No;No;No;No
1052;Ki-Jana Hoever;nl NED;DF, MF;Wolves;eng Premier League;24,0;2002,0;8,0;6,0;425,0;4,72;0,0;0,0;0,0;0,0;0,0;0,0;0,0;0,0;0,0;1,0;1,0;100,0;0,21;0,21;0,0;0,0;22,0;11,0;5,0;3,0;0,0;3,0;0,0;;;;;0,0;;;;;;;;;;No;No;No;No;No;No;No;No;No;No
1053;Nicolas Höfler;de GER;MF;Freiburg;de Bundesliga;36,0;1990,0;7,0;0,0;82,0;0,91;0,0;0,0;0,0;0,0;0,0;0,0;0,0;0,0;0,0;2,0;1,0;50,0;2,2;1,1;0,0;0,0;0,0;1,0;1,0;1,0;0,0;2,0;0,0;;;;;0,0;;;;;;;;;;No;No;No;No;No;No;No;No;No;No
1054;Jonas Hofmann;de GER;MF;Leverkusen;de Bundesliga;33,0;1992,0;21,0;11,0;974,0;10,82;2,0;2,0;4,0;2,0;0,0;0,0;3,0;0,0;0,37;21,0;7,0;33,33;1,94;0,65;0,1;0,29;35,0;10,0;2,0;9,0;0,0;4,0;0,0;;;;;0,0;;;;;;;;;;No;No;No;No;No;No;No;No;No;No
1055;Malthe Hojholt;dk DEN;MF;Pisa;it Serie A;24,0;2001,0;11,0;5,0;471,0;5,23;0,0;0,0;0,0;0,0;0,0;0,0;1,0;0,0;0,0;3,0;1,0;33,33;0,57;0,19;0,0;0,0;4,0;5,0;6,0;3,0;0,0;9,0;0,0;;;;;0,0;;;;;;;;;;No;No;No;No;No;No;No;No;No;No
1056;Lucas Höler;de GER;FW, MF;Freiburg;de Bundesliga;31,0;1994,0;25,0;19,0;1508,0;16,76;1,0;1,0;2,0;1,0;0,0;0,0;1,0;0,0;0,12;20,0;10,0;50,0;1,19;0,6;0,05;0,1;8,0;7,0;7,0;23,0;0,0;20,0;0,0;;;;;0,0;;;;;;;;;;No;No;No;No;No;No;No;No;No;No
1057;Benedict Hollerbach;de GER;FW, MF;Mainz 05;de Bundesliga;24,0;2001,0;14,0;13,0;872,0;9,69;1,0;3,0;4,0;1,0;0,0;0,0;0,0;0,0;0,41;22,0;6,0;27,27;2,27;0,62;0,05;0,17;20,0;8,0;1,0;12,0;0,0;18,0;0,0;;;;;0,0;;;;;;;;;;No;No;No;No;No;No;No;No;No;No
1058;Emil Holm;se SWE;DF, MF;Juventus;it Serie A;25,0;2000,0;12,0;8,0;700,0;7,78;1,0;4,0;5,0;1,0;0,0;0,0;3,0;1,0;0,64;9,0;1,0;11,11;1,16;0,13;0,11;1,0;25,0;13,0;7,0;14,0;1,0;11,0;0,0;;;;;0,0;;;;;;;;;;No;No;No;No;No;No;No;No;No;No
1059;Franck Honorat;fr FRA;FW, MF;Gladbach;de Bundesliga;29,0;1996,0;20,0;18,0;1456,0;16,18;1,0;5,0;6,0;1,0;0,0;0,0;0,0;0,0;0,37;15,0;4,0;26,67;0,93;0,25;0,07;0,25;104,0;8,0;4,0;5,0;0,0;9,0;0,0;;;;;0,0;;;;;;;;;;No;No;No;No;No;No;No;No;No;No
1060;Mathias Honsak;at AUT;FW, MF;Heidenheim;de Bundesliga;29,0;1996,0;22,0;12,0;1011,0;11,23;0,0;0,0;0,0;0,0;0,0;0,0;1,0;0,0;0,0;25,0;4,0;16,0;2,23;0,36;0,0;0,0;23,0;10,0;16,0;13,0;0,0;10,0;0,0;;;;;0,0;;;;;;;;;;No;No;No;No;No;No;No;No;No;No
1061;Ali Houary;ma MAR;MF;Elche;es La Liga;20,0;2005,0;2,0;2,0;123,0;1,37;0,0;0,0;0,0;0,0;0,0;0,0;0,0;0,0;0,0;2,0;0,0;0,0;1,46;0,0;0,0;0,0;0,0;2,0;1,0;2,0;0,0;7,0;0,0;;;;;0,0;;;;;;;;;;No;No;No;No;No;No;No;No;No;No
1062;Andreas Hountondji;bj BEN;FW, MF;St Pauli;de Bundesliga;23,0;2002,0;13,0;9,0;634,0;7,04;4,0;0,0;4,0;4,0;0,0;1,0;1,0;0,0;0,57;13,0;7,0;53,85;1,85;0,99;0,31;0,57;19,0;0,0;0,0;5,0;0,0;7,0;0,0;;;;;0,0;;;;;;;;;;No;No;No;No;No;No;No;No;No;No
1063;Harry Howell;eng ENG;MF;Brighton;eng Premier League;17,0;2008,0;3,0;1,0;94,0;1,04;0,0;0,0;0,0;0,0;0,0;0,0;0,0;0,0;0,0;0,0;0,0;0,0;0,0;0,0;0,0;0,0;4,0;0,0;0,0;0,0;0,0;0,0;0,0;;;;;0,0;;;;;;;;;;No;No;No;No;No;No;No;No;No;No
1064;Lukáš Hrádecký;fi FIN;GK;Monaco;fr Ligue 1;36,0;1989,0;9,0;9,0;719,0;7,99;0,0;0,0;0,0;0,0;0,0;0,0;0,0;0,0;0,0;0,0;0,0;0,0;0,0;0,0;0,0;0,0;0,0;1,0;0,0;0,0;0,0;0,0;0,0;10,0;1,25;30,0;22,0;73,33;4,0;0,0;5,0;2,0;22,22;3,0;2,0;0,0;1,0;No;No;No;No;No;No;No;No;No;No
1065;Robin Hranáč;cz CZE;DF;Hoffenheim;de Bundesliga;26,0;2000,0;24,0;23,0;2032,0;22,58;0,0;0,0;0,0;0,0;0,0;0,0;4,0;0,0;0,0;7,0;2,0;28,57;0,31;0,09;0,0;0,0;5,0;14,0;17,0;10,0;0,0;21,0;0,0;;;;;0,0;;;;;;;;;;No;No;No;No;No;No;No;No;No;No
1066;Timo Hübers;de GER;DF;Köln;de Bundesliga;29,0;1996,0;8,0;8,0;675,0;7,5;0,0;0,0;0,0;0,0;0,0;0,0;0,0;0,0;0,0;0,0;0,0;0,0;0,0;0,0;0,0;0,0;1,0;9,0;10,0;10,0;0,0;8,0;0,0;;;;;0,0;;;;;;;;;;No;No;No;No;No;No;No;No;No;No
1067;Callum Hudson-Odoi;eng ENG;MF;Nottingham Forest;eng Premier League;25,0;2000,0;28,0;19,0;1682,0;18,69;3,0;2,0;5,0;3,0;0,0;0,0;0,0;0,0;0,27;28,0;10,0;35,71;1,5;0,54;0,11;0,3;86,0;6,0;8,0;11,0;0,0;11,0;0,0;;;;;0,0;;;;;;;;;;No;No;No;No;No;No;No;No;No;No
1068;Will Hughes;eng ENG;MF;Crystal Palace;eng Premier League;30,0;1995,0;27,0;15,0;1301,0;14,46;0,0;0,0;0,0;0,0;0,0;0,0;7,0;0,0;0,0;17,0;0,0;0,0;1,18;0,0;0,0;0,0;38,0;15,0;11,0;19,0;0,0;20,0;0,0;;;;;0,0;;;;;;;;;;No;No;No;No;No;No;No;No;No;No
1069;Dean Huijsen;es ESP;DF;Real Madrid;es La Liga;20,0;2005,0;20,0;18,0;1496,0;16,62;2,0;2,0;4,0;2,0;0,0;0,0;5,0;1,0;0,24;17,0;4,0;23,53;1,02;0,24;0,12;0,5;1,0;11,0;16,0;9,0;0,0;17,0;0,0;;;;;0,0;;;;;;;;;;Sí;Sí;Sí;Sí;Sí;No;No;No;No;No
1070;Trai Hume;nir NIR;DF, MF;Sunderland;eng Premier League;23,0;2002,0;30,0;28,0;2491,0;27,68;0,0;1,0;1,0;0,0;0,0;0,0;7,0;0,0;0,04;26,0;5,0;19,23;0,94;0,18;0,0;0,0;78,0;39,0;21,0;31,0;0,0;21,0;0,0;;;;;0,0;;;;;;;;;;No;No;No;No;No;No;No;No;No;No
1071;Bashir Humphreys;eng ENG;DF, MF;Burnley;eng Premier League;23,0;2003,0;14,0;12,0;1152,0;12,8;0,0;0,0;0,0;0,0;0,0;0,0;5,0;0,0;0,0;7,0;1,0;14,29;0,55;0,08;0,0;0,0;14,0;14,0;7,0;6,0;0,0;13,0;0,0;;;;;0,0;;;;;;;;;;No;No;No;No;No;No;No;No;No;No
1072;Denis Huseinbasic;ba BIH;MF;Köln;de Bundesliga;24,0;2001,0;14,0;8,0;660,0;7,33;0,0;0,0;0,0;0,0;0,0;0,0;1,0;0,0;0,0;6,0;0,0;0,0;0,82;0,0;0,0;0,0;1,0;9,0;5,0;8,0;0,0;8,0;0,0;;;;;0,0;;;;;;;;;;No;No;No;No;No;No;No;No;No;No
1073;Omari Hutchinson;eng ENG;MF;Nottingham Forest;eng Premier League;22,0;2003,0;23,0;11,0;1208,0;13,42;1,0;3,0;4,0;1,0;0,0;0,0;0,0;0,0;0,3;21,0;9,0;42,86;1,56;0,67;0,05;0,11;113,0;8,0;7,0;16,0;0,0;17,0;0,0;;;;;0,0;;;;;;;;;;No;No;No;No;No;No;No;No;No;No
1074;Kwon Hyeokkyu;kr KOR;MF;Nantes;fr Ligue 1;25,0;2001,0;12,0;9,0;753,0;8,37;0,0;0,0;0,0;0,0;0,0;0,0;2,0;0,0;0,0;3,0;0,0;0,0;0,36;0,0;0,0;0,0;1,0;6,0;6,0;10,0;0,0;11,0;0,0;;;;;0,0;;;;;;;;;;No;No;No;No;No;No;No;No;No;No
1075;Elseid Hysaj;al ALB;DF;Lazio;it Serie A;32,0;1994,0;4,0;1,0;165,0;1,83;0,0;0,0;0,0;0,0;0,0;0,0;0,0;0,0;0,0;0,0;0,0;0,0;0,0;0,0;0,0;0,0;2,0;0,0;2,0;1,0;0,0;0,0;0,0;;;;;0,0;;;;;;;;;;No;No;No;No;No;No;No;No;No;No
1076;Hong Hyunseok;kr KOR;MF;Nantes;fr Ligue 1;26,0;1999,0;6,0;3,0;284,0;3,16;0,0;0,0;0,0;0,0;0,0;0,0;0,0;0,0;0,0;4,0;2,0;50,0;1,27;0,63;0,0;0,0;14,0;7,0;2,0;1,0;0,0;0,0;0,0;;;;;0,0;;;;;;;;;;No;No;No;No;No;No;No;No;No;No
1077;Lucas Høgsberg;dk DEN;DF;Strasbourg;fr Ligue 1;19,0;2006,0;16,0;15,0;1248,0;13,87;0,0;0,0;0,0;0,0;0,0;0,0;3,0;1,0;0,0;4,0;1,0;25,0;0,29;0,07;0,0;0,0;0,0;7,0;8,0;8,0;1,0;13,0;0,0;;;;;0,0;;;;;;;;;;No;No;No;No;No;No;No;No;No;No
1078;Pierre Højbjerg;dk DEN;MF;Marseille;fr Ligue 1;30,0;1995,0;24,0;22,0;2018,0;22,42;2,0;4,0;6,0;2,0;0,0;0,0;3,0;0,0;0,27;33,0;11,0;33,33;1,47;0,49;0,06;0,18;6,0;16,0;19,0;34,0;0,0;24,0;0,0;;;;;0,0;;;;;;;;;;No;No;No;No;No;No;No;No;No;No
1079;Oscar Højlund;dk DEN;MF;Eintracht Frankfurt;de Bundesliga;21,0;2005,0;19,0;7,0;741,0;8,23;0,0;1,0;1,0;0,0;0,0;0,0;3,0;1,0;0,12;2,0;0,0;0,0;0,24;0,0;0,0;0,0;1,0;15,0;5,0;3,0;1,0;19,0;0,0;;;;;0,0;;;;;;;;;;No;No;No;No;No;No;No;No;No;No
1080;Rasmus Højlund;dk DEN;FW;Napoli;it Serie A;23,0;2003,0;25,0;24,0;2085,0;23,17;10,0;2,0;12,0;9,0;1,0;1,0;1,0;0,0;0,47;45,0;22,0;48,89;1,94;0,95;0,22;0,45;3,0;1,0;0,0;43,0;0,0;30,0;0,0;;;;;0,0;;;;;;;;;;No;No;No;No;No;No;No;No;No;No
1081;Edoardo Iannoni;it ITA;MF;Sassuolo;it Serie A;24,0;2001,0;13,0;1,0;238,0;2,64;1,0;0,0;1,0;1,0;0,0;0,0;3,0;0,0;0,38;3,0;1,0;33,33;1,13;0,38;0,33;1,0;1,0;3,0;3,0;0,0;0,0;11,0;0,0;;;;;0,0;;;;;;;;;;No;No;No;No;No;No;No;No;No;No
1082;Pablo Ibáñez;es ESP;MF;Alavés;es La Liga;27,0;1998,0;27,0;21,0;1695,0;18,83;1,0;1,0;2,0;1,0;0,0;0,0;5,0;0,0;0,11;38,0;11,0;28,95;2,02;0,58;0,03;0,09;28,0;23,0;15,0;52,0;0,0;28,0;0,0;;;;;0,0;;;;;;;;;;No;No;No;No;No;No;No;No;No;No
1083;Arijon Ibrahimović;de GER;MF;Heidenheim;de Bundesliga;20,0;2005,0;25,0;21,0;1835,0;20,39;1,0;2,0;3,0;0,0;1,0;1,0;2,0;0,0;0,1;41,0;17,0;41,46;2,01;0,83;0,02;0,06;106,0;15,0;18,0;24,0;0,0;10,0;0,0;;;;;0,0;;;;;;;;;;No;No;No;No;No;No;No;No;No;No
1084;Riyad Idrissi;it ITA;DF, MF;Cagliari;it Serie A;20,0;2005,0;23,0;4,0;783,0;8,7;2,0;0,0;2,0;2,0;0,0;0,0;3,0;0,0;0,23;6,0;6,0;100,0;0,69;0,69;0,33;0,33;23,0;15,0;9,0;6,0;0,0;9,0;0,0;;;;;0,0;;;;;;;;;;No;No;No;No;No;No;No;No;No;No
1085;Stanis Idumbo;be BEL;MF;Monaco;fr Ligue 1;20,0;2005,0;9,0;1,0;216,0;2,4;1,0;1,0;2,0;1,0;0,0;0,0;0,0;0,0;0,83;7,0;2,0;28,57;2,92;0,83;0,14;0,5;1,0;3,0;0,0;2,0;0,0;3,0;0,0;;;;;0,0;;;;;;;;;;No;No;No;No;No;No;No;No;No;No
1086;Jay Idzes;id IDN;DF;Sassuolo;it Serie A;25,0;2000,0;28,0;28,0;2519,0;27,99;0,0;0,0;0,0;0,0;0,0;0,0;2,0;0,0;0,0;4,0;0,0;0,0;0,14;0,0;0,0;0,0;1,0;13,0;33,0;11,0;0,0;29,0;0,0;;;;;0,0;;;;;;;;;;No;No;No;No;No;No;No;No;No;No
1087;Hamza Igamane;ma MAR;FW;Lille;fr Ligue 1;23,0;2002,0;13,0;4,0;432,0;4,8;5,0;1,0;6,0;5,0;0,0;0,0;2,0;0,0;1,25;24,0;9,0;37,5;5,0;1,88;0,21;0,56;5,0;4,0;2,0;3,0;0,0;6,0;0,0;;;;;0,0;;;;;;;;;;No;No;No;No;No;No;No;No;No;No
1088;Iglesias;es ESP;DF, MF;Getafe;es La Liga;27,0;1998,0;27,0;26,0;2290,0;25,44;1,0;2,0;3,0;1,0;0,0;0,0;3,0;0,0;0,12;19,0;3,0;15,79;0,75;0,12;0,05;0,33;67,0;55,0;19,0;51,0;0,0;48,0;1,0;;;;;0,0;;;;;;;;;;No;No;No;No;No;No;No;No;No;No
1089;Borja Iglesias;es ESP;FW;Celta Vigo;es La Liga;33,0;1993,0;25,0;16,0;1437,0;15,97;11,0;2,0;13,0;8,0;3,0;3,0;6,0;0,0;0,63;40,0;22,0;55,0;2,51;1,38;0,28;0,5;2,0;3,0;0,0;19,0;0,0;30,0;0,0;;;;;0,0;;;;;;;;;;Sí;Sí;No;No;No;No;No;No;No;No
1090;Igor;br BRA;DF;West Ham United;eng Premier League;28,0;1998,0;4,0;1,0;105,0;1,17;0,0;0,0;0,0;0,0;0,0;0,0;0,0;0,0;0,0;0,0;0,0;0,0;0,0;0,0;0,0;0,0;0,0;0,0;1,0;0,0;0,0;1,0;0,0;;;;;0,0;;;;;;;;;;No;No;No;No;No;No;No;No;No;No
1091;Jonathan Ikone;fr FRA;FW, MF;Paris FC;fr Ligue 1;27,0;1998,0;16,0;7,0;649,0;7,21;1,0;0,0;1,0;1,0;0,0;0,0;1,0;0,0;0,14;11,0;3,0;27,27;1,53;0,42;0,09;0,33;3,0;8,0;2,0;7,0;0,0;9,0;0,0;;;;;0,0;;;;;;;;;;No;No;No;No;No;No;No;No;No;No
1092;George Ilenikhena;ng NGA;FW;Monaco;fr Ligue 1;19,0;2006,0;15,0;3,0;385,0;4,28;2,0;0,0;2,0;2,0;0,0;0,0;0,0;0,0;0,47;15,0;7,0;46,67;3,51;1,64;0,13;0,29;0,0;0,0;0,0;6,0;0,0;2,0;0,0;;;;;0,0;;;;;;;;;;No;No;No;No;No;No;No;No;No;No
1093;Andrej Ilic;rs SRB;FW;Union Berlin;de Bundesliga;25,0;2000,0;24,0;18,0;1676,0;18,62;1,0;8,0;9,0;1,0;0,0;1,0;5,0;0,0;0,48;48,0;14,0;29,17;2,58;0,75;0,02;0,07;13,0;2,0;1,0;19,0;0,0;27,0;0,0;;;;;0,0;;;;;;;;;;No;No;No;No;No;No;No;No;No;No
1094;Ivan Ilić;rs SRB;MF;Torino;it Serie A;25,0;2001,0;8,0;5,0;416,0;4,62;0,0;0,0;0,0;0,0;0,0;0,0;2,0;0,0;0,0;0,0;0,0;0,0;0,0;0,0;0,0;0,0;2,0;5,0;5,0;4,0;0,0;9,0;0,0;;;;;0,0;;;;;;;;;;No;No;No;No;No;No;No;No;No;No
1095;Luka Ilić;rs SRB;FW, MF;Oviedo;es La Liga;26,0;1999,0;18,0;8,0;714,0;7,93;1,0;0,0;1,0;1,0;0,0;0,0;4,0;1,0;0,13;9,0;5,0;55,56;1,13;0,63;0,11;0,2;7,0;4,0;7,0;7,0;1,0;16,0;0,0;;;;;0,0;;;;;;;;;;No;No;No;No;No;No;No;No;No;No
1096;Samuel Iling-Junior;eng ENG;MF;Pisa;it Serie A;22,0;2003,0;4,0;1,0;95,0;1,06;0,0;0,0;0,0;0,0;0,0;0,0;0,0;0,0;0,0;0,0;0,0;0,0;0,0;0,0;0,0;0,0;5,0;1,0;0,0;0,0;0,0;1,0;0,0;;;;;0,0;;;;;;;;;;No;No;No;No;No;No;No;No;No;No
1097;Emirhan İlkhan;tr TUR;MF;Torino;it Serie A;21,0;2004,0;13,0;9,0;657,0;7,3;1,0;1,0;2,0;1,0;0,0;0,0;1,0;1,0;0,27;6,0;3,0;50,0;0,82;0,41;0,17;0,33;3,0;14,0;10,0;13,0;0,0;9,0;0,0;;;;;0,0;;;;;;;;;;No;No;No;No;No;No;No;No;No;No
1098;Ciro Immobile;it ITA;FW;Paris FC;fr Ligue 1;36,0;1990,0;12,0;7,0;573,0;6,37;0,0;0,0;0,0;0,0;0,0;0,0;2,0;0,0;0,0;7,0;2,0;28,57;1,1;0,31;0,0;0,0;5,0;0,0;0,0;3,0;0,0;12,0;0,0;;;;;0,0;;;;;;;;;;No;No;No;No;No;No;No;No;No;No
1099;Samuele Inácio;it ITA;FW;Dortmund;de Bundesliga;17,0;2008,0;1,0;0,0;16,0;0,18;0,0;0,0;0,0;0,0;0,0;0,0;0,0;0,0;0,0;1,0;0,0;0,0;5,62;0,0;0,0;0,0;1,0;0,0;0,0;1,0;0,0;0,0;0,0;;;;;0,0;;;;;;;;;;No;No;No;No;No;No;No;No;No;No
1100;Cyriaque Irié;bf BFA;MF;Freiburg;de Bundesliga;20,0;2005,0;6,0;2,0;210,0;2,33;0,0;0,0;0,0;0,0;0,0;0,0;3,0;0,0;0,0;5,0;0,0;0,0;2,14;0,0;0,0;0,0;2,0;4,0;2,0;8,0;0,0;6,0;0,0;;;;;0,0;;;;;;;;;;No;No;No;No;No;No;No;No;No;No
1101;Tim Iroegbunam;eng ENG;MF;Everton;eng Premier League;22,0;2003,0;22,0;13,0;1108,0;12,31;0,0;2,0;2,0;0,0;0,0;0,0;8,0;0,0;0,16;8,0;0,0;0,0;0,65;0,0;0,0;0,0;2,0;36,0;19,0;19,0;0,0;22,0;0,0;;;;;0,0;;;;;;;;;;No;No;No;No;No;No;No;No;No;No
1102;Jackson Irvine;au AUS;MF;St Pauli;de Bundesliga;33,0;1993,0;17,0;11,0;1003,0;11,14;0,0;0,0;0,0;0,0;0,0;0,0;0,0;0,0;0,0;15,0;3,0;20,0;1,35;0,27;0,0;0,0;8,0;6,0;18,0;9,0;0,0;13,0;0,0;;;;;0,0;;;;;;;;;;No;No;No;No;No;No;No;No;No;No
1103;Andy Irving;sct SCO;MF;West Ham United;eng Premier League;25,0;2000,0;7,0;2,0;158,0;1,76;0,0;0,0;0,0;0,0;0,0;0,0;0,0;0,0;0,0;0,0;0,0;0,0;0,0;0,0;0,0;0,0;12,0;4,0;1,0;0,0;0,0;1,0;0,0;;;;;0,0;;;;;;;;;;No;No;No;No;No;No;No;No;No;No
1104;Isaac;br BRA;FW;Hellas Verona;it Serie A;21,0;2004,0;1,0;0,0;20,0;0,22;0,0;0,0;0,0;0,0;0,0;0,0;0,0;0,0;0,0;0,0;0,0;0,0;0,0;0,0;0,0;0,0;1,0;0,0;0,0;0,0;0,0;0,0;0,0;;;;;0,0;;;;;;;;;;No;No;No;No;No;No;No;No;No;No
1105;Alexander Isak;se SWE;FW;Liverpool;eng Premier League;26,0;1999,0;10,0;6,0;504,0;5,6;2,0;1,0;3,0;2,0;0,0;0,0;0,0;0,0;0,54;15,0;4,0;26,67;2,68;0,71;0,13;0,5;2,0;5,0;0,0;0,0;0,0;5,0;0,0;;;;;0,0;;;;;;;;;;No;No;No;No;No;No;No;No;No;No
1106;Gustav Isaksen;dk DEN;FW;Lazio;it Serie A;24,0;2001,0;23,0;15,0;1291,0;14,34;4,0;1,0;5,0;4,0;0,0;0,0;0,0;0,0;0,35;38,0;14,0;36,84;2,65;0,98;0,11;0,29;23,0;7,0;7,0;44,0;0,0;16,0;0,0;;;;;0,0;;;;;;;;;;No;No;No;No;No;No;No;No;No;No
1107;Isco;es ESP;FW, MF;Real Betis;es La Liga;33,0;1992,0;1,0;0,0;31,0;0,34;0,0;1,0;1,0;0,0;0,0;0,0;0,0;0,0;2,9;2,0;0,0;0,0;5,81;0,0;0,0;0,0;2,0;0,0;0,0;2,0;0,0;0,0;0,0;;;;;0,0;;;;;;;;;;No;No;No;No;Sí;No;No;No;No;No
1108;Wilson Isidor;fr FRA;FW;Sunderland;eng Premier League;25,0;2000,0;26,0;11,0;1068,0;11,87;4,0;0,0;4,0;4,0;0,0;0,0;1,0;0,0;0,34;38,0;14,0;36,84;3,2;1,18;0,11;0,29;0,0;6,0;0,0;4,0;0,0;13,0;0,0;;;;;0,0;;;;;;;;;;No;No;No;No;No;No;No;No;No;No
1109;Ardian Ismajli;al ALB;DF;Torino;it Serie A;29,0;1996,0;20,0;16,0;1456,0;16,18;0,0;1,0;1,0;0,0;0,0;0,0;4,0;0,0;0,06;5,0;3,0;60,0;0,31;0,19;0,0;0,0;8,0;10,0;28,0;12,0;0,0;20,0;0,0;;;;;0,0;;;;;;;;;;No;No;No;No;No;No;No;No;No;No
1110;Franco Israel;uy URU;GK;Torino;it Serie A;25,0;2000,0;9,0;9,0;810,0;9,0;0,0;0,0;0,0;0,0;0,0;0,0;1,0;0,0;0,0;0,0;0,0;0,0;0,0;0,0;0,0;0,0;0,0;0,0;0,0;3,0;0,0;0,0;0,0;18,0;2,0;40,0;24,0;60,0;2,0;2,0;5,0;3,0;33,33;2,0;2,0;0,0;0,0;No;No;No;No;No;No;No;No;No;No
1111;Hiroki Ito;jp JPN;DF;Bayern Munich;de Bundesliga;26,0;1999,0;10,0;5,0;481,0;5,34;1,0;2,0;3,0;1,0;0,0;0,0;0,0;0,0;0,56;9,0;3,0;33,33;1,68;0,56;0,11;0,33;4,0;0,0;8,0;1,0;0,0;6,0;0,0;;;;;0,0;;;;;;;;;;No;No;No;No;No;No;No;No;No;No
1112;Alex Iwobi;ng NGA;MF;Fulham;eng Premier League;29,0;1996,0;24,0;24,0;2041,0;22,68;4,0;3,0;7,0;4,0;0,0;0,0;2,0;0,0;0,31;27,0;11,0;40,74;1,19;0,49;0,15;0,36;71,0;14,0;11,0;8,0;0,0;5,0;0,0;;;;;0,0;;;;;;;;;;No;No;No;No;No;No;No;No;No;No
1113;Urko Izeta;es ESP;FW;Athletic Club;es La Liga;26,0;1999,0;11,0;1,0;171,0;1,9;0,0;0,0;0,0;0,0;0,0;0,0;2,0;0,0;0,0;8,0;4,0;50,0;4,21;2,11;0,0;0,0;2,0;0,0;0,0;1,0;0,0;4,0;0,0;;;;;0,0;;;;;;;;;;No;No;No;No;No;No;No;No;No;No
1114;Jairo Izquierdo;es ESP;DF, FW;Elche;es La Liga;32,0;1993,0;1,0;0,0;24,0;0,27;0,0;0,0;0,0;0,0;0,0;0,0;0,0;0,0;0,0;0,0;0,0;0,0;0,0;0,0;0,0;0,0;3,0;0,0;0,0;0,0;0,0;0,0;0,0;;;;;0,0;;;;;;;;;;No;No;No;No;No;No;No;No;No;No
1115;Nicolas Jackson;sn SEN;FW;Bayern Munich;de Bundesliga;24,0;2001,0;17,0;7,0;580,0;6,44;4,0;0,0;4,0;4,0;0,0;0,0;1,0;1,0;0,62;19,0;11,0;57,89;2,95;1,71;0,21;0,36;0,0;1,0;2,0;7,0;0,0;12,0;0,0;;;;;0,0;;;;;;;;;;No;No;No;No;No;No;No;No;No;No
1116;Jérémy Jacquet;fr FRA;DF;Rennes;fr Ligue 1;20,0;2005,0;19,0;19,0;1671,0;18,57;0,0;0,0;0,0;0,0;0,0;0,0;6,0;1,0;0,0;11,0;3,0;27,27;0,59;0,16;0,0;0,0;0,0;17,0;22,0;17,0;1,0;20,0;0,0;;;;;0,0;;;;;;;;;;No;No;No;No;No;No;No;No;No;No
1117;Ricky Jade-Jones;eng ENG;FW;St Pauli;de Bundesliga;24,0;2001,0;8,0;3,0;337,0;3,74;2,0;0,0;2,0;2,0;0,0;0,0;1,0;0,0;0,53;11,0;6,0;54,55;2,94;1,6;0,18;0,33;8,0;2,0;1,0;7,0;0,0;8,0;0,0;;;;;0,0;;;;;;;;;;No;No;No;No;No;No;No;No;No;No
1118;Lee Jae-sung;kr KOR;FW, MF;Mainz 05;de Bundesliga;33,0;1992,0;24,0;24,0;1986,0;22,07;4,0;2,0;6,0;4,0;0,0;0,0;3,0;0,0;0,27;29,0;8,0;27,59;1,31;0,36;0,14;0,5;25,0;19,0;22,0;21,0;0,0;16,0;0,0;;;;;0,0;;;;;;;;;;No;No;No;No;No;No;No;No;No;No
1119;Kristijan Jakić;hr CRO;DF, MF;Augsburg;de Bundesliga;28,0;1997,0;21,0;17,0;1466,0;16,29;1,0;1,0;2,0;1,0;0,0;0,0;4,0;0,0;0,12;14,0;4,0;28,57;0,86;0,25;0,07;0,25;4,0;23,0;14,0;16,0;0,0;16,0;0,0;;;;;0,0;;;;;;;;;;No;No;No;No;No;No;No;No;No;No
1120;Karl Jakob Hein;ee EST;GK;Werder Bremen;de Bundesliga;23,0;2002,0;2,0;2,0;180,0;2,0;0,0;0,0;0,0;0,0;0,0;0,0;0,0;0,0;0,0;0,0;0,0;0,0;0,0;0,0;0,0;0,0;0,0;0,0;0,0;0,0;0,0;0,0;0,0;4,0;2,0;14,0;11,0;78,57;1,0;0,0;1,0;1,0;50,0;1,0;1,0;0,0;0,0;No;No;No;No;No;No;No;No;No;No
1121;Daniel James;wls WAL;FW;Leeds United;eng Premier League;28,0;1997,0;14,0;4,0;408,0;4,53;0,0;0,0;0,0;0,0;0,0;0,0;0,0;0,0;0,0;10,0;2,0;20,0;2,21;0,44;0,0;0,0;35,0;3,0;1,0;6,0;0,0;1,0;0,0;;;;;0,0;;;;;;;;;;No;No;No;No;No;No;No;No;No;No
1122;Reece James;eng ENG;DF, MF;Chelsea;eng Premier League;26,0;1999,0;27,0;20,0;1896,0;21,07;2,0;4,0;6,0;2,0;0,0;0,0;4,0;0,0;0,28;21,0;6,0;28,57;1,0;0,28;0,1;0,33;123,0;32,0;31,0;20,0;0,0;26,0;0,0;;;;;0,0;;;;;;;;;;No;No;No;No;No;No;No;No;No;No
1123;Vitaly Janelt;de GER;MF;Brentford;eng Premier League;27,0;1998,0;22,0;13,0;1261,0;14,01;1,0;4,0;5,0;1,0;0,0;0,0;7,0;0,0;0,36;12,0;3,0;25,0;0,86;0,21;0,08;0,33;53,0;16,0;26,0;12,0;0,0;17,0;0,0;;;;;0,0;;;;;;;;;;No;No;No;No;No;No;No;No;No;No
1124;Mathis Jangeal;fr FRA;FW;Paris Saint-Germain;fr Ligue 1;17,0;2008,0;1,0;0,0;11,0;0,12;0,0;0,0;0,0;0,0;0,0;0,0;0,0;0,0;0,0;0,0;0,0;0,0;0,0;0,0;0,0;0,0;0,0;0,0;0,0;0,0;0,0;1,0;0,0;;;;;0,0;;;;;;;;;;No;No;No;No;No;No;No;No;No;No
1125;Isak Jansson;se SWE;FW, MF;Nice;fr Ligue 1;24,0;2002,0;16,0;6,0;541,0;6,01;1,0;0,0;1,0;1,0;0,0;0,0;2,0;0,0;0,17;14,0;9,0;64,29;2,33;1,5;0,07;0,11;10,0;6,0;4,0;5,0;0,0;6,0;0,0;;;;;0,0;;;;;;;;;;No;No;No;No;No;No;No;No;No;No
1126;Adnan Januzaj;be BEL;FW, MF;Sevilla;es La Liga;31,0;1995,0;12,0;2,0;321,0;3,57;0,0;0,0;0,0;0,0;0,0;0,0;1,0;0,0;0,0;7,0;0,0;0,0;1,96;0,0;0,0;0,0;30,0;4,0;1,0;10,0;0,0;8,0;0,0;;;;;0,0;;;;;;;;;;No;No;No;No;No;No;No;No;No;No
1127;Luca Jaquez;ch SUI;DF;Stuttgart;de Bundesliga;22,0;2003,0;9,0;8,0;642,0;7,13;0,0;1,0;1,0;0,0;0,0;0,0;1,0;0,0;0,14;2,0;0,0;0,0;0,28;0,0;0,0;0,0;0,0;5,0;8,0;2,0;0,0;2,0;0,0;;;;;0,0;;;;;;;;;;No;No;No;No;No;No;No;No;No;No
1128;Ardon Jashari;ch SUI;MF;Milan;it Serie A;23,0;2002,0;9,0;4,0;461,0;5,12;0,0;1,0;1,0;0,0;0,0;0,0;0,0;0,0;0,2;6,0;2,0;33,33;1,17;0,39;0,0;0,0;8,0;8,0;5,0;5,0;0,0;7,0;0,0;;;;;0,0;;;;;;;;;;No;No;No;No;No;No;No;No;No;No
1129;Bakery Jatta;gm GAM;MF;Hamburger SV;de Bundesliga;27,0;1998,0;11,0;9,0;690,0;7,67;0,0;1,0;1,0;0,0;0,0;0,0;0,0;0,0;0,13;6,0;2,0;33,33;0,78;0,26;0,0;0,0;18,0;6,0;5,0;5,0;0,0;10,0;0,0;;;;;0,0;;;;;;;;;;No;No;No;No;No;No;No;No;No;No
1130;Mikel Jauregizar;es ESP;MF;Athletic Club;es La Liga;22,0;2003,0;27,0;27,0;2243,0;24,92;2,0;0,0;2,0;2,0;0,0;0,0;3,0;0,0;0,08;31,0;8,0;25,81;1,24;0,32;0,06;0,25;53,0;38,0;40,0;30,0;0,0;33,0;0,0;;;;;0,0;;;;;;;;;;No;No;No;No;No;No;No;No;No;No
1131;Gaby Jean;fr FRA;DF;Lecce;it Serie A;26,0;2000,0;2,0;0,0;19,0;0,21;0,0;0,0;0,0;0,0;0,0;0,0;0,0;0,0;0,0;0,0;0,0;0,0;0,0;0,0;0,0;0,0;0,0;0,0;0,0;0,0;0,0;0,0;0,0;;;;;0,0;;;;;;;;;;No;No;No;No;No;No;No;No;No;No
1132;Finn Jeltsch;de GER;DF;Stuttgart;de Bundesliga;19,0;2006,0;19,0;14,0;1282,0;14,24;0,0;1,0;1,0;0,0;0,0;0,0;3,0;0,0;0,07;3,0;0,0;0,0;0,21;0,0;0,0;0,0;3,0;11,0;14,0;13,0;0,0;9,0;0,0;;;;;0,0;;;;;;;;;;No;No;No;No;No;No;No;No;No;No
1133;Castrop Jens;kr KOR;MF;Gladbach;de Bundesliga;22,0;2003,0;21,0;15,0;1166,0;12,96;1,0;0,0;1,0;1,0;0,0;0,0;1,0;1,0;0,08;18,0;8,0;44,44;1,39;0,62;0,06;0,12;18,0;25,0;12,0;21,0;0,0;27,0;0,0;;;;;0,0;;;;;;;;;;No;No;No;No;No;No;No;No;No;No
1134;Mathias Jensen;dk DEN;MF;Brentford;eng Premier League;30,0;1996,0;28,0;18,0;1563,0;17,37;2,0;1,0;3,0;2,0;0,0;0,0;3,0;0,0;0,17;22,0;6,0;27,27;1,27;0,35;0,09;0,33;90,0;19,0;11,0;7,0;0,0;15,0;0,0;;;;;0,0;;;;;;;;;;No;No;No;No;No;No;No;No;No;No
1135;Oliver Jensen;dk DEN;MF;Parma;it Serie A;24,0;2002,0;27,0;18,0;1679,0;18,66;1,0;0,0;1,0;1,0;0,0;0,0;2,0;0,0;0,05;14,0;3,0;21,43;0,75;0,16;0,07;0,33;14,0;7,0;17,0;19,0;0,0;13,0;0,0;;;;;0,0;;;;;;;;;;No;No;No;No;No;No;No;No;No;No
1136;Moritz Jenz;de GER;DF;Wolfsburg;de Bundesliga;26,0;1999,0;18,0;18,0;1606,0;17,84;1,0;0,0;1,0;1,0;0,0;0,0;6,0;0,0;0,06;5,0;1,0;20,0;0,28;0,06;0,2;1,0;1,0;21,0;12,0;7,0;0,0;27,0;1,0;;;;;0,0;;;;;;;;;;No;No;No;No;No;No;No;No;No;No
1137;Gabriel Jesus;br BRA;FW;Arsenal;eng Premier League;28,0;1997,0;11,0;2,0;313,0;3,48;2,0;0,0;2,0;2,0;0,0;0,0;2,0;0,0;0,58;14,0;9,0;64,29;4,03;2,59;0,14;0,22;0,0;0,0;1,0;1,0;0,0;6,0;0,0;;;;;0,0;;;;;;;;;;No;No;No;No;No;No;No;No;No;No
1138;Igor Jesus;br BRA;FW;Nottingham Forest;eng Premier League;25,0;2001,0;29,0;21,0;1730,0;19,22;2,0;3,0;5,0;2,0;0,0;0,0;0,0;0,0;0,26;53,0;11,0;20,75;2,76;0,57;0,04;0,18;8,0;11,0;1,0;33,0;0,0;32,0;0,0;;;;;0,0;;;;;;;;;;No;No;No;No;No;No;No;No;No;No
1139;Juan Jesus;br BRA;DF;Napoli;it Serie A;34,0;1991,0;20,0;17,0;1494,0;16,6;0,0;0,0;0,0;0,0;0,0;0,0;10,0;1,0;0,0;3,0;0,0;0,0;0,18;0,0;0,0;0,0;0,0;20,0;25,0;2,0;1,0;38,0;0,0;;;;;0,0;;;;;;;;;;No;No;No;No;No;No;No;No;No;No
1140;Álex Jiménez;es ESP;DF, MF;Bournemouth;eng Premier League;20,0;2005,0;27,0;21,0;1931,0;21,46;1,0;0,0;1,0;1,0;0,0;0,0;9,0;0,0;0,05;19,0;4,0;21,05;0,89;0,19;0,05;0,25;42,0;37,0;22,0;16,0;0,0;25,0;0,0;;;;;0,0;;;;;;;;;;No;No;No;No;No;No;No;No;No;No
1141;David Jiménez;es ESP;DF;Real Madrid;es La Liga;22,0;2004,0;2,0;1,0;76,0;0,84;0,0;0,0;0,0;0,0;0,0;0,0;0,0;0,0;0,0;1,0;1,0;100,0;1,18;1,18;0,0;0,0;3,0;1,0;0,0;0,0;0,0;0,0;0,0;;;;;0,0;;;;;;;;;;No;No;No;No;No;No;No;No;No;No
1142;Raúl Jiménez;mx MEX;FW;Fulham;eng Premier League;34,0;1991,0;29,0;25,0;1965,0;21,83;8,0;3,0;11,0;5,0;3,0;3,0;5,0;0,0;0,37;61,0;16,0;26,23;2,79;0,73;0,13;0,5;5,0;17,0;7,0;28,0;0,0;41,0;0,0;;;;;0,0;;;;;;;;;;No;No;No;No;No;No;No;No;No;No
1143;Jamaldeen Jimoh;eng ENG;MF;Aston Villa;eng Premier League;19,0;2006,0;1,0;0,0;9,0;0,1;0,0;0,0;0,0;0,0;0,0;0,0;0,0;0,0;0,0;0,0;0,0;0,0;0,0;0,0;0,0;0,0;0,0;0,0;0,0;1,0;0,0;0,0;0,0;;;;;0,0;;;;;;;;;;No;No;No;No;No;No;No;No;No;No
1144;João Pedro;br BRA;FW, MF;Chelsea;eng Premier League;24,0;2001,0;30,0;26,0;2234,0;24,82;14,0;5,0;19,0;14,0;0,0;0,0;4,0;0,0;0,77;61,0;26,0;42,62;2,46;1,05;0,23;0,54;14,0;15,0;5,0;46,0;0,0;30,0;0,0;;;;;0,0;;;;;;;;;;No;No;No;No;No;No;No;No;No;No
1145;Joelinton;br BRA;MF;Newcastle United;eng Premier League;29,0;1996,0;23,0;19,0;1598,0;17,76;2,0;1,0;3,0;2,0;0,0;0,0;8,0;0,0;0,17;27,0;10,0;37,04;1,52;0,56;0,07;0,2;10,0;18,0;19,0;27,0;0,0;36,0;0,0;;;;;0,0;;;;;;;;;;No;No;No;No;No;No;No;No;No;No
1146;Jofre;es ESP;MF;Espanyol;es La Liga;24,0;2001,0;20,0;8,0;771,0;8,57;1,0;0,0;1,0;1,0;0,0;0,0;1,0;0,0;0,12;19,0;5,0;26,32;2,22;0,58;0,05;0,2;30,0;5,0;5,0;20,0;0,0;12,0;0,0;;;;;0,0;;;;;;;;;;No;No;No;No;No;No;No;No;No;No
1147;Þórir Jóhann Helgason;is ISL;MF;Lecce;it Serie A;25,0;2000,0;6,0;1,0;120,0;1,33;0,0;0,0;0,0;0,0;0,0;0,0;0,0;0,0;0,0;2,0;1,0;50,0;1,5;0,75;0,0;0,0;4,0;0,0;1,0;0,0;0,0;0,0;0,0;;;;;0,0;;;;;;;;;;No;No;No;No;No;No;No;No;No;No
1148;Ísak Jóhannesson;is ISL;MF;Köln;de Bundesliga;22,0;2003,0;24,0;16,0;1365,0;15,17;1,0;1,0;2,0;1,0;0,0;0,0;3,0;0,0;0,13;8,0;2,0;25,0;0,53;0,13;0,12;0,5;57,0;11,0;3,0;4,0;0,0;8,0;0,0;;;;;0,0;;;;;;;;;;No;No;No;No;No;No;No;No;No;No
1149;John;br BRA;GK;Nottingham Forest;eng Premier League;30,0;1996,0;5,0;5,0;437,0;4,86;0,0;0,0;0,0;0,0;0,0;0,0;1,0;0,0;0,0;0,0;0,0;0,0;0,0;0,0;0,0;0,0;0,0;0,0;0,0;0,0;0,0;0,0;0,0;8,0;1,65;13,0;6,0;46,15;1,0;0,0;4,0;1,0;20,0;1,0;1,0;0,0;0,0;No;No;No;No;No;No;No;No;No;No
1150;Dennis Johnsen;no NOR;FW, MF;Cremonese;it Serie A;28,0;1998,0;11,0;5,0;390,0;4,33;1,0;1,0;2,0;1,0;0,0;0,0;0,0;0,0;0,46;5,0;2,0;40,0;1,15;0,46;0,2;0,5;12,0;2,0;0,0;4,0;0,0;2,0;0,0;;;;;0,0;;;;;;;;;;No;No;No;No;No;No;No;No;No;No
1151;Brennan Johnson;wls WAL;FW, MF;Crystal Palace;eng Premier League;24,0;2001,0;27,0;13,0;1236,0;13,73;2,0;1,0;3,0;2,0;0,0;0,0;5,0;0,0;0,22;17,0;5,0;29,41;1,24;0,36;0,12;0,4;50,0;13,0;3,0;9,0;0,0;13,0;0,0;;;;;0,0;;;;;;;;;;No;No;No;No;No;No;No;No;No;No
1152;Karl-Johan Johnsson;se SWE;GK;Strasbourg;fr Ligue 1;36,0;1990,0;1,0;1,0;90,0;1,0;0,0;0,0;0,0;0,0;0,0;0,0;0,0;0,0;0,0;0,0;0,0;0,0;0,0;0,0;0,0;0,0;0,0;0,0;0,0;0,0;0,0;0,0;0,0;0,0;0,0;2,0;2,0;100,0;1,0;0,0;0,0;1,0;100,0;0,0;0,0;0,0;0,0;No;No;No;No;No;No;No;No;No;No
1153;Sam Johnstone;eng ENG;GK;Wolves;eng Premier League;32,0;1993,0;12,0;12,0;1080,0;12,0;0,0;0,0;0,0;0,0;0,0;0,0;0,0;0,0;0,0;0,0;0,0;0,0;0,0;0,0;0,0;0,0;0,0;1,0;0,0;0,0;0,0;0,0;1,0;24,0;2,0;62,0;39,0;62,9;0,0;2,0;10,0;0,0;0,0;1,0;1,0;0,0;0,0;No;No;No;No;No;No;No;No;No;No
1154;Curtis Jones;eng ENG;MF;Liverpool;eng Premier League;25,0;2001,0;26,0;11,0;1273,0;14,14;0,0;1,0;1,0;0,0;0,0;0,0;1,0;0,0;0,07;18,0;5,0;27,78;1,27;0,35;0,0;0,0;8,0;15,0;7,0;19,0;0,0;10,0;0,0;;;;;0,0;;;;;;;;;;No;No;No;No;No;No;No;No;No;No
1155;Frenkie de Jong;nl NED;MF;Barcelona;es La Liga;28,0;1997,0;19,0;16,0;1495,0;16,61;1,0;4,0;5,0;1,0;0,0;0,0;4,0;1,0;0,3;7,0;2,0;28,57;0,42;0,12;0,14;0,5;4,0;16,0;17,0;24,0;1,0;10,0;0,0;;;;;0,0;;;;;;;;;;No;No;No;No;No;No;No;No;No;No
1156;Joan Jordán;es ESP;MF;Sevilla;es La Liga;31,0;1994,0;3,0;0,0;25,0;0,28;0,0;0,0;0,0;0,0;0,0;0,0;1,0;1,0;0,0;0,0;0,0;0,0;0,0;0,0;0,0;0,0;0,0;0,0;0,0;0,0;0,0;4,0;0,0;;;;;0,0;;;;;;;;;;No;No;No;No;No;No;No;No;No;No
1157;Josan;es ESP;DF, MF;Elche;es La Liga;36,0;1989,0;15,0;4,0;490,0;5,44;0,0;2,0;2,0;0,0;0,0;0,0;2,0;0,0;0,37;3,0;1,0;33,33;0,55;0,18;0,0;0,0;55,0;5,0;4,0;5,0;0,0;5,0;0,0;;;;;0,0;;;;;;;;;;No;No;No;No;No;No;No;No;No;No
1158;Mateo Joseph;es ESP;FW, MF;Mallorca;es La Liga;22,0;2003,0;27,0;18,0;1588,0;17,64;2,0;2,0;4,0;2,0;0,0;0,0;2,0;0,0;0,23;32,0;14,0;43,75;1,81;0,79;0,06;0,14;12,0;18,0;12,0;29,0;0,0;18,0;0,0;;;;;0,0;;;;;;;;;;No;No;No;No;No;No;No;No;No;No
1159;Lazar Jovanović;rs SRB;FW;Stuttgart;de Bundesliga;19,0;2006,0;3,0;0,0;40,0;0,44;0,0;0,0;0,0;0,0;0,0;0,0;0,0;0,0;0,0;1,0;0,0;0,0;2,25;0,0;0,0;0,0;0,0;0,0;0,0;1,0;0,0;1,0;0,0;;;;;0,0;;;;;;;;;;No;No;No;No;No;No;No;No;No;No
1160;Juanmi;es ESP;FW, MF;Getafe;es La Liga;32,0;1993,0;8,0;0,0;179,0;1,99;1,0;0,0;1,0;1,0;0,0;0,0;0,0;0,0;0,5;2,0;1,0;50,0;1,01;0,5;0,5;1,0;0,0;0,0;0,0;1,0;0,0;2,0;0,0;;;;;0,0;;;;;;;;;;No;No;No;No;No;No;No;No;No;No
1161;Abdulai Juma Bah;sl SLE;DF;Nice;fr Ligue 1;19,0;2006,0;20,0;16,0;1463,0;16,26;0,0;0,0;0,0;0,0;0,0;0,0;6,0;0,0;0,0;6,0;1,0;16,67;0,37;0,06;0,0;0,0;0,0;15,0;17,0;7,0;0,0;25,0;0,0;;;;;0,0;;;;;;;;;;No;No;No;No;No;No;No;No;No;No
1162;Anthony Jung;de GER;DF;Freiburg;de Bundesliga;34,0;1991,0;10,0;4,0;490,0;5,44;0,0;0,0;0,0;0,0;0,0;0,0;2,0;0,0;0,0;1,0;0,0;0,0;0,18;0,0;0,0;0,0;0,0;0,0;8,0;3,0;0,0;4,0;0,0;;;;;0,0;;;;;;;;;;No;No;No;No;No;No;No;No;No;No
1163;Eli Junior Kroupi;fr FRA;FW, MF;Bournemouth;eng Premier League;19,0;2006,0;25,0;14,0;1140,0;12,67;8,0;0,0;8,0;8,0;0,0;0,0;3,0;0,0;0,63;32,0;15,0;46,88;2,53;1,18;0,25;0,53;8,0;6,0;8,0;7,0;0,0;13,0;0,0;;;;;0,0;;;;;;;;;;No;No;No;No;No;No;No;No;No;No
1164;Luiz Lúcio Reis Júnior;br BRA;GK;Villarreal;es La Liga;25,0;2001,0;25,0;25,0;2250,0;25,0;0,0;0,0;0,0;0,0;0,0;0,0;3,0;0,0;0,0;0,0;0,0;0,0;0,0;0,0;0,0;0,0;0,0;0,0;1,0;4,0;0,0;2,0;0,0;27,0;1,08;83,0;62,0;74,7;16,0;3,0;6,0;8,0;32,0;6,0;5,0;1,0;0,0;No;No;No;No;No;No;No;No;No;No
1165;Hamed Junior Traorè;ci CIV;MF;Marseille;fr Ligue 1;26,0;2000,0;9,0;4,0;360,0;4,0;1,0;2,0;3,0;1,0;0,0;0,0;1,0;0,0;0,75;5,0;3,0;60,0;1,25;0,75;0,2;0,33;19,0;4,0;4,0;6,0;0,0;6,0;0,0;;;;;0,0;;;;;;;;;;No;No;No;No;No;No;No;No;No;No
1166;Vinicius Júnior;br BRA;FW, MF;Real Madrid;es La Liga;25,0;2000,0;27,0;24,0;2088,0;23,2;9,0;5,0;14,0;6,0;3,0;4,0;7,0;0,0;0,47;75,0;31,0;41,33;3,23;1,34;0,12;0,29;52,0;13,0;2,0;58,0;0,0;25,0;0,0;;;;;0,0;;;;;;;;;;No;No;No;No;No;No;No;No;No;No
1167;Josip Juranović;hr CRO;MF;Union Berlin;de Bundesliga;30,0;1995,0;6,0;2,0;191,0;2,12;0,0;0,0;0,0;0,0;0,0;0,0;1,0;0,0;0,0;3,0;0,0;0,0;1,41;0,0;0,0;0,0;29,0;3,0;0,0;3,0;0,0;0,0;0,0;;;;;0,0;;;;;;;;;;No;No;No;No;No;No;No;No;No;No
1168;James Justin;eng ENG;DF, MF;Leeds United;eng Premier League;28,0;1998,0;21,0;13,0;1181,0;13,12;1,0;1,0;2,0;1,0;0,0;0,0;2,0;0,0;0,15;14,0;4,0;28,57;1,07;0,3;0,07;0,25;22,0;21,0;19,0;21,0;0,0;8,0;0,0;;;;;0,0;;;;;;;;;;No;No;No;No;No;No;No;No;No;No
1169;Ferran Jutglà;es ESP;FW, MF;Celta Vigo;es La Liga;27,0;1999,0;20,0;15,0;1085,0;12,06;5,0;1,0;6,0;5,0;0,0;0,0;4,0;0,0;0,5;32,0;18,0;56,25;2,65;1,49;0,16;0,28;11,0;2,0;6,0;18,0;0,0;13,0;0,0;;;;;0,0;;;;;;;;;;No;No;No;No;No;No;No;No;No;No
1170;Filip Jørgensen;dk DEN;GK;Chelsea;eng Premier League;23,0;2002,0;3,0;2,0;264,0;2,93;0,0;0,0;0,0;0,0;0,0;0,0;0,0;0,0;0,0;0,0;0,0;0,0;0,0;0,0;0,0;0,0;0,0;0,0;1,0;0,0;0,0;0,0;0,0;4,0;1,36;10,0;6,0;60,0;1,0;1,0;0,0;0,0;0,0;0,0;0,0;0,0;0,0;No;No;No;No;No;No;No;No;No;No
1171;Martijn Kaars;nl NED;FW;St Pauli;de Bundesliga;27,0;1999,0;21,0;11,0;1018,0;11,31;3,0;0,0;3,0;2,0;1,0;1,0;1,0;0,0;0,18;20,0;9,0;45,0;1,77;0,8;0,15;0,33;10,0;2,0;0,0;6,0;0,0;6,0;0,0;;;;;0,0;;;;;;;;;;No;No;No;No;No;No;No;No;No;No
1172;Mohamed Kaba;fr FRA;MF;Nantes;fr Ligue 1;24,0;2001,0;21,0;10,0;1076,0;11,96;0,0;1,0;1,0;0,0;0,0;0,0;3,0;0,0;0,08;12,0;4,0;33,33;1,0;0,33;0,0;0,0;8,0;16,0;10,0;32,0;0,0;19,0;0,0;;;;;0,0;;;;;;;;;;No;No;No;No;No;No;No;No;No;No
1173;Ozan Kabak;tr TUR;DF;Hoffenheim;de Bundesliga;25,0;2000,0;17,0;10,0;1031,0;11,46;4,0;0,0;4,0;4,0;0,0;0,0;2,0;0,0;0,35;25,0;9,0;36,0;2,18;0,79;0,16;0,44;1,0;11,0;17,0;7,0;0,0;14,0;0,0;;;;;0,0;;;;;;;;;;No;No;No;No;No;No;No;No;No;No
1174;Christian Kabasele;be BEL;DF;Udinese;it Serie A;35,0;1991,0;22,0;20,0;1627,0;18,08;3,0;0,0;3,0;3,0;0,0;0,0;4,0;0,0;0,17;7,0;5,0;71,43;0,39;0,28;0,43;0,6;0,0;6,0;26,0;18,0;0,0;24,0;0,0;;;;;0,0;;;;;;;;;;No;No;No;No;No;No;No;No;No;No
1175;Anton Kade;de GER;FW, MF;Augsburg;de Bundesliga;22,0;2004,0;20,0;11,0;1090,0;12,11;2,0;0,0;2,0;2,0;0,0;0,0;3,0;0,0;0,17;26,0;12,0;46,15;2,15;0,99;0,08;0,17;20,0;9,0;7,0;8,0;0,0;13,0;0,0;;;;;0,0;;;;;;;;;;No;No;No;No;No;No;No;No;No;No
1176;Ferdi Kadioglu;tr TUR;DF, MF;Brighton;eng Premier League;26,0;1999,0;29,0;26,0;2413,0;26,81;0,0;0,0;0,0;0,0;0,0;0,0;6,0;0,0;0,0;20,0;8,0;40,0;0,75;0,3;0,0;0,0;93,0;34,0;17,0;31,0;0,0;15,0;0,0;;;;;0,0;;;;;;;;;;No;No;No;No;No;No;No;No;No;No
1177;Florian Kainz;at AUT;MF;Köln;de Bundesliga;33,0;1992,0;12,0;2,0;244,0;2,71;1,0;0,0;1,0;1,0;0,0;0,0;0,0;0,0;0,37;7,0;4,0;57,14;2,58;1,48;0,14;0,25;15,0;2,0;3,0;4,0;0,0;3,0;0,0;;;;;0,0;;;;;;;;;;No;No;No;No;No;No;No;No;No;No
1178;Sasa Kalajdzic;at AUT;FW, MF;Wolves;eng Premier League;28,0;1997,0;1,0;0,0;15,0;0,17;0,0;0,0;0,0;0,0;0,0;0,0;0,0;0,0;0,0;0,0;0,0;0,0;0,0;0,0;0,0;0,0;0,0;0,0;1,0;0,0;0,0;0,0;0,0;;;;;0,0;;;;;;;;;;No;No;No;No;No;No;No;No;No;No
1179;Arnaud Kalimuendo;fr FRA;FW, MF;Eintracht Frankfurt;de Bundesliga;24,0;2002,0;20,0;9,0;853,0;9,48;4,0;1,0;5,0;4,0;0,0;0,0;3,0;0,0;0,53;23,0;11,0;47,83;2,43;1,16;0,17;0,36;8,0;3,0;1,0;12,0;0,0;9,0;0,0;;;;;0,0;;;;;;;;;;No;No;No;No;No;No;No;No;No;No
1180;Pierre Kalulu;fr FRA;DF, MF;Juventus;it Serie A;25,0;2000,0;28,0;28,0;2471,0;27,46;2,0;3,0;5,0;2,0;0,0;0,0;3,0;1,0;0,18;10,0;3,0;30,0;0,36;0,11;0,2;0,67;70,0;25,0;18,0;11,0;1,0;30,0;0,0;;;;;0,0;;;;;;;;;;No;No;No;No;No;No;No;No;No;No
1181;Justin-Noël Kalumba;fr FRA;FW, MF;Mallorca;es La Liga;21,0;2004,0;5,0;3,0;258,0;2,87;0,0;0,0;0,0;0,0;0,0;0,0;0,0;0,0;0,0;1,0;0,0;0,0;0,35;0,0;0,0;0,0;16,0;3,0;1,0;4,0;0,0;3,0;0,0;;;;;0,0;;;;;;;;;;No;No;No;No;No;No;No;No;No;No
1182;Daichi Kamada;jp JPN;MF;Crystal Palace;eng Premier League;29,0;1996,0;20,0;17,0;1479,0;16,43;0,0;0,0;0,0;0,0;0,0;0,0;2,0;0,0;0,0;16,0;4,0;25,0;0,97;0,24;0,0;0,0;31,0;28,0;10,0;20,0;0,0;26,0;0,0;;;;;0,0;;;;;;;;;;No;No;No;No;No;No;No;No;No;No
1183;Warren Kamanzi;no NOR;MF;Toulouse;fr Ligue 1;25,0;2000,0;17,0;6,0;653,0;7,26;0,0;1,0;1,0;0,0;0,0;0,0;1,0;0,0;0,14;9,0;1,0;11,11;1,24;0,14;0,0;0,0;10,0;9,0;5,0;6,0;0,0;7,0;0,0;;;;;0,0;;;;;;;;;;No;No;No;No;No;No;No;No;No;No
1184;Abu Kamara;eng ENG;MF;Getafe;es La Liga;22,0;2003,0;9,0;1,0;196,0;2,18;0,0;0,0;0,0;0,0;0,0;0,0;1,0;0,0;0,0;3,0;1,0;33,33;1,38;0,46;0,0;0,0;9,0;2,0;3,0;2,0;0,0;2,0;0,0;;;;;0,0;;;;;;;;;;No;No;No;No;No;No;No;No;No;No
1185;Bingourou Kamara;sn SEN;GK;Lorient;fr Ligue 1;29,0;1996,0;3,0;3,0;270,0;3,0;0,0;0,0;0,0;0,0;0,0;0,0;0,0;0,0;0,0;0,0;0,0;0,0;0,0;0,0;0,0;0,0;0,0;0,0;0,0;1,0;0,0;0,0;0,0;8,0;2,67;16,0;8,0;50,0;1,0;0,0;2,0;1,0;33,33;1,0;0,0;0,0;1,0;No;No;No;No;No;No;No;No;No;No
1186;Boubacar Kamara;fr FRA;MF;Aston Villa;eng Premier League;26,0;1999,0;18,0;17,0;1411,0;15,68;1,0;3,0;4,0;1,0;0,0;0,0;5,0;0,0;0,26;7,0;4,0;57,14;0,45;0,26;0,14;0,25;2,0;16,0;15,0;30,0;0,0;16,0;0,0;;;;;0,0;;;;;;;;;;No;No;No;No;No;No;No;No;No;No
1187;Glen Kamara;fi FIN;MF;Rennes;fr Ligue 1;30,0;1995,0;3,0;0,0;52,0;0,58;0,0;0,0;0,0;0,0;0,0;0,0;0,0;0,0;0,0;0,0;0,0;0,0;0,0;0,0;0,0;0,0;0,0;0,0;0,0;2,0;0,0;0,0;0,0;;;;;0,0;;;;;;;;;;No;No;No;No;No;No;No;No;No;No
1188;Hassane Kamara;ci CIV;DF, MF;Udinese;it Serie A;32,0;1994,0;18,0;14,0;1218,0;13,53;0,0;1,0;1,0;0,0;0,0;0,0;3,0;0,0;0,07;13,0;4,0;30,77;0,96;0,3;0,0;0,0;52,0;15,0;18,0;9,0;0,0;11,0;0,0;;;;;0,0;;;;;;;;;;No;No;No;No;No;No;No;No;No;No
1189;Noham Kamara;fr FRA;DF;Lyon;fr Ligue 1;19,0;2007,0;1,0;0,0;1,0;0,01;0,0;0,0;0,0;0,0;0,0;0,0;0,0;0,0;0,0;0,0;0,0;0,0;0,0;0,0;0,0;0,0;0,0;0,0;0,0;0,0;0,0;0,0;0,0;;;;;0,0;;;;;;;;;;No;No;No;No;No;No;No;No;No;No
1190;Jakub Kamiński;pl POL;FW, MF;Köln;de Bundesliga;23,0;2002,0;26,0;26,0;2317,0;25,74;6,0;2,0;8,0;6,0;0,0;0,0;2,0;0,0;0,31;43,0;16,0;37,21;1,67;0,62;0,14;0,38;89,0;24,0;18,0;20,0;0,0;11,0;0,0;;;;;0,0;;;;;;;;;;No;No;No;No;No;No;No;No;No;No
1191;Kevin Kampl;si SVN;MF;RB Leipzig;de Bundesliga;35,0;1990,0;3,0;0,0;3,0;0,03;0,0;0,0;0,0;0,0;0,0;0,0;0,0;0,0;0,0;0,0;0,0;0,0;0,0;0,0;0,0;0,0;0,0;0,0;0,0;0,0;0,0;0,0;0,0;;;;;0,0;;;;;;;;;;No;No;No;No;No;No;No;No;No;No
1192;Harry Kane;eng ENG;FW, MF;Bayern Munich;de Bundesliga;32,0;1993,0;25,0;22,0;1972,0;21,91;30,0;5,0;35,0;20,0;10,0;10,0;1,0;0,0;1,14;97,0;59,0;60,82;4,43;2,69;0,31;0,51;10,0;11,0;7,0;32,0;0,0;23,0;0,0;;;;;0,0;;;;;;;;;;No;No;No;No;No;No;No;No;No;No
1193;Lee Kang-in;kr KOR;FW, MF;Paris Saint-Germain;fr Ligue 1;25,0;2001,0;20,0;13,0;1101,0;12,23;2,0;3,0;5,0;2,0;0,0;0,0;2,0;0,0;0,41;32,0;12,0;37,5;2,62;0,98;0,06;0,17;65,0;6,0;1,0;15,0;0,0;14,0;0,0;;;;;0,0;;;;;;;;;;No;No;No;No;No;No;No;No;No;No
1194;Steeve Kango;fr FRA;DF;Lyon;fr Ligue 1;19,0;2006,0;1,0;0,0;11,0;0,12;0,0;0,0;0,0;0,0;0,0;0,0;0,0;0,0;0,0;0,0;0,0;0,0;0,0;0,0;0,0;0,0;2,0;0,0;0,0;0,0;0,0;1,0;0,0;;;;;0,0;;;;;;;;;;No;No;No;No;No;No;No;No;No;No
1195;Mohamadou Kanté;fr FRA;MF;West Ham United;eng Premier League;20,0;2005,0;7,0;0,0;29,0;0,32;0,0;0,0;0,0;0,0;0,0;0,0;1,0;0,0;0,0;1,0;0,0;0,0;3,1;0,0;0,0;0,0;0,0;3,0;0,0;0,0;0,0;1,0;0,0;;;;;0,0;;;;;;;;;;No;No;No;No;No;No;No;No;No;No
1196;Adam Karabec;cz CZE;FW, MF;Lyon;fr Ligue 1;22,0;2003,0;19,0;11,0;892,0;9,91;1,0;0,0;1,0;1,0;0,0;0,0;3,0;0,0;0,1;9,0;5,0;55,56;0,91;0,5;0,11;0,2;77,0;3,0;1,0;19,0;0,0;13,0;0,0;;;;;0,0;;;;;;;;;;No;No;No;No;No;No;No;No;No;No
1197;Atakan Karazor;tr TUR;MF;Stuttgart;de Bundesliga;29,0;1996,0;24,0;19,0;1615,0;17,94;0,0;0,0;0,0;0,0;0,0;0,0;4,0;0,0;0,0;7,0;2,0;28,57;0,39;0,11;0,0;0,0;7,0;21,0;11,0;29,0;0,0;16,0;0,0;;;;;0,0;;;;;;;;;;No;No;No;No;No;No;No;No;No;No
1198;Dermane Karim;tg TOG;MF;Lorient;fr Ligue 1;22,0;2003,0;24,0;13,0;1161,0;12,9;1,0;2,0;3,0;1,0;0,0;0,0;3,0;0,0;0,23;15,0;2,0;13,33;1,16;0,16;0,07;0,5;15,0;12,0;9,0;36,0;0,0;17,0;0,0;;;;;0,0;;;;;;;;;;No;No;No;No;No;No;No;No;No;No
1199;Lennart Karl;de GER;MF;Bayern Munich;de Bundesliga;18,0;2008,0;22,0;13,0;1056,0;11,73;4,0;3,0;7,0;4,0;0,0;0,0;0,0;0,0;0,6;34,0;16,0;47,06;2,9;1,36;0,12;0,25;25,0;13,0;9,0;11,0;0,0;4,0;0,0;;;;;0,0;;;;;;;;;;No;No;No;No;No;No;No;No;No;No
1200;Jesper Karlström;se SWE;MF;Udinese;it Serie A;30,0;1995,0;29,0;29,0;2548,0;28,31;1,0;0,0;1,0;1,0;0,0;0,0;4,0;0,0;0,04;15,0;2,0;13,33;0,53;0,07;0,07;0,5;9,0;28,0;31,0;24,0;0,0;30,0;0,0;;;;;0,0;;;;;;;;;;No;No;No;No;No;No;No;No;No;No
1201;Jon Karrikaburu;es ESP;FW;Real Sociedad;es La Liga;23,0;2002,0;6,0;0,0;132,0;1,47;0,0;0,0;0,0;0,0;0,0;0,0;0,0;0,0;0,0;6,0;2,0;33,33;4,09;1,36;0,0;0,0;1,0;1,0;0,0;4,0;0,0;3,0;0,0;;;;;0,0;;;;;;;;;;No;No;No;No;No;No;No;No;No;No
1202;Grigoris Kastanos;cy CYP;MF;Hellas Verona;it Serie A;28,0;1998,0;6,0;0,0;44,0;0,49;0,0;0,0;0,0;0,0;0,0;0,0;0,0;0,0;0,0;1,0;0,0;0,0;2,05;0,0;0,0;0,0;2,0;3,0;3,0;1,0;0,0;3,0;0,0;;;;;0,0;;;;;;;;;;No;No;No;No;No;No;No;No;No;No
1203;Silas Katompa;cd COD;FW;Mainz 05;de Bundesliga;27,0;1998,0;8,0;4,0;334,0;3,71;1,0;0,0;1,0;1,0;0,0;0,0;1,0;0,0;0,27;8,0;7,0;87,5;2,16;1,89;0,12;0,14;11,0;0,0;0,0;5,0;0,0;4,0;0,0;;;;;0,0;;;;;;;;;;No;No;No;No;No;No;No;No;No;No
1204;Panos Katseris;gr GRE;DF, MF;Lorient;fr Ligue 1;24,0;2001,0;8,0;3,0;234,0;2,6;0,0;0,0;0,0;0,0;0,0;0,0;2,0;0,0;0,0;5,0;2,0;40,0;1,92;0,77;0,0;0,0;14,0;3,0;6,0;8,0;0,0;5,0;0,0;;;;;0,0;;;;;;;;;;No;No;No;No;No;No;No;No;No;No
1205;Mikkel Kaufmann;dk DEN;FW;Heidenheim;de Bundesliga;25,0;2001,0;14,0;6,0;522,0;5,8;1,0;1,0;2,0;1,0;0,0;0,0;2,0;0,0;0,34;11,0;3,0;27,27;1,9;0,52;0,09;0,33;1,0;2,0;1,0;13,0;0,0;13,0;0,0;;;;;0,0;;;;;;;;;;No;No;No;No;No;No;No;No;No;No
1206;Sota Kawasaki;jp JPN;DF, MF;Mainz 05;de Bundesliga;24,0;2001,0;7,0;2,0;223,0;2,48;0,0;0,0;0,0;0,0;0,0;0,0;1,0;0,0;0,0;1,0;0,0;0,0;0,4;0,0;0,0;0,0;3,0;4,0;3,0;2,0;0,0;5,0;0,0;;;;;0,0;;;;;;;;;;No;No;No;No;No;No;No;No;No;No
1207;Michael Kayode;it ITA;DF;Brentford;eng Premier League;21,0;2004,0;29,0;29,0;2538,0;28,2;1,0;0,0;1,0;1,0;0,0;0,0;6,0;0,0;0,04;7,0;2,0;28,57;0,25;0,07;0,14;0,5;49,0;42,0;32,0;42,0;0,0;22,0;1,0;;;;;0,0;;;;;;;;;;No;No;No;No;No;No;No;No;No;No
1208;Moise Kean;it ITA;FW;Fiorentina;it Serie A;26,0;2000,0;24,0;21,0;1876,0;20,84;8,0;1,0;9,0;6,0;2,0;2,0;3,0;0,0;0,34;95,0;26,0;27,37;4,56;1,25;0,08;0,31;6,0;3,0;6,0;43,0;0,0;27,0;0,0;;;;;0,0;;;;;;;;;;No;No;No;No;No;No;No;No;No;No
1209;Michael Keane;eng ENG;DF;Everton;eng Premier League;33,0;1993,0;26,0;23,0;2047,0;22,74;3,0;0,0;3,0;3,0;0,0;0,0;0,0;1,0;0,13;21,0;6,0;28,57;0,92;0,26;0,14;0,5;1,0;20,0;34,0;6,0;0,0;14,0;0,0;;;;;0,0;;;;;;;;;;No;No;No;No;No;No;No;No;No;No
1210;Ilan Kebbal;dz ALG;FW, MF;Paris FC;fr Ligue 1;27,0;1998,0;23,0;23,0;1957,0;21,74;8,0;4,0;12,0;5,0;3,0;3,0;5,0;0,0;0,41;44,0;18,0;40,91;2,02;0,83;0,18;0,44;93,0;15,0;6,0;55,0;0,0;12,0;0,0;;;;;0,0;;;;;;;;;;No;No;No;No;No;No;No;No;No;No
1211;Yassine Kechta;ma MAR;MF;Le Havre;fr Ligue 1;24,0;2002,0;24,0;12,0;1083,0;12,03;1,0;1,0;2,0;1,0;0,0;0,0;3,0;0,0;0,17;17,0;7,0;41,18;1,41;0,58;0,06;0,14;23,0;16,0;16,0;15,0;0,0;31,0;0,0;;;;;0,0;;;;;;;;;;No;No;No;No;No;No;No;No;No;No
1212;Thilo Kehrer;de GER;DF;Monaco;fr Ligue 1;29,0;1996,0;20,0;20,0;1736,0;19,29;0,0;0,0;0,0;0,0;0,0;0,0;7,0;2,0;0,0;15,0;1,0;6,67;0,78;0,05;0,0;0,0;3,0;25,0;26,0;23,0;1,0;22,0;0,0;;;;;0,0;;;;;;;;;;No;No;No;No;No;No;No;No;No;No
1213;Mandela Keita;be BEL;MF;Parma;it Serie A;23,0;2002,0;28,0;27,0;2256,0;25,07;0,0;1,0;1,0;0,0;0,0;0,0;1,0;0,0;0,04;12,0;1,0;8,33;0,48;0,04;0,0;0,0;2,0;39,0;33,0;46,0;0,0;23,0;1,0;;;;;0,0;;;;;;;;;;No;No;No;No;No;No;No;No;No;No
1214;Yannik Keitel;de GER;DF;Augsburg;de Bundesliga;26,0;2000,0;4,0;1,0;165,0;1,83;0,0;0,0;0,0;0,0;0,0;0,0;2,0;0,0;0,0;0,0;0,0;0,0;0,0;0,0;0,0;0,0;0,0;3,0;1,0;1,0;0,0;1,0;0,0;;;;;0,0;;;;;;;;;;No;No;No;No;No;No;No;No;No;No
1215;Caoimhín Kelleher;ie IRL;GK;Brentford;eng Premier League;27,0;1998,0;29,0;29,0;2610,0;29,0;0,0;0,0;0,0;0,0;0,0;0,0;1,0;0,0;0,0;0,0;0,0;0,0;0,0;0,0;0,0;0,0;0,0;0,0;1,0;6,0;0,0;2,0;0,0;39,0;1,34;105,0;73,0;69,52;12,0;6,0;11,0;7,0;24,14;7,0;4,0;3,0;0,0;No;No;No;No;No;No;No;No;No;No
1216;Thomas Keller;de GER;DF;Heidenheim;de Bundesliga;26,0;1999,0;4,0;3,0;188,0;2,09;0,0;0,0;0,0;0,0;0,0;0,0;1,0;0,0;0,0;2,0;0,0;0,0;0,96;0,0;0,0;0,0;1,0;1,0;0,0;2,0;0,0;3,0;0,0;;;;;0,0;;;;;;;;;;No;No;No;No;No;No;No;No;No;No
1217;Lloyd Kelly;eng ENG;DF;Juventus;it Serie A;27,0;1998,0;26,0;24,0;2219,0;24,66;1,0;0,0;1,0;1,0;0,0;0,0;4,0;0,0;0,04;11,0;2,0;18,18;0,45;0,08;0,09;0,5;8,0;25,0;11,0;14,0;0,0;37,0;0,0;;;;;0,0;;;;;;;;;;No;No;No;No;No;No;No;No;No;No
1218;Aljoscha Kemlein;de GER;MF;Union Berlin;de Bundesliga;21,0;2004,0;24,0;18,0;1524,0;16,93;0,0;1,0;1,0;0,0;0,0;0,0;3,0;0,0;0,06;12,0;2,0;16,67;0,71;0,12;0,0;0,0;8,0;21,0;16,0;10,0;0,0;17,0;0,0;;;;;0,0;;;;;;;;;;No;No;No;No;No;No;No;No;No;No
1219;Marc-Oliver Kempf;de GER;DF;Como;it Serie A;31,0;1995,0;26,0;20,0;1671,0;18,57;4,0;0,0;4,0;4,0;0,0;0,0;2,0;0,0;0,22;15,0;6,0;40,0;0,81;0,32;0,27;0,67;0,0;7,0;4,0;15,0;0,0;21,0;0,0;;;;;0,0;;;;;;;;;;No;No;No;No;No;No;No;No;No;No
1220;Luca Kerber;de GER;MF;Heidenheim;de Bundesliga;24,0;2002,0;13,0;7,0;563,0;6,26;2,0;0,0;2,0;2,0;0,0;0,0;2,0;0,0;0,32;7,0;3,0;42,86;1,12;0,48;0,29;0,67;4,0;9,0;3,0;5,0;0,0;9,0;0,0;;;;;0,0;;;;;;;;;;No;No;No;No;No;No;No;No;No;No
1221;Milos Kerkez;hu HUN;DF;Liverpool;eng Premier League;22,0;2003,0;27,0;24,0;1953,0;21,7;1,0;1,0;2,0;1,0;0,0;0,0;4,0;0,0;0,09;7,0;1,0;14,29;0,32;0,05;0,14;1,0;74,0;26,0;11,0;23,0;0,0;18,0;0,0;;;;;0,0;;;;;;;;;;No;No;No;No;No;No;No;No;No;No
1222;Kevin;br BRA;MF;Fulham;eng Premier League;23,0;2003,0;23,0;8,0;908,0;10,09;1,0;1,0;2,0;1,0;0,0;0,0;1,0;0,0;0,2;22,0;9,0;40,91;2,18;0,89;0,05;0,11;40,0;8,0;9,0;15,0;0,0;12,0;0,0;;;;;0,0;;;;;;;;;;No;No;No;No;No;No;No;No;No;No
1223;Reda Khadra;de GER;FW;Le Havre;fr Ligue 1;24,0;2001,0;7,0;1,0;213,0;2,37;0,0;0,0;0,0;0,0;0,0;0,0;0,0;0,0;0,0;6,0;3,0;50,0;2,54;1,27;0,0;0,0;13,0;4,0;0,0;1,0;0,0;4,0;0,0;;;;;0,0;;;;;;;;;;No;No;No;No;No;No;No;No;No;No
1224;Bilal El Khannouss;ma MAR;FW, MF;Stuttgart;de Bundesliga;21,0;2004,0;19,0;16,0;1322,0;14,69;3,0;3,0;6,0;3,0;0,0;0,0;5,0;0,0;0,41;31,0;10,0;32,26;2,11;0,68;0,1;0,3;53,0;19,0;8,0;9,0;0,0;14,0;0,0;;;;;0,0;;;;;;;;;;No;No;No;No;No;No;No;No;No;No
1225;Rani Khedira;de GER;MF;Union Berlin;de Bundesliga;32,0;1994,0;25,0;25,0;2207,0;24,52;5,0;0,0;5,0;5,0;0,0;0,0;6,0;0,0;0,2;19,0;10,0;52,63;0,77;0,41;0,26;0,5;18,0;34,0;33,0;17,0;0,0;39,0;0,0;;;;;0,0;;;;;;;;;;No;No;No;No;No;No;No;No;No;No
1226;Abdukodir Khusanov;uz UZB;DF;Manchester City;eng Premier League;22,0;2004,0;15,0;9,0;892,0;9,91;0,0;0,0;0,0;0,0;0,0;0,0;2,0;0,0;0,0;2,0;0,0;0,0;0,2;0,0;0,0;0,0;0,0;15,0;19,0;5,0;0,0;8,0;0,0;;;;;0,0;;;;;;;;;;No;No;No;No;No;No;No;No;No;No
1227;Cassiano Kiala;de GER;DF;Bayern Munich;de Bundesliga;17,0;2009,0;1,0;0,0;1,0;0,01;0,0;0,0;0,0;0,0;0,0;0,0;0,0;0,0;0,0;0,0;0,0;0,0;0,0;0,0;0,0;0,0;0,0;0,0;0,0;0,0;0,0;0,0;0,0;;;;;0,0;;;;;;;;;;No;No;No;No;No;No;No;No;No;No
1228;Kialonda;ao ANG;DF;Lecce;it Serie A;28,0;1997,0;22,0;21,0;1828,0;20,31;0,0;0,0;0,0;0,0;0,0;0,0;6,0;1,0;0,0;9,0;1,0;11,11;0,44;0,05;0,0;0,0;1,0;9,0;19,0;22,0;0,0;12,0;0,0;;;;;0,0;;;;;;;;;;No;No;No;No;No;No;No;No;No;No
1229;Kiké;es ESP;FW;Espanyol;es La Liga;36,0;1989,0;27,0;12,0;1247,0;13,86;6,0;1,0;7,0;5,0;1,0;1,0;3,0;0,0;0,43;42,0;19,0;45,24;3,03;1,37;0,14;0,32;13,0;7,0;2,0;32,0;0,0;27,0;0,0;;;;;0,0;;;;;;;;;;No;No;No;No;No;No;No;No;No;No
1230;Semih Kılıçsoy;tr TUR;FW;Cagliari;it Serie A;20,0;2005,0;20,0;11,0;941,0;10,46;4,0;0,0;4,0;4,0;0,0;0,0;1,0;0,0;0,38;17,0;8,0;47,06;1,63;0,77;0,24;0,5;1,0;3,0;0,0;15,0;0,0;13,0;0,0;;;;;0,0;;;;;;;;;;No;No;No;No;No;No;No;No;No;No
1231;Max Kilman;eng ENG;DF;West Ham United;eng Premier League;28,0;1997,0;21,0;17,0;1561,0;17,34;0,0;0,0;0,0;0,0;0,0;0,0;4,0;0,0;0,0;7,0;1,0;14,29;0,4;0,06;0,0;0,0;2,0;8,0;6,0;2,0;0,0;16,0;0,0;;;;;0,0;;;;;;;;;;No;No;No;No;No;No;No;No;No;No
1232;Joshua Kimmich;de GER;MF;Bayern Munich;de Bundesliga;31,0;1995,0;22,0;18,0;1727,0;19,19;2,0;6,0;8,0;2,0;0,0;0,0;4,0;0,0;0,42;20,0;8,0;40,0;1,04;0,42;0,1;0,25;95,0;18,0;16,0;17,0;0,0;6,0;0,0;;;;;0,0;;;;;;;;;;No;No;No;No;No;No;No;No;No;No
1233;Joshua King;eng ENG;MF;Fulham;eng Premier League;19,0;2007,0;24,0;13,0;1058,0;11,76;0,0;1,0;1,0;0,0;0,0;0,0;3,0;0,0;0,09;21,0;8,0;38,1;1,79;0,68;0,0;0,0;10,0;9,0;2,0;23,0;0,0;11,0;0,0;;;;;0,0;;;;;;;;;;No;No;No;No;No;No;No;No;No;No
1234;Tim Kleindienst;de GER;FW;Gladbach;de Bundesliga;30,0;1995,0;2,0;0,0;2,0;0,02;0,0;0,0;0,0;0,0;0,0;0,0;0,0;0,0;0,0;0,0;0,0;0,0;0,0;0,0;0,0;0,0;0,0;0,0;1,0;0,0;0,0;0,0;0,0;;;;;0,0;;;;;;;;;;No;No;No;No;No;No;No;No;No;No
1235;Lukas Klostermann;de GER;DF, MF;RB Leipzig;de Bundesliga;29,0;1996,0;4,0;0,0;6,0;0,07;0,0;0,0;0,0;0,0;0,0;0,0;0,0;0,0;0,0;1,0;0,0;0,0;15,0;0,0;0,0;0,0;0,0;0,0;0,0;0,0;0,0;0,0;0,0;;;;;0,0;;;;;;;;;;No;No;No;No;No;No;No;No;No;No
1236;Justin Kluivert;nl NED;MF;Bournemouth;eng Premier League;26,0;1999,0;18,0;10,0;919,0;10,21;2,0;0,0;2,0;2,0;0,0;0,0;4,0;0,0;0,2;16,0;4,0;25,0;1,57;0,39;0,12;0,5;40,0;7,0;4,0;9,0;0,0;15,0;0,0;;;;;0,0;;;;;;;;;;No;No;No;No;No;No;No;No;No;No
1237;Ruben Kluivert;nl NED;DF;Lyon;fr Ligue 1;24,0;2001,0;11,0;7,0;642,0;7,13;1,0;2,0;3,0;1,0;0,0;0,0;2,0;0,0;0,42;1,0;1,0;100,0;0,14;0,14;1,0;1,0;1,0;7,0;7,0;3,0;0,0;7,0;0,0;;;;;0,0;;;;;;;;;;No;No;No;No;No;No;No;No;No;No
1238;Ansgar Knauff;de GER;FW, MF;Eintracht Frankfurt;de Bundesliga;24,0;2002,0;20,0;10,0;1005,0;11,17;4,0;1,0;5,0;4,0;0,0;0,0;2,0;0,0;0,45;26,0;13,0;50,0;2,33;1,16;0,15;0,31;29,0;8,0;8,0;10,0;0,0;20,0;0,0;;;;;0,0;;;;;;;;;;No;No;No;No;No;No;No;No;No;No
1239;Joe Knight;eng ENG;MF;Brighton;eng Premier League;20,0;2005,0;1,0;0,0;1,0;0,01;0,0;0,0;0,0;0,0;0,0;0,0;0,0;0,0;0,0;0,0;0,0;0,0;0,0;0,0;0,0;0,0;0,0;0,0;0,0;0,0;0,0;0,0;0,0;;;;;0,0;;;;;;;;;;No;No;No;No;No;No;No;No;No;No
1240;Gregor Kobel;ch SUI;GK;Dortmund;de Bundesliga;28,0;1997,0;26,0;26,0;2340,0;26,0;0,0;0,0;0,0;0,0;0,0;0,0;2,0;0,0;0,0;0,0;0,0;0,0;0,0;0,0;0,0;0,0;0,0;0,0;0,0;5,0;0,0;0,0;0,0;26,0;1,0;89,0;66,0;74,16;17,0;7,0;2,0;12,0;46,15;3,0;3,0;0,0;0,0;No;No;No;No;No;No;No;No;No;No
1241;Robin Koch;de GER;DF;Eintracht Frankfurt;de Bundesliga;29,0;1996,0;25,0;25,0;2203,0;24,48;3,0;1,0;4,0;3,0;0,0;0,0;3,0;1,0;0,16;13,0;5,0;38,46;0,53;0,2;0,23;0,6;2,0;18,0;33,0;8,0;1,0;22,0;0,0;;;;;0,0;;;;;;;;;;No;No;No;No;No;No;No;No;No;No
1242;Christian Kofane;cm CMR;FW, MF;Leverkusen;de Bundesliga;19,0;2006,0;23,0;9,0;998,0;11,09;5,0;3,0;8,0;5,0;0,0;0,0;3,0;0,0;0,72;36,0;17,0;47,22;3,25;1,53;0,14;0,29;0,0;6,0;2,0;13,0;0,0;26,0;0,0;;;;;0,0;;;;;;;;;;No;No;No;No;No;No;No;No;No;No
1243;Hervé Koffi;bf BFA;GK;Angers;fr Ligue 1;29,0;1996,0;23,0;23,0;2070,0;23,0;0,0;0,0;0,0;0,0;0,0;0,0;1,0;0,0;0,0;0,0;0,0;0,0;0,0;0,0;0,0;0,0;0,0;1,0;0,0;9,0;0,0;1,0;0,0;26,0;1,13;108,0;85,0;78,7;9,0;5,0;9,0;9,0;39,13;5,0;2,0;2,0;1,0;No;No;No;No;No;No;No;No;No;No
1244;Enzo Koffi Vinette;fr FRA;DF;Le Havre;fr Ligue 1;20,0;2006,0;10,0;2,0;272,0;3,02;0,0;0,0;0,0;0,0;0,0;0,0;1,0;0,0;0,0;3,0;1,0;33,33;0,99;0,33;0,0;0,0;18,0;9,0;7,0;8,0;0,0;7,0;0,0;;;;;0,0;;;;;;;;;;No;No;No;No;No;No;No;No;No;No
1245;Derrick Köhn;gh GHA;DF, MF;Union Berlin;de Bundesliga;27,0;1999,0;24,0;18,0;1615,0;17,94;1,0;1,0;2,0;0,0;1,0;1,0;4,0;1,0;0,06;21,0;4,0;19,05;1,17;0,22;0,05;0,25;88,0;19,0;8,0;14,0;0,0;27,0;0,0;;;;;0,0;;;;;;;;;;No;No;No;No;No;No;No;No;No;No
1246;Philipp Köhn;ch SUI;GK;Monaco;fr Ligue 1;27,0;1998,0;19,0;17,0;1621,0;18,01;0,0;0,0;0,0;0,0;0,0;0,0;1,0;0,0;0,0;0,0;0,0;0,0;0,0;0,0;0,0;0,0;0,0;0,0;1,0;3,0;0,0;0,0;0,0;27,0;1,5;73,0;48,0;65,75;9,0;4,0;4,0;5,0;26,32;2,0;2,0;0,0;0,0;No;No;No;No;No;No;No;No;No;No
1247;Dominik Kohr;de GER;DF;Mainz 05;de Bundesliga;32,0;1994,0;21,0;21,0;1753,0;19,48;1,0;0,0;1,0;1,0;0,0;0,0;8,0;2,0;0,05;9,0;2,0;22,22;0,46;0,1;0,11;0,5;10,0;25,0;34,0;34,0;1,0;30,0;0,0;;;;;0,0;;;;;;;;;;No;No;No;No;No;No;No;No;No;No
1248;Koke;es ESP;MF;Atlético Madrid;es La Liga;34,0;1992,0;26,0;17,0;1635,0;18,17;2,0;2,0;4,0;2,0;0,0;0,0;4,0;0,0;0,22;10,0;4,0;40,0;0,55;0,22;0,2;0,5;26,0;22,0;17,0;14,0;0,0;16,0;0,0;;;;;0,0;;;;;;;;;;No;No;No;No;No;No;No;No;No;No
1249;Sead Kolašinac;ba BIH;DF;Atalanta;it Serie A;32,0;1993,0;12,0;9,0;766,0;8,51;0,0;0,0;0,0;0,0;0,0;0,0;3,0;0,0;0,0;3,0;0,0;0,0;0,35;0,0;0,0;0,0;2,0;10,0;5,0;6,0;0,0;10,0;0,0;;;;;0,0;;;;;;;;;;No;No;No;No;No;No;No;No;No;No
1250;Luca Koleosho;it ITA;MF;Paris FC;fr Ligue 1;21,0;2004,0;11,0;1,0;304,0;3,38;1,0;0,0;1,0;1,0;0,0;0,0;0,0;0,0;0,3;8,0;4,0;50,0;2,37;1,18;0,12;0,25;10,0;8,0;1,0;2,0;0,0;9,0;0,0;;;;;0,0;;;;;;;;;;No;No;No;No;No;No;No;No;No;No
1251;Adam Kölle;de GER;DF;Heidenheim;de Bundesliga;19,0;2006,0;6,0;0,0;93,0;1,03;1,0;0,0;1,0;1,0;0,0;0,0;1,0;0,0;0,97;2,0;1,0;50,0;1,94;0,97;0,5;1,0;1,0;1,0;1,0;1,0;0,0;5,0;0,0;;;;;0,0;;;;;;;;;;No;No;No;No;No;No;No;No;No;No
1252;Randal Kolo Muani;fr FRA;FW, MF;Tottenham Hotspur;eng Premier League;27,0;1998,0;22,0;15,0;1207,0;13,41;1,0;1,0;2,0;1,0;0,0;0,0;2,0;0,0;0,15;14,0;3,0;21,43;1,04;0,22;0,07;0,33;7,0;14,0;2,0;12,0;0,0;32,0;0,0;;;;;0,0;;;;;;;;;;No;No;No;No;No;No;No;No;No;No
1253;Timothée Kolodziejczak;fr FRA;DF;Paris FC;fr Ligue 1;34,0;1991,0;11,0;7,0;662,0;7,36;0,0;0,0;0,0;0,0;0,0;0,0;2,0;0,0;0,0;1,0;1,0;100,0;0,14;0,14;0,0;0,0;0,0;6,0;7,0;1,0;0,0;8,0;0,0;;;;;0,0;;;;;;;;;;No;No;No;No;No;No;No;No;No;No
1254;Mert Kömür;de GER;FW, MF;Augsburg;de Bundesliga;20,0;2005,0;23,0;15,0;1316,0;14,62;2,0;3,0;5,0;2,0;0,0;0,0;1,0;0,0;0,34;36,0;12,0;33,33;2,46;0,82;0,06;0,17;55,0;11,0;7,0;17,0;0,0;24,0;0,0;;;;;0,0;;;;;;;;;;No;No;No;No;No;No;No;No;No;No
1255;Ibrahima Konaté;fr FRA;DF;Liverpool;eng Premier League;26,0;1999,0;28,0;28,0;2404,0;26,71;1,0;0,0;1,0;1,0;0,0;0,0;5,0;0,0;0,04;10,0;3,0;30,0;0,37;0,11;0,1;0,33;3,0;26,0;21,0;32,0;0,0;29,0;0,0;;;;;0,0;;;;;;;;;;No;No;No;No;No;No;No;No;No;No
1256;Samba Konaté;fr FRA;FW;RB Leipzig;de Bundesliga;17,0;2009,0;1,0;0,0;4,0;0,04;0,0;0,0;0,0;0,0;0,0;0,0;0,0;0,0;0,0;1,0;0,0;0,0;22,5;0,0;0,0;0,0;0,0;0,0;0,0;0,0;0,0;0,0;0,0;;;;;0,0;;;;;;;;;;No;No;No;No;No;No;No;No;No;No
1257;Geoffrey Kondogbia;cf CTA;DF, MF;Marseille;fr Ligue 1;33,0;1993,0;9,0;8,0;523,0;5,81;0,0;0,0;0,0;0,0;0,0;0,0;3,0;0,0;0,0;4,0;1,0;25,0;0,69;0,17;0,0;0,0;0,0;9,0;10,0;8,0;0,0;11,0;0,0;;;;;0,0;;;;;;;;;;No;No;No;No;No;No;No;No;No;No
1258;Ismaël Koné;ca CAN;MF;Sassuolo;it Serie A;23,0;2002,0;26,0;25,0;2077,0;23,08;5,0;0,0;5,0;5,0;0,0;0,0;4,0;1,0;0,22;17,0;9,0;52,94;0,74;0,39;0,29;0,56;4,0;10,0;7,0;40,0;1,0;18,0;0,0;;;;;0,0;;;;;;;;;;No;No;No;No;No;No;No;No;No;No
1259;Manu Koné;fr FRA;MF;Roma;it Serie A;24,0;2001,0;26,0;26,0;2300,0;25,56;2,0;2,0;4,0;2,0;0,0;0,0;2,0;0,0;0,16;21,0;5,0;23,81;0,82;0,2;0,1;0,4;1,0;26,0;19,0;48,0;0,0;44,0;0,0;;;;;0,0;;;;;;;;;;No;No;No;No;No;No;No;No;No;No
1260;Ransford Königsdörffer;gh GHA;FW, MF;Hamburger SV;de Bundesliga;24,0;2001,0;26,0;22,0;1751,0;19,46;4,0;1,0;5,0;4,0;0,0;1,0;1,0;0,0;0,26;52,0;17,0;32,69;2,67;0,87;0,08;0,24;17,0;1,0;3,0;24,0;0,0;19,0;0,0;;;;;0,0;;;;;;;;;;No;No;No;No;No;No;No;No;No;No
1261;Ezri Konsa;eng ENG;DF;Aston Villa;eng Premier League;28,0;1997,0;29,0;29,0;2585,0;28,72;0,0;0,0;0,0;0,0;0,0;0,0;0,0;1,0;0,0;9,0;2,0;22,22;0,31;0,07;0,0;0,0;5,0;7,0;22,0;33,0;0,0;11,0;0,0;;;;;0,0;;;;;;;;;;No;No;No;No;No;No;No;No;No;No
1262;Teun Koopmeiners;nl NED;DF, MF;Juventus;it Serie A;28,0;1998,0;26,0;16,0;1591,0;17,68;0,0;0,0;0,0;0,0;0,0;0,0;5,0;0,0;0,0;26,0;6,0;23,08;1,47;0,34;0,0;0,0;40,0;11,0;18,0;9,0;0,0;26,0;0,0;;;;;0,0;;;;;;;;;;No;No;No;No;No;No;No;No;No;No
1263;Ville Koski;fi FIN;DF;Alavés;es La Liga;24,0;2002,0;1,0;0,0;11,0;0,12;0,0;0,0;0,0;0,0;0,0;0,0;0,0;0,0;0,0;0,0;0,0;0,0;0,0;0,0;0,0;0,0;0,0;1,0;0,0;0,0;0,0;0,0;0,0;;;;;0,0;;;;;;;;;;No;No;No;No;No;No;No;No;No;No
1264;Odilon Kossounou;ci CIV;DF;Atalanta;it Serie A;25,0;2001,0;15,0;10,0;888,0;9,87;1,0;0,0;1,0;1,0;0,0;0,0;1,0;0,0;0,1;5,0;1,0;20,0;0,51;0,1;0,2;1,0;2,0;12,0;9,0;3,0;0,0;14,0;0,0;;;;;0,0;;;;;;;;;;No;No;No;No;No;No;No;No;No;No
1265;Filip Kostić;rs SRB;MF;Juventus;it Serie A;33,0;1992,0;17,0;4,0;467,0;5,19;3,0;1,0;4,0;3,0;0,0;0,0;0,0;0,0;0,77;9,0;4,0;44,44;1,73;0,77;0,33;0,75;49,0;10,0;4,0;5,0;0,0;7,0;0,0;;;;;0,0;;;;;;;;;;No;No;No;No;No;No;No;No;No;No
1266;Charalampos Kostoulas;gr GRE;FW;Brighton;eng Premier League;18,0;2007,0;16,0;2,0;305,0;3,39;2,0;1,0;3,0;2,0;0,0;0,0;2,0;0,0;0,89;15,0;6,0;40,0;4,43;1,77;0,13;0,33;5,0;6,0;1,0;7,0;0,0;6,0;0,0;;;;;0,0;;;;;;;;;;No;No;No;No;No;No;No;No;No;No
1267;Eddy Kouadio;ci CIV;DF;Fiorentina;it Serie A;19,0;2006,0;3,0;0,0;72,0;0,8;0,0;0,0;0,0;0,0;0,0;0,0;0,0;0,0;0,0;0,0;0,0;0,0;0,0;0,0;0,0;0,0;1,0;3,0;0,0;1,0;0,0;1,0;0,0;;;;;0,0;;;;;;;;;;No;No;No;No;No;No;No;No;No;No
1268;Christian Kouamé;ci CIV;FW, MF;Fiorentina;it Serie A;28,0;1997,0;2,0;0,0;27,0;0,3;0,0;0,0;0,0;0,0;0,0;0,0;0,0;0,0;0,0;0,0;0,0;0,0;0,0;0,0;0,0;0,0;2,0;1,0;1,0;0,0;0,0;0,0;0,0;;;;;0,0;;;;;;;;;;No;No;No;No;No;No;No;No;No;No
1269;Koffi Kouao;ci CIV;DF, MF;Metz;fr Ligue 1;27,0;1998,0;22,0;22,0;1841,0;20,46;2,0;1,0;3,0;2,0;0,0;0,0;8,0;0,0;0,15;20,0;8,0;40,0;0,98;0,39;0,1;0,25;52,0;37,0;19,0;27,0;0,0;26,0;1,0;;;;;0,0;;;;;;;;;;No;No;No;No;No;No;No;No;No;No
1270;Arsène Kouassi;bf BFA;MF;Lorient;fr Ligue 1;21,0;2004,0;24,0;23,0;1993,0;22,14;2,0;5,0;7,0;2,0;0,0;0,0;3,0;0,0;0,32;5,0;2,0;40,0;0,23;0,09;0,4;1,0;96,0;15,0;19,0;42,0;0,0;12,0;0,0;;;;;0,0;;;;;;;;;;No;No;No;No;No;No;No;No;No;No
1271;Christ-Owen Kouassi;fr FRA;DF;Lecce;it Serie A;22,0;2003,0;4,0;3,0;228,0;2,53;0,0;0,0;0,0;0,0;0,0;0,0;0,0;0,0;0,0;0,0;0,0;0,0;0,0;0,0;0,0;0,0;2,0;6,0;1,0;3,0;0,0;1,0;0,0;;;;;0,0;;;;;;;;;;No;No;No;No;No;No;No;No;No;No
1272;Konstantinos Koulierakis;gr GRE;DF;Wolfsburg;de Bundesliga;22,0;2003,0;22,0;20,0;1853,0;20,59;2,0;0,0;2,0;2,0;0,0;0,0;4,0;0,0;0,1;21,0;9,0;42,86;1,02;0,44;0,1;0,22;11,0;14,0;29,0;8,0;0,0;19,0;1,0;;;;;0,0;;;;;;;;;;No;No;No;No;No;No;No;No;No;No
1273;Seny Koumbassa;fr FRA;DF;Toulouse;fr Ligue 1;18,0;2007,0;4,0;0,0;83,0;0,92;0,0;0,0;0,0;0,0;0,0;0,0;0,0;0,0;0,0;1,0;0,0;0,0;1,08;0,0;0,0;0,0;0,0;3,0;1,0;0,0;0,0;1,0;0,0;;;;;0,0;;;;;;;;;;No;No;No;No;No;No;No;No;No;No
1274;Jules Koundé;fr FRA;DF;Barcelona;es La Liga;27,0;1998,0;25,0;20,0;1903,0;21,14;1,0;3,0;4,0;1,0;0,0;0,0;4,0;0,0;0,19;12,0;3,0;25,0;0,57;0,14;0,08;0,33;31,0;20,0;27,0;22,0;0,0;19,0;0,0;;;;;0,0;;;;;;;;;;No;No;No;No;No;No;No;No;No;No
1275;Lancinet Kourouma;gn GUI;FW;Girona;es La Liga;21,0;2004,0;5,0;0,0;43,0;0,48;0,0;0,0;0,0;0,0;0,0;0,0;0,0;1,0;0,0;0,0;0,0;0,0;0,0;0,0;0,0;0,0;0,0;0,0;1,0;1,0;0,0;2,0;0,0;;;;;0,0;;;;;;;;;;No;No;No;No;No;No;No;No;No;No
1276;Hamza Koutoune;ma MAR;DF;Nice;fr Ligue 1;19,0;2006,0;1,0;0,0;1,0;0,01;0,0;0,0;0,0;0,0;0,0;0,0;0,0;0,0;0,0;0,0;0,0;0,0;0,0;0,0;0,0;0,0;1,0;0,0;0,0;0,0;0,0;0,0;0,0;;;;;0,0;;;;;;;;;;No;No;No;No;No;No;No;No;No;No
1277;Mateo Kovačić;hr CRO;MF;Manchester City;eng Premier League;31,0;1994,0;1,0;0,0;5,0;0,06;0,0;0,0;0,0;0,0;0,0;0,0;0,0;0,0;0,0;0,0;0,0;0,0;0,0;0,0;0,0;0,0;0,0;0,0;0,0;0,0;0,0;0,0;0,0;;;;;0,0;;;;;;;;;;No;No;No;No;No;No;No;No;No;No
1278;Goduine Koyalipou;cf CTA;FW;Angers;fr Ligue 1;26,0;2000,0;18,0;8,0;729,0;8,1;1,0;0,0;1,0;1,0;0,0;0,0;1,0;0,0;0,12;25,0;9,0;36,0;3,09;1,11;0,04;0,11;2,0;5,0;2,0;4,0;0,0;6,0;0,0;;;;;0,0;;;;;;;;;;No;No;No;No;No;No;No;No;No;No
1279;Emil Krafth;se SWE;DF;Newcastle United;eng Premier League;31,0;1994,0;1,0;1,0;45,0;0,5;0,0;0,0;0,0;0,0;0,0;0,0;0,0;0,0;0,0;0,0;0,0;0,0;0,0;0,0;0,0;0,0;1,0;0,0;0,0;0,0;0,0;1,0;0,0;;;;;0,0;;;;;;;;;;No;No;No;No;No;No;No;No;No;No
1280;Alex Král;cz CZE;MF;Union Berlin;de Bundesliga;27,0;1998,0;16,0;1,0;325,0;3,61;0,0;0,0;0,0;0,0;0,0;0,0;1,0;0,0;0,0;5,0;3,0;60,0;1,38;0,83;0,0;0,0;9,0;4,0;1,0;8,0;0,0;4,0;0,0;;;;;0,0;;;;;;;;;;No;No;No;No;No;No;No;No;No;No
1281;Andrej Kramarić;hr CRO;FW, MF;Hoffenheim;de Bundesliga;34,0;1991,0;26,0;20,0;1665,0;18,5;10,0;5,0;15,0;7,0;3,0;3,0;1,0;0,0;0,65;51,0;25,0;49,02;2,76;1,35;0,2;0,4;68,0;4,0;5,0;10,0;0,0;3,0;0,0;;;;;0,0;;;;;;;;;;No;No;No;No;No;No;No;No;No;No
1282;Vladyslav Krapyvtsov;ua UKR;GK;Girona;es La Liga;20,0;2005,0;2,0;1,0;136,0;1,51;0,0;0,0;0,0;0,0;0,0;0,0;0,0;0,0;0,0;0,0;0,0;0,0;0,0;0,0;0,0;0,0;0,0;0,0;0,0;1,0;0,0;0,0;0,0;6,0;3,97;9,0;4,0;44,44;0,0;0,0;1,0;0,0;0,0;1,0;1,0;0,0;0,0;No;No;No;No;No;No;No;No;No;No
1283;Jean-Philippe Krasso;ci CIV;FW;Paris FC;fr Ligue 1;28,0;1997,0;25,0;12,0;1092,0;12,13;2,0;2,0;4,0;1,0;1,0;1,0;0,0;0,0;0,25;27,0;10,0;37,04;2,23;0,82;0,07;0,2;4,0;8,0;1,0;19,0;0,0;20,0;0,0;;;;;0,0;;;;;;;;;;No;No;No;No;No;No;No;No;No;No
1284;Tom Krauß;de GER;DF, MF;Köln;de Bundesliga;24,0;2001,0;22,0;16,0;1547,0;17,19;0,0;1,0;1,0;0,0;0,0;0,0;4,0;0,0;0,06;8,0;1,0;12,5;0,47;0,06;0,0;0,0;13,0;37,0;23,0;20,0;0,0;20,0;0,0;;;;;0,0;;;;;;;;;;No;No;No;No;No;No;No;No;No;No
1285;Ladislav Krejčí;cz CZE;DF, MF;Wolves;eng Premier League;26,0;1999,0;26,0;25,0;2217,0;24,63;2,0;1,0;3,0;2,0;0,0;0,0;6,0;1,0;0,12;17,0;8,0;47,06;0,69;0,32;0,12;0,25;11,0;15,0;28,0;7,0;1,0;32,0;1,0;;;;;0,0;;;;;;;;;;No;No;No;No;No;No;No;No;No;No
1286;Rasmus Kristensen;dk DEN;DF, MF;Eintracht Frankfurt;de Bundesliga;28,0;1997,0;19,0;18,0;1421,0;15,79;2,0;0,0;2,0;2,0;0,0;0,0;4,0;0,0;0,13;14,0;5,0;35,71;0,89;0,32;0,14;0,4;31,0;32,0;18,0;10,0;0,0;21,0;0,0;;;;;0,0;;;;;;;;;;No;No;No;No;No;No;No;No;No;No
1287;Thomas Kristensen;dk DEN;DF;Udinese;it Serie A;24,0;2002,0;19,0;19,0;1704,0;18,93;2,0;0,0;2,0;2,0;0,0;0,0;2,0;0,0;0,11;7,0;4,0;57,14;0,37;0,21;0,29;0,5;3,0;10,0;18,0;6,0;0,0;19,0;0,0;;;;;0,0;;;;;;;;;;No;No;No;No;No;No;No;No;No;No
1288;Nikola Krstović;me MNE;FW;Atalanta;it Serie A;25,0;2000,0;25,0;11,0;1156,0;12,84;8,0;4,0;12,0;8,0;0,0;0,0;2,0;0,0;0,93;71,0;24,0;33,8;5,53;1,87;0,11;0,33;4,0;6,0;2,0;23,0;0,0;24,0;0,0;;;;;0,0;;;;;;;;;;No;No;No;No;No;No;No;No;No;No
1289;Lukas Kübler;de GER;DF;Freiburg;de Bundesliga;33,0;1992,0;16,0;15,0;1207,0;13,41;2,0;1,0;3,0;2,0;0,0;0,0;2,0;0,0;0,22;18,0;4,0;22,22;1,34;0,3;0,11;0,5;21,0;21,0;20,0;8,0;0,0;15,0;0,0;;;;;0,0;;;;;;;;;;No;No;No;No;No;No;No;No;No;No
1290;Takefusa Kubo;jp JPN;MF;Real Sociedad;es La Liga;24,0;2001,0;18,0;13,0;1179,0;13,1;2,0;3,0;5,0;2,0;0,0;0,0;0,0;0,0;0,38;25,0;12,0;48,0;1,91;0,92;0,08;0,17;31,0;15,0;7,0;38,0;0,0;6,0;0,0;;;;;0,0;;;;;;;;;;No;No;No;No;No;No;No;No;No;No
1291;Mohammed Kudus;gh GHA;FW, MF;Tottenham Hotspur;eng Premier League;25,0;2000,0;19,0;19,0;1535,0;17,06;2,0;5,0;7,0;2,0;0,0;0,0;3,0;0,0;0,41;26,0;9,0;34,62;1,52;0,53;0,08;0,22;122,0;17,0;3,0;15,0;0,0;23,0;0,0;;;;;0,0;;;;;;;;;;No;No;No;No;No;No;No;No;No;No
1292;Nicolas-Gerrit Kühn;de GER;MF;Como;it Serie A;26,0;2000,0;20,0;6,0;631,0;7,01;1,0;0,0;1,0;1,0;0,0;0,0;0,0;0,0;0,14;8,0;3,0;37,5;1,14;0,43;0,12;0,33;13,0;6,0;3,0;2,0;0,0;6,0;0,0;;;;;0,0;;;;;;;;;;No;No;No;No;No;No;No;No;No;No
1293;Sandro Kulenović;hr CRO;FW;Torino;it Serie A;26,0;1999,0;6,0;2,0;175,0;1,94;0,0;1,0;1,0;0,0;0,0;0,0;2,0;0,0;0,51;4,0;1,0;25,0;2,06;0,51;0,0;0,0;0,0;0,0;1,0;2,0;0,0;7,0;0,0;;;;;0,0;;;;;;;;;;No;No;No;No;No;No;No;No;No;No
1294;Sael Kumbedi;fr FRA;DF;Wolfsburg;de Bundesliga;20,0;2005,0;19,0;16,0;1408,0;15,64;0,0;5,0;5,0;0,0;0,0;0,0;3,0;0,0;0,32;4,0;0,0;0,0;0,26;0,0;0,0;0,0;29,0;23,0;11,0;17,0;0,0;22,0;0,0;;;;;0,0;;;;;;;;;;No;No;No;No;No;No;No;No;No;No
1295;Marash Kumbulla;al ALB;DF;Mallorca;es La Liga;26,0;2000,0;7,0;5,0;420,0;4,67;0,0;0,0;0,0;0,0;0,0;0,0;1,0;0,0;0,0;3,0;0,0;0,0;0,64;0,0;0,0;0,0;2,0;2,0;2,0;5,0;0,0;1,0;0,0;;;;;0,0;;;;;;;;;;No;No;No;No;No;No;No;No;No;No
1296;Jonah Kusi-Asare;se SWE;FW;Bayern Munich;de Bundesliga;18,0;2007,0;6,0;0,0;39,0;0,43;0,0;0,0;0,0;0,0;0,0;0,0;1,0;0,0;0,0;0,0;0,0;0,0;0,0;0,0;0,0;0,0;0,0;0,0;0,0;1,0;0,0;4,0;0,0;;;;;0,0;;;;;;;;;;No;No;No;No;No;No;No;No;No;No
1297;Khvicha Kvaratskhelia;ge GEO;FW;Paris Saint-Germain;fr Ligue 1;25,0;2001,0;21,0;13,0;1083,0;12,03;4,0;3,0;7,0;4,0;0,0;0,0;1,0;0,0;0,58;47,0;18,0;38,3;3,91;1,5;0,09;0,22;37,0;8,0;8,0;21,0;0,0;16,0;0,0;;;;;0,0;;;;;;;;;;No;No;No;No;No;No;No;No;No;No
1298;Giorgi Kvilitaia;ge GEO;FW;Metz;fr Ligue 1;32,0;1993,0;5,0;1,0;120,0;1,33;0,0;0,0;0,0;0,0;0,0;0,0;0,0;0,0;0,0;3,0;1,0;33,33;2,25;0,75;0,0;0,0;0,0;2,0;0,0;2,0;0,0;3,0;0,0;;;;;0,0;;;;;;;;;;No;No;No;No;No;No;No;No;No;No
1299;Godson Kyeremeh;fr FRA;FW;Le Havre;fr Ligue 1;25,0;2000,0;10,0;3,0;344,0;3,82;0,0;1,0;1,0;0,0;0,0;0,0;0,0;0,0;0,26;4,0;1,0;25,0;1,05;0,26;0,0;0,0;15,0;5,0;0,0;17,0;0,0;7,0;0,0;;;;;0,0;;;;;;;;;;No;No;No;No;No;No;No;No;No;No
1300;Adrián de la Fuente;es ESP;DF;Levante;es La Liga;27,0;1999,0;24,0;21,0;1916,0;21,29;2,0;1,0;3,0;1,0;1,0;1,0;5,0;0,0;0,09;25,0;4,0;16,0;1,17;0,19;0,08;0,5;21,0;14,0;34,0;14,0;0,0;20,0;1,0;;;;;0,0;;;;;;;;;;No;No;No;No;No;No;No;No;No;No
1301;Rémy Labeau Lascary;gp GLP;FW, MF;Brest;fr Ligue 1;23,0;2003,0;20,0;8,0;793,0;8,81;4,0;1,0;5,0;4,0;0,0;0,0;2,0;0,0;0,57;22,0;11,0;50,0;2,5;1,25;0,18;0,36;10,0;9,0;3,0;10,0;0,0;20,0;0,0;;;;;0,0;;;;;;;;;;No;No;No;No;No;No;No;No;No;No
1302;Shea Lacey;eng ENG;FW;Manchester Utd;eng Premier League;18,0;2007,0;2,0;0,0;14,0;0,16;0,0;0,0;0,0;0,0;0,0;0,0;0,0;0,0;0,0;3,0;1,0;33,33;19,29;6,43;0,0;0,0;0,0;0,0;0,0;0,0;0,0;0,0;0,0;;;;;0,0;;;;;;;;;;No;No;No;No;No;No;No;No;No;No
1303;Maxence Lacroix;fr FRA;DF;Crystal Palace;eng Premier League;25,0;2000,0;28,0;28,0;2485,0;27,61;1,0;2,0;3,0;1,0;0,0;0,0;3,0;1,0;0,11;21,0;4,0;19,05;0,76;0,14;0,05;0,25;5,0;32,0;35,0;16,0;0,0;26,0;0,0;;;;;0,0;;;;;;;;;;No;No;No;No;No;No;No;No;No;No
1304;Yoel Lago;es ESP;DF;Celta Vigo;es La Liga;21,0;2004,0;4,0;4,0;333,0;3,7;0,0;0,0;0,0;0,0;0,0;0,0;2,0;0,0;0,0;0,0;0,0;0,0;0,0;0,0;0,0;0,0;0,0;3,0;3,0;3,0;0,0;6,0;0,0;;;;;0,0;;;;;;;;;;No;No;No;No;No;No;No;No;No;No
1305;Mayckel Lahdo;se SWE;FW, MF;Nantes;fr Ligue 1;23,0;2002,0;8,0;5,0;415,0;4,61;1,0;1,0;2,0;1,0;0,0;0,0;0,0;0,0;0,43;3,0;1,0;33,33;0,65;0,22;0,33;1,0;1,0;2,0;0,0;6,0;0,0;5,0;0,0;;;;;0,0;;;;;;;;;;No;No;No;No;No;No;No;No;No;No
1306;Konrad Laimer;at AUT;DF;Bayern Munich;de Bundesliga;28,0;1997,0;21,0;17,0;1513,0;16,81;3,0;4,0;7,0;3,0;0,0;0,0;5,0;0,0;0,42;15,0;8,0;53,33;0,89;0,48;0,2;0,38;24,0;17,0;16,0;6,0;0,0;21,0;0,0;;;;;0,0;;;;;;;;;;No;No;No;No;No;No;No;No;No;No
1307;Kenny Lala;mg MAD;DF;Brest;fr Ligue 1;34,0;1991,0;25,0;25,0;2227,0;24,74;0,0;2,0;2,0;0,0;0,0;0,0;3,0;0,0;0,08;8,0;1,0;12,5;0,32;0,04;0,0;0,0;80,0;21,0;19,0;20,0;0,0;11,0;0,0;;;;;0,0;;;;;;;;;;No;No;No;No;No;No;No;No;No;No
1308;Senne Lammens;be BEL;GK;Manchester Utd;eng Premier League;23,0;2002,0;24,0;24,0;2160,0;24,0;0,0;0,0;0,0;0,0;0,0;0,0;0,0;0,0;0,0;0,0;0,0;0,0;0,0;0,0;0,0;0,0;0,0;1,0;0,0;2,0;0,0;0,0;0,0;30,0;1,25;81,0;54,0;66,67;13,0;8,0;3,0;5,0;20,83;3,0;3,0;0,0;0,0;No;No;No;No;No;No;No;No;No;No
1309;Tariq Lamptey;gh GHA;MF;Fiorentina;it Serie A;25,0;2000,0;2,0;1,0;25,0;0,28;0,0;0,0;0,0;0,0;0,0;0,0;0,0;0,0;0,0;0,0;0,0;0,0;0,0;0,0;0,0;0,0;1,0;2,0;0,0;0,0;0,0;0,0;0,0;;;;;0,0;;;;;;;;;;No;No;No;No;No;No;No;No;No;No
1310;Noa Lang;nl NED;FW, MF;Napoli;it Serie A;26,0;1999,0;18,0;7,0;666,0;7,4;1,0;2,0;3,0;1,0;0,0;0,0;2,0;0,0;0,41;9,0;4,0;44,44;1,22;0,54;0,11;0,25;44,0;8,0;2,0;11,0;0,0;5,0;0,0;;;;;0,0;;;;;;;;;;No;No;No;No;No;No;No;No;No;No
1311;Aymeric Laporte;es ESP;DF;Athletic Club;es La Liga;31,0;1994,0;17,0;16,0;1399,0;15,54;0,0;1,0;1,0;0,0;0,0;0,0;2,0;0,0;0,06;12,0;4,0;33,33;0,77;0,26;0,0;0,0;1,0;11,0;19,0;9,0;0,0;6,0;0,0;;;;;0,0;;;;;;;;;;Sí;Sí;No;No;No;No;Sí;Sí;Sí;Sí
1312;Hugo Larsson;se SWE;MF;Eintracht Frankfurt;de Bundesliga;21,0;2004,0;19,0;15,0;1310,0;14,56;1,0;2,0;3,0;1,0;0,0;0,0;0,0;0,0;0,21;8,0;4,0;50,0;0,55;0,27;0,12;0,25;7,0;8,0;18,0;1,0;0,0;6,0;0,0;;;;;0,0;;;;;;;;;;No;No;No;No;No;No;No;No;No;No
1313;Jamaal Lascelles;eng ENG;DF;Newcastle United;eng Premier League;32,0;1993,0;2,0;0,0;21,0;0,23;0,0;0,0;0,0;0,0;0,0;0,0;0,0;0,0;0,0;1,0;0,0;0,0;4,29;0,0;0,0;0,0;0,0;0,0;0,0;0,0;0,0;0,0;0,0;;;;;0,0;;;;;;;;;;No;No;No;No;No;No;No;No;No;No
1314;Toni Lato;es ESP;DF, MF;Mallorca;es La Liga;28,0;1997,0;8,0;5,0;375,0;4,17;0,0;1,0;1,0;0,0;0,0;0,0;2,0;0,0;0,24;0,0;0,0;0,0;0,0;0,0;0,0;0,0;7,0;6,0;4,0;1,0;0,0;4,0;0,0;;;;;0,0;;;;;;;;;;No;No;No;No;No;No;No;No;No;No
1315;Josh Laurent;eng ENG;DF, MF;Burnley;eng Premier League;30,0;1995,0;27,0;15,0;1496,0;16,62;1,0;0,0;1,0;1,0;0,0;0,0;6,0;0,0;0,06;13,0;4,0;30,77;0,78;0,24;0,08;0,25;14,0;20,0;24,0;9,0;0,0;23,0;0,0;;;;;0,0;;;;;;;;;;No;No;No;No;No;No;No;No;No;No
1316;Armand Lauriente;fr FRA;FW;Sassuolo;it Serie A;27,0;1998,0;29,0;25,0;1910,0;21,22;5,0;7,0;12,0;5,0;0,0;0,0;3,0;0,0;0,57;52,0;20,0;38,46;2,45;0,94;0,1;0,25;90,0;8,0;5,0;30,0;0,0;28,0;0,0;;;;;0,0;;;;;;;;;;No;No;No;No;No;No;No;No;No;No
1317;Matteo Lavelli;it ITA;FW;Inter;it Serie A;19,0;2006,0;1,0;0,0;8,0;0,09;0,0;0,0;0,0;0,0;0,0;0,0;0,0;0,0;0,0;0,0;0,0;0,0;0,0;0,0;0,0;0,0;1,0;0,0;0,0;0,0;0,0;0,0;0,0;;;;;0,0;;;;;;;;;;No;No;No;No;No;No;No;No;No;No
1318;Roméo Lavia;be BEL;MF;Chelsea;eng Premier League;22,0;2004,0;7,0;1,0;170,0;1,89;0,0;0,0;0,0;0,0;0,0;0,0;0,0;0,0;0,0;0,0;0,0;0,0;0,0;0,0;0,0;0,0;1,0;2,0;4,0;4,0;0,0;5,0;0,0;;;;;0,0;;;;;;;;;;No;No;No;No;No;No;No;No;No;No
1319;Valentino Lazaro;at AUT;MF;Torino;it Serie A;29,0;1996,0;27,0;23,0;2043,0;22,7;0,0;2,0;2,0;0,0;0,0;0,0;4,0;0,0;0,09;7,0;2,0;28,57;0,31;0,09;0,0;0,0;117,0;25,0;22,0;9,0;0,0;36,0;0,0;;;;;0,0;;;;;;;;;;No;No;No;No;No;No;No;No;No;No
1320;Manuel Lazzari;it ITA;DF;Lazio;it Serie A;32,0;1993,0;16,0;6,0;608,0;6,76;0,0;0,0;0,0;0,0;0,0;0,0;2,0;0,0;0,0;1,0;0,0;0,0;0,15;0,0;0,0;0,0;11,0;4,0;4,0;15,0;0,0;6,0;0,0;;;;;0,0;;;;;;;;;;No;No;No;No;No;No;No;No;No;No
1321;Andréa Le Borgne;fr FRA;MF;Como;it Serie A;19,0;2006,0;1,0;0,0;1,0;0,01;0,0;0,0;0,0;0,0;0,0;0,0;0,0;0,0;0,0;0,0;0,0;0,0;0,0;0,0;0,0;0,0;0,0;0,0;0,0;0,0;0,0;0,0;0,0;;;;;0,0;;;;;;;;;;No;No;No;No;No;No;No;No;No;No
1322;Théo Le Bris;fr FRA;MF;Lorient;fr Ligue 1;23,0;2002,0;25,0;19,0;1713,0;19,03;2,0;2,0;4,0;2,0;0,0;0,0;0,0;0,0;0,21;16,0;6,0;37,5;0,84;0,32;0,12;0,33;69,0;28,0;13,0;6,0;0,0;7,0;0,0;;;;;0,0;;;;;;;;;;No;No;No;No;No;No;No;No;No;No
1323;Julien Le Cardinal;fr FRA;DF;Brest;fr Ligue 1;28,0;1997,0;5,0;3,0;328,0;3,64;1,0;0,0;1,0;1,0;0,0;0,0;1,0;0,0;0,27;5,0;2,0;40,0;1,37;0,55;0,2;0,5;0,0;5,0;3,0;4,0;0,0;2,0;0,0;;;;;0,0;;;;;;;;;;No;No;No;No;No;No;No;No;No;No
1324;Enzo Le Fée;fr FRA;FW, MF;Sunderland;eng Premier League;26,0;2000,0;28,0;26,0;2295,0;25,5;4,0;4,0;8,0;1,0;3,0;4,0;5,0;0,0;0,2;24,0;6,0;25,0;0,94;0,24;0,17;0,67;73,0;42,0;23,0;26,0;0,0;25,0;0,0;;;;;0,0;;;;;;;;;;No;No;No;No;No;No;No;No;No;No
1325;Raphael Le Guen;fr FRA;DF;Brest;fr Ligue 1;19,0;2006,0;1,0;0,0;5,0;0,06;0,0;0,0;0,0;0,0;0,0;0,0;0,0;0,0;0,0;0,0;0,0;0,0;0,0;0,0;0,0;0,0;0,0;0,0;0,0;0,0;0,0;0,0;0,0;;;;;0,0;;;;;;;;;;No;No;No;No;No;No;No;No;No;No
1326;Robin Le Normand;es ESP;DF;Atlético Madrid;es La Liga;29,0;1996,0;20,0;12,0;1288,0;14,31;1,0;0,0;1,0;1,0;0,0;0,0;3,0;0,0;0,07;3,0;1,0;33,33;0,21;0,07;0,33;1,0;3,0;11,0;10,0;14,0;0,0;15,0;0,0;;;;;0,0;;;;;;;;;;No;No;Sí;Sí;Sí;Sí;No;No;Sí;Sí
1327;Nicola Leali;it ITA;GK;Genoa;it Serie A;33,0;1993,0;20,0;20,0;1712,0;19,02;0,0;0,0;0,0;0,0;0,0;0,0;2,0;1,0;0,0;0,0;0,0;0,0;0,0;0,0;0,0;0,0;0,0;0,0;1,0;2,0;0,0;2,0;0,0;26,0;1,37;79,0;55,0;69,62;4,0;8,0;8,0;4,0;20,0;2,0;2,0;0,0;0,0;No;No;No;No;No;No;No;No;No;No
1328;Rafael Leão;pt POR;FW;Milan;it Serie A;26,0;1999,0;22,0;18,0;1487,0;16,52;9,0;2,0;11,0;7,0;2,0;2,0;3,0;0,0;0,54;49,0;23,0;46,94;2,97;1,39;0,18;0,39;10,0;1,0;4,0;30,0;0,0;17,0;0,0;;;;;0,0;;;;;;;;;;No;No;No;No;No;No;No;No;No;No
1329;Pierre Lees-Melou;fr FRA;MF;Paris FC;fr Ligue 1;32,0;1993,0;18,0;16,0;1436,0;15,96;1,0;1,0;2,0;1,0;0,0;0,0;4,0;0,0;0,13;27,0;6,0;22,22;1,69;0,38;0,04;0,17;13,0;31,0;10,0;21,0;0,0;24,0;0,0;;;;;0,0;;;;;;;;;;No;No;No;No;No;No;No;No;No;No
1330;Jordan Lefort;fr FRA;DF;Angers;fr Ligue 1;32,0;1993,0;26,0;26,0;2340,0;26,0;0,0;2,0;2,0;0,0;0,0;0,0;2,0;0,0;0,08;8,0;2,0;25,0;0,31;0,08;0,0;0,0;14,0;22,0;36,0;14,0;0,0;16,0;0,0;;;;;0,0;;;;;;;;;;No;No;No;No;No;No;No;No;No;No
1331;Alexander Legendre;ec ECU;MF;Rennes;fr Ligue 1;17,0;2008,0;6,0;0,0;45,0;0,5;0,0;0,0;0,0;0,0;0,0;0,0;0,0;0,0;0,0;1,0;0,0;0,0;2,0;0,0;0,0;0,0;3,0;0,0;0,0;1,0;0,0;1,0;0,0;;;;;0,0;;;;;;;;;;No;No;No;No;No;No;No;No;No;No
1332;Diogo Leite;pt POR;DF;Union Berlin;de Bundesliga;27,0;1999,0;16,0;16,0;1355,0;15,06;0,0;0,0;0,0;0,0;0,0;0,0;2,0;0,0;0,0;9,0;1,0;11,11;0,6;0,07;0,0;0,0;3,0;10,0;24,0;17,0;0,0;21,0;1,0;;;;;0,0;;;;;;;;;;No;No;No;No;No;No;No;No;No;No
1333;Maxim Leitsch;de GER;DF;Mainz 05;de Bundesliga;27,0;1998,0;3,0;2,0;162,0;1,8;0,0;0,0;0,0;0,0;0,0;0,0;0,0;0,0;0,0;1,0;0,0;0,0;0,56;0,0;0,0;0,0;2,0;1,0;5,0;1,0;0,0;2,0;0,0;;;;;0,0;;;;;;;;;;No;No;No;No;No;No;No;No;No;No
1334;Florian Lejeune;fr FRA;DF;Rayo Vallecano;es La Liga;34,0;1991,0;28,0;28,0;2510,0;27,89;0,0;1,0;1,0;0,0;0,0;0,0;4,0;0,0;0,04;39,0;12,0;30,77;1,4;0,43;0,0;0,0;5,0;34,0;32,0;10,0;0,0;42,0;0,0;;;;;0,0;;;;;;;;;;No;No;No;No;No;No;No;No;No;No
1335;Youssef Lekhedim;es ESP;DF, MF;Alavés;es La Liga;20,0;2005,0;21,0;11,0;1156,0;12,84;0,0;1,0;1,0;0,0;0,0;0,0;5,0;0,0;0,08;10,0;2,0;20,0;0,78;0,16;0,0;0,0;52,0;8,0;12,0;12,0;0,0;21,0;0,0;;;;;0,0;;;;;;;;;;No;No;No;No;No;No;No;No;No;No
1336;Iñigo Lekue;es ESP;DF;Athletic Club;es La Liga;32,0;1993,0;8,0;6,0;434,0;4,82;0,0;0,0;0,0;0,0;0,0;0,0;2,0;2,0;0,0;3,0;1,0;33,33;0,62;0,21;0,0;0,0;12,0;8,0;3,0;0,0;0,0;9,0;0,0;;;;;0,0;;;;;;;;;;No;No;No;No;No;No;No;No;No;No
1337;Thomas Lemar;fr FRA;MF;Girona;es La Liga;30,0;1995,0;18,0;11,0;975,0;10,83;2,0;1,0;3,0;2,0;0,0;0,0;2,0;0,0;0,28;15,0;7,0;46,67;1,38;0,65;0,13;0,29;40,0;9,0;3,0;17,0;0,0;16,0;0,0;;;;;0,0;;;;;;;;;;No;No;No;No;No;No;No;No;No;No
1338;Félix Lemaréchal;fr FRA;FW, MF;Strasbourg;fr Ligue 1;22,0;2003,0;11,0;7,0;555,0;6,17;0,0;2,0;2,0;0,0;0,0;0,0;1,0;0,0;0,32;10,0;2,0;20,0;1,62;0,32;0,0;0,0;15,0;6,0;3,0;6,0;0,0;9,0;0,0;;;;;0,0;;;;;;;;;;No;No;No;No;No;No;No;No;No;No
1339;Tim Lemperle;de GER;FW;Hoffenheim;de Bundesliga;24,0;2002,0;21,0;16,0;1341,0;14,9;7,0;2,0;9,0;6,0;1,0;1,0;1,0;0,0;0,54;37,0;16,0;43,24;2,48;1,07;0,19;0,44;18,0;12,0;5,0;12,0;0,0;41,0;0,0;;;;;0,0;;;;;;;;;;No;No;No;No;No;No;No;No;No;No
1340;Ruben Lendinez;es ESP;DF;Valencia;es La Liga;23,0;2003,0;1,0;0,0;4,0;0,04;0,0;0,0;0,0;0,0;0,0;0,0;0,0;0,0;0,0;0,0;0,0;0,0;0,0;0,0;0,0;0,0;0,0;1,0;0,0;0,0;0,0;1,0;0,0;;;;;0,0;;;;;;;;;;No;No;No;No;No;No;No;No;No;No
1341;Clément Lenglet;fr FRA;DF;Atlético Madrid;es La Liga;30,0;1995,0;12,0;12,0;927,0;10,3;0,0;0,0;0,0;0,0;0,0;0,0;4,0;1,0;0,0;3,0;0,0;0,0;0,29;0,0;0,0;0,0;2,0;5,0;12,0;4,0;1,0;16,0;0,0;;;;;0,0;;;;;;;;;;No;No;No;No;No;No;No;No;No;No
1342;Bernd Leno;de GER;GK;Fulham;eng Premier League;34,0;1992,0;30,0;30,0;2700,0;30,0;0,0;0,0;0,0;0,0;0,0;0,0;3,0;0,0;0,0;0,0;0,0;0,0;0,0;0,0;0,0;0,0;0,0;1,0;1,0;4,0;0,0;0,0;1,0;43,0;1,43;113,0;73,0;64,6;12,0;5,0;13,0;6,0;20,0;4,0;3,0;0,0;1,0;No;No;No;No;No;No;No;No;No;No
1343;Donovan Léon;gf GUF;GK;Auxerre;fr Ligue 1;33,0;1992,0;24,0;24,0;2114,0;23,49;0,0;0,0;0,0;0,0;0,0;0,0;0,0;1,0;0,0;0,0;0,0;0,0;0,0;0,0;0,0;0,0;0,0;2,0;0,0;6,0;0,0;1,0;0,0;32,0;1,36;112,0;82,0;73,21;4,0;7,0;13,0;6,0;25,0;2,0;1,0;1,0;0,0;No;No;No;No;No;No;No;No;No;No
1344;Esteban Lepaul;fr FRA;FW;Rennes;fr Ligue 1;25,0;2000,0;26,0;25,0;1973,0;21,92;14,0;3,0;17,0;14,0;0,0;1,0;2,0;0,0;0,78;60,0;26,0;43,33;2,74;1,19;0,23;0,54;9,0;5,0;2,0;11,0;0,0;22,0;0,0;;;;;0,0;;;;;;;;;;No;No;No;No;No;No;No;No;No;No
1345;Johann Lepenant;fr FRA;MF;Nantes;fr Ligue 1;23,0;2002,0;19,0;15,0;1471,0;16,34;0,0;1,0;1,0;0,0;0,0;0,0;2,0;0,0;0,06;14,0;2,0;14,29;0,86;0,12;0,0;0,0;48,0;39,0;14,0;34,0;0,0;21,0;0,0;;;;;0,0;;;;;;;;;;No;No;No;No;No;No;No;No;No;No
1346;Mehdi Léris;dz ALG;MF;Pisa;it Serie A;27,0;1998,0;26,0;13,0;1306,0;14,51;1,0;3,0;4,0;1,0;0,0;0,0;2,0;0,0;0,28;21,0;6,0;28,57;1,45;0,41;0,05;0,17;74,0;20,0;13,0;18,0;0,0;19,0;0,0;;;;;0,0;;;;;;;;;;No;No;No;No;No;No;No;No;No;No
1347;Jefferson Lerma;co COL;DF, MF;Crystal Palace;eng Premier League;31,0;1994,0;24,0;13,0;1255,0;13,94;0,0;2,0;2,0;0,0;0,0;0,0;6,0;0,0;0,14;14,0;6,0;42,86;1,0;0,43;0,0;0,0;9,0;14,0;16,0;14,0;0,0;19,0;1,0;;;;;0,0;;;;;;;;;;No;No;No;No;No;No;No;No;No;No
1348;Louis Leroux;fr FRA;DF, MF;Nantes;fr Ligue 1;20,0;2006,0;17,0;14,0;1224,0;13,6;1,0;1,0;2,0;1,0;0,0;0,0;1,0;0,0;0,15;10,0;3,0;30,0;0,74;0,22;0,1;0,33;23,0;17,0;4,0;12,0;0,0;11,0;0,0;;;;;0,0;;;;;;;;;;No;No;No;No;No;No;No;No;No;No
1349;Robert Lewandowski;pl POL;FW;Barcelona;es La Liga;37,0;1988,0;23,0;11,0;1149,0;12,77;11,0;1,0;12,0;10,0;1,0;3,0;2,0;0,0;0,86;54,0;25,0;46,3;4,23;1,96;0,2;0,44;0,0;3,0;2,0;15,0;0,0;10,0;0,0;;;;;0,0;;;;;;;;;;No;No;No;No;No;No;No;No;No;No
1350;Jamie Leweling;de GER;MF;Stuttgart;de Bundesliga;25,0;2001,0;25,0;20,0;1842,0;20,47;7,0;6,0;13,0;7,0;0,0;0,0;4,0;0,0;0,64;40,0;17,0;42,5;1,95;0,83;0,18;0,41;96,0;9,0;12,0;33,0;0,0;14,0;0,0;;;;;0,0;;;;;;;;;;No;No;No;No;No;No;No;No;No;No
1351;Rico Lewis;eng ENG;DF;Manchester City;eng Premier League;21,0;2004,0;10,0;3,0;317,0;3,52;0,0;1,0;1,0;0,0;0,0;0,0;1,0;0,0;0,28;2,0;0,0;0,0;0,57;0,0;0,0;0,0;2,0;4,0;7,0;7,0;0,0;4,0;0,0;;;;;0,0;;;;;;;;;;No;No;No;No;No;No;No;No;No;No
1352;Keane Lewis-Potter;eng ENG;DF, MF;Brentford;eng Premier League;25,0;2001,0;28,0;14,0;1255,0;13,94;3,0;2,0;5,0;3,0;0,0;0,0;1,0;0,0;0,36;20,0;7,0;35,0;1,43;0,5;0,15;0,43;38,0;9,0;6,0;24,0;0,0;11,0;0,0;;;;;0,0;;;;;;;;;;No;No;No;No;No;No;No;No;No;No
1353;Myles Lewis-Skelly;eng ENG;DF;Arsenal;eng Premier League;19,0;2006,0;14,0;1,0;321,0;3,57;0,0;0,0;0,0;0,0;0,0;0,0;3,0;0,0;0,0;1,0;0,0;0,0;0,28;0,0;0,0;0,0;0,0;3,0;2,0;6,0;0,0;6,0;0,0;;;;;0,0;;;;;;;;;;No;No;No;No;No;No;No;No;No;No
1354;Philipp Lienhart;at AUT;DF;Freiburg;de Bundesliga;29,0;1996,0;12,0;11,0;896,0;9,96;0,0;0,0;0,0;0,0;0,0;0,0;4,0;1,0;0,0;5,0;1,0;20,0;0,5;0,1;0,0;0,0;12,0;8,0;9,0;5,0;1,0;6,0;0,0;;;;;0,0;;;;;;;;;;No;No;No;No;No;No;No;No;No;No
1355;Matthijs de Ligt;nl NED;DF;Manchester Utd;eng Premier League;26,0;1999,0;13,0;13,0;1170,0;13,0;1,0;0,0;1,0;1,0;0,0;0,0;0,0;0,0;0,08;11,0;3,0;27,27;0,85;0,23;0,09;0,33;4,0;13,0;11,0;5,0;0,0;6,0;0,0;;;;;0,0;;;;;;;;;;No;No;No;No;No;No;No;No;No;No
1356;Pedro Lima;br BRA;DF;Wolves;eng Premier League;19,0;2006,0;3,0;0,0;4,0;0,04;0,0;0,0;0,0;0,0;0,0;0,0;0,0;0,0;0,0;0,0;0,0;0,0;0,0;0,0;0,0;0,0;1,0;0,0;0,0;0,0;0,0;0,0;0,0;;;;;0,0;;;;;;;;;;No;No;No;No;No;No;No;No;No;No
1357;Victor Lindelöf;se SWE;DF;Aston Villa;eng Premier League;31,0;1994,0;12,0;6,0;578,0;6,42;0,0;1,0;1,0;0,0;0,0;0,0;0,0;0,0;0,16;1,0;0,0;0,0;0,16;0,0;0,0;0,0;0,0;1,0;4,0;0,0;0,0;1,0;0,0;;;;;0,0;;;;;;;;;;No;No;No;No;No;No;No;No;No;No
1358;Jesper Lindstrøm;dk DEN;MF;Wolfsburg;de Bundesliga;26,0;2000,0;9,0;2,0;245,0;2,72;0,0;0,0;0,0;0,0;0,0;0,0;2,0;0,0;0,0;6,0;4,0;66,67;2,2;1,47;0,0;0,0;4,0;4,0;0,0;2,0;0,0;5,0;0,0;;;;;0,0;;;;;;;;;;No;No;No;No;No;No;No;No;No;No
1359;Luca Lipani;it ITA;MF;Sassuolo;it Serie A;20,0;2005,0;15,0;8,0;722,0;8,02;0,0;0,0;0,0;0,0;0,0;0,0;1,0;0,0;0,0;10,0;2,0;20,0;1,25;0,25;0,0;0,0;4,0;14,0;8,0;4,0;0,0;23,0;0,0;;;;;0,0;;;;;;;;;;No;No;No;No;No;No;No;No;No;No
1360;Pol Lirola;es ESP;DF, MF;Hellas Verona;it Serie A;28,0;1997,0;7,0;3,0;265,0;2,94;0,0;0,0;0,0;0,0;0,0;0,0;1,0;0,0;0,0;0,0;0,0;0,0;0,0;0,0;0,0;0,0;11,0;3,0;2,0;2,0;0,0;4,0;0,0;;;;;0,0;;;;;;;;;;No;No;No;No;No;No;No;No;No;No
1361;Adrián Liso;es ESP;FW, MF;Getafe;es La Liga;20,0;2005,0;23,0;17,0;1423,0;15,81;3,0;0,0;3,0;3,0;0,0;0,0;5,0;1,0;0,19;23,0;9,0;39,13;1,45;0,57;0,13;0,33;39,0;15,0;3,0;35,0;1,0;34,0;0,0;;;;;0,0;;;;;;;;;;No;No;No;No;No;No;No;No;No;No
1362;Joseph Liteta;zm ZAM;MF;Cagliari;it Serie A;20,0;2006,0;4,0;4,0;264,0;2,93;0,0;0,0;0,0;0,0;0,0;0,0;0,0;0,0;0,0;0,0;0,0;0,0;0,0;0,0;0,0;0,0;0,0;2,0;8,0;0,0;0,0;4,0;0,0;;;;;0,0;;;;;;;;;;No;No;No;No;No;No;No;No;No;No
1363;Valentino Livramento;eng ENG;DF;Newcastle United;eng Premier League;23,0;2002,0;14,0;12,0;1139,0;12,66;0,0;1,0;1,0;0,0;0,0;0,0;1,0;0,0;0,08;2,0;0,0;0,0;0,16;0,0;0,0;0,0;27,0;13,0;2,0;11,0;0,0;7,0;0,0;;;;;0,0;;;;;;;;;;No;No;No;No;No;No;No;No;No;No
1364;Marin Ljubicic;hr CRO;FW;Union Berlin;de Bundesliga;24,0;2002,0;2,0;0,0;22,0;0,24;2,0;0,0;2,0;2,0;0,0;0,0;0,0;0,0;8,18;2,0;2,0;100,0;8,18;8,18;1,0;1,0;0,0;0,0;0,0;0,0;0,0;2,0;0,0;;;;;0,0;;;;;;;;;;No;No;No;No;No;No;No;No;No;No
1365;Javier Llabrés;es ESP;MF;Mallorca;es La Liga;23,0;2002,0;14,0;1,0;168,0;1,87;0,0;0,0;0,0;0,0;0,0;0,0;0,0;0,0;0,0;4,0;1,0;25,0;2,14;0,54;0,0;0,0;9,0;2,0;0,0;3,0;0,0;3,0;0,0;;;;;0,0;;;;;;;;;;No;No;No;No;No;No;No;No;No;No
1366;Diego Llorente;es ESP;DF;Real Betis;es La Liga;32,0;1993,0;10,0;7,0;540,0;6,0;1,0;0,0;1,0;1,0;0,0;0,0;3,0;0,0;0,17;2,0;1,0;50,0;0,33;0,17;0,5;1,0;0,0;6,0;11,0;9,0;0,0;7,0;0,0;;;;;0,0;;;;;;;;;;No;No;No;No;No;No;No;No;No;No
1367;Marcos Llorente;es ESP;DF, MF;Atlético Madrid;es La Liga;31,0;1995,0;24,0;20,0;1771,0;19,68;0,0;4,0;4,0;0,0;0,0;0,0;4,0;0,0;0,2;15,0;5,0;33,33;0,76;0,25;0,0;0,0;35,0;28,0;10,0;10,0;0,0;22,0;0,0;;;;;0,0;;;;;;;;;;Sí;Sí;Sí;No;No;No;No;No;No;Sí
1368;Gautier Lloris;fr FRA;DF;Le Havre;fr Ligue 1;30,0;1995,0;22,0;21,0;1768,0;19,64;1,0;1,0;2,0;1,0;0,0;0,0;1,0;1,0;0,1;9,0;3,0;33,33;0,46;0,15;0,11;0,33;0,0;20,0;36,0;12,0;0,0;22,0;1,0;;;;;0,0;;;;;;;;;;No;No;No;No;No;No;No;No;No;No
1369;Giovani Lo Celso;ar ARG;MF;Real Betis;es La Liga;29,0;1996,0;17,0;11,0;1094,0;12,16;2,0;2,0;4,0;2,0;0,0;0,0;3,0;0,0;0,33;27,0;10,0;37,04;2,22;0,82;0,07;0,2;48,0;10,0;5,0;38,0;0,0;7,0;0,0;;;;;0,0;;;;;;;;;;No;No;No;No;No;No;No;No;No;No
1370;Danny Loader;cm CMR;FW, MF;Auxerre;fr Ligue 1;25,0;2000,0;22,0;21,0;1893,0;21,03;2,0;2,0;4,0;2,0;0,0;0,0;6,0;0,0;0,19;54,0;15,0;27,78;2,57;0,71;0,04;0,13;22,0;14,0;7,0;44,0;0,0;43,0;0,0;;;;;0,0;;;;;;;;;;No;No;No;No;No;No;No;No;No;No
1371;Stanislav Lobotka;sk SVK;MF;Napoli;it Serie A;31,0;1994,0;23,0;20,0;1791,0;19,9;1,0;1,0;2,0;1,0;0,0;0,0;1,0;0,0;0,1;7,0;4,0;57,14;0,35;0,2;0,14;0,25;3,0;12,0;9,0;35,0;0,0;9,0;0,0;;;;;0,0;;;;;;;;;;No;No;No;No;No;No;No;No;No;No
1372;Manuel Locatelli;it ITA;MF;Juventus;it Serie A;28,0;1998,0;27,0;27,0;2184,0;24,27;1,0;2,0;3,0;1,0;0,0;0,0;5,0;0,0;0,12;31,0;9,0;29,03;1,28;0,37;0,03;0,11;10,0;48,0;30,0;35,0;0,0;39,0;0,0;;;;;0,0;;;;;;;;;;No;No;No;No;No;No;No;No;No;No
1373;Bradley Locko;fr FRA;DF;Brest;fr Ligue 1;23,0;2002,0;18,0;13,0;1172,0;13,02;0,0;1,0;1,0;0,0;0,0;0,0;0,0;0,0;0,08;2,0;1,0;50,0;0,15;0,08;0,0;0,0;30,0;26,0;9,0;17,0;0,0;11,0;0,0;;;;;0,0;;;;;;;;;;No;No;No;No;No;No;No;No;No;No
1374;Ruben Loftus-Cheek;eng ENG;FW, MF;Milan;it Serie A;30,0;1996,0;23,0;11,0;1027,0;11,41;3,0;1,0;4,0;3,0;0,0;0,0;1,0;0,0;0,35;29,0;6,0;20,69;2,54;0,53;0,1;0,5;9,0;6,0;4,0;17,0;0,0;21,0;0,0;;;;;0,0;;;;;;;;;;No;No;No;No;No;No;No;No;No;No
1375;Sean Longstaff;eng ENG;MF;Leeds United;eng Premier League;28,0;1997,0;17,0;10,0;947,0;10,52;1,0;2,0;3,0;1,0;0,0;0,0;2,0;0,0;0,29;13,0;2,0;15,38;1,24;0,19;0,08;0,5;50,0;23,0;10,0;17,0;0,0;10,0;0,0;;;;;0,0;;;;;;;;;;No;No;No;No;No;No;No;No;No;No
1376;Ademola Lookman;ng NGA;FW, MF;Atlético Madrid;es La Liga;28,0;1997,0;18,0;13,0;1074,0;11,93;3,0;0,0;3,0;3,0;0,0;0,0;1,0;0,0;0,25;38,0;10,0;26,32;3,18;0,84;0,08;0,3;27,0;4,0;4,0;11,0;0,0;13,0;0,0;;;;;0,0;;;;;;;;;;No;No;No;No;No;No;No;No;No;No
1377;Anthony Lopes;pt POR;GK;Nantes;fr Ligue 1;35,0;1990,0;24,0;24,0;2158,0;23,98;0,0;0,0;0,0;0,0;0,0;0,0;3,0;0,0;0,0;1,0;0,0;0,0;0,04;0,0;0,0;0,0;0,0;1,0;1,0;13,0;0,0;0,0;0,0;40,0;1,67;112,0;75,0;66,96;4,0;4,0;16,0;4,0;16,67;3,0;3,0;0,0;0,0;No;No;No;No;No;No;No;No;No;No
1378;David López;es ESP;DF;Mallorca;es La Liga;23,0;2003,0;6,0;5,0;459,0;5,1;0,0;0,0;0,0;0,0;0,0;0,0;1,0;0,0;0,0;3,0;0,0;0,0;0,59;0,0;0,0;0,0;0,0;2,0;6,0;3,0;0,0;5,0;1,0;;;;;0,0;;;;;;;;;;No;No;No;No;No;No;No;No;No;No
1379;David López;es ESP;DF;Girona;es La Liga;36,0;1989,0;4,0;2,0;203,0;2,26;0,0;0,0;0,0;0,0;0,0;0,0;0,0;0,0;0,0;1,0;1,0;100,0;0,44;0,44;0,0;0,0;0,0;1,0;0,0;0,0;0,0;1,0;0,0;;;;;0,0;;;;;;;;;;No;No;No;No;No;No;No;No;No;No
1380;Diego López;es ESP;FW, MF;Valencia;es La Liga;23,0;2002,0;25,0;15,0;1320,0;14,67;3,0;0,0;3,0;3,0;0,0;0,0;2,0;0,0;0,2;21,0;5,0;23,81;1,43;0,34;0,14;0,6;27,0;10,0;11,0;30,0;0,0;14,0;0,0;;;;;0,0;;;;;;;;;;No;No;No;No;No;No;No;No;No;No
1381;Fer López;es ESP;FW, MF;Celta Vigo;es La Liga;21,0;2004,0;16,0;8,0;706,0;7,84;0,0;1,0;1,0;0,0;0,0;0,0;1,0;0,0;0,13;7,0;1,0;14,29;0,89;0,13;0,0;0,0;12,0;1,0;2,0;14,0;0,0;17,0;0,0;;;;;0,0;;;;;;;;;;No;No;No;No;No;No;No;No;No;No
1382;Fermin López;es ESP;MF;Barcelona;es La Liga;22,0;2003,0;22,0;12,0;1261,0;14,01;5,0;8,0;13,0;5,0;0,0;0,0;2,0;0,0;0,93;48,0;17,0;35,42;3,43;1,21;0,1;0,29;27,0;13,0;6,0;15,0;0,0;17,0;0,0;;;;;0,0;;;;;;;;;;Sí;Sí;No;Sí;Sí;No;No;No;No;Sí
1383;Hugo López;es ESP;MF;Villarreal;es La Liga;19,0;2007,0;2,0;1,0;56,0;0,62;0,0;0,0;0,0;0,0;0,0;0,0;0,0;0,0;0,0;0,0;0,0;0,0;0,0;0,0;0,0;0,0;2,0;1,0;1,0;0,0;0,0;2,0;0,0;;;;;0,0;;;;;;;;;;No;No;No;No;No;No;No;No;No;No
1384;Javi López;es ESP;DF;Oviedo;es La Liga;23,0;2002,0;16,0;13,0;1112,0;12,36;0,0;0,0;0,0;0,0;0,0;0,0;2,0;0,0;0,0;4,0;0,0;0,0;0,32;0,0;0,0;0,0;36,0;17,0;12,0;23,0;0,0;28,0;0,0;;;;;0,0;;;;;;;;;;No;No;No;No;No;No;No;No;No;No
1385;Julien López;dz ALG;FW, MF;Paris FC;fr Ligue 1;34,0;1992,0;5,0;0,0;45,0;0,5;0,0;0,0;0,0;0,0;0,0;0,0;0,0;0,0;0,0;0,0;0,0;0,0;0,0;0,0;0,0;0,0;1,0;0,0;1,0;0,0;0,0;0,0;0,0;;;;;0,0;;;;;;;;;;No;No;No;No;No;No;No;No;No;No
1386;Maxime Lopez;fr FRA;MF;Paris FC;fr Ligue 1;28,0;1997,0;20,0;19,0;1686,0;18,73;0,0;3,0;3,0;0,0;0,0;0,0;9,0;0,0;0,16;8,0;5,0;62,5;0,43;0,27;0,0;0,0;71,0;14,0;8,0;8,0;0,0;27,0;0,0;;;;;0,0;;;;;;;;;;No;No;No;No;No;No;No;No;No;No
1387;Pau López;es ESP;GK;Real Betis;es La Liga;31,0;1994,0;8,0;8,0;720,0;8,0;0,0;0,0;0,0;0,0;0,0;0,0;1,0;0,0;0,0;0,0;0,0;0,0;0,0;0,0;0,0;0,0;0,0;0,0;0,0;2,0;0,0;0,0;0,0;9,0;1,12;33,0;25,0;75,76;4,0;2,0;2,0;2,0;25,0;1,0;0,0;1,0;0,0;No;No;No;No;No;No;No;No;No;No
1388;Unai López;es ESP;MF;Rayo Vallecano;es La Liga;30,0;1995,0;20,0;15,0;1179,0;13,1;0,0;3,0;3,0;0,0;0,0;0,0;7,0;1,0;0,23;16,0;3,0;18,75;1,22;0,23;0,0;0,0;40,0;12,0;14,0;10,0;1,0;26,0;0,0;;;;;0,0;;;;;;;;;;No;No;No;No;No;No;No;No;No;No
1389;Dachi Lordkipanidze;ge GEO;MF;Cremonese;it Serie A;21,0;2005,0;1,0;0,0;29,0;0,32;0,0;0,0;0,0;0,0;0,0;0,0;0,0;0,0;0,0;0,0;0,0;0,0;0,0;0,0;0,0;0,0;0,0;0,0;0,0;0,0;0,0;0,0;0,0;;;;;0,0;;;;;;;;;;No;No;No;No;No;No;No;No;No;No
1390;Lorran;br BRA;FW;Pisa;it Serie A;19,0;2006,0;8,0;0,0;111,0;1,23;1,0;0,0;1,0;1,0;0,0;0,0;0,0;0,0;0,81;3,0;1,0;33,33;2,43;0,81;0,33;1,0;5,0;3,0;3,0;2,0;0,0;0,0;0,0;;;;;0,0;;;;;;;;;;No;No;No;No;No;No;No;No;No;No
1391;Iker Losada;es ESP;MF;Levante;es La Liga;24,0;2001,0;16,0;7,0;583,0;6,48;2,0;1,0;3,0;2,0;0,0;0,0;1,0;0,0;0,46;11,0;3,0;27,27;1,7;0,46;0,18;0,67;15,0;7,0;7,0;4,0;0,0;5,0;0,0;;;;;0,0;;;;;;;;;;No;No;No;No;No;No;No;No;No;No
1392;Tom Louchet;fr FRA;MF;Nice;fr Ligue 1;22,0;2003,0;21,0;12,0;1133,0;12,59;3,0;2,0;5,0;3,0;0,0;0,0;1,0;1,0;0,4;20,0;6,0;30,0;1,59;0,48;0,15;0,5;39,0;12,0;9,0;11,0;0,0;14,0;0,0;;;;;0,0;;;;;;;;;;No;No;No;No;No;No;No;No;No;No
1393;Marius Louer;fr FRA;MF;Angers;fr Ligue 1;19,0;2007,0;3,0;0,0;23,0;0,26;0,0;0,0;0,0;0,0;0,0;0,0;0,0;0,0;0,0;0,0;0,0;0,0;0,0;0,0;0,0;0,0;2,0;0,0;0,0;1,0;0,0;0,0;0,0;;;;;0,0;;;;;;;;;;No;No;No;No;No;No;No;No;No;No
1394;Sandi Lovrić;si SVN;MF;Hellas Verona;it Serie A;27,0;1998,0;7,0;2,0;245,0;2,72;0,0;1,0;1,0;0,0;0,0;0,0;1,0;0,0;0,37;4,0;1,0;25,0;1,47;0,37;0,0;0,0;24,0;6,0;4,0;2,0;0,0;5,0;0,0;;;;;0,0;;;;;;;;;;No;No;No;No;No;No;No;No;No;No
1395;Felipe Loyola;cl CHI;MF;Pisa;it Serie A;25,0;2000,0;5,0;3,0;284,0;3,16;1,0;0,0;1,0;1,0;0,0;0,0;0,0;0,0;0,32;3,0;1,0;33,33;0,95;0,32;0,33;1,0;3,0;3,0;6,0;2,0;0,0;5,0;0,0;;;;;0,0;;;;;;;;;;No;No;No;No;No;No;No;No;No;No
1396;Pol Lozano;es ESP;MF;Espanyol;es La Liga;26,0;1999,0;26,0;23,0;1788,0;19,87;1,0;1,0;2,0;1,0;0,0;0,0;7,0;0,0;0,1;15,0;4,0;26,67;0,76;0,2;0,07;0,25;25,0;16,0;20,0;23,0;0,0;51,0;0,0;;;;;0,0;;;;;;;;;;No;No;No;No;No;No;No;No;No;No
1397;Sergio Lozano;es ESP;MF;Levante;es La Liga;26,0;1999,0;1,0;0,0;12,0;0,13;0,0;0,0;0,0;0,0;0,0;0,0;0,0;0,0;0,0;0,0;0,0;0,0;0,0;0,0;0,0;0,0;0,0;1,0;0,0;0,0;0,0;0,0;0,0;;;;;0,0;;;;;;;;;;No;No;No;No;No;No;No;No;No;No
1398;Lucas;br BRA;DF, MF;Burnley;eng Premier League;24,0;2001,0;15,0;12,0;1104,0;12,27;0,0;0,0;0,0;0,0;0,0;0,0;0,0;1,0;0,0;11,0;1,0;9,09;0,9;0,08;0,0;0,0;47,0;19,0;13,0;3,0;0,0;11,0;0,0;;;;;0,0;;;;;;;;;;No;No;No;No;No;No;No;No;No;No
1399;Lorenzo Lucca;it ITA;FW;Nottingham Forest;eng Premier League;25,0;2000,0;19,0;5,0;529,0;5,88;2,0;0,0;2,0;2,0;0,0;0,0;1,0;0,0;0,34;18,0;6,0;33,33;3,06;1,02;0,11;0,33;0,0;0,0;1,0;14,0;0,0;18,0;0,0;;;;;0,0;;;;;;;;;;No;No;No;No;No;No;No;No;No;No
1400;Jhon Lucumí;co COL;DF;Bologna;it Serie A;27,0;1998,0;21,0;19,0;1641,0;18,23;1,0;0,0;1,0;1,0;0,0;0,0;4,0;0,0;0,05;7,0;2,0;28,57;0,38;0,11;0,14;0,5;1,0;16,0;27,0;15,0;0,0;13,0;0,0;;;;;0,0;;;;;;;;;;No;No;No;No;No;No;No;No;No;No
1401;Oier Luengo;es ESP;DF;Oviedo;es La Liga;28,0;1997,0;3,0;3,0;225,0;2,5;0,0;1,0;1,0;0,0;0,0;0,0;1,0;0,0;0,4;1,0;0,0;0,0;0,4;0,0;0,0;0,0;0,0;5,0;2,0;1,0;0,0;2,0;0,0;;;;;0,0;;;;;;;;;;No;No;No;No;No;No;No;No;No;No
1402;Florentino Luís;pt POR;MF;Burnley;eng Premier League;26,0;1999,0;24,0;20,0;1654,0;18,38;0,0;2,0;2,0;0,0;0,0;0,0;4,0;0,0;0,11;9,0;1,0;11,11;0,49;0,05;0,0;0,0;9,0;40,0;29,0;7,0;0,0;31,0;0,0;;;;;0,0;;;;;;;;;;No;No;No;No;No;No;No;No;No;No
1403;José Luis Gayà;es ESP;DF;Valencia;es La Liga;30,0;1995,0;24,0;23,0;1868,0;20,76;1,0;1,0;2,0;1,0;0,0;0,0;6,0;1,0;0,1;9,0;2,0;22,22;0,43;0,1;0,11;0,5;70,0;30,0;15,0;13,0;0,0;20,0;0,0;;;;;0,0;;;;;;;;;;No;No;No;No;No;No;No;No;No;No
1404;José Luis Morales;es ESP;MF;Levante;es La Liga;38,0;1987,0;19,0;1,0;338,0;3,76;1,0;1,0;2,0;0,0;1,0;1,0;1,0;0,0;0,27;9,0;4,0;44,44;2,4;1,07;0,11;0,25;9,0;4,0;3,0;4,0;0,0;3,0;0,0;;;;;0,0;;;;;;;;;;No;No;No;No;No;No;No;No;No;No
1405;Douglas Luiz;br BRA;MF;Aston Villa;eng Premier League;27,0;1998,0;15,0;11,0;780,0;8,67;1,0;0,0;1,0;1,0;0,0;0,0;2,0;0,0;0,12;10,0;4,0;40,0;1,15;0,46;0,1;0,25;42,0;12,0;11,0;12,0;0,0;12,0;0,0;;;;;0,0;;;;;;;;;;No;No;No;No;No;No;No;No;No;No
1406;Romelu Lukaku;be BEL;FW;Napoli;it Serie A;32,0;1993,0;5,0;0,0;44,0;0,49;1,0;0,0;1,0;1,0;0,0;0,0;1,0;0,0;2,05;2,0;1,0;50,0;4,09;2,05;0,5;1,0;0,0;0,0;0,0;0,0;0,0;2,0;0,0;;;;;0,0;;;;;;;;;;No;No;No;No;No;No;No;No;No;No
1407;Castello Lukeba;fr FRA;DF;RB Leipzig;de Bundesliga;23,0;2002,0;21,0;20,0;1806,0;20,07;1,0;0,0;1,0;1,0;0,0;0,0;2,0;0,0;0,05;8,0;2,0;25,0;0,4;0,1;0,12;0,5;3,0;10,0;29,0;8,0;0,0;10,0;0,0;;;;;0,0;;;;;;;;;;No;No;No;No;No;No;No;No;No;No
1408;Dodi Lukebakio;be BEL;MF;Sevilla;es La Liga;28,0;1997,0;2,0;2,0;180,0;2,0;1,0;0,0;1,0;1,0;0,0;0,0;0,0;0,0;0,5;2,0;1,0;50,0;1,0;0,5;0,5;1,0;10,0;0,0;1,0;3,0;0,0;3,0;0,0;;;;;0,0;;;;;;;;;;No;No;No;No;No;No;No;No;No;No
1409;Saša Lukić;rs SRB;MF;Fulham;eng Premier League;29,0;1996,0;20,0;15,0;1239,0;13,77;1,0;2,0;3,0;1,0;0,0;0,0;6,0;0,0;0,22;13,0;3,0;23,08;0,94;0,22;0,08;0,33;47,0;21,0;9,0;20,0;0,0;38,0;0,0;;;;;0,0;;;;;;;;;;No;No;No;No;No;No;No;No;No;No
1410;Kristoffer Lund;us USA;DF, MF;Köln;de Bundesliga;23,0;2002,0;25,0;19,0;1702,0;18,91;0,0;1,0;1,0;0,0;0,0;0,0;2,0;0,0;0,05;18,0;3,0;16,67;0,95;0,16;0,0;0,0;71,0;21,0;25,0;31,0;0,0;10,0;0,0;;;;;0,0;;;;;;;;;;No;No;No;No;No;No;No;No;No;No
1411;Sebastiano Luperto;it ITA;DF;Cremonese;it Serie A;29,0;1996,0;25,0;25,0;2246,0;24,96;1,0;1,0;2,0;1,0;0,0;0,0;4,0;0,0;0,08;9,0;4,0;44,44;0,36;0,16;0,11;0,25;9,0;15,0;22,0;25,0;0,0;28,0;0,0;;;;;0,0;;;;;;;;;;No;No;No;No;No;No;No;No;No;No
1412;Mateus Lusuardi;br BRA;DF;Pisa;it Serie A;22,0;2004,0;3,0;3,0;198,0;2,2;0,0;0,0;0,0;0,0;0,0;0,0;1,0;0,0;0,0;4,0;0,0;0,0;1,82;0,0;0,0;0,0;1,0;2,0;0,0;0,0;0,0;4,0;0,0;;;;;0,0;;;;;;;;;;No;No;No;No;No;No;No;No;No;No
1413;Zito Luvumbo;ao ANG;FW, MF;Mallorca;es La Liga;24,0;2002,0;15,0;2,0;404,0;4,49;0,0;0,0;0,0;0,0;0,0;0,0;1,0;0,0;0,0;14,0;8,0;57,14;3,12;1,78;0,0;0,0;10,0;1,0;1,0;23,0;0,0;4,0;0,0;;;;;0,0;;;;;;;;;;No;No;No;No;No;No;No;No;No;No
1414;Babis Lykogiannis;gr GRE;DF;Bologna;it Serie A;32,0;1993,0;10,0;7,0;627,0;6,97;0,0;1,0;1,0;0,0;0,0;0,0;3,0;0,0;0,14;7,0;2,0;28,57;1,0;0,29;0,0;0,0;45,0;10,0;6,0;1,0;0,0;8,0;0,0;;;;;0,0;;;;;;;;;;No;No;No;No;No;No;No;No;No;No
1415;Senne Lynen;be BEL;MF;Werder Bremen;de Bundesliga;27,0;1999,0;24,0;24,0;2122,0;23,58;0,0;0,0;0,0;0,0;0,0;0,0;4,0;0,0;0,0;17,0;2,0;11,76;0,72;0,08;0,0;0,0;12,0;19,0;50,0;9,0;0,0;31,0;0,0;;;;;0,0;;;;;;;;;;No;No;No;No;No;No;No;No;No;No
1416;Mathias Løvik;no NOR;MF;Parma;it Serie A;22,0;2003,0;9,0;5,0;471,0;5,23;0,0;0,0;0,0;0,0;0,0;0,0;0,0;0,0;0,0;3,0;0,0;0,0;0,57;0,0;0,0;0,0;15,0;8,0;7,0;2,0;0,0;3,0;0,0;;;;;0,0;;;;;;;;;;No;No;No;No;No;No;No;No;No;No
1417;Ian Maatsen;nl NED;DF;Aston Villa;eng Premier League;24,0;2002,0;24,0;13,0;1264,0;14,04;0,0;0,0;0,0;0,0;0,0;0,0;2,0;0,0;0,0;17,0;4,0;23,53;1,21;0,28;0,0;0,0;46,0;27,0;13,0;15,0;0,0;11,0;0,0;;;;;0,0;;;;;;;;;;No;No;No;No;No;No;No;No;No;No
1418;Alexis Mac Allister;ar ARG;MF;Liverpool;eng Premier League;27,0;1998,0;29,0;25,0;2089,0;23,21;2,0;2,0;4,0;2,0;0,0;0,0;4,0;0,0;0,17;41,0;10,0;24,39;1,77;0,43;0,05;0,2;19,0;22,0;14,0;26,0;0,0;22,0;0,0;;;;;0,0;;;;;;;;;;No;No;No;No;No;No;No;No;No;No
1419;Deiver Machado;co COL;DF, MF;Nantes;fr Ligue 1;32,0;1993,0;13,0;11,0;750,0;8,33;0,0;1,0;1,0;0,0;0,0;0,0;2,0;0,0;0,12;8,0;1,0;12,5;0,96;0,12;0,0;0,0;14,0;7,0;8,0;19,0;0,0;18,0;0,0;;;;;0,0;;;;;;;;;;No;No;No;No;No;No;No;No;No;No
1420;Koki Machida;jp JPN;DF;Hoffenheim;de Bundesliga;28,0;1997,0;1,0;1,0;44,0;0,49;0,0;0,0;0,0;0,0;0,0;0,0;1,0;0,0;0,0;0,0;0,0;0,0;0,0;0,0;0,0;0,0;0,0;0,0;1,0;0,0;0,0;2,0;0,0;;;;;0,0;;;;;;;;;;No;No;No;No;No;No;No;No;No;No
1421;Lanroy Machine;fr FRA;MF;Angers;fr Ligue 1;20,0;2005,0;14,0;0,0;231,0;2,57;0,0;0,0;0,0;0,0;0,0;0,0;0,0;0,0;0,0;9,0;2,0;22,22;3,51;0,78;0,0;0,0;3,0;3,0;0,0;2,0;0,0;5,0;0,0;;;;;0,0;;;;;;;;;;No;No;No;No;No;No;No;No;No;No
1422;Shuto Machino;jp JPN;FW, MF;Gladbach;de Bundesliga;26,0;1999,0;25,0;7,0;877,0;9,74;3,0;0,0;3,0;3,0;0,0;0,0;1,0;0,0;0,31;22,0;11,0;50,0;2,26;1,13;0,14;0,27;9,0;4,0;2,0;7,0;0,0;7,0;0,0;;;;;0,0;;;;;;;;;;No;No;No;No;No;No;No;No;No;No
1423;Carlos Macià;es ESP;MF;Villarreal;es La Liga;17,0;2008,0;4,0;0,0;81,0;0,9;0,0;0,0;0,0;0,0;0,0;0,0;1,0;0,0;0,0;1,0;0,0;0,0;1,11;0,0;0,0;0,0;0,0;0,0;2,0;0,0;0,0;1,0;0,0;;;;;0,0;;;;;;;;;;No;No;No;No;No;No;No;No;No;No
1424;Brian Madjo;lu LUX;FW;Metz;fr Ligue 1;17,0;2009,0;5,0;2,0;157,0;1,74;0,0;0,0;0,0;0,0;0,0;0,0;0,0;0,0;0,0;3,0;1,0;33,33;1,72;0,57;0,0;0,0;0,0;0,0;0,0;3,0;0,0;3,0;0,0;;;;;0,0;;;;;;;;;;No;No;No;No;No;No;No;No;No;No
1425;Noni Madueke;eng ENG;FW, MF;Arsenal;eng Premier League;24,0;2002,0;20,0;12,0;895,0;9,94;2,0;1,0;3,0;2,0;0,0;0,0;0,0;0,0;0,3;19,0;6,0;31,58;1,91;0,6;0,11;0,33;63,0;9,0;4,0;10,0;0,0;12,0;0,0;;;;;0,0;;;;;;;;;;No;No;No;No;No;No;No;No;No;No
1426;Pablo Maffeo;es ESP;DF;Mallorca;es La Liga;28,0;1997,0;23,0;22,0;1958,0;21,76;1,0;0,0;1,0;1,0;0,0;0,0;7,0;0,0;0,05;5,0;1,0;20,0;0,23;0,05;0,2;1,0;62,0;24,0;25,0;16,0;0,0;17,0;1,0;;;;;0,0;;;;;;;;;;No;No;No;No;No;No;No;No;No;No
1427;Gabriel Magalhães;br BRA;DF;Arsenal;eng Premier League;28,0;1997,0;25,0;24,0;2166,0;24,07;3,0;4,0;7,0;3,0;0,0;0,0;3,0;0,0;0,29;18,0;5,0;27,78;0,75;0,21;0,17;0,6;6,0;16,0;18,0;27,0;0,0;14,0;0,0;;;;;0,0;;;;;;;;;;No;No;No;No;No;No;No;No;No;No
1428;Soungoutou Magassa;fr FRA;MF;West Ham United;eng Premier League;22,0;2003,0;19,0;11,0;964,0;10,71;1,0;0,0;1,0;1,0;0,0;0,0;4,0;0,0;0,09;7,0;2,0;28,57;0,65;0,19;0,14;0,5;8,0;23,0;17,0;17,0;0,0;17,0;0,0;;;;;0,0;;;;;;;;;;No;No;No;No;No;No;No;No;No;No
1429;Hugo Magnetti;fr FRA;MF;Brest;fr Ligue 1;27,0;1998,0;25,0;24,0;2081,0;23,12;1,0;1,0;2,0;1,0;0,0;0,0;4,0;1,0;0,09;18,0;3,0;16,67;0,78;0,13;0,06;0,33;14,0;36,0;38,0;28,0;0,0;27,0;0,0;;;;;0,0;;;;;;;;;;No;No;No;No;No;No;No;No;No;No
1430;Frank Magri;cm CMR;FW, MF;Toulouse;fr Ligue 1;26,0;1999,0;17,0;16,0;1253,0;13,92;5,0;1,0;6,0;5,0;0,0;1,0;3,0;0,0;0,43;33,0;12,0;36,36;2,37;0,86;0,15;0,42;15,0;3,0;3,0;22,0;0,0;28,0;0,0;;;;;0,0;;;;;;;;;;No;No;No;No;No;No;No;No;No;No
1431;Harry Maguire;eng ENG;DF;Manchester Utd;eng Premier League;33,0;1993,0;17,0;13,0;1126,0;12,51;1,0;1,0;2,0;1,0;0,0;0,0;3,0;0,0;0,16;9,0;2,0;22,22;0,72;0,16;0,11;0,5;2,0;9,0;6,0;13,0;0,0;11,0;0,0;;;;;0,0;;;;;;;;;;No;No;No;No;No;No;No;No;No;No
1432;Arne Maier;de GER;MF;Augsburg;de Bundesliga;27,0;1999,0;1,0;0,0;4,0;0,04;0,0;0,0;0,0;0,0;0,0;0,0;0,0;0,0;0,0;0,0;0,0;0,0;0,0;0,0;0,0;0,0;1,0;1,0;1,0;0,0;0,0;0,0;0,0;;;;;0,0;;;;;;;;;;No;No;No;No;No;No;No;No;No;No
1433;Mike Maignan;fr FRA;GK;Milan;it Serie A;30,0;1995,0;28,0;28,0;2485,0;27,61;0,0;0,0;0,0;0,0;0,0;0,0;3,0;0,0;0,0;0,0;0,0;0,0;0,0;0,0;0,0;0,0;0,0;0,0;1,0;6,0;0,0;0,0;0,0;21,0;0,76;89,0;74,0;83,15;16,0;9,0;3,0;12,0;42,86;7,0;4,0;2,0;1,0;No;No;No;No;No;No;No;No;No;No
1434;Linton Maina;de GER;FW, MF;Köln;de Bundesliga;26,0;1999,0;16,0;6,0;669,0;7,43;2,0;0,0;2,0;2,0;0,0;0,0;0,0;0,0;0,27;17,0;7,0;41,18;2,29;0,94;0,12;0,29;21,0;4,0;1,0;4,0;0,0;6,0;0,0;;;;;0,0;;;;;;;;;;No;No;No;No;No;No;No;No;No;No
1435;Patrick Mainka;de GER;DF;Heidenheim;de Bundesliga;31,0;1994,0;26,0;26,0;2340,0;26,0;1,0;1,0;2,0;1,0;0,0;0,0;1,0;0,0;0,08;26,0;5,0;19,23;1,0;0,19;0,04;0,2;0,0;26,0;27,0;14,0;0,0;5,0;0,0;;;;;0,0;;;;;;;;;;No;No;No;No;No;No;No;No;No;No
1436;Kobbie Mainoo;eng ENG;MF;Manchester Utd;eng Premier League;20,0;2005,0;21,0;9,0;1032,0;11,47;0,0;2,0;2,0;0,0;0,0;0,0;0,0;0,0;0,17;8,0;2,0;25,0;0,7;0,17;0,0;0,0;12,0;11,0;7,0;14,0;0,0;7,0;0,0;;;;;0,0;;;;;;;;;;No;No;No;No;No;No;No;No;No;No
1437;Ainsley Maitland-Niles;eng ENG;DF, MF;Lyon;fr Ligue 1;28,0;1997,0;23,0;21,0;1918,0;21,31;1,0;3,0;4,0;1,0;0,0;1,0;6,0;1,0;0,19;12,0;5,0;41,67;0,56;0,23;0,08;0,2;37,0;30,0;24,0;10,0;1,0;32,0;0,0;;;;;0,0;;;;;;;;;;No;No;No;No;No;No;No;No;No;No
1438;Radosław Majecki;pl POL;GK;Brest;fr Ligue 1;26,0;1999,0;10,0;10,0;864,0;9,6;0,0;0,0;0,0;0,0;0,0;0,0;0,0;1,0;0,0;0,0;0,0;0,0;0,0;0,0;0,0;0,0;0,0;0,0;0,0;1,0;0,0;1,0;0,0;18,0;1,88;43,0;26,0;60,47;1,0;4,0;5,0;3,0;30,0;1,0;1,0;0,0;0,0;No;No;No;No;No;No;No;No;No;No
1439;Lovro Majer;hr CRO;MF;Wolfsburg;de Bundesliga;28,0;1998,0;23,0;16,0;1264,0;14,04;2,0;3,0;5,0;2,0;0,0;0,0;4,0;0,0;0,36;22,0;5,0;22,73;1,57;0,36;0,09;0,4;18,0;16,0;8,0;19,0;0,0;28,0;0,0;;;;;0,0;;;;;;;;;;No;No;No;No;No;No;No;No;No;No
1440;Hamidou Makalou;ml MLI;MF;Brest;fr Ligue 1;19,0;2006,0;11,0;1,0;164,0;1,82;0,0;0,0;0,0;0,0;0,0;0,0;0,0;0,0;0,0;2,0;0,0;0,0;1,1;0,0;0,0;0,0;8,0;1,0;3,0;2,0;0,0;1,0;0,0;;;;;0,0;;;;;;;;;;No;No;No;No;No;No;No;No;No;No
1441;Jean-Victor Makengo;fr FRA;MF;Lorient;fr Ligue 1;27,0;1998,0;23,0;16,0;1261,0;14,01;3,0;2,0;5,0;3,0;0,0;0,0;0,0;0,0;0,36;31,0;11,0;35,48;2,21;0,79;0,1;0,27;14,0;12,0;9,0;28,0;0,0;7,0;1,0;;;;;0,0;;;;;;;;;;No;No;No;No;No;No;No;No;No;No
1442;Jordy Makengo;fr FRA;DF;Freiburg;de Bundesliga;24,0;2001,0;15,0;10,0;945,0;10,5;0,0;0,0;0,0;0,0;0,0;0,0;1,0;0,0;0,0;0,0;0,0;0,0;0,0;0,0;0,0;0,0;27,0;9,0;8,0;8,0;0,0;9,0;0,0;;;;;0,0;;;;;;;;;;No;No;No;No;No;No;No;No;No;No
1443;Andrija Maksimović;rs SRB;FW;RB Leipzig;de Bundesliga;18,0;2007,0;8,0;0,0;93,0;1,03;0,0;0,0;0,0;0,0;0,0;0,0;0,0;0,0;0,0;2,0;0,0;0,0;1,94;0,0;0,0;0,0;2,0;0,0;0,0;2,0;0,0;1,0;0,0;;;;;0,0;;;;;;;;;;No;No;No;No;No;No;No;No;No;No
1444;Said El Mala;de GER;FW, MF;Köln;de Bundesliga;19,0;2006,0;26,0;12,0;1314,0;14,6;9,0;3,0;12,0;9,0;0,0;0,0;2,0;0,0;0,82;50,0;21,0;42,0;3,42;1,44;0,18;0,43;35,0;9,0;3,0;17,0;0,0;10,0;0,0;;;;;0,0;;;;;;;;;;No;No;No;No;No;No;No;No;No;No
1445;Tyrell Malacia;nl NED;DF;Manchester Utd;eng Premier League;26,0;1999,0;2,0;0,0;9,0;0,1;0,0;0,0;0,0;0,0;0,0;0,0;0,0;0,0;0,0;0,0;0,0;0,0;0,0;0,0;0,0;0,0;0,0;0,0;0,0;0,0;0,0;0,0;0,0;;;;;0,0;;;;;;;;;;No;No;No;No;No;No;No;No;No;No
1446;Julián Malatini;ar ARG;DF;Werder Bremen;de Bundesliga;24,0;2001,0;11,0;5,0;516,0;5,73;0,0;0,0;0,0;0,0;0,0;0,0;3,0;0,0;0,0;2,0;0,0;0,0;0,35;0,0;0,0;0,0;5,0;6,0;6,0;1,0;0,0;7,0;0,0;;;;;0,0;;;;;;;;;;No;No;No;No;No;No;No;No;No;No
1447;Daniel Maldini;it ITA;FW, MF;Lazio;it Serie A;24,0;2001,0;15,0;9,0;717,0;7,97;1,0;1,0;2,0;1,0;0,0;0,0;1,0;0,0;0,25;18,0;5,0;27,78;2,26;0,63;0,06;0,2;11,0;10,0;3,0;23,0;0,0;12,0;0,0;;;;;0,0;;;;;;;;;;No;No;No;No;No;No;No;No;No;No
1448;Youssef Maleh;ma MAR;MF;Cremonese;it Serie A;27,0;1998,0;16,0;12,0;1060,0;11,78;0,0;0,0;0,0;0,0;0,0;0,0;3,0;0,0;0,0;15,0;2,0;13,33;1,27;0,17;0,0;0,0;34,0;8,0;13,0;14,0;0,0;27,0;0,0;;;;;0,0;;;;;;;;;;No;No;No;No;No;No;No;No;No;No
1449;Donyell Malen;nl NED;FW, MF;Roma;it Serie A;27,0;1999,0;30,0;14,0;1379,0;15,32;11,0;1,0;12,0;9,0;2,0;2,0;1,0;0,0;0,65;67,0;23,0;34,33;4,37;1,5;0,16;0,48;9,0;3,0;0,0;14,0;0,0;9,0;0,0;;;;;0,0;;;;;;;;;;No;No;No;No;No;No;No;No;No;No
1450;Ruslan Malinovskyi;ua UKR;MF;Genoa;it Serie A;32,0;1993,0;27,0;24,0;1874,0;20,82;5,0;3,0;8,0;2,0;3,0;3,0;9,0;0,0;0,24;40,0;13,0;32,5;1,92;0,62;0,12;0,38;47,0;17,0;14,0;25,0;0,0;32,0;0,0;;;;;0,0;;;;;;;;;;No;No;No;No;No;No;No;No;No;No
1451;Lennard Maloney;us USA;DF, MF;Mainz 05;de Bundesliga;26,0;1999,0;16,0;4,0;447,0;4,97;0,0;0,0;0,0;0,0;0,0;0,0;1,0;0,0;0,0;3,0;1,0;33,33;0,6;0,2;0,0;0,0;2,0;8,0;7,0;3,0;0,0;13,0;0,0;;;;;0,0;;;;;;;;;;No;No;No;No;No;No;No;No;No;No
1452;Pape Mamadou Sy;sn SEN;GK;Metz;fr Ligue 1;28,0;1997,0;1,0;1,0;76,0;0,84;0,0;0,0;0,0;0,0;0,0;0,0;0,0;0,0;0,0;0,0;0,0;0,0;0,0;0,0;0,0;0,0;0,0;0,0;0,0;1,0;0,0;0,0;0,0;4,0;4,74;8,0;4,0;50,0;0,0;0,0;1,0;0,0;0,0;0,0;0,0;0,0;0,0;No;No;No;No;No;No;No;No;No;No
1453;Giorgi Mamardashvili;ge GEO;GK;Liverpool;eng Premier League;25,0;2000,0;5,0;5,0;450,0;5,0;0,0;0,0;0,0;0,0;0,0;0,0;0,0;0,0;0,0;0,0;0,0;0,0;0,0;0,0;0,0;0,0;0,0;0,0;0,0;1,0;0,0;1,0;0,0;10,0;2,0;24,0;16,0;66,67;1,0;0,0;4,0;1,0;20,0;2,0;1,0;1,0;0,0;No;No;No;No;No;No;No;No;No;No
1454;Felix Mambimbi;ch SUI;FW, MF;Le Havre;fr Ligue 1;25,0;2001,0;15,0;6,0;483,0;5,37;1,0;0,0;1,0;1,0;0,0;0,0;1,0;0,0;0,19;6,0;2,0;33,33;1,12;0,37;0,17;0,5;5,0;10,0;4,0;4,0;0,0;15,0;0,0;;;;;0,0;;;;;;;;;;No;No;No;No;No;No;No;No;No;No
1455;Aitor Mañas;es ESP;FW;Alavés;es La Liga;23,0;2003,0;6,0;0,0;71,0;0,79;0,0;0,0;0,0;0,0;0,0;0,0;0,0;0,0;0,0;1,0;1,0;100,0;1,27;1,27;0,0;0,0;0,0;2,0;0,0;0,0;0,0;1,0;0,0;;;;;0,0;;;;;;;;;;No;No;No;No;No;No;No;No;No;No
1456;Gianluca Mancini;it ITA;DF;Roma;it Serie A;29,0;1996,0;28,0;28,0;2487,0;27,63;0,0;2,0;2,0;0,0;0,0;0,0;9,0;0,0;0,07;15,0;4,0;26,67;0,54;0,14;0,0;0,0;22,0;23,0;41,0;34,0;0,0;59,0;0,0;;;;;0,0;;;;;;;;;;No;No;No;No;No;No;No;No;No;No
1457;Reinildo Mandava;mz MOZ;DF;Sunderland;eng Premier League;32,0;1994,0;17,0;17,0;1427,0;15,86;0,0;1,0;1,0;0,0;0,0;0,0;6,0;1,0;0,06;4,0;0,0;0,0;0,25;0,0;0,0;0,0;18,0;15,0;22,0;28,0;0,0;25,0;0,0;;;;;0,0;;;;;;;;;;No;No;No;No;No;No;No;No;No;No
1458;Aïssa Mandi;dz ALG;DF;Lille;fr Ligue 1;34,0;1991,0;21,0;20,0;1704,0;18,93;1,0;0,0;1,0;1,0;0,0;0,0;7,0;0,0;0,05;9,0;2,0;22,22;0,48;0,11;0,11;0,5;8,0;17,0;28,0;13,0;0,0;13,0;0,0;;;;;0,0;;;;;;;;;;No;No;No;No;No;No;No;No;No;No
1459;Rolando Mandragora;it ITA;MF;Fiorentina;it Serie A;28,0;1997,0;28,0;25,0;1987,0;22,08;6,0;2,0;8,0;5,0;1,0;1,0;6,0;0,0;0,32;55,0;13,0;23,64;2,49;0,59;0,11;0,46;64,0;20,0;14,0;47,0;0,0;29,0;0,0;;;;;0,0;;;;;;;;;;No;No;No;No;No;No;No;No;No;No
1460;Filippo Mane;it ITA;DF;Dortmund;de Bundesliga;21,0;2005,0;4,0;2,0;131,0;1,46;0,0;0,0;0,0;0,0;0,0;0,0;0,0;1,0;0,0;0,0;0,0;0,0;0,0;0,0;0,0;0,0;1,0;0,0;2,0;2,0;0,0;1,0;0,0;;;;;0,0;;;;;;;;;;No;No;No;No;No;No;No;No;No;No
1461;Mateus Mane;pt POR;MF;Wolves;eng Premier League;18,0;2007,0;20,0;14,0;1286,0;14,29;2,0;1,0;3,0;2,0;0,0;0,0;0,0;0,0;0,21;29,0;12,0;41,38;2,03;0,84;0,07;0,17;52,0;8,0;3,0;36,0;0,0;21,0;0,0;;;;;0,0;;;;;;;;;;No;No;No;No;No;No;No;No;No;No
1462;Orel Mangala;be BEL;MF;Lyon;fr Ligue 1;27,0;1998,0;4,0;1,0;104,0;1,16;0,0;0,0;0,0;0,0;0,0;0,0;0,0;0,0;0,0;1,0;0,0;0,0;0,87;0,0;0,0;0,0;3,0;3,0;0,0;2,0;0,0;5,0;0,0;;;;;0,0;;;;;;;;;;No;No;No;No;No;No;No;No;No;No
1463;Bendito Mantato;eng ENG;MF;Manchester Utd;eng Premier League;18,0;2008,0;1,0;0,0;16,0;0,18;0,0;0,0;0,0;0,0;0,0;0,0;0,0;0,0;0,0;0,0;0,0;0,0;0,0;0,0;0,0;0,0;1,0;0,0;0,0;0,0;0,0;0,0;0,0;;;;;0,0;;;;;;;;;;No;No;No;No;No;No;No;No;No;No
1464;Brad Mantsounga;cg CGO;DF;Nice;fr Ligue 1;18,0;2007,0;1,0;1,0;90,0;1,0;0,0;0,0;0,0;0,0;0,0;0,0;0,0;0,0;0,0;0,0;0,0;0,0;0,0;0,0;0,0;0,0;0,0;3,0;0,0;2,0;0,0;0,0;0,0;;;;;0,0;;;;;;;;;;No;No;No;No;No;No;No;No;No;No
1465;Johan Manzambi;ch SUI;MF;Freiburg;de Bundesliga;20,0;2005,0;20,0;19,0;1537,0;17,08;3,0;2,0;5,0;3,0;0,0;0,0;4,0;2,0;0,29;35,0;8,0;22,86;2,05;0,47;0,09;0,38;25,0;8,0;21,0;58,0;0,0;17,0;0,0;;;;;0,0;;;;;;;;;;No;No;No;No;No;No;No;No;No;No
1466;Sekou Mara;fr FRA;FW;Auxerre;fr Ligue 1;23,0;2002,0;21,0;11,0;941,0;10,46;0,0;1,0;1,0;0,0;0,0;0,0;0,0;0,0;0,1;24,0;8,0;33,33;2,3;0,77;0,0;0,0;0,0;6,0;2,0;21,0;0,0;25,0;0,0;;;;;0,0;;;;;;;;;;No;No;No;No;No;No;No;No;No;No
1467;Alessandro Marcandalli;it ITA;DF;Genoa;it Serie A;23,0;2002,0;23,0;20,0;1804,0;20,04;0,0;2,0;2,0;0,0;0,0;0,0;4,0;0,0;0,1;3,0;2,0;66,67;0,15;0,1;0,0;0,0;7,0;12,0;12,0;9,0;0,0;18,0;0,0;;;;;0,0;;;;;;;;;;No;No;No;No;No;No;No;No;No;No
1468;Marcão;br BRA;DF;Sevilla;es La Liga;29,0;1996,0;13,0;11,0;938,0;10,42;1,0;0,0;1,0;1,0;0,0;0,0;5,0;1,0;0,1;10,0;2,0;20,0;0,96;0,19;0,1;0,5;1,0;4,0;4,0;21,0;1,0;22,0;0,0;;;;;0,0;;;;;;;;;;No;No;No;No;No;No;No;No;No;No
1469;Solly March;eng ENG;MF;Brighton;eng Premier League;31,0;1994,0;1,0;0,0;5,0;0,06;0,0;0,0;0,0;0,0;0,0;0,0;0,0;0,0;0,0;0,0;0,0;0,0;0,0;0,0;0,0;0,0;0,0;0,0;0,0;1,0;0,0;0,0;0,0;;;;;0,0;;;;;;;;;;No;No;No;No;No;No;No;No;No;No
1470;Vincent Marchetti;fr FRA;MF;Paris FC;fr Ligue 1;28,0;1997,0;19,0;9,0;764,0;8,49;2,0;0,0;2,0;2,0;0,0;0,0;1,0;0,0;0,24;23,0;7,0;30,43;2,71;0,82;0,09;0,29;1,0;12,0;4,0;4,0;0,0;12,0;0,0;;;;;0,0;;;;;;;;;;No;No;No;No;No;No;No;No;No;No
1471;Pablo Marí;es ESP;DF;Fiorentina;it Serie A;32,0;1993,0;11,0;9,0;808,0;8,98;0,0;0,0;0,0;0,0;0,0;0,0;3,0;0,0;0,0;2,0;0,0;0,0;0,22;0,0;0,0;0,0;0,0;8,0;19,0;8,0;0,0;17,0;0,0;;;;;0,0;;;;;;;;;;No;No;No;No;No;No;No;No;No;No
1472;José María Giménez;uy URU;DF;Atlético Madrid;es La Liga;31,0;1995,0;13,0;12,0;1084,0;12,04;0,0;1,0;1,0;0,0;0,0;0,0;3,0;0,0;0,08;13,0;3,0;23,08;1,08;0,25;0,0;0,0;0,0;11,0;13,0;10,0;0,0;16,0;0,0;;;;;0,0;;;;;;;;;;No;No;No;No;No;No;No;No;No;No
1473;Mariano;do DOM;FW;Alavés;es La Liga;32,0;1993,0;10,0;3,0;288,0;3,2;0,0;0,0;0,0;0,0;0,0;0,0;1,0;0,0;0,0;6,0;3,0;50,0;1,88;0,94;0,0;0,0;3,0;1,0;0,0;0,0;0,0;13,0;0,0;;;;;0,0;;;;;;;;;;No;No;No;No;No;No;No;No;No;No
1474;Luca Marianucci;it ITA;DF;Torino;it Serie A;21,0;2004,0;6,0;4,0;384,0;4,27;0,0;1,0;1,0;0,0;0,0;0,0;1,0;0,0;0,23;1,0;0,0;0,0;0,23;0,0;0,0;0,0;3,0;6,0;7,0;0,0;0,0;8,0;0,0;;;;;0,0;;;;;;;;;;No;No;No;No;No;No;No;No;No;No
1475;Arkaitz Mariezkurrena;es ESP;FW;Real Sociedad;es La Liga;20,0;2005,0;1,0;0,0;1,0;0,01;0,0;0,0;0,0;0,0;0,0;0,0;0,0;0,0;0,0;0,0;0,0;0,0;0,0;0,0;0,0;0,0;0,0;0,0;0,0;0,0;0,0;2,0;0,0;;;;;0,0;;;;;;;;;;No;No;No;No;No;No;No;No;No;No
1476;Rafa Marín;es ESP;DF;Villarreal;es La Liga;23,0;2002,0;18,0;17,0;1574,0;17,49;1,0;0,0;1,0;1,0;0,0;0,0;1,0;0,0;0,06;4,0;1,0;25,0;0,23;0,06;0,25;1,0;0,0;16,0;19,0;7,0;0,0;11,0;1,0;;;;;0,0;;;;;;;;;;No;No;No;No;No;No;No;No;No;No
1477;Marius Marin;ro ROU;MF;Pisa;it Serie A;27,0;1998,0;23,0;18,0;1281,0;14,23;0,0;0,0;0,0;0,0;0,0;0,0;7,0;0,0;0,0;3,0;0,0;0,0;0,21;0,0;0,0;0,0;18,0;26,0;14,0;20,0;0,0;36,0;0,0;;;;;0,0;;;;;;;;;;No;No;No;No;No;No;No;No;No;No
1478;Pablo Marín;es ESP;MF;Real Sociedad;es La Liga;22,0;2003,0;25,0;12,0;1101,0;12,23;0,0;0,0;0,0;0,0;0,0;0,0;1,0;0,0;0,0;12,0;4,0;33,33;0,98;0,33;0,0;0,0;10,0;13,0;6,0;14,0;0,0;17,0;0,0;;;;;0,0;;;;;;;;;;No;No;No;No;No;No;No;No;No;No
1479;João Mário Lopes;pt POR;DF, MF;Bologna;it Serie A;26,0;2000,0;15,0;7,0;629,0;6,99;0,0;0,0;0,0;0,0;0,0;0,0;1,0;0,0;0,0;4,0;0,0;0,0;0,57;0,0;0,0;0,0;13,0;5,0;9,0;20,0;0,0;6,0;0,0;;;;;0,0;;;;;;;;;;No;No;No;No;No;No;No;No;No;No
1480;Guillermo Maripán;cl CHI;DF;Torino;it Serie A;31,0;1994,0;24,0;23,0;2026,0;22,51;2,0;0,0;2,0;2,0;0,0;0,0;3,0;0,0;0,09;18,0;8,0;44,44;0,8;0,36;0,11;0,25;3,0;28,0;26,0;6,0;0,0;27,0;0,0;;;;;0,0;;;;;;;;;;No;No;No;No;No;No;No;No;No;No
1481;Omar Marmoush;eg EGY;FW, MF;Manchester City;eng Premier League;27,0;1999,0;17,0;7,0;572,0;6,36;1,0;3,0;4,0;1,0;0,0;0,0;2,0;0,0;0,63;24,0;7,0;29,17;3,78;1,1;0,04;0,14;12,0;7,0;2,0;18,0;0,0;10,0;0,0;;;;;0,0;;;;;;;;;;No;No;No;No;No;No;No;No;No;No
1482;Tomas Marques;es ESP;MF;Barcelona;es La Liga;19,0;2006,0;1,0;0,0;7,0;0,08;0,0;0,0;0,0;0,0;0,0;0,0;0,0;0,0;0,0;0,0;0,0;0,0;0,0;0,0;0,0;0,0;0,0;0,0;0,0;0,0;0,0;0,0;0,0;;;;;0,0;;;;;;;;;;No;No;No;No;No;No;No;No;No;No
1483;Marquinhos;br BRA;DF;Paris Saint-Germain;fr Ligue 1;31,0;1994,0;11,0;8,0;782,0;8,69;0,0;0,0;0,0;0,0;0,0;0,0;0,0;0,0;0,0;1,0;0,0;0,0;0,12;0,0;0,0;0,0;1,0;9,0;6,0;1,0;0,0;7,0;1,0;;;;;0,0;;;;;;;;;;No;No;No;No;No;No;No;No;No;No
1484;Callum Marshall;nir NIR;FW;West Ham United;eng Premier League;21,0;2004,0;2,0;0,0;60,0;0,67;0,0;0,0;0,0;0,0;0,0;0,0;0,0;0,0;0,0;1,0;0,0;0,0;1,5;0,0;0,0;0,0;0,0;0,0;2,0;0,0;0,0;0,0;0,0;;;;;0,0;;;;;;;;;;No;No;No;No;No;No;No;No;No;No
1485;Eric Martel;de GER;DF, MF;Köln;de Bundesliga;23,0;2002,0;25,0;24,0;2030,0;22,56;1,0;2,0;3,0;1,0;0,0;0,0;8,0;0,0;0,13;14,0;1,0;7,14;0,62;0,04;0,07;1,0;10,0;24,0;25,0;43,0;0,0;34,0;0,0;;;;;0,0;;;;;;;;;;No;No;No;No;No;No;No;No;No;No
1486;Aarón Martín;es ESP;DF, MF;Genoa;it Serie A;28,0;1997,0;25,0;22,0;1798,0;19,98;1,0;5,0;6,0;1,0;0,0;0,0;2,0;0,0;0,3;6,0;3,0;50,0;0,3;0,15;0,17;0,33;159,0;22,0;10,0;22,0;0,0;25,0;0,0;;;;;0,0;;;;;;;;;;No;No;No;No;No;No;No;No;No;No
1487;Carlos Martín;es ESP;FW, MF;Rayo Vallecano;es La Liga;23,0;2002,0;5,0;4,0;264,0;2,93;0,0;0,0;0,0;0,0;0,0;0,0;1,0;0,0;0,0;3,0;0,0;0,0;1,02;0,0;0,0;0,0;6,0;3,0;0,0;3,0;0,0;8,0;0,0;;;;;0,0;;;;;;;;;;No;No;No;No;No;No;No;No;No;No
1488;Gerard Martín;es ESP;DF;Barcelona;es La Liga;24,0;2002,0;23,0;17,0;1354,0;15,04;0,0;0,0;0,0;0,0;0,0;0,0;5,0;0,0;0,0;3,0;1,0;33,33;0,2;0,07;0,0;0,0;10,0;22,0;21,0;7,0;0,0;10,0;0,0;;;;;0,0;;;;;;;;;;No;No;No;No;No;No;No;No;No;No
1489;Iván Martín;es ESP;MF;Girona;es La Liga;27,0;1999,0;26,0;22,0;1921,0;21,34;0,0;1,0;1,0;0,0;0,0;0,0;5,0;1,0;0,05;9,0;4,0;44,44;0,42;0,19;0,0;0,0;7,0;34,0;13,0;26,0;1,0;25,0;0,0;;;;;0,0;;;;;;;;;;No;No;No;No;No;No;No;No;No;No
1490;Jon Martin;es ESP;DF;Real Sociedad;es La Liga;19,0;2006,0;17,0;17,0;1530,0;17,0;0,0;0,0;0,0;0,0;0,0;0,0;4,0;0,0;0,0;11,0;3,0;27,27;0,65;0,18;0,0;0,0;0,0;10,0;27,0;9,0;0,0;13,0;0,0;;;;;0,0;;;;;;;;;;No;No;No;No;No;No;No;No;No;No
1491;Mario Martín;es ESP;FW, MF;Getafe;es La Liga;22,0;2004,0;26,0;20,0;1544,0;17,16;2,0;0,0;2,0;2,0;0,0;0,0;8,0;0,0;0,12;20,0;4,0;20,0;1,17;0,23;0,1;0,5;10,0;28,0;10,0;21,0;0,0;48,0;0,0;;;;;0,0;;;;;;;;;;No;No;No;No;No;No;No;No;No;No
1492;Gabriel Martinelli;br BRA;FW, MF;Arsenal;eng Premier League;24,0;2001,0;25,0;9,0;854,0;9,49;1,0;3,0;4,0;1,0;0,0;0,0;2,0;0,0;0,42;25,0;10,0;40,0;2,63;1,05;0,04;0,1;30,0;7,0;0,0;13,0;0,0;7,0;0,0;;;;;0,0;;;;;;;;;;No;No;No;No;No;No;No;No;No;No
1493;Arnau Martinez;es ESP;DF, MF;Girona;es La Liga;22,0;2003,0;25,0;23,0;1862,0;20,69;1,0;1,0;2,0;1,0;0,0;0,0;6,0;0,0;0,1;11,0;1,0;9,09;0,53;0,05;0,09;1,0;28,0;30,0;29,0;21,0;0,0;18,0;0,0;;;;;0,0;;;;;;;;;;No;No;No;No;No;No;No;No;No;No
1494;Emiliano Martínez;ar ARG;GK;Aston Villa;eng Premier League;33,0;1992,0;26,0;26,0;2295,0;25,5;0,0;0,0;0,0;0,0;0,0;0,0;2,0;0,0;0,0;0,0;0,0;0,0;0,0;0,0;0,0;0,0;0,0;0,0;0,0;15,0;0,0;0,0;0,0;29,0;1,14;103,0;75,0;72,82;13,0;5,0;8,0;7,0;26,92;1,0;0,0;1,0;0,0;No;No;No;No;No;No;No;No;No;No
1495;Joaquín Martínez Gauna;es ESP;DF, MF;Sevilla;es La Liga;22,0;2003,0;11,0;7,0;779,0;8,66;1,0;3,0;4,0;1,0;0,0;0,0;1,0;0,0;0,46;9,0;4,0;44,44;1,04;0,46;0,11;0,25;52,0;12,0;3,0;9,0;0,0;6,0;0,0;;;;;0,0;;;;;;;;;;No;No;No;No;No;No;No;No;No;No
1496;Josep Martinez;es ESP;GK;Inter;it Serie A;27,0;1998,0;2,0;2,0;180,0;2,0;0,0;0,0;0,0;0,0;0,0;0,0;0,0;0,0;0,0;0,0;0,0;0,0;0,0;0,0;0,0;0,0;0,0;0,0;0,0;0,0;0,0;0,0;0,0;1,0;0,5;5,0;4,0;80,0;2,0;0,0;0,0;1,0;50,0;0,0;0,0;0,0;0,0;No;No;No;No;No;No;No;No;No;No
1497;Lautaro Martínez;ar ARG;FW;Inter;it Serie A;28,0;1997,0;25,0;23,0;1888,0;20,98;14,0;4,0;18,0;14,0;0,0;0,0;3,0;0,0;0,86;83,0;32,0;38,55;3,96;1,53;0,17;0,44;16,0;10,0;4,0;39,0;0,0;41,0;0,0;;;;;0,0;;;;;;;;;;No;No;No;No;No;No;No;No;No;No
1498;Lisandro Martínez;ar ARG;DF;Manchester Utd;eng Premier League;28,0;1998,0;14,0;9,0;908,0;10,09;0,0;0,0;0,0;0,0;0,0;0,0;0,0;0,0;0,0;4,0;0,0;0,0;0,4;0,0;0,0;0,0;2,0;7,0;10,0;2,0;0,0;8,0;1,0;;;;;0,0;;;;;;;;;;No;No;No;No;No;No;No;No;No;No
1499;Pablo Martínez;es ESP;MF;Levante;es La Liga;28,0;1998,0;17,0;13,0;1172,0;13,02;1,0;2,0;3,0;1,0;0,0;0,0;2,0;0,0;0,23;23,0;4,0;17,39;1,77;0,31;0,04;0,25;41,0;7,0;16,0;8,0;0,0;19,0;0,0;;;;;0,0;;;;;;;;;;No;No;No;No;No;No;No;No;No;No
1500;Ramón Martínez;es ESP;DF;Sevilla;es La Liga;23,0;2002,0;2,0;0,0;102,0;1,13;0,0;0,0;0,0;0,0;0,0;0,0;0,0;0,0;0,0;0,0;0,0;0,0;0,0;0,0;0,0;0,0;0,0;0,0;1,0;1,0;0,0;1,0;0,0;;;;;0,0;;;;;;;;;;No;No;No;No;No;No;No;No;No;No
1501;Toni Martínez;es ESP;FW;Alavés;es La Liga;28,0;1997,0;27,0;22,0;1858,0;20,64;5,0;2,0;7,0;5,0;0,0;0,0;1,0;0,0;0,34;59,0;19,0;32,2;2,86;0,92;0,08;0,26;11,0;12,0;4,0;27,0;0,0;31,0;0,0;;;;;0,0;;;;;;;;;;No;No;No;No;No;No;No;No;No;No
1502;Adam Marušić;me MNE;DF;Lazio;it Serie A;33,0;1992,0;27,0;26,0;2298,0;25,53;1,0;2,0;3,0;1,0;0,0;0,0;1,0;1,0;0,12;13,0;6,0;46,15;0,51;0,23;0,08;0,17;27,0;16,0;25,0;14,0;0,0;19,0;0,0;;;;;0,0;;;;;;;;;;No;No;No;No;No;No;No;No;No;No
1503;Omar Mascarell;gq EQG;MF;Mallorca;es La Liga;33,0;1993,0;21,0;17,0;1482,0;16,47;1,0;2,0;3,0;1,0;0,0;0,0;4,0;0,0;0,18;2,0;2,0;100,0;0,12;0,12;0,5;0,5;5,0;20,0;26,0;8,0;0,0;23,0;0,0;;;;;0,0;;;;;;;;;;No;No;No;No;No;No;No;No;No;No
1504;Adam Masina;ma MAR;DF;Torino;it Serie A;32,0;1994,0;5,0;2,0;235,0;2,61;0,0;1,0;1,0;0,0;0,0;0,0;0,0;0,0;0,38;0,0;0,0;0,0;0,0;0,0;0,0;0,0;0,0;4,0;5,0;2,0;0,0;6,0;0,0;;;;;0,0;;;;;;;;;;No;No;No;No;No;No;No;No;No;No
1505;Patrizio Masini;it ITA;MF;Genoa;it Serie A;25,0;2001,0;22,0;11,0;1166,0;12,96;0,0;1,0;1,0;0,0;0,0;0,0;5,0;0,0;0,08;13,0;3,0;23,08;1,0;0,23;0,0;0,0;12,0;34,0;23,0;36,0;0,0;32,0;0,0;;;;;0,0;;;;;;;;;;No;No;No;No;No;No;No;No;No;No
1506;Han-Noah Massengo;fr FRA;MF;Augsburg;de Bundesliga;24,0;2001,0;26,0;25,0;2090,0;23,22;2,0;1,0;3,0;2,0;0,0;0,0;2,0;0,0;0,13;16,0;5,0;31,25;0,69;0,22;0,12;0,4;15,0;16,0;33,0;22,0;0,0;20,0;0,0;;;;;0,0;;;;;;;;;;No;No;No;No;No;No;No;No;No;No
1507;Franco Mastantuono;ar ARG;FW, MF;Real Madrid;es La Liga;18,0;2007,0;16,0;9,0;769,0;8,54;1,0;0,0;1,0;1,0;0,0;0,0;4,0;1,0;0,12;23,0;5,0;21,74;2,69;0,59;0,04;0,2;27,0;12,0;2,0;21,0;0,0;16,0;0,0;;;;;0,0;;;;;;;;;;No;No;No;No;No;No;No;No;No;No
1508;Arthur Masuaku;cd COD;DF, MF;Lens;fr Ligue 1;32,0;1993,0;4,0;2,0;127,0;1,41;0,0;0,0;0,0;0,0;0,0;0,0;1,0;0,0;0,0;1,0;0,0;0,0;0,71;0,0;0,0;0,0;8,0;3,0;2,0;1,0;0,0;3,0;0,0;;;;;0,0;;;;;;;;;;No;No;No;No;No;No;No;No;No;No
1509;Clinton Mata;ao ANG;DF;Lyon;fr Ligue 1;33,0;1992,0;24,0;24,0;2113,0;23,48;0,0;0,0;0,0;0,0;0,0;0,0;5,0;0,0;0,0;3,0;0,0;0,0;0,13;0,0;0,0;0,0;7,0;18,0;15,0;31,0;0,0;27,0;1,0;;;;;0,0;;;;;;;;;;No;No;No;No;No;No;No;No;No;No
1510;Igor Matanovic;hr CRO;FW;Freiburg;de Bundesliga;22,0;2003,0;23,0;8,0;1042,0;11,58;6,0;1,0;7,0;5,0;1,0;2,0;0,0;0,0;0,52;37,0;13,0;35,14;3,2;1,12;0,16;0,46;0,0;8,0;8,0;20,0;0,0;33,0;0,0;;;;;0,0;;;;;;;;;;No;No;No;No;No;No;No;No;No;No
1511;Pape Matar Sarr;sn SEN;MF;Tottenham Hotspur;eng Premier League;23,0;2002,0;21,0;12,0;1237,0;13,74;2,0;3,0;5,0;2,0;0,0;0,0;2,0;0,0;0,36;13,0;6,0;46,15;0,95;0,44;0,15;0,33;7,0;19,0;13,0;13,0;0,0;24,0;0,0;;;;;0,0;;;;;;;;;;No;No;No;No;No;No;No;No;No;No
1512;Jean-Philippe Mateta;fr FRA;FW;Crystal Palace;eng Premier League;28,0;1997,0;24,0;23,0;1935,0;21,5;8,0;0,0;8,0;5,0;3,0;3,0;2,0;0,0;0,23;55,0;26,0;47,27;2,56;1,21;0,15;0,31;8,0;3,0;5,0;15,0;0,0;17,0;0,0;;;;;0,0;;;;;;;;;;No;No;No;No;No;No;No;No;No;No
1513;Nemanja Matić;rs SRB;MF;Sassuolo;it Serie A;37,0;1988,0;26,0;25,0;2183,0;24,26;1,0;1,0;2,0;1,0;0,0;0,0;6,0;1,0;0,08;10,0;4,0;40,0;0,41;0,16;0,1;0,25;10,0;26,0;18,0;36,0;0,0;21,0;0,0;;;;;0,0;;;;;;;;;;No;No;No;No;No;No;No;No;No;No
1514;Rudy Matondo;fr FRA;MF;Paris FC;fr Ligue 1;18,0;2008,0;20,0;9,0;900,0;10,0;0,0;0,0;0,0;0,0;0,0;0,0;4,0;0,0;0,0;6,0;1,0;16,67;0,6;0,1;0,0;0,0;12,0;13,0;9,0;12,0;0,0;20,0;0,0;;;;;0,0;;;;;;;;;;No;No;No;No;No;No;No;No;No;No
1515;Chrislain Matsima;fr FRA;DF;Augsburg;de Bundesliga;23,0;2002,0;14,0;14,0;1260,0;14,0;1,0;1,0;2,0;1,0;0,0;0,0;5,0;0,0;0,14;6,0;1,0;16,67;0,43;0,07;0,17;1,0;4,0;9,0;29,0;4,0;0,0;8,0;0,0;;;;;0,0;;;;;;;;;;No;No;No;No;No;No;No;No;No;No
1516;Jean Mattéo Bahoya;fr FRA;FW, MF;Eintracht Frankfurt;de Bundesliga;20,0;2005,0;23,0;13,0;1194,0;13,27;3,0;3,0;6,0;3,0;0,0;0,0;1,0;0,0;0,45;25,0;8,0;32,0;1,88;0,6;0,12;0,38;30,0;11,0;11,0;20,0;0,0;12,0;0,0;;;;;0,0;;;;;;;;;;No;No;No;No;No;No;No;No;No;No
1517;Alan Matturro;uy URU;DF;Levante;es La Liga;21,0;2004,0;14,0;8,0;703,0;7,81;1,0;0,0;1,0;1,0;0,0;0,0;0,0;1,0;0,13;5,0;1,0;20,0;0,64;0,13;0,2;1,0;0,0;12,0;6,0;6,0;0,0;7,0;0,0;;;;;0,0;;;;;;;;;;No;No;No;No;No;No;No;No;No;No
1518;Neal Maupay;fr FRA;FW, MF;Sevilla;es La Liga;29,0;1996,0;6,0;4,0;363,0;4,03;1,0;0,0;1,0;1,0;0,0;0,0;0,0;0,0;0,25;4,0;1,0;25,0;0,99;0,25;0,25;1,0;1,0;0,0;0,0;6,0;0,0;5,0;0,0;;;;;0,0;;;;;;;;;;No;No;No;No;No;No;No;No;No;No
1519;Konstantinos Mavropanos;gr GRE;DF;West Ham United;eng Premier League;28,0;1997,0;23,0;19,0;1814,0;20,16;1,0;0,0;1,0;1,0;0,0;0,0;2,0;0,0;0,05;16,0;4,0;25,0;0,79;0,2;0,06;0,25;2,0;18,0;33,0;8,0;0,0;9,0;1,0;;;;;0,0;;;;;;;;;;No;No;No;No;No;No;No;No;No;No
1520;Christian Mawissa;fr FRA;DF;Monaco;fr Ligue 1;20,0;2005,0;10,0;7,0;622,0;6,91;0,0;0,0;0,0;0,0;0,0;0,0;1,0;0,0;0,0;0,0;0,0;0,0;0,0;0,0;0,0;0,0;1,0;14,0;10,0;7,0;0,0;4,0;0,0;;;;;0,0;;;;;;;;;;No;No;No;No;No;No;No;No;No;No
1521;Eliezer Mayenda;es ESP;FW, MF;Sunderland;eng Premier League;20,0;2005,0;18,0;8,0;757,0;8,41;2,0;0,0;2,0;2,0;0,0;0,0;0,0;0,0;0,24;13,0;6,0;46,15;1,55;0,71;0,15;0,33;1,0;3,0;1,0;11,0;0,0;6,0;0,0;;;;;0,0;;;;;;;;;;No;No;No;No;No;No;No;No;No;No
1522;Ezra Mayers;bb BRB;DF;West Ham United;eng Premier League;19,0;2007,0;6,0;0,0;117,0;1,3;0,0;0,0;0,0;0,0;0,0;0,0;0,0;0,0;0,0;1,0;0,0;0,0;0,77;0,0;0,0;0,0;3,0;0,0;1,0;0,0;0,0;0,0;0,0;;;;;0,0;;;;;;;;;;No;No;No;No;No;No;No;No;No;No
1523;Borja Mayoral;es ESP;FW;Getafe;es La Liga;28,0;1997,0;14,0;12,0;1041,0;11,57;4,0;1,0;5,0;4,0;0,0;1,0;0,0;0,0;0,43;14,0;7,0;50,0;1,21;0,61;0,29;0,57;6,0;5,0;4,0;7,0;0,0;6,0;0,0;;;;;0,0;;;;;;;;;;No;No;No;No;No;No;No;No;No;No
1524;Senny Mayulu;fr FRA;FW, MF;Paris Saint-Germain;fr Ligue 1;19,0;2006,0;18,0;15,0;1167,0;12,97;3,0;4,0;7,0;3,0;0,0;0,0;1,0;0,0;0,54;23,0;7,0;30,43;1,77;0,54;0,13;0,43;18,0;21,0;6,0;16,0;0,0;18,0;0,0;;;;;0,0;;;;;;;;;;No;No;No;No;No;No;No;No;No;No
1525;Ibrahim Maza;dz ALG;MF;Leverkusen;de Bundesliga;20,0;2005,0;20,0;12,0;1166,0;12,96;2,0;3,0;5,0;2,0;0,0;0,0;1,0;0,0;0,39;34,0;10,0;29,41;2,62;0,77;0,06;0,2;45,0;16,0;14,0;26,0;0,0;12,0;0,0;;;;;0,0;;;;;;;;;;No;No;No;No;No;No;No;No;No;No
1526;Noussair Mazraoui;ma MAR;DF, MF;Manchester Utd;eng Premier League;28,0;1997,0;15,0;7,0;618,0;6,87;0,0;0,0;0,0;0,0;0,0;0,0;3,0;0,0;0,0;4,0;0,0;0,0;0,58;0,0;0,0;0,0;12,0;8,0;6,0;9,0;0,0;8,0;0,0;;;;;0,0;;;;;;;;;;No;No;No;No;No;No;No;No;No;No
1527;Luca Mazzitelli;it ITA;MF;Cagliari;it Serie A;30,0;1995,0;17,0;8,0;737,0;8,19;2,0;2,0;4,0;2,0;0,0;0,0;3,0;0,0;0,49;15,0;5,0;33,33;1,83;0,61;0,13;0,4;9,0;10,0;10,0;11,0;0,0;22,0;0,0;;;;;0,0;;;;;;;;;;No;No;No;No;No;No;No;No;No;No
1528;Pasquale Mazzocchi;it ITA;MF;Napoli;it Serie A;30,0;1995,0;11,0;2,0;235,0;2,61;0,0;0,0;0,0;0,0;0,0;0,0;0,0;1,0;0,0;2,0;1,0;50,0;0,77;0,38;0,0;0,0;9,0;1,0;2,0;0,0;0,0;1,0;0,0;;;;;0,0;;;;;;;;;;No;No;No;No;No;No;No;No;No;No
1529;Nathan Mbala;;FW;Metz;fr Ligue 1;18,0;2008,0;6,0;1,0;138,0;1,53;2,0;0,0;2,0;2,0;0,0;0,0;0,0;0,0;1,3;8,0;3,0;37,5;5,22;1,96;0,25;0,67;23,0;1,0;0,0;1,0;0,0;1,0;0,0;;;;;0,0;;;;;;;;;;No;No;No;No;No;No;No;No;No;No
1530;Samuel Mbangula;be BEL;FW, MF;Werder Bremen;de Bundesliga;22,0;2004,0;20,0;11,0;987,0;10,97;3,0;2,0;5,0;3,0;0,0;0,0;0,0;0,0;0,46;15,0;7,0;46,67;1,37;0,64;0,2;0,43;20,0;10,0;3,0;22,0;0,0;3,0;0,0;;;;;0,0;;;;;;;;;;No;No;No;No;No;No;No;No;No;No
1531;Ethan Mbappé;fr FRA;FW, MF;Lille;fr Ligue 1;19,0;2006,0;11,0;4,0;389,0;4,32;3,0;1,0;4,0;3,0;0,0;0,0;0,0;0,0;0,93;13,0;6,0;46,15;3,01;1,39;0,23;0,5;17,0;5,0;0,0;5,0;0,0;3,0;0,0;;;;;0,0;;;;;;;;;;No;No;No;No;No;No;No;No;No;No
1532;Kylian Mbappé;fr FRA;FW;Real Madrid;es La Liga;27,0;1998,0;23,0;23,0;2020,0;22,44;23,0;4,0;27,0;15,0;8,0;9,0;3,0;0,0;0,85;111,0;51,0;45,95;4,95;2,27;0,21;0,45;19,0;1,0;3,0;27,0;0,0;9,0;0,0;;;;;0,0;;;;;;;;;;No;No;No;No;No;No;No;No;No;No
1533;Ibrahim Mbaye;sn SEN;FW, MF;Paris Saint-Germain;fr Ligue 1;18,0;2008,0;18,0;9,0;828,0;9,2;1,0;2,0;3,0;1,0;0,0;0,0;0,0;0,0;0,33;18,0;7,0;38,89;1,96;0,76;0,06;0,14;14,0;6,0;4,0;12,0;0,0;9,0;0,0;;;;;0,0;;;;;;;;;;No;No;No;No;No;No;No;No;No;No
1534;Malick Mbaye;sn SEN;MF;Metz;fr Ligue 1;21,0;2004,0;5,0;3,0;300,0;3,33;0,0;0,0;0,0;0,0;0,0;0,0;1,0;0,0;0,0;2,0;1,0;50,0;0,6;0,3;0,0;0,0;8,0;8,0;3,0;3,0;0,0;2,0;0,0;;;;;0,0;;;;;;;;;;No;No;No;No;No;No;No;No;No;No
1535;Chancel Mbemba;cd COD;DF;Lille;fr Ligue 1;31,0;1994,0;11,0;8,0;863,0;9,59;0,0;0,0;0,0;0,0;0,0;0,0;2,0;0,0;0,0;5,0;3,0;60,0;0,52;0,31;0,0;0,0;0,0;8,0;11,0;6,0;0,0;9,0;1,0;;;;;0,0;;;;;;;;;;No;No;No;No;No;No;No;No;No;No
1536;Bryan Mbeumo;cm CMR;FW, MF;Manchester Utd;eng Premier League;26,0;1999,0;25,0;25,0;2117,0;23,52;9,0;3,0;12,0;9,0;0,0;0,0;4,0;0,0;0,51;59,0;30,0;50,85;2,51;1,28;0,15;0,3;88,0;9,0;6,0;25,0;0,0;20,0;0,0;;;;;0,0;;;;;;;;;;No;No;No;No;No;No;No;No;No;No
1537;Michel Mboula;ga GAB;DF, MF;Metz;fr Ligue 1;22,0;2003,0;10,0;7,0;577,0;6,41;0,0;0,0;0,0;0,0;0,0;0,0;1,0;0,0;0,0;2,0;1,0;50,0;0,31;0,16;0,0;0,0;6,0;6,0;11,0;9,0;0,0;7,0;1,0;;;;;0,0;;;;;;;;;;No;No;No;No;No;No;No;No;No;No
1538;Pathé Mboup;sn SEN;MF;Brest;fr Ligue 1;22,0;2003,0;21,0;8,0;877,0;9,74;1,0;0,0;1,0;1,0;0,0;0,0;5,0;0,0;0,1;18,0;9,0;50,0;1,85;0,92;0,06;0,11;5,0;14,0;11,0;15,0;0,0;29,0;0,0;;;;;0,0;;;;;;;;;;No;No;No;No;No;No;No;No;No;No
1539;Moustapha Mbow;sn SEN;DF;Paris FC;fr Ligue 1;26,0;2000,0;25,0;24,0;2177,0;24,19;0,0;1,0;1,0;0,0;0,0;0,0;3,0;0,0;0,04;6,0;2,0;33,33;0,25;0,08;0,0;0,0;2,0;29,0;28,0;15,0;0,0;19,0;0,0;;;;;0,0;;;;;;;;;;No;No;No;No;No;No;No;No;No;No
1540;James Mcatee;eng ENG;MF;Nottingham Forest;eng Premier League;23,0;2002,0;9,0;1,0;179,0;1,99;0,0;0,0;0,0;0,0;0,0;0,0;1,0;0,0;0,0;1,0;0,0;0,0;0,5;0,0;0,0;0,0;8,0;3,0;1,0;3,0;0,0;4,0;0,0;;;;;0,0;;;;;;;;;;No;No;No;No;No;No;No;No;No;No
1541;John McGinn;sct SCO;MF;Aston Villa;eng Premier League;31,0;1994,0;23,0;22,0;1651,0;18,34;3,0;2,0;5,0;3,0;0,0;0,0;3,0;0,0;0,27;19,0;7,0;36,84;1,04;0,38;0,16;0,43;61,0;16,0;11,0;40,0;0,0;25,0;0,0;;;;;0,0;;;;;;;;;;No;No;No;No;No;No;No;No;No;No
1542;Weston McKennie;us USA;MF;Juventus;it Serie A;27,0;1998,0;28,0;24,0;2120,0;23,56;4,0;4,0;8,0;4,0;0,0;0,0;4,0;0,0;0,34;36,0;14,0;38,89;1,53;0,59;0,11;0,29;25,0;17,0;20,0;11,0;0,0;33,0;0,0;;;;;0,0;;;;;;;;;;No;No;No;No;No;No;No;No;No;No
1543;Mark McKenzie;us USA;DF;Toulouse;fr Ligue 1;27,0;1999,0;23,0;21,0;1907,0;21,19;0,0;2,0;2,0;0,0;0,0;0,0;6,0;0,0;0,09;6,0;1,0;16,67;0,28;0,05;0,0;0,0;2,0;25,0;19,0;10,0;0,0;26,0;0,0;;;;;0,0;;;;;;;;;;No;No;No;No;No;No;No;No;No;No
1544;Dwight McNeil;eng ENG;FW, MF;Everton;eng Premier League;26,0;1999,0;17,0;10,0;872,0;9,69;0,0;1,0;1,0;0,0;0,0;0,0;1,0;0,0;0,1;17,0;5,0;29,41;1,75;0,52;0,0;0,0;29,0;12,0;6,0;6,0;0,0;10,0;0,0;;;;;0,0;;;;;;;;;;No;No;No;No;No;No;No;No;No;No
1545;Scott McTominay;sct SCO;MF;Napoli;it Serie A;29,0;1996,0;24,0;22,0;1981,0;22,01;6,0;3,0;9,0;6,0;0,0;0,0;1,0;0,0;0,41;65,0;25,0;38,46;2,95;1,14;0,09;0,24;7,0;11,0;19,0;51,0;0,0;16,0;0,0;;;;;0,0;;;;;;;;;;No;No;No;No;No;No;No;No;No;No
1546;Facundo Medina;ar ARG;DF;Marseille;fr Ligue 1;26,0;1999,0;10,0;9,0;735,0;8,17;0,0;0,0;0,0;0,0;0,0;0,0;3,0;0,0;0,0;2,0;0,0;0,0;0,24;0,0;0,0;0,0;2,0;9,0;11,0;7,0;0,0;13,0;1,0;;;;;0,0;;;;;;;;;;No;No;No;No;No;No;No;No;No;No
1547;Jonas Meffert;de GER;MF;Hamburger SV;de Bundesliga;31,0;1994,0;4,0;1,0;145,0;1,61;0,0;0,0;0,0;0,0;0,0;0,0;0,0;0,0;0,0;0,0;0,0;0,0;0,0;0,0;0,0;0,0;0,0;3,0;1,0;0,0;0,0;1,0;0,0;;;;;0,0;;;;;;;;;;No;No;No;No;No;No;No;No;No;No
1548;Henrik Meister;dk DEN;FW;Pisa;it Serie A;22,0;2003,0;21,0;14,0;1275,0;14,17;2,0;0,0;2,0;2,0;0,0;0,0;1,0;0,0;0,14;18,0;7,0;38,89;1,27;0,49;0,11;0,29;0,0;1,0;0,0;14,0;0,0;22,0;0,0;;;;;0,0;;;;;;;;;;No;No;No;No;No;No;No;No;No;No
1549;Bamo Meïté;ci CIV;DF;Lorient;fr Ligue 1;24,0;2001,0;20,0;18,0;1601,0;17,79;0,0;3,0;3,0;0,0;0,0;0,0;4,0;0,0;0,17;6,0;1,0;16,67;0,34;0,06;0,0;0,0;10,0;12,0;12,0;19,0;0,0;24,0;0,0;;;;;0,0;;;;;;;;;;No;No;No;No;No;No;No;No;No;No
1550;Kader Meïté;fr FRA;FW;Rennes;fr Ligue 1;18,0;2007,0;17,0;6,0;535,0;5,94;3,0;2,0;5,0;3,0;0,0;0,0;0,0;0,0;0,84;22,0;7,0;31,82;3,7;1,18;0,14;0,43;3,0;2,0;1,0;4,0;0,0;12,0;0,0;;;;;0,0;;;;;;;;;;No;No;No;No;No;No;No;No;No;No
1551;Hannibal Mejbri;tn TUN;MF;Burnley;eng Premier League;23,0;2003,0;22,0;11,0;973,0;10,81;1,0;3,0;4,0;1,0;0,0;0,0;7,0;0,0;0,37;14,0;4,0;28,57;1,29;0,37;0,07;0,25;24,0;13,0;7,0;36,0;0,0;17,0;0,0;;;;;0,0;;;;;;;;;;No;No;No;No;No;No;No;No;No;No
1552;Cléo Melieres;fr FRA;FW;Metz;fr Ligue 1;20,0;2005,0;2,0;0,0;31,0;0,34;0,0;0,0;0,0;0,0;0,0;0,0;1,0;0,0;0,0;0,0;0,0;0,0;0,0;0,0;0,0;0,0;3,0;0,0;0,0;0,0;0,0;1,0;0,0;;;;;0,0;;;;;;;;;;No;No;No;No;No;No;No;No;No;No
1553;Nuno Mendes;pt POR;DF;Paris Saint-Germain;fr Ligue 1;23,0;2002,0;17,0;12,0;1139,0;12,66;3,0;3,0;6,0;3,0;0,0;0,0;1,0;0,0;0,47;28,0;13,0;46,43;2,21;1,03;0,11;0,23;42,0;20,0;13,0;22,0;0,0;11,0;0,0;;;;;0,0;;;;;;;;;;No;No;No;No;No;No;No;No;No;No
1554;Brais Méndez;es ESP;FW, MF;Real Sociedad;es La Liga;29,0;1997,0;24,0;17,0;1402,0;15,58;5,0;2,0;7,0;4,0;1,0;1,0;4,0;1,0;0,39;27,0;14,0;51,85;1,73;0,9;0,19;0,36;51,0;13,0;6,0;25,0;0,0;38,0;0,0;;;;;0,0;;;;;;;;;;No;No;No;No;No;No;No;No;No;No
1555;Rodrigo Mendoza;es ESP;FW, MF;Atlético Madrid;es La Liga;21,0;2005,0;20,0;10,0;1008,0;11,2;1,0;0,0;1,0;1,0;0,0;0,0;5,0;0,0;0,09;14,0;2,0;14,29;1,25;0,18;0,07;0,5;19,0;12,0;5,0;20,0;0,0;22,0;0,0;;;;;0,0;;;;;;;;;;No;No;No;No;No;No;No;No;No;No
1556;Antoine Mendy;sn SEN;DF;Nice;fr Ligue 1;21,0;2004,0;17,0;16,0;1377,0;15,3;0,0;0,0;0,0;0,0;0,0;0,0;5,0;0,0;0,0;12,0;5,0;41,67;0,78;0,33;0,0;0,0;13,0;25,0;7,0;19,0;0,0;22,0;0,0;;;;;0,0;;;;;;;;;;No;No;No;No;No;No;No;No;No;No
1557;Batista Mendy;fr FRA;MF;Sevilla;es La Liga;26,0;2000,0;22,0;18,0;1471,0;16,34;1,0;0,0;1,0;1,0;0,0;0,0;6,0;0,0;0,06;14,0;4,0;28,57;0,86;0,24;0,07;0,25;5,0;20,0;15,0;26,0;0,0;33,0;0,0;;;;;0,0;;;;;;;;;;No;No;No;No;No;No;No;No;No;No
1558;Ferland Mendy;fr FRA;DF;Real Madrid;es La Liga;30,0;1995,0;2,0;1,0;92,0;1,02;0,0;0,0;0,0;0,0;0,0;0,0;0,0;0,0;0,0;0,0;0,0;0,0;0,0;0,0;0,0;0,0;0,0;1,0;1,0;1,0;0,0;0,0;0,0;;;;;0,0;;;;;;;;;;No;No;No;No;No;No;No;No;No;No
1559;Formose Mendy;sn SEN;DF;Lorient;fr Ligue 1;25,0;2001,0;2,0;2,0;135,0;1,5;0,0;0,0;0,0;0,0;0,0;0,0;1,0;0,0;0,0;0,0;0,0;0,0;0,0;0,0;0,0;0,0;1,0;1,0;3,0;3,0;0,0;2,0;0,0;;;;;0,0;;;;;;;;;;No;No;No;No;No;No;No;No;No;No
1560;Nobel Mendy;fr FRA;DF;Rayo Vallecano;es La Liga;21,0;2004,0;18,0;17,0;1416,0;15,73;2,0;0,0;2,0;2,0;0,0;0,0;6,0;2,0;0,13;11,0;3,0;27,27;0,7;0,19;0,18;0,67;6,0;8,0;19,0;9,0;1,0;24,0;0,0;;;;;0,0;;;;;;;;;;No;No;No;No;No;No;No;No;No;No
1561;Gideon Mensah;gh GHA;DF, MF;Auxerre;fr Ligue 1;27,0;1998,0;22,0;18,0;1627,0;18,08;0,0;0,0;0,0;0,0;0,0;0,0;6,0;0,0;0,0;1,0;0,0;0,0;0,06;0,0;0,0;0,0;48,0;24,0;18,0;26,0;0,0;27,0;0,0;;;;;0,0;;;;;;;;;;No;No;No;No;No;No;No;No;No;No
1562;Khalis Merah;fr FRA;FW, MF;Lyon;fr Ligue 1;19,0;2007,0;16,0;10,0;755,0;8,39;0,0;1,0;1,0;0,0;0,0;0,0;2,0;0,0;0,12;4,0;3,0;75,0;0,48;0,36;0,0;0,0;6,0;3,0;4,0;12,0;0,0;10,0;0,0;;;;;0,0;;;;;;;;;;No;No;No;No;No;No;No;No;No;No
1563;Alex Meret;it ITA;GK;Napoli;it Serie A;28,0;1997,0;9,0;9,0;810,0;9,0;0,0;1,0;1,0;0,0;0,0;0,0;1,0;0,0;0,11;0,0;0,0;0,0;0,0;0,0;0,0;0,0;0,0;0,0;0,0;1,0;0,0;1,0;0,0;12,0;1,33;27,0;17,0;62,96;7,0;0,0;2,0;2,0;22,22;2,0;2,0;0,0;0,0;No;No;No;No;No;No;No;No;No;No
1564;Mikel Merino;es ESP;FW, MF;Arsenal;eng Premier League;29,0;1996,0;21,0;10,0;1007,0;11,19;4,0;3,0;7,0;4,0;0,0;0,0;1,0;0,0;0,63;21,0;8,0;38,1;1,88;0,71;0,19;0,5;4,0;13,0;9,0;20,0;0,0;21,0;0,0;;;;;0,0;;;;;;;;;;No;Sí;Sí;Sí;Sí;Sí;Sí;Sí;No;Sí
1565;Quentin Merlin;fr FRA;DF, MF;Rennes;fr Ligue 1;23,0;2002,0;25,0;19,0;1813,0;20,14;1,0;3,0;4,0;1,0;0,0;0,0;1,0;0,0;0,2;21,0;6,0;28,57;1,04;0,3;0,05;0,17;121,0;24,0;21,0;25,0;0,0;13,0;0,0;;;;;0,0;;;;;;;;;;No;No;No;No;No;No;No;No;No;No
1566;Rafik Messali;fr FRA;MF;Toulouse;fr Ligue 1;22,0;2003,0;12,0;5,0;502,0;5,58;0,0;0,0;0,0;0,0;0,0;0,0;2,0;0,0;0,0;0,0;0,0;0,0;0,0;0,0;0,0;0,0;9,0;6,0;12,0;9,0;0,0;11,0;0,0;;;;;0,0;;;;;;;;;;No;No;No;No;No;No;No;No;No;No
1567;Junior Messias;br BRA;MF;Genoa;it Serie A;34,0;1991,0;14,0;3,0;477,0;5,3;3,0;0,0;3,0;2,0;1,0;1,0;0,0;0,0;0,38;15,0;6,0;40,0;2,83;1,13;0,2;0,5;13,0;6,0;3,0;16,0;0,0;6,0;0,0;;;;;0,0;;;;;;;;;;No;No;No;No;No;No;No;No;No;No
1568;Alejandro Mestanza;es ESP;MF;Getafe;es La Liga;21,0;2004,0;3,0;1,0;71,0;0,79;0,0;0,0;0,0;0,0;0,0;0,0;0,0;0,0;0,0;1,0;0,0;0,0;1,27;0,0;0,0;0,0;4,0;1,0;0,0;2,0;0,0;1,0;0,0;;;;;0,0;;;;;;;;;;No;No;No;No;No;No;No;No;No;No
1569;Connor Metcalfe;au AUS;FW;St Pauli;de Bundesliga;26,0;1999,0;17,0;1,0;303,0;3,37;0,0;1,0;1,0;0,0;0,0;0,0;1,0;0,0;0,3;11,0;2,0;18,18;3,27;0,59;0,0;0,0;10,0;6,0;4,0;2,0;0,0;7,0;0,0;;;;;0,0;;;;;;;;;;No;No;No;No;No;No;No;No;No;No
1570;Dayann Methalie;fr FRA;MF;Toulouse;fr Ligue 1;20,0;2006,0;21,0;17,0;1464,0;16,27;0,0;0,0;0,0;0,0;0,0;0,0;6,0;0,0;0,0;11,0;5,0;45,45;0,68;0,31;0,0;0,0;33,0;24,0;17,0;8,0;0,0;42,0;0,0;;;;;0,0;;;;;;;;;;No;No;No;No;No;No;No;No;No;No
1571;Karol Mets;ee EST;DF;St Pauli;de Bundesliga;32,0;1993,0;18,0;17,0;1482,0;16,47;0,0;0,0;0,0;0,0;0,0;0,0;2,0;0,0;0,0;3,0;0,0;0,0;0,18;0,0;0,0;0,0;5,0;20,0;18,0;9,0;0,0;9,0;0,0;;;;;0,0;;;;;;;;;;No;No;No;No;No;No;No;No;No;No
1572;Thomas Meunier;be BEL;DF;Lille;fr Ligue 1;34,0;1991,0;18,0;14,0;1294,0;14,38;0,0;1,0;1,0;0,0;0,0;0,0;2,0;0,0;0,07;13,0;2,0;15,38;0,9;0,14;0,0;0,0;32,0;12,0;13,0;2,0;0,0;19,0;0,0;;;;;0,0;;;;;;;;;;No;No;No;No;No;No;No;No;No;No
1573;Lucas Michal;fr FRA;FW, MF;Metz;fr Ligue 1;20,0;2005,0;7,0;2,0;231,0;2,57;0,0;0,0;0,0;0,0;0,0;0,0;1,0;0,0;0,0;4,0;2,0;50,0;1,56;0,78;0,0;0,0;4,0;0,0;0,0;3,0;0,0;5,0;0,0;;;;;0,0;;;;;;;;;;No;No;No;No;No;No;No;No;No;No
1574;Georges Mikautadze;ge GEO;FW;Villarreal;es La Liga;25,0;2000,0;25,0;19,0;1708,0;18,98;9,0;4,0;13,0;9,0;0,0;0,0;1,0;0,0;0,69;53,0;26,0;49,06;2,79;1,37;0,17;0,35;10,0;2,0;5,0;37,0;0,0;10,0;0,0;;;;;0,0;;;;;;;;;;No;No;No;No;No;No;No;No;No;No
1575;Wisdom Mike;de GER;FW;Bayern Munich;de Bundesliga;17,0;2008,0;4,0;0,0;30,0;0,33;0,0;0,0;0,0;0,0;0,0;0,0;0,0;0,0;0,0;2,0;1,0;50,0;6,0;3,0;0,0;0,0;1,0;0,0;1,0;0,0;0,0;0,0;0,0;;;;;0,0;;;;;;;;;;No;No;No;No;No;No;No;No;No;No
1576;William Mikelbrencis;fr FRA;DF, MF;Hamburger SV;de Bundesliga;22,0;2004,0;20,0;10,0;937,0;10,41;0,0;3,0;3,0;0,0;0,0;0,0;2,0;0,0;0,29;10,0;5,0;50,0;0,96;0,48;0,0;0,0;38,0;15,0;4,0;4,0;0,0;14,0;0,0;;;;;0,0;;;;;;;;;;No;No;No;No;No;No;No;No;No;No
1577;Antoni Milambo;nl NED;MF;Brentford;eng Premier League;20,0;2005,0;1,0;1,0;45,0;0,5;0,0;0,0;0,0;0,0;0,0;0,0;0,0;0,0;0,0;0,0;0,0;0,0;0,0;0,0;0,0;0,0;0,0;1,0;0,0;0,0;0,0;0,0;0,0;;;;;0,0;;;;;;;;;;No;No;No;No;No;No;No;No;No;No
1578;Nikola Milenković;rs SRB;DF;Nottingham Forest;eng Premier League;28,0;1997,0;30,0;30,0;2700,0;30,0;0,0;0,0;0,0;0,0;0,0;0,0;6,0;0,0;0,0;15,0;1,0;6,67;0,5;0,03;0,0;0,0;2,0;14,0;26,0;18,0;0,0;13,0;1,0;;;;;0,0;;;;;;;;;;No;No;No;No;No;No;No;No;No;No
1579;Lewis Miley;eng ENG;DF, MF;Newcastle United;eng Premier League;19,0;2006,0;19,0;11,0;1136,0;12,62;1,0;3,0;4,0;1,0;0,0;0,0;0,0;0,0;0,32;12,0;4,0;33,33;0,95;0,32;0,08;0,25;33,0;15,0;17,0;4,0;0,0;4,0;0,0;;;;;0,0;;;;;;;;;;No;No;No;No;No;No;No;No;No;No
1580;Vanja Milinković-Savić;rs SRB;GK;Napoli;it Serie A;29,0;1997,0;20,0;20,0;1800,0;20,0;0,0;0,0;0,0;0,0;0,0;0,0;0,0;0,0;0,0;0,0;0,0;0,0;0,0;0,0;0,0;0,0;0,0;0,0;0,0;3,0;0,0;1,0;0,0;18,0;0,9;49,0;37,0;75,51;11,0;5,0;4,0;7,0;35,0;6,0;4,0;2,0;0,0;No;No;No;No;No;No;No;No;No;No
1581;Éder Militão;br BRA;DF;Real Madrid;es La Liga;28,0;1998,0;13,0;12,0;1000,0;11,11;1,0;1,0;2,0;1,0;0,0;0,0;2,0;0,0;0,18;17,0;8,0;47,06;1,53;0,72;0,06;0,12;0,0;14,0;9,0;11,0;0,0;13,0;0,0;;;;;0,0;;;;;;;;;;No;No;No;No;No;No;No;No;No;No
1582;Luis Milla;es ESP;MF;Getafe;es La Liga;31,0;1994,0;27,0;27,0;2383,0;26,48;0,0;8,0;8,0;0,0;0,0;0,0;3,0;1,0;0,3;19,0;2,0;10,53;0,72;0,08;0,0;0,0;154,0;21,0;26,0;40,0;0,0;22,0;0,0;;;;;0,0;;;;;;;;;;No;No;No;No;No;No;No;No;No;No
1583;Pere Milla;es ESP;FW, MF;Espanyol;es La Liga;33,0;1992,0;25,0;21,0;1604,0;17,82;6,0;0,0;6,0;6,0;0,0;0,0;4,0;1,0;0,34;51,0;18,0;35,29;2,86;1,01;0,12;0,33;29,0;17,0;13,0;29,0;0,0;19,0;0,0;;;;;0,0;;;;;;;;;;No;No;No;No;No;No;No;No;No;No
1584;Lennon Miller;sct SCO;MF;Udinese;it Serie A;19,0;2006,0;16,0;6,0;663,0;7,37;0,0;1,0;1,0;0,0;0,0;0,0;2,0;0,0;0,14;8,0;1,0;12,5;1,09;0,14;0,0;0,0;20,0;9,0;7,0;10,0;0,0;12,0;0,0;;;;;0,0;;;;;;;;;;No;No;No;No;No;No;No;No;No;No
1585;James Milner;eng ENG;MF;Brighton;eng Premier League;40,0;1986,0;18,0;5,0;651,0;7,23;1,0;1,0;2,0;0,0;1,0;1,0;2,0;0,0;0,14;6,0;2,0;33,33;0,83;0,28;0,17;0,5;14,0;9,0;4,0;3,0;0,0;10,0;0,0;;;;;0,0;;;;;;;;;;No;No;No;No;No;No;No;No;No;No
1586;Veljko Milosavljević;rs SRB;DF;Bournemouth;eng Premier League;18,0;2007,0;7,0;4,0;368,0;4,09;0,0;0,0;0,0;0,0;0,0;0,0;0,0;0,0;0,0;1,0;0,0;0,0;0,24;0,0;0,0;0,0;0,0;4,0;4,0;0,0;0,0;0,0;0,0;;;;;0,0;;;;;;;;;;No;No;No;No;No;No;No;No;No;No
1587;Jovan Milošević;rs SRB;FW;Werder Bremen;de Bundesliga;20,0;2005,0;8,0;2,0;298,0;3,31;3,0;0,0;3,0;3,0;0,0;0,0;2,0;0,0;0,91;9,0;4,0;44,44;2,72;1,21;0,33;0,75;2,0;1,0;0,0;2,0;0,0;6,0;0,0;;;;;0,0;;;;;;;;;;No;No;No;No;No;No;No;No;No;No
1588;Kim Min-jae;kr KOR;DF;Bayern Munich;de Bundesliga;29,0;1996,0;18,0;12,0;1041,0;11,57;1,0;1,0;2,0;1,0;0,0;0,0;1,0;0,0;0,17;2,0;1,0;50,0;0,17;0,09;0,5;1,0;0,0;12,0;21,0;1,0;0,0;8,0;0,0;;;;;0,0;;;;;;;;;;No;No;No;No;No;No;No;No;No;No
1589;Yerry Mina;co COL;DF;Cagliari;it Serie A;31,0;1994,0;18,0;18,0;1430,0;15,89;1,0;0,0;1,0;1,0;0,0;0,0;5,0;1,0;0,06;4,0;2,0;50,0;0,25;0,13;0,25;0,5;1,0;10,0;14,0;26,0;1,0;22,0;0,0;;;;;0,0;;;;;;;;;;No;No;No;No;No;No;No;No;No;No
1590;Takumi Minamino;jp JPN;MF;Monaco;fr Ligue 1;31,0;1995,0;15,0;11,0;944,0;10,49;3,0;2,0;5,0;3,0;0,0;0,0;4,0;0,0;0,48;21,0;7,0;33,33;2,0;0,67;0,14;0,43;8,0;3,0;3,0;8,0;0,0;10,0;0,0;;;;;0,0;;;;;;;;;;No;No;No;No;No;No;No;No;No;No
1591;Tyrone Mings;eng ENG;DF;Aston Villa;eng Premier League;33,0;1993,0;13,0;11,0;964,0;10,71;0,0;0,0;0,0;0,0;0,0;0,0;0,0;0,0;0,0;7,0;0,0;0,0;0,65;0,0;0,0;0,0;3,0;2,0;8,0;5,0;0,0;5,0;0,0;;;;;0,0;;;;;;;;;;No;No;No;No;No;No;No;No;No;No
1592;Óscar Mingueza;es ESP;DF, MF;Celta Vigo;es La Liga;26,0;1999,0;24,0;17,0;1517,0;16,86;1,0;4,0;5,0;1,0;0,0;0,0;4,0;0,0;0,3;14,0;5,0;35,71;0,83;0,3;0,07;0,2;50,0;15,0;7,0;20,0;0,0;10,0;0,0;;;;;0,0;;;;;;;;;;No;No;No;No;Sí;Sí;Sí;Sí;Sí;No
1593;Yankuba Minteh;gm GAM;MF;Brighton;eng Premier League;21,0;2004,0;26,0;19,0;1757,0;19,52;2,0;4,0;6,0;2,0;0,0;0,0;1,0;0,0;0,31;34,0;9,0;26,47;1,74;0,46;0,06;0,22;96,0;27,0;10,0;18,0;0,0;20,0;0,0;;;;;0,0;;;;;;;;;;No;No;No;No;No;No;No;No;No;No
1594;Bojan Miovski;mk MKD;FW;Girona;es La Liga;26,0;1999,0;1,0;1,0;44,0;0,49;0,0;0,0;0,0;0,0;0,0;0,0;0,0;0,0;0,0;0,0;0,0;0,0;0,0;0,0;0,0;0,0;0,0;0,0;0,0;0,0;0,0;0,0;0,0;;;;;0,0;;;;;;;;;;No;No;No;No;No;No;No;No;No;No
1595;Rafa Mir;es ESP;FW, MF;Elche;es La Liga;28,0;1997,0;23,0;17,0;1523,0;16,92;7,0;0,0;7,0;6,0;1,0;2,0;3,0;0,0;0,35;59,0;30,0;50,85;3,49;1,77;0,12;0,23;16,0;4,0;4,0;15,0;0,0;37,0;0,0;;;;;0,0;;;;;;;;;;No;No;No;No;No;No;No;No;No;No
1596;Juan Miranda;es ESP;DF;Bologna;it Serie A;26,0;2000,0;23,0;20,0;1808,0;20,09;1,0;0,0;1,0;1,0;0,0;0,0;6,0;0,0;0,05;11,0;4,0;36,36;0,55;0,2;0,09;0,25;129,0;16,0;24,0;19,0;0,0;21,0;0,0;;;;;0,0;;;;;;;;;;No;No;No;No;No;No;No;No;No;No
1597;Fabio Miretti;it ITA;MF;Juventus;it Serie A;22,0;2003,0;17,0;5,0;524,0;5,82;1,0;2,0;3,0;1,0;0,0;0,0;1,0;0,0;0,52;16,0;4,0;25,0;2,75;0,69;0,06;0,25;12,0;8,0;4,0;5,0;0,0;12,0;0,0;;;;;0,0;;;;;;;;;;No;No;No;No;No;No;No;No;No;No
1598;Tyrick Mitchell;eng ENG;MF;Crystal Palace;eng Premier League;26,0;1999,0;30,0;30,0;2667,0;29,63;1,0;1,0;2,0;1,0;0,0;0,0;5,0;0,0;0,07;13,0;5,0;38,46;0,44;0,17;0,08;0,2;85,0;52,0;28,0;21,0;0,0;19,0;0,0;;;;;0,0;;;;;;;;;;No;No;No;No;No;No;No;No;No;No
1599;Kaoru Mitoma;jp JPN;FW, MF;Brighton;eng Premier League;28,0;1997,0;19,0;16,0;1411,0;15,68;2,0;1,0;3,0;2,0;0,0;0,0;3,0;0,0;0,19;22,0;10,0;45,45;1,4;0,64;0,09;0,2;36,0;7,0;7,0;15,0;0,0;22,0;0,0;;;;;0,0;;;;;;;;;;No;No;No;No;No;No;No;No;No;No
1600;Maximilian Mittelstädt;de GER;DF, MF;Stuttgart;de Bundesliga;28,0;1997,0;24,0;18,0;1618,0;17,98;4,0;3,0;7,0;1,0;3,0;3,0;3,0;0,0;0,22;23,0;11,0;47,83;1,28;0,61;0,17;0,36;75,0;35,0;28,0;17,0;0,0;8,0;0,0;;;;;0,0;;;;;;;;;;No;No;No;No;No;No;No;No;No;No
1601;Henrikh Mkhitaryan;am ARM;MF;Inter;it Serie A;37,0;1989,0;22,0;13,0;1205,0;13,39;2,0;1,0;3,0;2,0;0,0;0,0;3,0;0,0;0,22;35,0;9,0;25,71;2,61;0,67;0,06;0,22;36,0;24,0;15,0;13,0;0,0;20,0;0,0;;;;;0,0;;;;;;;;;;No;No;No;No;No;No;No;No;No;No
1602;Branimir Mlacic;hr CRO;DF;Udinese;it Serie A;19,0;2007,0;3,0;1,0;78,0;0,87;0,0;0,0;0,0;0,0;0,0;0,0;2,0;0,0;0,0;0,0;0,0;0,0;0,0;0,0;0,0;0,0;0,0;2,0;1,0;0,0;0,0;4,0;0,0;;;;;0,0;;;;;;;;;;No;No;No;No;No;No;No;No;No;No
1603;Tadjidine Mmadi;fr FRA;FW;Marseille;fr Ligue 1;19,0;2007,0;2,0;0,0;16,0;0,18;0,0;0,0;0,0;0,0;0,0;0,0;0,0;0,0;0,0;0,0;0,0;0,0;0,0;0,0;0,0;0,0;0,0;1,0;1,0;0,0;0,0;0,0;0,0;;;;;0,0;;;;;;;;;;No;No;No;No;No;No;No;No;No;No
1604;Rui Modesto;ao ANG;MF;Udinese;it Serie A;26,0;1999,0;3,0;0,0;119,0;1,32;0,0;1,0;1,0;0,0;0,0;0,0;0,0;0,0;0,76;1,0;1,0;100,0;0,76;0,76;0,0;0,0;5,0;4,0;1,0;0,0;0,0;0,0;0,0;;;;;0,0;;;;;;;;;;No;No;No;No;No;No;No;No;No;No
1605;Luka Modrić;hr CRO;MF;Milan;it Serie A;40,0;1985,0;28,0;27,0;2362,0;26,24;2,0;3,0;5,0;2,0;0,0;0,0;4,0;0,0;0,19;17,0;7,0;41,18;0,65;0,27;0,12;0,29;98,0;23,0;34,0;26,0;0,0;19,0;0,0;;;;;0,0;;;;;;;;;;No;No;No;No;No;No;No;No;No;No
1606;Max Moerstedt;de GER;FW;Hoffenheim;de Bundesliga;20,0;2006,0;17,0;1,0;370,0;4,11;2,0;0,0;2,0;2,0;0,0;0,0;2,0;0,0;0,49;5,0;3,0;60,0;1,22;0,73;0,4;0,67;3,0;2,0;0,0;7,0;0,0;12,0;0,0;;;;;0,0;;;;;;;;;;No;No;No;No;No;No;No;No;No;No
1607;Terem Moffi;ng NGA;FW;Nice;fr Ligue 1;26,0;1999,0;10,0;6,0;488,0;5,42;2,0;0,0;2,0;2,0;0,0;0,0;0,0;0,0;0,37;16,0;8,0;50,0;2,95;1,48;0,12;0,25;0,0;1,0;0,0;2,0;0,0;2,0;0,0;;;;;0,0;;;;;;;;;;No;No;No;No;No;No;No;No;No;No
1608;Mostafa Mohamed;eg EGY;FW;Nantes;fr Ligue 1;28,0;1997,0;19,0;11,0;989,0;10,99;3,0;0,0;3,0;3,0;0,0;0,0;1,0;0,0;0,27;30,0;6,0;20,0;2,73;0,55;0,1;0,5;6,0;5,0;6,0;22,0;0,0;16,0;0,0;;;;;0,0;;;;;;;;;;No;No;No;No;No;No;No;No;No;No
1609;Wael Mohya;de GER;MF;Gladbach;de Bundesliga;17,0;2008,0;10,0;2,0;297,0;3,3;1,0;0,0;1,0;1,0;0,0;0,0;0,0;0,0;0,3;6,0;3,0;50,0;1,82;0,91;0,17;0,33;7,0;3,0;2,0;8,0;0,0;3,0;0,0;;;;;0,0;;;;;;;;;;No;No;No;No;No;No;No;No;No;No
1610;Johan Mojica;co COL;DF;Mallorca;es La Liga;33,0;1992,0;28,0;23,0;2134,0;23,71;0,0;3,0;3,0;0,0;0,0;0,0;5,0;0,0;0,13;13,0;2,0;15,38;0,55;0,08;0,0;0,0;99,0;26,0;16,0;24,0;0,0;22,0;0,0;;;;;0,0;;;;;;;;;;No;No;No;No;No;No;No;No;No;No
1611;Enzo Molebe;fr FRA;FW;Lyon;fr Ligue 1;18,0;2007,0;1,0;0,0;10,0;0,11;0,0;0,0;0,0;0,0;0,0;0,0;0,0;0,0;0,0;0,0;0,0;0,0;0,0;0,0;0,0;0,0;0,0;0,0;0,0;0,0;0,0;0,0;0,0;;;;;0,0;;;;;;;;;;No;No;No;No;No;No;No;No;No;No
1612;Alberto Moleiro;es ESP;MF;Villarreal;es La Liga;22,0;2003,0;27,0;23,0;1818,0;20,2;9,0;4,0;13,0;9,0;0,0;0,0;3,0;0,0;0,64;39,0;17,0;43,59;1,93;0,84;0,23;0,53;20,0;13,0;8,0;20,0;0,0;27,0;0,0;;;;;0,0;;;;;;;;;;No;No;No;No;No;No;No;No;No;No
1613;Nahuel Molina;ar ARG;DF;Atlético Madrid;es La Liga;27,0;1998,0;20,0;11,0;1013,0;11,26;1,0;1,0;2,0;1,0;0,0;0,0;3,0;0,0;0,18;9,0;2,0;22,22;0,8;0,18;0,11;0,5;37,0;17,0;14,0;2,0;0,0;11,0;0,0;;;;;0,0;;;;;;;;;;No;No;No;No;No;No;No;No;No;No
1614;Jon Moncayola;es ESP;MF;Osasuna;es La Liga;27,0;1998,0;26,0;25,0;2172,0;24,13;0,0;4,0;4,0;0,0;0,0;0,0;6,0;0,0;0,17;17,0;3,0;17,65;0,7;0,12;0,0;0,0;100,0;19,0;20,0;10,0;0,0;27,0;0,0;;;;;0,0;;;;;;;;;;No;No;No;No;No;No;No;No;No;No
1615;Jano Monserrate;es ESP;MF;Atlético Madrid;es La Liga;20,0;2006,0;1,0;0,0;18,0;0,2;0,0;0,0;0,0;0,0;0,0;0,0;0,0;0,0;0,0;0,0;0,0;0,0;0,0;0,0;0,0;0,0;1,0;2,0;0,0;1,0;0,0;1,0;0,0;;;;;0,0;;;;;;;;;;No;No;No;No;No;No;No;No;No;No
1616;Jorge Montes;es ESP;DF;Getafe;es La Liga;22,0;2004,0;1,0;0,0;27,0;0,3;0,0;0,0;0,0;0,0;0,0;0,0;0,0;0,0;0,0;0,0;0,0;0,0;0,0;0,0;0,0;0,0;2,0;2,0;0,0;0,0;0,0;1,0;0,0;;;;;0,0;;;;;;;;;;No;No;No;No;No;No;No;No;No;No
1617;Lorenzo Montipò;it ITA;GK;Hellas Verona;it Serie A;30,0;1996,0;26,0;26,0;2340,0;26,0;0,0;0,0;0,0;0,0;0,0;0,0;0,0;0,0;0,0;0,0;0,0;0,0;0,0;0,0;0,0;0,0;0,0;0,0;0,0;5,0;0,0;0,0;0,0;44,0;1,69;106,0;65,0;61,32;3,0;8,0;15,0;4,0;15,38;4,0;2,0;2,0;0,0;No;No;No;No;No;No;No;No;No;No
1618;Álvaro Morata;es ESP;FW;Como;it Serie A;33,0;1992,0;18,0;8,0;747,0;8,3;0,0;1,0;1,0;0,0;0,0;1,0;3,0;1,0;0,12;21,0;7,0;33,33;2,53;0,84;0,0;0,0;7,0;8,0;1,0;26,0;1,0;14,0;0,0;;;;;0,0;;;;;;;;;;No;No;No;Sí;Sí;Sí;Sí;Sí;No;Sí
1619;Morato;br BRA;DF;Nottingham Forest;eng Premier League;24,0;2001,0;15,0;10,0;941,0;10,46;0,0;0,0;0,0;0,0;0,0;0,0;4,0;0,0;0,0;4,0;1,0;25,0;0,38;0,1;0,0;0,0;1,0;16,0;8,0;7,0;0,0;11,0;0,0;;;;;0,0;;;;;;;;;;No;No;No;No;No;No;No;No;No;No
1620;Diego Morcillo;es ESP;FW;Alavés;es La Liga;22,0;2003,0;1,0;0,0;10,0;0,11;0,0;0,0;0,0;0,0;0,0;0,0;0,0;0,0;0,0;1,0;0,0;0,0;9,0;0,0;0,0;0,0;1,0;0,0;0,0;1,0;0,0;1,0;0,0;;;;;0,0;;;;;;;;;;No;No;No;No;No;No;No;No;No;No
1621;Afonso Moreira;pt POR;FW, MF;Lyon;fr Ligue 1;20,0;2005,0;19,0;10,0;1008,0;11,2;2,0;6,0;8,0;2,0;0,0;0,0;2,0;0,0;0,71;23,0;8,0;34,78;2,05;0,71;0,09;0,25;63,0;15,0;7,0;25,0;0,0;14,0;0,0;;;;;0,0;;;;;;;;;;No;No;No;No;No;No;No;No;No;No
1622;Diego Moreira;be BEL;MF;Strasbourg;fr Ligue 1;21,0;2004,0;23,0;21,0;1830,0;20,33;3,0;4,0;7,0;3,0;0,0;0,0;4,0;0,0;0,34;23,0;9,0;39,13;1,13;0,44;0,13;0,33;81,0;22,0;16,0;25,0;0,0;15,0;0,0;;;;;0,0;;;;;;;;;;No;No;No;No;No;No;No;No;No;No
1623;Alberto Moreno;es ESP;DF;Como;it Serie A;33,0;1992,0;12,0;9,0;811,0;9,01;1,0;0,0;1,0;1,0;0,0;0,0;1,0;0,0;0,11;7,0;3,0;42,86;0,78;0,33;0,14;0,33;17,0;6,0;4,0;4,0;0,0;11,0;0,0;;;;;0,0;;;;;;;;;;No;No;No;No;No;No;No;No;No;No
1624;Álex Moreno;es ESP;DF, MF;Girona;es La Liga;32,0;1993,0;22,0;20,0;1853,0;20,59;0,0;3,0;3,0;0,0;0,0;0,0;4,0;0,0;0,15;15,0;4,0;26,67;0,73;0,19;0,0;0,0;47,0;14,0;20,0;13,0;0,0;22,0;0,0;;;;;0,0;;;;;;;;;;No;No;No;No;No;No;No;No;No;No
1625;Fabio Moreno Fell;de GER;FW;Mainz 05;de Bundesliga;25,0;2000,0;2,0;1,0;77,0;0,86;0,0;0,0;0,0;0,0;0,0;0,0;0,0;0,0;0,0;1,0;0,0;0,0;1,17;0,0;0,0;0,0;0,0;0,0;0,0;0,0;0,0;0,0;0,0;;;;;0,0;;;;;;;;;;No;No;No;No;No;No;No;No;No;No
1626;Gerard Moreno;es ESP;FW;Villarreal;es La Liga;33,0;1992,0;14,0;10,0;779,0;8,66;7,0;0,0;7,0;5,0;2,0;2,0;0,0;0,0;0,58;22,0;10,0;45,45;2,54;1,16;0,32;0,7;8,0;5,0;2,0;8,0;0,0;9,0;0,0;;;;;0,0;;;;;;;;;;No;No;No;No;No;No;No;No;No;No
1627;Matias Moreno;ar ARG;DF;Levante;es La Liga;22,0;2003,0;19,0;18,0;1487,0;16,52;0,0;0,0;0,0;0,0;0,0;0,0;5,0;0,0;0,0;7,0;0,0;0,0;0,42;0,0;0,0;0,0;1,0;18,0;25,0;16,0;0,0;13,0;0,0;;;;;0,0;;;;;;;;;;No;No;No;No;No;No;No;No;No;No
1628;Tete Morente;es ESP;FW, MF;Elche;es La Liga;29,0;1996,0;19,0;12,0;1082,0;12,02;0,0;0,0;0,0;0,0;0,0;0,0;3,0;0,0;0,0;15,0;2,0;13,33;1,25;0,17;0,0;0,0;40,0;9,0;6,0;14,0;0,0;20,0;0,0;;;;;0,0;;;;;;;;;;No;No;No;No;No;No;No;No;No;No
1629;Stefano Moreo;it ITA;FW, MF;Pisa;it Serie A;32,0;1993,0;28,0;20,0;1661,0;18,46;6,0;1,0;7,0;4,0;2,0;2,0;2,0;0,0;0,27;41,0;16,0;39,02;2,22;0,87;0,15;0,38;17,0;9,0;14,0;15,0;0,0;18,0;0,0;;;;;0,0;;;;;;;;;;No;No;No;No;No;No;No;No;No;No
1630;Mateu Morey;es ESP;DF, MF;Mallorca;es La Liga;26,0;2000,0;16,0;8,0;629,0;6,99;1,0;0,0;1,0;1,0;0,0;0,0;2,0;0,0;0,14;4,0;2,0;50,0;0,57;0,29;0,25;0,5;8,0;8,0;5,0;8,0;0,0;12,0;0,0;;;;;0,0;;;;;;;;;;No;No;No;No;No;No;No;No;No;No
1631;Ilaix Moriba;gn GUI;MF;Celta Vigo;es La Liga;23,0;2003,0;28,0;19,0;1820,0;20,22;0,0;1,0;1,0;0,0;0,0;0,0;5,0;0,0;0,05;15,0;3,0;20,0;0,74;0,15;0,0;0,0;1,0;30,0;13,0;44,0;0,0;22,0;0,0;;;;;0,0;;;;;;;;;;No;No;No;No;No;No;No;No;No;No
1632;Manu Morlanes;es ESP;MF;Mallorca;es La Liga;27,0;1999,0;22,0;14,0;1102,0;12,24;1,0;0,0;1,0;1,0;0,0;0,0;4,0;1,0;0,08;6,0;2,0;33,33;0,49;0,16;0,17;0,5;2,0;19,0;11,0;7,0;1,0;14,0;0,0;;;;;0,0;;;;;;;;;;No;No;No;No;No;No;No;No;No;No
1633;Luca Moro;it ITA;FW;Sassuolo;it Serie A;25,0;2001,0;12,0;1,0;204,0;2,27;0,0;0,0;0,0;0,0;0,0;0,0;1,0;0,0;0,0;6,0;1,0;16,67;2,65;0,44;0,0;0,0;0,0;4,0;2,0;9,0;0,0;7,0;0,0;;;;;0,0;;;;;;;;;;No;No;No;No;No;No;No;No;No;No
1634;Nikola Moro;hr CRO;MF;Bologna;it Serie A;28,0;1998,0;22,0;15,0;1365,0;15,17;2,0;0,0;2,0;2,0;0,0;0,0;1,0;0,0;0,13;13,0;1,0;7,69;0,86;0,07;0,15;2,0;36,0;6,0;11,0;14,0;0,0;14,0;0,0;;;;;0,0;;;;;;;;;;No;No;No;No;No;No;No;No;No;No
1635;Raúl Moro;es ESP;MF;Osasuna;es La Liga;23,0;2002,0;7,0;4,0;340,0;3,78;0,0;2,0;2,0;0,0;0,0;0,0;0,0;0,0;0,53;4,0;0,0;0,0;1,06;0,0;0,0;0,0;16,0;0,0;0,0;4,0;0,0;0,0;0,0;;;;;0,0;;;;;;;;;;No;No;No;No;No;No;No;No;No;No
1636;Tyler Morton;eng ENG;MF;Lyon;fr Ligue 1;23,0;2002,0;23,0;23,0;2034,0;22,6;2,0;2,0;4,0;2,0;0,0;0,0;5,0;1,0;0,18;23,0;6,0;26,09;1,02;0,27;0,09;0,33;80,0;25,0;19,0;16,0;0,0;26,0;0,0;;;;;0,0;;;;;;;;;;No;No;No;No;No;No;No;No;No;No
1637;Daren Mosengo;fr FRA;MF;Le Havre;fr Ligue 1;19,0;2006,0;5,0;0,0;106,0;1,18;0,0;0,0;0,0;0,0;0,0;0,0;0,0;0,0;0,0;0,0;0,0;0,0;0,0;0,0;0,0;0,0;0,0;0,0;1,0;2,0;0,0;1,0;0,0;;;;;0,0;;;;;;;;;;No;No;No;No;No;No;No;No;No;No
1638;Cristhian Mosquera;es ESP;DF;Arsenal;eng Premier League;21,0;2004,0;14,0;6,0;673,0;7,48;0,0;0,0;0,0;0,0;0,0;0,0;2,0;0,0;0,0;0,0;0,0;0,0;0,0;0,0;0,0;0,0;0,0;16,0;8,0;3,0;0,0;8,0;0,0;;;;;0,0;;;;;;;;;;Sí;No;No;No;No;No;No;No;No;No
1639;Daniel Mosquera;co COL;FW;Hellas Verona;it Serie A;26,0;1999,0;20,0;5,0;586,0;6,51;0,0;2,0;2,0;0,0;0,0;0,0;1,0;0,0;0,31;16,0;5,0;31,25;2,46;0,77;0,0;0,0;2,0;2,0;2,0;6,0;0,0;22,0;0,0;;;;;0,0;;;;;;;;;;No;No;No;No;No;No;No;No;No;No
1640;Yerson Mosquera;co COL;DF;Wolves;eng Premier League;24,0;2001,0;22,0;19,0;1706,0;18,96;0,0;0,0;0,0;0,0;0,0;0,0;10,0;0,0;0,0;21,0;6,0;28,57;1,11;0,32;0,0;0,0;17,0;31,0;16,0;35,0;0,0;25,0;2,0;;;;;0,0;;;;;;;;;;No;No;No;No;No;No;No;No;No;No
1641;Edoardo Motta;it ITA;GK;Lazio;it Serie A;21,0;2005,0;2,0;2,0;180,0;2,0;0,0;0,0;0,0;0,0;0,0;0,0;1,0;0,0;0,0;0,0;0,0;0,0;0,0;0,0;0,0;0,0;0,0;0,0;0,0;0,0;0,0;0,0;0,0;1,0;0,5;7,0;6,0;85,71;2,0;0,0;0,0;1,0;50,0;0,0;0,0;0,0;0,0;No;No;No;No;No;No;No;No;No;No
1642;Mason Mount;eng ENG;MF;Manchester Utd;eng Premier League;27,0;1999,0;17,0;10,0;816,0;9,07;3,0;0,0;3,0;3,0;0,0;0,0;0,0;0,0;0,33;18,0;5,0;27,78;1,99;0,55;0,17;0,6;18,0;8,0;3,0;9,0;0,0;13,0;0,0;;;;;0,0;;;;;;;;;;No;No;No;No;No;No;No;No;No;No
1643;Samir El Mourabet;ma MAR;MF;Strasbourg;fr Ligue 1;20,0;2005,0;26,0;21,0;1717,0;19,08;0,0;1,0;1,0;0,0;0,0;0,0;4,0;0,0;0,05;9,0;0,0;0,0;0,47;0,0;0,0;0,0;17,0;32,0;24,0;18,0;0,0;19,0;0,0;;;;;0,0;;;;;;;;;;No;No;No;No;No;No;No;No;No;No
1644;Santiago Mouriño;uy URU;DF;Villarreal;es La Liga;24,0;2002,0;21,0;20,0;1781,0;19,79;1,0;2,0;3,0;1,0;0,0;0,0;9,0;1,0;0,15;12,0;2,0;16,67;0,61;0,1;0,08;0,5;6,0;45,0;23,0;26,0;1,0;42,0;0,0;;;;;0,0;;;;;;;;;;No;No;No;No;No;No;No;No;No;No
1645;Louis Mouton;fr FRA;MF;Angers;fr Ligue 1;23,0;2002,0;25,0;21,0;1646,0;18,29;2,0;1,0;3,0;2,0;0,0;0,0;1,0;1,0;0,16;31,0;8,0;25,81;1,7;0,44;0,06;0,25;25,0;23,0;11,0;16,0;0,0;17,0;0,0;;;;;0,0;;;;;;;;;;No;No;No;No;No;No;No;No;No;No
1646;Lionel Mpasi;cd COD;GK;Le Havre;fr Ligue 1;31,0;1994,0;4,0;3,0;315,0;3,5;0,0;0,0;0,0;0,0;0,0;0,0;1,0;0,0;0,0;0,0;0,0;0,0;0,0;0,0;0,0;0,0;0,0;0,0;0,0;1,0;0,0;0,0;0,0;2,0;0,57;17,0;15,0;88,24;0,0;2,0;1,0;1,0;25,0;0,0;0,0;0,0;0,0;No;No;No;No;No;No;No;No;No;No
1647;Tarik Muharemovic;ba BIH;DF;Sassuolo;it Serie A;23,0;2003,0;25,0;25,0;2205,0;24,5;2,0;2,0;4,0;2,0;0,0;0,0;5,0;0,0;0,16;16,0;5,0;31,25;0,65;0,2;0,12;0,4;2,0;19,0;35,0;19,0;0,0;19,0;2,0;;;;;0,0;;;;;;;;;;No;No;No;No;No;No;No;No;No;No
1648;Miro Muheim;ch SUI;DF, MF;Hamburger SV;de Bundesliga;27,0;1998,0;25,0;24,0;2180,0;24,22;0,0;4,0;4,0;0,0;0,0;0,0;6,0;0,0;0,17;21,0;6,0;28,57;0,87;0,25;0,0;0,0;134,0;28,0;26,0;45,0;0,0;33,0;0,0;;;;;0,0;;;;;;;;;;No;No;No;No;No;No;No;No;No;No
1649;Divine Mukasa;eng ENG;MF;Manchester City;eng Premier League;18,0;2007,0;2,0;0,0;27,0;0,3;0,0;0,0;0,0;0,0;0,0;0,0;0,0;0,0;0,0;0,0;0,0;0,0;0,0;0,0;0,0;0,0;0,0;0,0;0,0;0,0;0,0;1,0;0,0;;;;;0,0;;;;;;;;;;No;No;No;No;No;No;No;No;No;No
1650;Ngal'Ayel Mukau;cd COD;MF;Lille;fr Ligue 1;21,0;2004,0;22,0;11,0;979,0;10,88;1,0;0,0;1,0;1,0;0,0;0,0;2,0;0,0;0,09;15,0;3,0;20,0;1,38;0,28;0,07;0,33;1,0;9,0;7,0;12,0;0,0;19,0;0,0;;;;;0,0;;;;;;;;;;No;No;No;No;No;No;No;No;No;No
1651;Nordan Mukiele;fr FRA;MF;Rennes;fr Ligue 1;20,0;2006,0;3,0;0,0;51,0;0,57;1,0;0,0;1,0;1,0;0,0;0,0;0,0;0,0;1,76;3,0;1,0;33,33;5,29;1,76;0,33;1,0;1,0;0,0;0,0;0,0;0,0;3,0;0,0;;;;;0,0;;;;;;;;;;No;No;No;No;No;No;No;No;No;No
1652;Nordi Mukiele;fr FRA;DF;Sunderland;eng Premier League;28,0;1997,0;25,0;25,0;2163,0;24,03;1,0;3,0;4,0;1,0;0,0;0,0;4,0;0,0;0,17;16,0;2,0;12,5;0,67;0,08;0,06;0,5;58,0;36,0;29,0;20,0;0,0;23,0;1,0;;;;;0,0;;;;;;;;;;No;No;No;No;No;No;No;No;No;No
1653;Romaine Mundle;eng ENG;MF;Sunderland;eng Premier League;22,0;2003,0;14,0;2,0;411,0;4,57;0,0;0,0;0,0;0,0;0,0;0,0;1,0;0,0;0,0;7,0;2,0;28,57;1,53;0,44;0,0;0,0;11,0;4,0;1,0;8,0;0,0;7,0;0,0;;;;;0,0;;;;;;;;;;No;No;No;No;No;No;No;No;No;No
1654;Marshall Munetsi;zw ZIM;FW, MF;Paris FC;fr Ligue 1;29,0;1996,0;22,0;14,0;1379,0;15,32;4,0;1,0;5,0;4,0;0,0;0,0;2,0;0,0;0,33;27,0;11,0;40,74;1,76;0,72;0,15;0,36;14,0;15,0;7,0;17,0;0,0;25,0;0,0;;;;;0,0;;;;;;;;;;No;No;No;No;No;No;No;No;No;No
1655;Rodrigo Muniz;br BRA;FW;Fulham;eng Premier League;24,0;2001,0;13,0;4,0;504,0;5,6;1,0;1,0;2,0;1,0;0,0;0,0;1,0;0,0;0,36;17,0;4,0;23,53;3,04;0,71;0,06;0,25;1,0;1,0;0,0;9,0;0,0;11,0;1,0;;;;;0,0;;;;;;;;;;No;No;No;No;No;No;No;No;No;No
1656;Believe Munongo;fr FRA;MF;Metz;fr Ligue 1;16,0;2009,0;6,0;4,0;295,0;3,28;0,0;0,0;0,0;0,0;0,0;0,0;0,0;0,0;0,0;3,0;0,0;0,0;0,92;0,0;0,0;0,0;2,0;3,0;3,0;2,0;0,0;10,0;0,0;;;;;0,0;;;;;;;;;;No;No;No;No;No;No;No;No;No;No
1657;Aihen Muñoz;es ESP;DF;Real Sociedad;es La Liga;28,0;1997,0;16,0;7,0;686,0;7,62;0,0;0,0;0,0;0,0;0,0;0,0;1,0;0,0;0,0;5,0;1,0;20,0;0,66;0,13;0,0;0,0;18,0;16,0;5,0;3,0;0,0;6,0;0,0;;;;;0,0;;;;;;;;;;No;No;No;No;No;No;No;No;No;No
1658;Daniel Muñoz;co COL;MF;Crystal Palace;eng Premier League;29,0;1996,0;21,0;21,0;1778,0;19,76;3,0;2,0;5,0;3,0;0,0;0,0;5,0;0,0;0,25;18,0;7,0;38,89;0,91;0,35;0,17;0,43;48,0;31,0;20,0;13,0;0,0;24,0;0,0;;;;;0,0;;;;;;;;;;No;No;No;No;No;No;No;No;No;No
1659;Iker Muñoz;es ESP;MF;Osasuna;es La Liga;23,0;2002,0;12,0;4,0;583,0;6,48;0,0;0,0;0,0;0,0;0,0;0,0;3,0;0,0;0,0;6,0;2,0;33,33;0,93;0,31;0,0;0,0;1,0;4,0;8,0;11,0;0,0;15,0;0,0;;;;;0,0;;;;;;;;;;No;No;No;No;No;No;No;No;No;No
1660;Javier Muñoz;es ESP;FW, MF;Getafe;es La Liga;31,0;1995,0;14,0;4,0;489,0;5,43;0,0;0,0;0,0;0,0;0,0;0,0;0,0;0,0;0,0;12,0;6,0;50,0;2,21;1,1;0,0;0,0;10,0;4,0;4,0;2,0;0,0;6,0;0,0;;;;;0,0;;;;;;;;;;No;No;No;No;No;No;No;No;No;No
1661;Víctor Muñoz;es ESP;FW, MF;Osasuna;es La Liga;22,0;2003,0;28,0;26,0;2176,0;24,18;5,0;2,0;7,0;5,0;0,0;0,0;3,0;0,0;0,29;63,0;23,0;36,51;2,61;0,95;0,08;0,22;84,0;13,0;9,0;41,0;0,0;27,0;0,0;;;;;0,0;;;;;;;;;;Sí;No;No;No;No;No;No;No;No;No
1662;Arijanet Muric;xk KVX;GK;Sassuolo;it Serie A;27,0;1998,0;28,0;28,0;2520,0;28,0;0,0;0,0;0,0;0,0;0,0;0,0;4,0;0,0;0,0;0,0;0,0;0,0;0,0;0,0;0,0;0,0;0,0;0,0;0,0;3,0;0,0;1,0;0,0;37,0;1,32;136,0;103,0;75,74;11,0;5,0;12,0;6,0;21,43;4,0;4,0;0,0;0,0;No;No;No;No;No;No;No;No;No;No
1663;Murillo;br BRA;DF;Nottingham Forest;eng Premier League;23,0;2002,0;22,0;22,0;1909,0;21,21;1,0;0,0;1,0;1,0;0,0;0,0;4,0;0,0;0,05;10,0;4,0;40,0;0,47;0,19;0,1;0,25;2,0;21,0;25,0;7,0;0,0;19,0;1,0;;;;;0,0;;;;;;;;;;No;No;No;No;No;No;No;No;No;No
1664;Vedat Muriqi;xk KVX;FW;Mallorca;es La Liga;31,0;1994,0;27,0;26,0;2228,0;24,76;18,0;1,0;19,0;13,0;5,0;6,0;3,0;1,0;0,57;83,0;39,0;46,99;3,35;1,58;0,22;0,46;1,0;3,0;3,0;49,0;0,0;27,0;0,0;;;;;0,0;;;;;;;;;;No;No;No;No;No;No;No;No;No;No
1665;Alex Murphy;ie IRL;DF;Newcastle United;eng Premier League;21,0;2004,0;1,0;0,0;2,0;0,02;0,0;0,0;0,0;0,0;0,0;0,0;0,0;0,0;0,0;0,0;0,0;0,0;0,0;0,0;0,0;0,0;0,0;0,0;0,0;0,0;0,0;0,0;0,0;;;;;0,0;;;;;;;;;;No;No;No;No;No;No;No;No;No;No
1666;Jacob Murphy;eng ENG;FW, MF;Newcastle United;eng Premier League;31,0;1995,0;25,0;14,0;1220,0;13,56;3,0;1,0;4,0;3,0;0,0;0,0;1,0;0,0;0,3;37,0;11,0;29,73;2,73;0,81;0,08;0,27;99,0;10,0;2,0;7,0;0,0;4,0;0,0;;;;;0,0;;;;;;;;;;No;No;No;No;No;No;No;No;No;No
1667;Salim Musah;de GER;FW;Werder Bremen;de Bundesliga;20,0;2006,0;1,0;0,0;6,0;0,07;0,0;0,0;0,0;0,0;0,0;0,0;0,0;0,0;0,0;1,0;0,0;0,0;15,0;0,0;0,0;0,0;0,0;0,0;1,0;0,0;0,0;0,0;0,0;;;;;0,0;;;;;;;;;;No;No;No;No;No;No;No;No;No;No
1668;Yunus Musah;us USA;MF;Atalanta;it Serie A;23,0;2002,0;16,0;4,0;525,0;5,83;1,0;0,0;1,0;1,0;0,0;0,0;1,0;0,0;0,17;6,0;1,0;16,67;1,03;0,17;0,17;1,0;10,0;5,0;3,0;16,0;0,0;8,0;0,0;;;;;0,0;;;;;;;;;;No;No;No;No;No;No;No;No;No;No
1669;Jamal Musiala;de GER;MF;Bayern Munich;de Bundesliga;23,0;2003,0;8,0;2,0;306,0;3,4;1,0;2,0;3,0;0,0;1,0;1,0;1,0;0,0;0,59;13,0;4,0;30,77;3,82;1,18;0,08;0,25;2,0;2,0;2,0;12,0;0,0;2,0;0,0;;;;;0,0;;;;;;;;;;No;No;No;No;No;No;No;No;No;No
1670;Almoatasem Al Musrati;ly LBY;MF;Hellas Verona;it Serie A;29,0;1996,0;15,0;8,0;759,0;8,43;0,0;1,0;1,0;0,0;0,0;0,0;5,0;1,0;0,12;6,0;1,0;16,67;0,71;0,12;0,0;0,0;2,0;6,0;9,0;2,0;1,0;14,0;0,0;;;;;0,0;;;;;;;;;;No;No;No;No;No;No;No;No;No;No
1671;Juan Musso;ar ARG;GK;Atlético Madrid;es La Liga;31,0;1994,0;2,0;2,0;180,0;2,0;0,0;0,0;0,0;0,0;0,0;0,0;1,0;0,0;0,0;0,0;0,0;0,0;0,0;0,0;0,0;0,0;0,0;0,0;0,0;1,0;0,0;0,0;0,0;0,0;0,0;4,0;4,0;100,0;2,0;0,0;0,0;2,0;100,0;0,0;0,0;0,0;0,0;No;No;No;No;No;No;No;No;No;No
1672;Cheveyo Muy;nl NED;FW;Milan;it Serie A;0,0;;2,0;0,0;5,0;0,06;0,0;0,0;0,0;0,0;0,0;0,0;0,0;0,0;0,0;1,0;0,0;0,0;18,0;0,0;0,0;0,0;0,0;0,0;0,0;0,0;0,0;0,0;0,0;;;;;0,0;;;;;;;;;;No;No;No;No;No;No;No;No;No;No
1673;Yvon Mvogo;ch SUI;GK;Lorient;fr Ligue 1;31,0;1994,0;23,0;23,0;2070,0;23,0;0,0;0,0;0,0;0,0;0,0;0,0;0,0;0,0;0,0;0,0;0,0;0,0;0,0;0,0;0,0;0,0;0,0;1,0;1,0;4,0;0,0;0,0;0,0;32,0;1,39;80,0;52,0;65,0;8,0;10,0;5,0;4,0;17,39;5,0;4,0;0,0;1,0;No;No;No;No;No;No;No;No;No;No
1674;Joel Mvuka;no NOR;DF, MF;Lorient;fr Ligue 1;23,0;2002,0;15,0;5,0;560,0;6,22;0,0;0,0;0,0;0,0;0,0;0,0;0,0;0,0;0,0;8,0;1,0;12,5;1,29;0,16;0,0;0,0;12,0;13,0;6,0;11,0;0,0;4,0;0,0;;;;;0,0;;;;;;;;;;No;No;No;No;No;No;No;No;No;No
1675;Junior Mwanga;fr FRA;DF, MF;Strasbourg;fr Ligue 1;22,0;2003,0;18,0;18,0;1472,0;16,36;1,0;1,0;2,0;1,0;0,0;0,0;2,0;1,0;0,12;10,0;3,0;30,0;0,61;0,18;0,1;0,33;8,0;19,0;8,0;15,0;0,0;19,0;0,0;;;;;0,0;;;;;;;;;;No;No;No;No;No;No;No;No;No;No
1676;Phillipp Mwene;at AUT;MF;Mainz 05;de Bundesliga;32,0;1994,0;21,0;17,0;1453,0;16,14;0,0;1,0;1,0;0,0;0,0;0,0;3,0;0,0;0,06;6,0;0,0;0,0;0,37;0,0;0,0;0,0;58,0;13,0;7,0;21,0;0,0;16,0;0,0;;;;;0,0;;;;;;;;;;No;No;No;No;No;No;No;No;No;No
1677;Vitaliy Mykolenko;ua UKR;DF;Everton;eng Premier League;26,0;1999,0;25,0;25,0;2238,0;24,87;0,0;1,0;1,0;0,0;0,0;0,0;5,0;0,0;0,04;9,0;2,0;22,22;0,36;0,08;0,0;0,0;69,0;15,0;24,0;22,0;0,0;24,0;1,0;;;;;0,0;;;;;;;;;;No;No;No;No;No;No;No;No;No;No
1678;Joakim Mæhle;dk DEN;DF, MF;Wolfsburg;de Bundesliga;28,0;1997,0;8,0;6,0;514,0;5,71;0,0;1,0;1,0;0,0;0,0;0,0;0,0;0,0;0,18;6,0;1,0;16,67;1,05;0,18;0,0;0,0;8,0;7,0;12,0;0,0;0,0;4,0;0,0;;;;;0,0;;;;;;;;;;No;No;No;No;No;No;No;No;No;No
1679;David Møller Wolfe;no NOR;DF, MF;Wolves;eng Premier League;23,0;2002,0;18,0;9,0;846,0;9,4;0,0;2,0;2,0;0,0;0,0;0,0;1,0;0,0;0,21;3,0;0,0;0,0;0,32;0,0;0,0;0,0;26,0;5,0;6,0;4,0;0,0;7,0;0,0;;;;;0,0;;;;;;;;;;No;No;No;No;No;No;No;No;No;No
1680;Obite N'Dicka;ci CIV;DF;Roma;it Serie A;26,0;1999,0;23,0;23,0;2014,0;22,38;3,0;0,0;3,0;3,0;0,0;0,0;5,0;0,0;0,13;17,0;4,0;23,53;0,76;0,18;0,18;0,75;2,0;12,0;27,0;32,0;0,0;27,0;0,0;;;;;0,0;;;;;;;;;;No;No;No;No;No;No;No;No;No;No
1681;Konan N'dri;ci CIV;FW, MF;Lecce;it Serie A;25,0;2000,0;19,0;0,0;356,0;3,96;2,0;0,0;2,0;2,0;0,0;0,0;2,0;0,0;0,51;13,0;4,0;30,77;3,29;1,01;0,15;0,5;10,0;3,0;0,0;15,0;0,0;7,0;0,0;;;;;0,0;;;;;;;;;;No;No;No;No;No;No;No;No;No;No
1682;Stanley N'Soki;fr FRA;DF, MF;Union Berlin;de Bundesliga;26,0;1999,0;11,0;8,0;705,0;7,83;1,0;2,0;3,0;1,0;0,0;0,0;2,0;0,0;0,38;3,0;1,0;33,33;0,38;0,13;0,33;1,0;11,0;6,0;15,0;8,0;0,0;8,0;0,0;;;;;0,0;;;;;;;;;;No;No;No;No;No;No;No;No;No;No
1683;Bilal Nadir;ma MAR;MF;Marseille;fr Ligue 1;22,0;2003,0;18,0;5,0;565,0;6,28;0,0;4,0;4,0;0,0;0,0;0,0;5,0;1,0;0,64;7,0;1,0;14,29;1,12;0,16;0,0;0,0;9,0;9,0;4,0;4,0;1,0;22,0;0,0;;;;;0,0;;;;;;;;;;No;No;No;No;No;No;No;No;No;No
1684;Mahamadou Nagida;cm CMR;DF;Rennes;fr Ligue 1;20,0;2005,0;11,0;5,0;534,0;5,93;0,0;0,0;0,0;0,0;0,0;0,0;2,0;0,0;0,0;8,0;2,0;25,0;1,35;0,34;0,0;0,0;7,0;9,0;14,0;4,0;0,0;10,0;0,0;;;;;0,0;;;;;;;;;;No;No;No;No;No;No;No;No;No;No
1685;Younes Namli;dk DEN;FW, MF;Le Havre;fr Ligue 1;31,0;1994,0;12,0;3,0;327,0;3,63;0,0;1,0;1,0;0,0;0,0;0,0;2,0;0,0;0,28;4,0;0,0;0,0;1,1;0,0;0,0;0,0;21,0;5,0;5,0;4,0;0,0;8,0;0,0;;;;;0,0;;;;;;;;;;No;No;No;No;No;No;No;No;No;No
1686;Sebastian Nanasi;se SWE;MF;Strasbourg;fr Ligue 1;23,0;2002,0;12,0;4,0;439,0;4,88;3,0;1,0;4,0;3,0;0,0;0,0;0,0;0,0;0,82;10,0;6,0;60,0;2,05;1,23;0,3;0,5;8,0;3,0;3,0;1,0;0,0;4,0;0,0;;;;;0,0;;;;;;;;;;No;No;No;No;No;No;No;No;No;No
1687;Nikolas Nartey;dk DEN;FW, MF;Stuttgart;de Bundesliga;26,0;2000,0;22,0;10,0;909,0;10,1;2,0;1,0;3,0;2,0;0,0;0,0;1,0;0,0;0,3;18,0;8,0;44,44;1,78;0,79;0,11;0,25;14,0;10,0;9,0;14,0;0,0;14,0;0,0;;;;;0,0;;;;;;;;;;No;No;No;No;No;No;No;No;No;No
1688;Noah Nartey;dk DEN;FW, MF;Lyon;fr Ligue 1;20,0;2005,0;7,0;4,0;468,0;5,2;2,0;0,0;2,0;2,0;0,0;0,0;0,0;0,0;0,38;3,0;2,0;66,67;0,58;0,38;0,67;1,0;1,0;6,0;2,0;6,0;0,0;5,0;0,0;;;;;0,0;;;;;;;;;;No;No;No;No;No;No;No;No;No;No
1689;Natan;br BRA;DF;Real Betis;es La Liga;25,0;2001,0;25,0;25,0;2164,0;24,04;0,0;0,0;0,0;0,0;0,0;0,0;6,0;0,0;0,0;8,0;1,0;12,5;0,33;0,04;0,0;0,0;1,0;13,0;28,0;10,0;0,0;18,0;0,0;;;;;0,0;;;;;;;;;;No;No;No;No;No;No;No;No;No;No
1690;Pau Navarro;es ESP;DF;Villarreal;es La Liga;20,0;2005,0;16,0;16,0;1346,0;14,96;0,0;0,0;0,0;0,0;0,0;0,0;3,0;0,0;0,0;1,0;1,0;100,0;0,07;0,07;0,0;0,0;2,0;30,0;12,0;10,0;0,0;27,0;0,0;;;;;0,0;;;;;;;;;;No;No;No;No;No;No;No;No;No;No
1691;Roberto Navarro;es ESP;MF;Athletic Club;es La Liga;23,0;2002,0;23,0;7,0;891,0;9,9;5,0;1,0;6,0;5,0;0,0;0,0;1,0;0,0;0,61;14,0;7,0;50,0;1,41;0,71;0,36;0,71;45,0;7,0;6,0;14,0;0,0;12,0;0,0;;;;;0,0;;;;;;;;;;No;No;No;No;No;No;No;No;No;No
1692;Corrie Ndaba;ie IRL;DF;Lecce;it Serie A;26,0;1999,0;11,0;4,0;402,0;4,47;0,0;0,0;0,0;0,0;0,0;0,0;0,0;0,0;0,0;2,0;0,0;0,0;0,45;0,0;0,0;0,0;2,0;4,0;1,0;0,0;0,0;2,0;0,0;;;;;0,0;;;;;;;;;;No;No;No;No;No;No;No;No;No;No
1693;Michel Ndary Adopo;fr FRA;MF;Cagliari;it Serie A;25,0;2000,0;29,0;25,0;2313,0;25,7;1,0;1,0;2,0;1,0;0,0;0,0;2,0;0,0;0,08;23,0;10,0;43,48;0,89;0,39;0,04;0,1;14,0;24,0;24,0;22,0;0,0;28,0;0,0;;;;;0,0;;;;;;;;;;No;No;No;No;No;No;No;No;No;No
1694;Youssouf Ndayishimiye;bi BDI;DF, MF;Nice;fr Ligue 1;27,0;1998,0;1,0;0,0;12,0;0,13;0,0;0,0;0,0;0,0;0,0;0,0;0,0;0,0;0,0;0,0;0,0;0,0;0,0;0,0;0,0;0,0;0,0;0,0;0,0;0,0;0,0;0,0;0,0;;;;;0,0;;;;;;;;;;No;No;No;No;No;No;No;No;No;No
1695;Iliman Ndiaye;sn SEN;MF;Everton;eng Premier League;26,0;2000,0;24,0;24,0;2060,0;22,89;5,0;3,0;8,0;3,0;2,0;2,0;2,0;0,0;0,26;29,0;14,0;48,28;1,27;0,61;0,17;0,36;41,0;32,0;13,0;30,0;0,0;25,0;0,0;;;;;0,0;;;;;;;;;;No;No;No;No;No;No;No;No;No;No
1696;Rassoul Ndiaye;sn SEN;MF;Le Havre;fr Ligue 1;24,0;2001,0;26,0;23,0;1982,0;22,02;3,0;3,0;6,0;3,0;0,0;0,0;1,0;0,0;0,27;25,0;6,0;24,0;1,14;0,27;0,12;0,5;81,0;24,0;13,0;29,0;0,0;14,0;0,0;;;;;0,0;;;;;;;;;;No;No;No;No;No;No;No;No;No;No
1697;Quentin Ndjantou Mbitcha;fr FRA;MF;Paris Saint-Germain;fr Ligue 1;18,0;2007,0;10,0;3,0;360,0;4,0;1,0;1,0;2,0;1,0;0,0;0,0;1,0;0,0;0,5;9,0;3,0;33,33;2,25;0,75;0,11;0,33;4,0;1,0;2,0;2,0;0,0;7,0;0,0;;;;;0,0;;;;;;;;;;No;No;No;No;No;No;No;No;No;No
1698;Tanguy Ndombele;fr FRA;MF;Nice;fr Ligue 1;29,0;1996,0;7,0;2,0;192,0;2,13;0,0;1,0;1,0;0,0;0,0;0,0;0,0;0,0;0,47;4,0;1,0;25,0;1,88;0,47;0,0;0,0;1,0;1,0;0,0;6,0;0,0;1,0;0,0;;;;;0,0;;;;;;;;;;No;No;No;No;No;No;No;No;No;No
1699;Cher Ndour;it ITA;MF;Fiorentina;it Serie A;21,0;2004,0;24,0;12,0;1161,0;12,9;1,0;0,0;1,0;1,0;0,0;0,0;1,0;0,0;0,08;14,0;4,0;28,57;1,09;0,31;0,07;0,25;15,0;9,0;9,0;14,0;0,0;15,0;0,0;;;;;0,0;;;;;;;;;;No;No;No;No;No;No;No;No;No;No
1700;Dan Ndoye;ch SUI;MF;Nottingham Forest;eng Premier League;25,0;2000,0;22,0;14,0;1160,0;12,89;1,0;1,0;2,0;1,0;0,0;0,0;1,0;0,0;0,16;15,0;4,0;26,67;1,16;0,31;0,07;0,25;41,0;11,0;10,0;19,0;0,0;15,0;0,0;;;;;0,0;;;;;;;;;;No;No;No;No;No;No;No;No;No;No
1701;Joseph Nduquidi;fr FRA;MF;Metz;fr Ligue 1;21,0;2004,0;1,0;0,0;7,0;0,08;0,0;0,0;0,0;0,0;0,0;0,0;0,0;0,0;0,0;0,0;0,0;0,0;0,0;0,0;0,0;0,0;1,0;0,0;0,0;0,0;0,0;0,0;0,0;;;;;0,0;;;;;;;;;;No;No;No;No;No;No;No;No;No;No
1702;Paul Nebel;de GER;MF;Mainz 05;de Bundesliga;23,0;2002,0;22,0;16,0;1416,0;15,73;2,0;1,0;3,0;2,0;0,0;0,0;2,0;2,0;0,19;19,0;3,0;15,79;1,21;0,19;0,11;0,67;99,0;23,0;9,0;14,0;0,0;20,0;0,0;;;;;0,0;;;;;;;;;;No;No;No;No;No;No;No;No;No;No
1703;Kosta Nedeljković;rs SRB;DF;RB Leipzig;de Bundesliga;20,0;2005,0;5,0;3,0;251,0;2,79;0,0;0,0;0,0;0,0;0,0;0,0;0,0;0,0;0,0;0,0;0,0;0,0;0,0;0,0;0,0;0,0;6,0;1,0;1,0;1,0;0,0;1,0;0,0;;;;;0,0;;;;;;;;;;No;No;No;No;No;No;No;No;No;No
1704;Loïc Nego;hu HUN;DF, MF;Le Havre;fr Ligue 1;35,0;1991,0;23,0;22,0;1933,0;21,48;0,0;0,0;0,0;0,0;0,0;0,0;2,0;0,0;0,0;16,0;3,0;18,75;0,74;0,14;0,0;0,0;60,0;25,0;26,0;16,0;0,0;15,0;0,0;;;;;0,0;;;;;;;;;;No;No;No;No;No;No;No;No;No;No
1705;Dan Neil;eng ENG;MF;Sunderland;eng Premier League;24,0;2001,0;3,0;0,0;14,0;0,16;0,0;0,0;0,0;0,0;0,0;0,0;0,0;0,0;0,0;0,0;0,0;0,0;0,0;0,0;0,0;0,0;0,0;0,0;1,0;1,0;0,0;0,0;0,0;;;;;0,0;;;;;;;;;;No;No;No;No;No;No;No;No;No;No
1706;Reiss Nelson;eng ENG;FW, MF;Brentford;eng Premier League;26,0;1999,0;7,0;0,0;61,0;0,68;0,0;0,0;0,0;0,0;0,0;0,0;0,0;0,0;0,0;4,0;1,0;25,0;5,9;1,48;0,0;0,0;1,0;1,0;0,0;2,0;0,0;0,0;0,0;;;;;0,0;;;;;;;;;;No;No;No;No;No;No;No;No;No;No
1707;Victor Nelsson;dk DEN;DF;Hellas Verona;it Serie A;27,0;1998,0;29,0;28,0;2506,0;27,84;0,0;0,0;0,0;0,0;0,0;0,0;3,0;0,0;0,0;6,0;0,0;0,0;0,22;0,0;0,0;0,0;1,0;24,0;54,0;15,0;0,0;34,0;1,0;;;;;0,0;;;;;;;;;;No;No;No;No;No;No;No;No;No;No
1708;David Neres;br BRA;FW, MF;Napoli;it Serie A;29,0;1997,0;16,0;10,0;922,0;10,24;3,0;3,0;6,0;3,0;0,0;0,0;3,0;0,0;0,59;17,0;4,0;23,53;1,66;0,39;0,18;0,75;53,0;5,0;1,0;7,0;0,0;19,0;0,0;;;;;0,0;;;;;;;;;;No;No;No;No;No;No;No;No;No;No
1709;Martim Neto;pt POR;MF;Elche;es La Liga;23,0;2003,0;22,0;13,0;1177,0;13,08;2,0;5,0;7,0;2,0;0,0;0,0;2,0;0,0;0,54;12,0;4,0;33,33;0,92;0,31;0,17;0,5;25,0;9,0;2,0;9,0;0,0;16,0;0,0;;;;;0,0;;;;;;;;;;No;No;No;No;No;No;No;No;No;No
1710;Pedro Neto;pt POR;MF;Chelsea;eng Premier League;26,0;2000,0;28,0;24,0;2140,0;23,78;5,0;4,0;9,0;5,0;0,0;0,0;4,0;1,0;0,38;39,0;11,0;28,21;1,64;0,46;0,13;0,45;154,0;9,0;6,0;20,0;1,0;11,0;0,0;;;;;0,0;;;;;;;;;;No;No;No;No;No;No;No;No;No;No
1711;Luca Netz;de GER;DF, MF;Nottingham Forest;eng Premier League;22,0;2003,0;17,0;10,0;990,0;11,0;0,0;2,0;2,0;0,0;0,0;0,0;1,0;0,0;0,18;2,0;0,0;0,0;0,18;0,0;0,0;0,0;28,0;10,0;7,0;2,0;0,0;8,0;0,0;;;;;0,0;;;;;;;;;;No;No;No;No;No;No;No;No;No;No
1712;Manuel Neuer;de GER;GK;Bayern Munich;de Bundesliga;39,0;1986,0;19,0;19,0;1620,0;18,0;0,0;0,0;0,0;0,0;0,0;0,0;0,0;0,0;0,0;0,0;0,0;0,0;0,0;0,0;0,0;0,0;0,0;0,0;0,0;2,0;0,0;0,0;0,0;17,0;0,94;42,0;26,0;61,9;16,0;3,0;0,0;6,0;31,58;1,0;1,0;0,0;0,0;No;No;No;No;No;No;No;No;No;No
1713;Florian Neuhaus;de GER;FW, MF;Gladbach;de Bundesliga;29,0;1997,0;16,0;11,0;902,0;10,02;0,0;1,0;1,0;0,0;0,0;0,0;0,0;0,0;0,1;22,0;6,0;27,27;2,2;0,6;0,0;0,0;9,0;7,0;9,0;9,0;0,0;9,0;0,0;;;;;0,0;;;;;;;;;;No;No;No;No;No;No;No;No;No;No
1714;Cenny Neumann;de GER;FW;Köln;de Bundesliga;19,0;2007,0;1,0;0,0;5,0;0,06;0,0;0,0;0,0;0,0;0,0;0,0;0,0;0,0;0,0;0,0;0,0;0,0;0,0;0,0;0,0;0,0;0,0;0,0;0,0;0,0;0,0;1,0;0,0;;;;;0,0;;;;;;;;;;No;No;No;No;No;No;No;No;No;No
1715;João Neves;pt POR;MF;Paris Saint-Germain;fr Ligue 1;21,0;2004,0;14,0;11,0;1002,0;11,13;5,0;1,0;6,0;5,0;0,0;0,0;0,0;0,0;0,54;21,0;6,0;28,57;1,89;0,54;0,24;0,83;2,0;12,0;4,0;8,0;0,0;12,0;0,0;;;;;0,0;;;;;;;;;;No;No;No;No;No;No;No;No;No;No
1716;Yvan Neyou;cm CMR;MF;Getafe;es La Liga;29,0;1997,0;5,0;0,0;67,0;0,74;0,0;0,0;0,0;0,0;0,0;0,0;2,0;0,0;0,0;0,0;0,0;0,0;0,0;0,0;0,0;0,0;0,0;0,0;0,0;2,0;0,0;4,0;0,0;;;;;0,0;;;;;;;;;;No;No;No;No;No;No;No;No;No;No
1717;Jessic Ngankam;de GER;FW;Eintracht Frankfurt;de Bundesliga;25,0;2000,0;3,0;0,0;62,0;0,69;0,0;0,0;0,0;0,0;0,0;0,0;0,0;0,0;0,0;0,0;0,0;0,0;0,0;0,0;0,0;0,0;0,0;0,0;0,0;2,0;0,0;4,0;0,0;;;;;0,0;;;;;;;;;;No;No;No;No;No;No;No;No;No;No
1718;Oumar Ngom;mr MTN;MF;Lecce;it Serie A;22,0;2004,0;6,0;2,0;244,0;2,71;0,0;0,0;0,0;0,0;0,0;0,0;0,0;0,0;0,0;2,0;0,0;0,0;0,74;0,0;0,0;0,0;1,0;6,0;7,0;3,0;0,0;6,0;0,0;;;;;0,0;;;;;;;;;;No;No;No;No;No;No;No;No;No;No
1719;Cyril Ngonge;be BEL;FW, MF;Espanyol;es La Liga;25,0;2000,0;24,0;13,0;1163,0;12,92;1,0;3,0;4,0;1,0;0,0;0,0;4,0;0,0;0,31;30,0;14,0;46,67;2,32;1,08;0,03;0,07;35,0;5,0;5,0;22,0;0,0;23,0;0,0;;;;;0,0;;;;;;;;;;No;No;No;No;No;No;No;No;No;No
1720;Mikayil Ngor Faye;sn SEN;DF, MF;Cremonese;it Serie A;21,0;2004,0;9,0;2,0;262,0;2,91;0,0;0,0;0,0;0,0;0,0;0,0;1,0;0,0;0,0;2,0;0,0;0,0;0,69;0,0;0,0;0,0;6,0;6,0;5,0;4,0;0,0;2,0;0,0;;;;;0,0;;;;;;;;;;No;No;No;No;No;No;No;No;No;No
1721;Nathan Ngoy;be BEL;DF;Lille;fr Ligue 1;22,0;2003,0;22,0;20,0;1775,0;19,72;1,0;2,0;3,0;1,0;0,0;0,0;6,0;1,0;0,15;18,0;5,0;27,78;0,91;0,25;0,06;0,2;5,0;18,0;33,0;6,0;0,0;15,0;0,0;;;;;0,0;;;;;;;;;;No;No;No;No;No;No;No;No;No;No
1722;Bernard Nguene;cm CMR;FW;Nice;fr Ligue 1;19,0;2006,0;6,0;0,0;138,0;1,53;0,0;0,0;0,0;0,0;0,0;0,0;1,0;0,0;0,0;3,0;0,0;0,0;1,96;0,0;0,0;0,0;1,0;1,0;3,0;2,0;0,0;3,0;0,0;;;;;0,0;;;;;;;;;;No;No;No;No;No;No;No;No;No;No
1723;Rio Ngumoha;eng ENG;MF;Liverpool;eng Premier League;17,0;2008,0;12,0;1,0;201,0;2,23;1,0;0,0;1,0;1,0;0,0;0,0;0,0;0,0;0,45;6,0;4,0;66,67;2,69;1,79;0,17;0,25;12,0;1,0;1,0;3,0;0,0;1,0;0,0;;;;;0,0;;;;;;;;;;No;No;No;No;No;No;No;No;No;No
1724;Moussa Niakhate;sn SEN;DF;Lyon;fr Ligue 1;30,0;1996,0;24,0;22,0;2039,0;22,66;0,0;2,0;2,0;0,0;0,0;0,0;3,0;0,0;0,09;3,0;0,0;0,0;0,13;0,0;0,0;0,0;3,0;17,0;20,0;20,0;0,0;30,0;0,0;;;;;0,0;;;;;;;;;;No;No;No;No;No;No;No;No;No;No
1725;Abdoulaye Niakhate Ndiaye;sn SEN;DF;Parma;it Serie A;23,0;2002,0;7,0;6,0;496,0;5,51;0,0;0,0;0,0;0,0;0,0;0,0;4,0;1,0;0,0;4,0;0,0;0,0;0,73;0,0;0,0;0,0;0,0;8,0;9,0;7,0;1,0;10,0;0,0;;;;;0,0;;;;;;;;;;No;No;No;No;No;No;No;No;No;No
1726;Youssoupha Niang;de GER;MF;Köln;de Bundesliga;19,0;2006,0;6,0;2,0;156,0;1,73;0,0;0,0;0,0;0,0;0,0;0,0;0,0;0,0;0,0;5,0;1,0;20,0;2,88;0,58;0,0;0,0;2,0;1,0;0,0;3,0;0,0;4,0;0,0;;;;;0,0;;;;;;;;;;No;No;No;No;No;No;No;No;No;No
1727;Tanguy Nianzou;fr FRA;DF;Sevilla;es La Liga;23,0;2002,0;11,0;7,0;618,0;6,87;0,0;0,0;0,0;0,0;0,0;0,0;5,0;0,0;0,0;6,0;0,0;0,0;0,87;0,0;0,0;0,0;0,0;10,0;4,0;6,0;0,0;14,0;0,0;;;;;0,0;;;;;;;;;;No;No;No;No;No;No;No;No;No;No
1728;Cheikh Niasse;sn SEN;MF;Hellas Verona;it Serie A;26,0;2000,0;19,0;11,0;970,0;10,78;0,0;1,0;1,0;0,0;0,0;0,0;1,0;0,0;0,09;6,0;1,0;16,67;0,56;0,09;0,0;0,0;14,0;14,0;15,0;15,0;0,0;20,0;0,0;;;;;0,0;;;;;;;;;;No;No;No;No;No;No;No;No;No;No
1729;Samuel Nibombé;be BEL;DF;Monaco;fr Ligue 1;18,0;2007,0;1,0;0,0;1,0;0,01;0,0;0,0;0,0;0,0;0,0;0,0;0,0;0,0;0,0;0,0;0,0;0,0;0,0;0,0;0,0;0,0;0,0;0,0;0,0;0,0;0,0;0,0;0,0;;;;;0,0;;;;;;;;;;No;No;No;No;No;No;No;No;No;No
1730;Rasmus Nicolaisen;dk DEN;DF;Toulouse;fr Ligue 1;29,0;1997,0;25,0;23,0;1934,0;21,49;0,0;0,0;0,0;0,0;0,0;0,0;3,0;0,0;0,0;13,0;4,0;30,77;0,6;0,19;0,0;0,0;2,0;9,0;33,0;13,0;0,0;25,0;0,0;;;;;0,0;;;;;;;;;;No;No;No;No;No;No;No;No;No;No
1731;Moritz Nicolas;de GER;GK;Gladbach;de Bundesliga;28,0;1997,0;26,0;26,0;2340,0;26,0;0,0;0,0;0,0;0,0;0,0;0,0;0,0;0,0;0,0;0,0;0,0;0,0;0,0;0,0;0,0;0,0;0,0;1,0;0,0;2,0;0,0;0,0;0,0;43,0;1,65;137,0;98,0;71,53;7,0;7,0;12,0;10,0;38,46;4,0;4,0;0,0;0,0;No;No;No;No;No;No;No;No;No;No
1732;Hans Nicolussi Caviglia;it ITA;MF;Parma;it Serie A;25,0;2000,0;17,0;9,0;812,0;9,02;0,0;3,0;3,0;0,0;0,0;0,0;4,0;0,0;0,33;9,0;1,0;11,11;1,0;0,11;0,0;0,0;39,0;7,0;3,0;17,0;0,0;18,0;0,0;;;;;0,0;;;;;;;;;;No;No;No;No;No;No;No;No;No;No
1733;Julian Niehues;de GER;MF;Heidenheim;de Bundesliga;24,0;2001,0;19,0;14,0;1107,0;12,3;3,0;0,0;3,0;3,0;0,0;0,0;1,0;0,0;0,24;16,0;5,0;31,25;1,3;0,41;0,19;0,6;3,0;7,0;16,0;6,0;0,0;8,0;0,0;;;;;0,0;;;;;;;;;;No;No;No;No;No;No;No;No;No;No
1734;Oliver Nielsen;dk DEN;DF;Lazio;it Serie A;22,0;2003,0;17,0;8,0;911,0;10,12;0,0;0,0;0,0;0,0;0,0;0,0;2,0;0,0;0,0;3,0;1,0;33,33;0,3;0,1;0,0;0,0;1,0;5,0;10,0;5,0;0,0;8,0;0,0;;;;;0,0;;;;;;;;;;No;No;No;No;No;No;No;No;No;No
1735;Alieu Njie;se SWE;FW;Torino;it Serie A;20,0;2005,0;9,0;1,0;120,0;1,33;1,0;1,0;2,0;1,0;0,0;0,0;1,0;0,0;1,5;3,0;2,0;66,67;2,25;1,5;0,33;0,5;2,0;0,0;0,0;1,0;0,0;4,0;0,0;;;;;0,0;;;;;;;;;;No;No;No;No;No;No;No;No;No;No
1736;Justin Njinmah;de GER;FW, MF;Werder Bremen;de Bundesliga;25,0;2000,0;25,0;16,0;1359,0;15,1;4,0;0,0;4,0;4,0;0,0;0,0;1,0;0,0;0,26;43,0;17,0;39,53;2,85;1,13;0,09;0,24;23,0;9,0;6,0;12,0;0,0;8,0;0,0;;;;;0,0;;;;;;;;;;No;No;No;No;No;No;No;No;No;No
1737;Obed Nkambadio;fr FRA;GK;Paris FC;fr Ligue 1;23,0;2003,0;11,0;11,0;990,0;11,0;0,0;0,0;0,0;0,0;0,0;0,0;0,0;0,0;0,0;0,0;0,0;0,0;0,0;0,0;0,0;0,0;0,0;0,0;0,0;0,0;0,0;0,0;0,0;20,0;1,82;39,0;22,0;56,41;2,0;3,0;6,0;1,0;9,09;4,0;2,0;1,0;1,0;No;No;No;No;No;No;No;No;No;No
1738;Eddie Nketiah;eng ENG;MF;Crystal Palace;eng Premier League;26,0;1999,0;12,0;2,0;424,0;4,71;2,0;0,0;2,0;2,0;0,0;0,0;2,0;0,0;0,42;15,0;6,0;40,0;3,18;1,27;0,13;0,33;0,0;6,0;2,0;7,0;0,0;7,0;0,0;;;;;0,0;;;;;;;;;;No;No;No;No;No;No;No;No;No;No
1739;Niels Nkounkou;fr FRA;DF, MF;Torino;it Serie A;25,0;2000,0;8,0;3,0;320,0;3,56;0,0;1,0;1,0;0,0;0,0;0,0;2,0;0,0;0,28;3,0;0,0;0,0;0,84;0,0;0,0;0,0;15,0;7,0;7,0;3,0;0,0;1,0;0,0;;;;;0,0;;;;;;;;;;No;No;No;No;No;No;No;No;No;No
1740;Christopher Nkunku;fr FRA;FW;Milan;it Serie A;28,0;1997,0;23,0;11,0;996,0;11,07;5,0;3,0;8,0;2,0;3,0;3,0;0,0;0,0;0,45;20,0;11,0;55,0;1,81;0,99;0,25;0,45;8,0;2,0;1,0;18,0;0,0;7,0;0,0;;;;;0,0;;;;;;;;;;No;No;No;No;No;No;No;No;No;No
1741;Felix Nmecha;de GER;MF;Dortmund;de Bundesliga;25,0;2000,0;26,0;23,0;1980,0;22,0;2,0;3,0;5,0;2,0;0,0;0,0;0,0;0,0;0,23;27,0;6,0;22,22;1,23;0,27;0,07;0,33;6,0;20,0;23,0;19,0;0,0;26,0;0,0;;;;;0,0;;;;;;;;;;No;No;No;No;No;No;No;No;No;No
1742;Lukas Nmecha;de GER;FW;Leeds United;eng Premier League;27,0;1998,0;24,0;8,0;812,0;9,02;6,0;1,0;7,0;4,0;2,0;3,0;0,0;0,0;0,55;21,0;13,0;61,9;2,33;1,44;0,29;0,46;5,0;4,0;3,0;13,0;0,0;16,0;0,0;;;;;0,0;;;;;;;;;;No;No;No;No;No;No;No;No;No;No
1743;Tochukwu Nnadi;ng NGA;MF;Marseille;fr Ligue 1;22,0;2003,0;3,0;0,0;27,0;0,3;0,0;0,0;0,0;0,0;0,0;0,0;0,0;0,0;0,0;0,0;0,0;0,0;0,0;0,0;0,0;0,0;0,0;0,0;1,0;0,0;0,0;2,0;0,0;;;;;0,0;;;;;;;;;;No;No;No;No;No;No;No;No;No;No
1744;Martin Nogoto Bley;bf BFA;MF;Lorient;fr Ligue 1;20,0;2006,0;1,0;0,0;1,0;0,01;0,0;0,0;0,0;0,0;0,0;0,0;0,0;0,0;0,0;0,0;0,0;0,0;0,0;0,0;0,0;0,0;0,0;0,0;0,0;0,0;0,0;0,0;0,0;;;;;0,0;;;;;;;;;;No;No;No;No;No;No;No;No;No;No
1745;Arnaud Nordin;fr FRA;FW, MF;Rennes;fr Ligue 1;27,0;1998,0;19,0;11,0;901,0;10,01;1,0;1,0;2,0;1,0;0,0;0,0;1,0;0,0;0,2;25,0;5,0;20,0;2,5;0,5;0,04;0,2;26,0;12,0;3,0;27,0;0,0;10,0;0,0;;;;;0,0;;;;;;;;;;No;No;No;No;No;No;No;No;No;No
1746;Brooke Norton-Cuffy;eng ENG;DF, MF;Genoa;it Serie A;22,0;2004,0;25,0;24,0;2091,0;23,23;2,0;1,0;3,0;2,0;0,0;0,0;5,0;1,0;0,13;13,0;5,0;38,46;0,56;0,22;0,15;0,4;75,0;29,0;11,0;15,0;1,0;23,0;0,0;;;;;0,0;;;;;;;;;;No;No;No;No;No;No;No;No;No;No
1747;Tijjani Noslin;nl NED;FW;Lazio;it Serie A;26,0;1999,0;20,0;4,0;557,0;6,19;2,0;0,0;2,0;2,0;0,0;0,0;2,0;1,0;0,32;19,0;8,0;42,11;3,07;1,29;0,11;0,25;3,0;3,0;0,0;12,0;1,0;6,0;0,0;;;;;0,0;;;;;;;;;;No;No;No;No;No;No;No;No;No;No
1748;Noah Nsoki;fr FRA;MF;Paris Saint-Germain;fr Ligue 1;19,0;2007,0;1,0;0,0;8,0;0,09;0,0;0,0;0,0;0,0;0,0;0,0;0,0;0,0;0,0;0,0;0,0;0,0;0,0;0,0;0,0;0,0;0,0;1,0;0,0;0,0;0,0;0,0;0,0;;;;;0,0;;;;;;;;;;No;No;No;No;No;No;No;No;No;No
1749;Randy Nteka;ao ANG;FW, MF;Rayo Vallecano;es La Liga;28,0;1997,0;8,0;0,0;99,0;1,1;0,0;0,0;0,0;0,0;0,0;0,0;0,0;0,0;0,0;4,0;0,0;0,0;3,64;0,0;0,0;0,0;0,0;2,0;0,0;3,0;0,0;4,0;0,0;;;;;0,0;;;;;;;;;;No;No;No;No;No;No;No;No;No;No
1750;Alexander Nübel;de GER;GK;Stuttgart;de Bundesliga;29,0;1996,0;26,0;26,0;2340,0;26,0;0,0;1,0;1,0;0,0;0,0;0,0;0,0;0,0;0,04;0,0;0,0;0,0;0,0;0,0;0,0;0,0;0,0;0,0;1,0;7,0;0,0;0,0;0,0;34,0;1,31;103,0;76,0;73,79;15,0;5,0;6,0;10,0;38,46;8,0;7,0;1,0;0,0;No;No;No;No;No;No;No;No;No;No
1751;Matheus Nunes;pt POR;DF;Manchester City;eng Premier League;27,0;1998,0;27,0;25,0;2265,0;25,17;1,0;4,0;5,0;1,0;0,0;0,0;4,0;0,0;0,2;7,0;2,0;28,57;0,28;0,08;0,14;0,5;52,0;35,0;24,0;25,0;0,0;13,0;0,0;;;;;0,0;;;;;;;;;;No;No;No;No;No;No;No;No;No;No
1752;Álvaro Núñez;es ESP;DF, MF;Celta Vigo;es La Liga;25,0;2000,0;20,0;20,0;1704,0;18,93;0,0;2,0;2,0;0,0;0,0;0,0;2,0;0,0;0,11;5,0;1,0;20,0;0,26;0,05;0,0;0,0;60,0;15,0;16,0;17,0;0,0;13,0;0,0;;;;;0,0;;;;;;;;;;No;No;No;No;No;No;No;No;No;No
1753;Unai Núñez;es ESP;DF;Valencia;es La Liga;29,0;1997,0;23,0;21,0;1765,0;19,61;0,0;0,0;0,0;0,0;0,0;0,0;8,0;0,0;0,0;11,0;1,0;9,09;0,56;0,05;0,0;0,0;13,0;24,0;28,0;13,0;0,0;32,0;1,0;;;;;0,0;;;;;;;;;;No;No;No;No;No;No;No;No;No;No
1754;Joi Nuredini;al ALB;FW;Genoa;it Serie A;18,0;2007,0;1,0;0,0;2,0;0,02;0,0;0,0;0,0;0,0;0,0;0,0;0,0;0,0;0,0;0,0;0,0;0,0;0,0;0,0;0,0;0,0;0,0;0,0;0,0;0,0;0,0;0,0;0,0;;;;;0,0;;;;;;;;;;No;No;No;No;No;No;No;No;No;No
1755;Antonio Nusa;no NOR;FW, MF;RB Leipzig;de Bundesliga;20,0;2005,0;23,0;19,0;1597,0;17,74;2,0;2,0;4,0;2,0;0,0;0,0;0,0;0,0;0,23;50,0;13,0;26,0;2,82;0,73;0,04;0,15;56,0;9,0;5,0;50,0;0,0;9,0;0,0;;;;;0,0;;;;;;;;;;No;No;No;No;No;No;No;No;No;No
1756;Ethan Nwaneri;eng ENG;MF;Marseille;fr Ligue 1;18,0;2007,0;12,0;3,0;388,0;4,31;1,0;1,0;2,0;1,0;0,0;0,0;1,0;0,0;0,46;12,0;2,0;16,67;2,78;0,46;0,08;0,5;8,0;1,0;2,0;1,0;0,0;6,0;0,0;;;;;0,0;;;;;;;;;;No;No;No;No;No;No;No;No;No;No
1757;Ørjan Nyland;no NOR;GK;Sevilla;es La Liga;35,0;1990,0;4,0;4,0;360,0;4,0;0,0;0,0;0,0;0,0;0,0;0,0;1,0;0,0;0,0;0,0;0,0;0,0;0,0;0,0;0,0;0,0;0,0;0,0;0,0;0,0;0,0;0,0;0,0;7,0;1,75;15,0;9,0;60,0;1,0;1,0;2,0;1,0;25,0;1,0;1,0;0,0;0,0;No;No;No;No;No;No;No;No;No;No
1758;Allan Nyom;cm CMR;DF;Getafe;es La Liga;37,0;1988,0;11,0;4,0;289,0;3,21;0,0;0,0;0,0;0,0;0,0;0,0;4,0;1,0;0,0;3,0;1,0;33,33;0,93;0,31;0,0;0,0;6,0;5,0;1,0;3,0;0,0;11,0;0,0;;;;;0,0;;;;;;;;;;No;No;No;No;No;No;No;No;No;No
1759;Trey Nyoni;eng ENG;MF;Liverpool;eng Premier League;18,0;2007,0;4,0;0,0;15,0;0,17;0,0;0,0;0,0;0,0;0,0;0,0;0,0;0,0;0,0;1,0;0,0;0,0;6,0;0,0;0,0;0,0;0,0;0,0;0,0;0,0;0,0;0,0;0,0;;;;;0,0;;;;;;;;;;No;No;No;No;No;No;No;No;No;No
1760;Rabby Nzingoula;fr FRA;MF;Strasbourg;fr Ligue 1;20,0;2005,0;4,0;0,0;51,0;0,57;0,0;0,0;0,0;0,0;0,0;0,0;0,0;1,0;0,0;1,0;0,0;0,0;1,76;0,0;0,0;0,0;2,0;1,0;1,0;2,0;0,0;3,0;0,0;;;;;0,0;;;;;;;;;;No;No;No;No;No;No;No;No;No;No
1761;M'Bala Nzola;ao ANG;FW;Sassuolo;it Serie A;29,0;1996,0;22,0;12,0;1228,0;13,64;3,0;0,0;3,0;1,0;2,0;3,0;2,0;1,0;0,07;31,0;8,0;25,81;2,27;0,59;0,1;0,38;7,0;4,0;2,0;20,0;0,0;24,0;0,0;;;;;0,0;;;;;;;;;;No;No;No;No;No;No;No;No;No;No
1762;Christian Nørgaard;dk DEN;MF;Arsenal;eng Premier League;32,0;1994,0;6,0;0,0;61,0;0,68;0,0;0,0;0,0;0,0;0,0;0,0;0,0;0,0;0,0;1,0;1,0;100,0;1,48;1,48;0,0;0,0;0,0;0,0;0,0;0,0;0,0;1,0;0,0;;;;;0,0;;;;;;;;;;No;No;No;No;No;No;No;No;No;No
1763;Jake O'Brien;ie IRL;DF;Everton;eng Premier League;24,0;2001,0;29,0;27,0;2458,0;27,31;0,0;1,0;1,0;0,0;0,0;0,0;2,0;1,0;0,04;9,0;3,0;33,33;0,33;0,11;0,0;0,0;41,0;28,0;10,0;10,0;0,0;15,0;0,0;;;;;0,0;;;;;;;;;;No;No;No;No;No;No;No;No;No;No
1764;Luke O'Nien;eng ENG;DF;Sunderland;eng Premier League;31,0;1994,0;7,0;1,0;141,0;1,57;0,0;0,0;0,0;0,0;0,0;0,0;1,0;1,0;0,0;0,0;0,0;0,0;0,0;0,0;0,0;0,0;2,0;2,0;2,0;3,0;0,0;4,0;0,0;;;;;0,0;;;;;;;;;;No;No;No;No;No;No;No;No;No;No
1765;Matt O'Riley;dk DEN;MF;Brighton;eng Premier League;25,0;2000,0;19,0;8,0;928,0;10,31;2,0;2,0;4,0;1,0;1,0;1,0;2,0;0,0;0,29;11,0;5,0;45,45;1,07;0,48;0,18;0,4;13,0;10,0;6,0;2,0;0,0;17,0;0,0;;;;;0,0;;;;;;;;;;No;No;No;No;No;No;No;No;No;No
1766;Adam Obert;sk SVK;DF, MF;Cagliari;it Serie A;23,0;2002,0;27,0;25,0;2069,0;22,99;0,0;3,0;3,0;0,0;0,0;0,0;10,0;1,0;0,13;9,0;3,0;33,33;0,39;0,13;0,0;0,0;34,0;23,0;38,0;8,0;1,0;37,0;0,0;;;;;0,0;;;;;;;;;;No;No;No;No;No;No;No;No;No;No
1767;Jan Oblak;si SVN;GK;Atlético Madrid;es La Liga;33,0;1993,0;26,0;26,0;2340,0;26,0;0,0;0,0;0,0;0,0;0,0;0,0;0,0;0,0;0,0;0,0;0,0;0,0;0,0;0,0;0,0;0,0;0,0;0,0;0,0;4,0;0,0;0,0;0,0;25,0;0,96;82,0;58,0;70,73;15,0;6,0;5,0;10,0;38,46;2,0;1,0;0,0;1,0;No;No;No;No;No;No;No;No;No;No
1768;Noam Obougou Jacquet;fr FRA;FW;Le Havre;fr Ligue 1;20,0;2006,0;5,0;0,0;104,0;1,16;1,0;0,0;1,0;1,0;0,0;0,0;0,0;0,0;0,87;4,0;3,0;75,0;3,46;2,6;0,25;0,33;2,0;0,0;1,0;3,0;0,0;5,0;0,0;;;;;0,0;;;;;;;;;;No;No;No;No;No;No;No;No;No;No
1769;Rafel Obrador;es ESP;MF;Torino;it Serie A;22,0;2004,0;7,0;5,0;389,0;4,32;0,0;1,0;1,0;0,0;0,0;0,0;0,0;0,0;0,23;3,0;1,0;33,33;0,69;0,23;0,0;0,0;13,0;4,0;6,0;1,0;0,0;3,0;0,0;;;;;0,0;;;;;;;;;;No;No;No;No;No;No;No;No;No;No
1770;Job Ochieng';ke KEN;FW;Real Sociedad;es La Liga;23,0;2003,0;1,0;0,0;26,0;0,29;0,0;0,0;0,0;0,0;0,0;0,0;0,0;0,0;0,0;0,0;0,0;0,0;0,0;0,0;0,0;0,0;1,0;0,0;0,0;0,0;0,0;0,0;0,0;;;;;0,0;;;;;;;;;;No;No;No;No;No;No;No;No;No;No
1771;Cas Odenthal;nl NED;DF;Sassuolo;it Serie A;25,0;2000,0;1,0;0,0;1,0;0,01;0,0;0,0;0,0;0,0;0,0;0,0;0,0;0,0;0,0;0,0;0,0;0,0;0,0;0,0;0,0;0,0;0,0;0,0;0,0;0,0;0,0;0,0;0,0;;;;;0,0;;;;;;;;;;No;No;No;No;No;No;No;No;No;No
1772;Jens Odgaard;dk DEN;MF;Bologna;it Serie A;26,0;1999,0;22,0;15,0;1240,0;13,78;5,0;1,0;6,0;5,0;0,0;0,0;1,0;0,0;0,44;32,0;12,0;37,5;2,32;0,87;0,16;0,42;13,0;10,0;4,0;27,0;0,0;26,0;0,0;;;;;0,0;;;;;;;;;;No;No;No;No;No;No;No;No;No;No
1773;Wilson Odobert;fr FRA;FW, MF;Tottenham Hotspur;eng Premier League;21,0;2004,0;24,0;10,0;985,0;10,94;0,0;2,0;2,0;0,0;0,0;0,0;0,0;0,0;0,18;21,0;8,0;38,1;1,92;0,73;0,0;0,0;28,0;8,0;0,0;10,0;0,0;2,0;0,0;;;;;0,0;;;;;;;;;;No;No;No;No;No;No;No;No;No;No
1774;David Odogu;de GER;DF;Milan;it Serie A;19,0;2006,0;1,0;0,0;5,0;0,06;0,0;0,0;0,0;0,0;0,0;0,0;0,0;0,0;0,0;0,0;0,0;0,0;0,0;0,0;0,0;0,0;0,0;0,0;0,0;0,0;0,0;0,0;0,0;;;;;0,0;;;;;;;;;;No;No;No;No;No;No;No;No;No;No
1775;Álvaro Odriozola;es ESP;DF;Real Sociedad;es La Liga;30,0;1995,0;5,0;2,0;201,0;2,23;1,0;0,0;1,0;1,0;0,0;0,0;0,0;0,0;0,45;1,0;1,0;100,0;0,45;0,45;1,0;1,0;3,0;1,0;1,0;3,0;0,0;1,0;0,0;;;;;0,0;;;;;;;;;;No;No;No;No;No;No;No;No;No;No
1776;Tim Oermann;de GER;DF;Leverkusen;de Bundesliga;22,0;2003,0;1,0;0,0;9,0;0,1;0,0;0,0;0,0;0,0;0,0;0,0;0,0;0,0;0,0;0,0;0,0;0,0;0,0;0,0;0,0;0,0;0,0;1,0;0,0;0,0;0,0;0,0;0,0;;;;;0,0;;;;;;;;;;No;No;No;No;No;No;No;No;No;No
1777;Ifechukwu Ogbus;ch SUI;DF;Freiburg;de Bundesliga;20,0;2005,0;10,0;8,0;762,0;8,47;0,0;0,0;0,0;0,0;0,0;0,0;0,0;0,0;0,0;5,0;2,0;40,0;0,59;0,24;0,0;0,0;2,0;7,0;5,0;6,0;0,0;4,0;0,0;;;;;0,0;;;;;;;;;;No;No;No;No;No;No;No;No;No;No
1778;Uchenna Ogundu;ng NGA;FW;Augsburg;de Bundesliga;19,0;2006,0;1,0;0,0;10,0;0,11;0,0;0,0;0,0;0,0;0,0;0,0;0,0;0,0;0,0;0,0;0,0;0,0;0,0;0,0;0,0;0,0;1,0;0,0;0,0;0,0;0,0;0,0;0,0;;;;;0,0;;;;;;;;;;No;No;No;No;No;No;No;No;No;No
1779;Noah Okafor;ch SUI;FW, MF;Leeds United;eng Premier League;25,0;2000,0;23,0;15,0;1273,0;14,14;4,0;0,0;4,0;4,0;0,0;0,0;3,0;0,0;0,28;26,0;9,0;34,62;1,84;0,64;0,15;0,44;31,0;13,0;10,0;13,0;0,0;16,0;0,0;;;;;0,0;;;;;;;;;;No;No;No;No;No;No;No;No;No;No
1780;David Okereke;ng NGA;FW;Cremonese;it Serie A;28,0;1997,0;4,0;1,0;155,0;1,72;1,0;0,0;1,0;1,0;0,0;0,0;0,0;0,0;0,58;4,0;2,0;50,0;2,32;1,16;0,25;0,5;2,0;0,0;0,0;1,0;0,0;0,0;0,0;;;;;0,0;;;;;;;;;;No;No;No;No;No;No;No;No;No;No
1781;Bryan Okoh;ch SUI;DF;Auxerre;fr Ligue 1;22,0;2003,0;6,0;5,0;453,0;5,03;0,0;0,0;0,0;0,0;0,0;0,0;1,0;0,0;0,0;2,0;0,0;0,0;0,4;0,0;0,0;0,0;0,0;4,0;13,0;3,0;0,0;7,0;0,0;;;;;0,0;;;;;;;;;;No;No;No;No;No;No;No;No;No;No
1782;Maduka Okoye;ng NGA;GK;Udinese;it Serie A;26,0;1999,0;21,0;21,0;1806,0;20,07;0,0;0,0;0,0;0,0;0,0;0,0;1,0;1,0;0,0;0,0;0,0;0,0;0,0;0,0;0,0;0,0;0,0;0,0;0,0;3,0;0,0;2,0;0,0;31,0;1,54;82,0;57,0;69,51;8,0;3,0;10,0;5,0;23,81;6,0;5,0;1,0;0,0;No;No;No;No;No;No;No;No;No;No
1783;Olasagasti;es ESP;MF;Levante;es La Liga;25,0;2000,0;23,0;8,0;890,0;9,89;1,0;2,0;3,0;1,0;0,0;0,0;2,0;1,0;0,3;13,0;5,0;38,46;1,31;0,51;0,08;0,2;49,0;9,0;9,0;14,0;0,0;14,0;0,0;;;;;0,0;;;;;;;;;;No;No;No;No;No;No;No;No;No;No
1784;Michael Olise;fr FRA;MF;Bayern Munich;de Bundesliga;24,0;2001,0;24,0;20,0;1878,0;20,87;10,0;17,0;27,0;10,0;0,0;0,0;5,0;0,0;1,29;78,0;39,0;50,0;3,74;1,87;0,13;0,26;110,0;10,0;13,0;45,0;0,0;26,0;0,0;;;;;0,0;;;;;;;;;;No;No;No;No;No;No;No;No;No;No
1785;Mathías Olivera;uy URU;DF, MF;Napoli;it Serie A;28,0;1997,0;18,0;9,0;888,0;9,87;0,0;0,0;0,0;0,0;0,0;0,0;2,0;0,0;0,0;5,0;2,0;40,0;0,51;0,2;0,0;0,0;2,0;15,0;11,0;7,0;0,0;11,0;0,0;;;;;0,0;;;;;;;;;;No;No;No;No;No;No;No;No;No;No
1786;Tuomas Ollila;fi FIN;DF;Paris FC;fr Ligue 1;25,0;2000,0;9,0;3,0;302,0;3,36;0,0;0,0;0,0;0,0;0,0;0,0;0,0;0,0;0,0;3,0;0,0;0,0;0,89;0,0;0,0;0,0;9,0;1,0;2,0;6,0;0,0;3,0;0,0;;;;;0,0;;;;;;;;;;No;No;No;No;No;No;No;No;No;No
1787;Dani Olmo;es ESP;MF;Barcelona;es La Liga;27,0;1998,0;23,0;17,0;1477,0;16,41;7,0;6,0;13,0;7,0;0,0;0,0;0,0;0,0;0,79;58,0;20,0;34,48;3,53;1,22;0,12;0,35;24,0;19,0;12,0;35,0;0,0;17,0;0,0;;;;;0,0;;;;;;;;;;Sí;Sí;Sí;Sí;Sí;Sí;Sí;No;Sí;Sí
1788;Callum Olusesi;eng ENG;MF;Tottenham Hotspur;eng Premier League;19,0;2007,0;1,0;0,0;15,0;0,17;0,0;0,0;0,0;0,0;0,0;0,0;0,0;0,0;0,0;0,0;0,0;0,0;0,0;0,0;0,0;0,0;0,0;0,0;0,0;0,0;0,0;0,0;0,0;;;;;0,0;;;;;;;;;;No;No;No;No;No;No;No;No;No;No
1789;Tani Oluwaseyi;ca CAN;FW;Villarreal;es La Liga;25,0;2000,0;22,0;5,0;645,0;7,17;2,0;1,0;3,0;2,0;0,0;0,0;1,0;0,0;0,42;15,0;7,0;46,67;2,09;0,98;0,13;0,29;1,0;3,0;0,0;8,0;0,0;11,0;0,0;;;;;0,0;;;;;;;;;;No;No;No;No;No;No;No;No;No;No
1790;Warmed Omari;km COM;DF;Hamburger SV;de Bundesliga;25,0;2000,0;12,0;9,0;903,0;10,03;0,0;0,0;0,0;0,0;0,0;0,0;0,0;0,0;0,0;2,0;1,0;50,0;0,2;0,1;0,0;0,0;3,0;4,0;13,0;5,0;0,0;7,0;0,0;;;;;0,0;;;;;;;;;;No;No;No;No;No;No;No;No;No;No
1791;Andrew Omobamidele;ie IRL;DF;Strasbourg;fr Ligue 1;23,0;2002,0;18,0;9,0;946,0;10,51;0,0;0,0;0,0;0,0;0,0;0,0;4,0;0,0;0,0;2,0;1,0;50,0;0,19;0,1;0,0;0,0;0,0;3,0;9,0;7,0;0,0;9,0;0,0;;;;;0,0;;;;;;;;;;No;No;No;No;No;No;No;No;No;No
1792;Amadou Onana;be BEL;MF;Aston Villa;eng Premier League;24,0;2001,0;21,0;18,0;1470,0;16,33;2,0;0,0;2,0;2,0;0,0;0,0;2,0;0,0;0,12;13,0;6,0;46,15;0,8;0,37;0,15;0,33;0,0;22,0;16,0;23,0;0,0;17,0;0,0;;;;;0,0;;;;;;;;;;No;No;No;No;No;No;No;No;No;No
1793;Jean Onana;cm CMR;MF;Genoa;it Serie A;26,0;2000,0;2,0;0,0;19,0;0,21;0,0;0,0;0,0;0,0;0,0;0,0;0,0;0,0;0,0;1,0;0,0;0,0;4,74;0,0;0,0;0,0;0,0;1,0;0,0;0,0;0,0;3,0;0,0;;;;;0,0;;;;;;;;;;No;No;No;No;No;No;No;No;No;No
1794;Jacob Ondrejka;se SWE;FW, MF;Parma;it Serie A;23,0;2002,0;14,0;8,0;676,0;7,51;0,0;0,0;0,0;0,0;0,0;0,0;1,0;0,0;0,0;20,0;6,0;30,0;2,66;0,8;0,0;0,0;12,0;2,0;2,0;11,0;0,0;4,0;0,0;;;;;0,0;;;;;;;;;;No;No;No;No;No;No;No;No;No;No
1795;Frank Onyeka;ng NGA;MF;Brentford;eng Premier League;28,0;1998,0;6,0;0,0;92,0;1,02;0,0;1,0;1,0;0,0;0,0;0,0;0,0;0,0;0,98;0,0;0,0;0,0;0,0;0,0;0,0;0,0;0,0;0,0;0,0;3,0;0,0;3,0;0,0;;;;;0,0;;;;;;;;;;No;No;No;No;No;No;No;No;No;No
1796;Loïs Openda;be BEL;FW, MF;Juventus;it Serie A;26,0;2000,0;25,0;7,0;712,0;7,91;1,0;0,0;1,0;1,0;0,0;0,0;0,0;0,0;0,13;29,0;6,0;20,69;3,67;0,76;0,03;0,17;8,0;4,0;1,0;24,0;0,0;7,0;0,0;;;;;0,0;;;;;;;;;;No;No;No;No;No;No;No;No;No;No
1797;Fredrik Oppegard;no NOR;DF, MF;Auxerre;fr Ligue 1;23,0;2002,0;18,0;10,0;975,0;10,83;0,0;0,0;0,0;0,0;0,0;0,0;1,0;1,0;0,0;9,0;1,0;11,11;0,83;0,09;0,0;0,0;46,0;18,0;14,0;3,0;0,0;7,0;0,0;;;;;0,0;;;;;;;;;;No;No;No;No;No;No;No;No;No;No
1798;Louis Oppie;de GER;MF;St Pauli;de Bundesliga;23,0;2002,0;19,0;15,0;1430,0;15,89;1,0;0,0;1,0;1,0;0,0;0,0;0,0;0,0;0,06;14,0;3,0;21,43;0,88;0,19;0,07;0,33;50,0;16,0;9,0;13,0;0,0;13,0;0,0;;;;;0,0;;;;;;;;;;No;No;No;No;No;No;No;No;No;No
1799;Gift Orban;ng NGA;FW;Hellas Verona;it Serie A;23,0;2002,0;24,0;20,0;1750,0;19,44;7,0;2,0;9,0;5,0;2,0;2,0;4,0;1,0;0,36;71,0;25,0;35,21;3,65;1,29;0,1;0,28;12,0;3,0;3,0;19,0;0,0;19,0;0,0;;;;;0,0;;;;;;;;;;No;No;No;No;No;No;No;No;No;No
1800;Willi Orban;hu HUN;DF;RB Leipzig;de Bundesliga;33,0;1992,0;26,0;26,0;2319,0;25,77;1,0;0,0;1,0;1,0;0,0;0,0;3,0;0,0;0,04;19,0;8,0;42,11;0,74;0,31;0,05;0,12;5,0;21,0;34,0;20,0;0,0;15,0;0,0;;;;;0,0;;;;;;;;;;No;No;No;No;No;No;No;No;No;No
1801;Christian Ordoñez;ar ARG;MF;Parma;it Serie A;21,0;2004,0;20,0;9,0;733,0;8,14;1,0;0,0;1,0;1,0;0,0;0,0;5,0;1,0;0,12;6,0;2,0;33,33;0,74;0,25;0,17;0,5;8,0;5,0;6,0;5,0;1,0;15,0;0,0;;;;;0,0;;;;;;;;;;No;No;No;No;No;No;No;No;No;No
1802;Nehemiah Oriola;eng ENG;MF;Brighton;eng Premier League;18,0;2007,0;1,0;0,0;1,0;0,01;0,0;0,0;0,0;0,0;0,0;0,0;0,0;0,0;0,0;0,0;0,0;0,0;0,0;0,0;0,0;0,0;0,0;0,0;0,0;0,0;0,0;0,0;0,0;;;;;0,0;;;;;;;;;;No;No;No;No;No;No;No;No;No;No
1803;Gaetano Oristanio;it ITA;FW, MF;Parma;it Serie A;23,0;2002,0;18,0;8,0;818,0;9,09;1,0;0,0;1,0;1,0;0,0;0,0;1,0;0,0;0,11;24,0;4,0;16,67;2,64;0,44;0,04;0,25;16,0;6,0;2,0;19,0;0,0;11,0;0,0;;;;;0,0;;;;;;;;;;No;No;No;No;No;No;No;No;No;No
1804;Aimar Oroz;es ESP;FW, MF;Osasuna;es La Liga;24,0;2001,0;21,0;18,0;1555,0;17,28;0,0;2,0;2,0;0,0;0,0;0,0;5,0;0,0;0,12;25,0;4,0;16,0;1,45;0,23;0,0;0,0;22,0;15,0;6,0;44,0;0,0;22,0;0,0;;;;;0,0;;;;;;;;;;No;No;No;No;No;No;No;No;No;No
1805;Riccardo Orsolini;it ITA;MF;Bologna;it Serie A;29,0;1997,0;27,0;21,0;1624,0;18,04;7,0;1,0;8,0;4,0;3,0;4,0;2,0;0,0;0,28;62,0;23,0;37,1;3,44;1,27;0,11;0,3;38,0;11,0;5,0;32,0;0,0;14,0;0,0;;;;;0,0;;;;;;;;;;No;No;No;No;No;No;No;No;No;No
1806;Stefan Ortega;de GER;GK;Nottingham Forest;eng Premier League;33,0;1992,0;3,0;3,0;270,0;3,0;0,0;0,0;0,0;0,0;0,0;0,0;0,0;0,0;0,0;0,0;0,0;0,0;0,0;0,0;0,0;0,0;0,0;0,0;0,0;0,0;0,0;0,0;0,0;4,0;1,33;12,0;8,0;66,67;0,0;1,0;2,0;1,0;33,33;0,0;0,0;0,0;0,0;No;No;No;No;No;No;No;No;No;No
1807;Ángel Ortíz;es ESP;DF;Real Betis;es La Liga;21,0;2004,0;12,0;6,0;539,0;5,99;0,0;0,0;0,0;0,0;0,0;0,0;1,0;0,0;0,0;1,0;0,0;0,0;0,17;0,0;0,0;0,0;17,0;17,0;1,0;9,0;0,0;9,0;0,0;;;;;0,0;;;;;;;;;;No;No;No;No;No;No;No;No;No;No
1808;Asier Osambela;es ESP;DF;Osasuna;es La Liga;22,0;2004,0;12,0;2,0;292,0;3,24;1,0;0,0;1,0;1,0;0,0;0,0;1,0;0,0;0,31;3,0;1,0;33,33;0,92;0,31;0,33;1,0;3,0;2,0;4,0;0,0;0,0;12,0;0,0;;;;;0,0;;;;;;;;;;No;No;No;No;No;No;No;No;No;No
1809;Gabriel Osho;ng NGA;DF;Auxerre;fr Ligue 1;27,0;1998,0;2,0;2,0;134,0;1,49;0,0;0,0;0,0;0,0;0,0;0,0;0,0;0,0;0,0;0,0;0,0;0,0;0,0;0,0;0,0;0,0;2,0;3,0;0,0;1,0;0,0;2,0;0,0;;;;;0,0;;;;;;;;;;No;No;No;No;No;No;No;No;No;No
1810;Ibrahim Osman;gh GHA;FW, MF;Auxerre;fr Ligue 1;21,0;2004,0;14,0;7,0;625,0;6,94;0,0;2,0;2,0;0,0;0,0;0,0;0,0;0,0;0,29;18,0;6,0;33,33;2,59;0,86;0,0;0,0;10,0;7,0;6,0;14,0;0,0;7,0;0,0;;;;;0,0;;;;;;;;;;No;No;No;No;No;No;No;No;No;No
1811;Patrick Osterhage;de GER;MF;Freiburg;de Bundesliga;26,0;2000,0;19,0;13,0;1187,0;13,19;1,0;0,0;1,0;1,0;0,0;0,0;4,0;0,0;0,08;7,0;2,0;28,57;0,53;0,15;0,14;0,5;9,0;7,0;15,0;13,0;0,0;13,0;0,0;;;;;0,0;;;;;;;;;;No;No;No;No;No;No;No;No;No;No
1812;William Osula;dk DEN;FW;Newcastle United;eng Premier League;22,0;2003,0;16,0;1,0;280,0;3,11;2,0;0,0;2,0;2,0;0,0;0,0;0,0;0,0;0,64;8,0;4,0;50,0;2,57;1,29;0,25;0,5;1,0;1,0;0,0;1,0;0,0;13,0;0,0;;;;;0,0;;;;;;;;;;No;No;No;No;No;No;No;No;No;No
1813;Philip Otele;ng NGA;FW, MF;Hamburger SV;de Bundesliga;26,0;1999,0;6,0;5,0;346,0;3,84;0,0;1,0;1,0;0,0;0,0;0,0;1,0;0,0;0,26;4,0;1,0;25,0;1,04;0,26;0,0;0,0;12,0;2,0;2,0;2,0;0,0;5,0;0,0;;;;;0,0;;;;;;;;;;No;No;No;No;No;No;No;No;No;No
1814;Sebastian Otoa;dk DEN;DF;Genoa;it Serie A;21,0;2004,0;8,0;6,0;584,0;6,49;0,0;0,0;0,0;0,0;0,0;0,0;1,0;0,0;0,0;2,0;1,0;50,0;0,31;0,15;0,0;0,0;1,0;8,0;8,0;11,0;0,0;4,0;1,0;;;;;0,0;;;;;;;;;;No;No;No;No;No;No;No;No;No;No
1815;Abdoul Ouattara;fr FRA;DF, MF;Strasbourg;fr Ligue 1;20,0;2005,0;22,0;15,0;1400,0;15,56;2,0;0,0;2,0;2,0;0,0;0,0;2,0;0,0;0,13;21,0;7,0;33,33;1,35;0,45;0,1;0,29;16,0;12,0;12,0;7,0;0,0;10,0;0,0;;;;;0,0;;;;;;;;;;No;No;No;No;No;No;No;No;No;No
1816;Dango Ouattara;bf BFA;MF;Brentford;eng Premier League;24,0;2002,0;24,0;19,0;1700,0;18,89;5,0;3,0;8,0;5,0;0,0;0,0;4,0;0,0;0,42;36,0;12,0;33,33;1,91;0,64;0,14;0,42;73,0;11,0;20,0;30,0;0,0;21,0;0,0;;;;;0,0;;;;;;;;;;No;No;No;No;No;No;No;No;No;No
1817;Kassoum Ouattara;fr FRA;DF, MF;Monaco;fr Ligue 1;21,0;2004,0;15,0;12,0;967,0;10,74;0,0;3,0;3,0;0,0;0,0;0,0;3,0;0,0;0,28;12,0;0,0;0,0;1,12;0,0;0,0;0,0;50,0;19,0;19,0;10,0;0,0;22,0;0,0;;;;;0,0;;;;;;;;;;No;No;No;No;No;No;No;No;No;No
1818;Assan Ouedraogo;de GER;FW, MF;RB Leipzig;de Bundesliga;19,0;2006,0;12,0;9,0;609,0;6,77;3,0;3,0;6,0;3,0;0,0;0,0;0,0;0,0;0,89;18,0;9,0;50,0;2,66;1,33;0,17;0,33;2,0;6,0;3,0;18,0;0,0;4,0;0,0;;;;;0,0;;;;;;;;;;No;No;No;No;No;No;No;No;No;No
1819;Azzedine Ounahi;ma MAR;MF;Girona;es La Liga;25,0;2000,0;14,0;10,0;940,0;10,44;4,0;2,0;6,0;4,0;0,0;0,0;5,0;0,0;0,57;31,0;12,0;38,71;2,97;1,15;0,13;0,33;16,0;8,0;13,0;40,0;0,0;11,0;0,0;;;;;0,0;;;;;;;;;;No;No;No;No;No;No;No;No;No;No
1820;Elisha Owusu;gh GHA;MF;Auxerre;fr Ligue 1;28,0;1997,0;21,0;19,0;1624,0;18,04;0,0;0,0;0,0;0,0;0,0;0,0;6,0;0,0;0,0;4,0;0,0;0,0;0,22;0,0;0,0;0,0;1,0;35,0;15,0;17,0;0,0;29,0;0,0;;;;;0,0;;;;;;;;;;No;No;No;No;No;No;No;No;No;No
1821;Mikel Oyarzabal;es ESP;FW;Real Sociedad;es La Liga;28,0;1997,0;25,0;24,0;2096,0;23,29;12,0;3,0;15,0;7,0;5,0;5,0;2,0;0,0;0,43;67,0;29,0;43,28;2,88;1,25;0,18;0,41;13,0;13,0;3,0;35,0;0,0;17,0;0,0;;;;;0,0;;;;;;;;;;Sí;Sí;Sí;Sí;Sí;Sí;Sí;Sí;Sí;Sí
1822;Max Oyedele;pl POL;MF;Strasbourg;fr Ligue 1;21,0;2004,0;2,0;0,0;14,0;0,16;0,0;0,0;0,0;0,0;0,0;0,0;0,0;0,0;0,0;0,0;0,0;0,0;0,0;0,0;0,0;0,0;0,0;0,0;1,0;0,0;0,0;0,0;0,0;;;;;0,0;;;;;;;;;;No;No;No;No;No;No;No;No;No;No
1823;Daniel Oyegoke;eng ENG;DF, MF;Hellas Verona;it Serie A;23,0;2003,0;11,0;5,0;365,0;4,06;0,0;0,0;0,0;0,0;0,0;0,0;1,0;0,0;0,0;1,0;0,0;0,0;0,25;0,0;0,0;0,0;18,0;5,0;5,0;4,0;0,0;8,0;0,0;;;;;0,0;;;;;;;;;;No;No;No;No;No;No;No;No;No;No
1824;Salih Özcan;tr TUR;MF;Dortmund;de Bundesliga;28,0;1998,0;7,0;0,0;35,0;0,39;0,0;0,0;0,0;0,0;0,0;0,0;0,0;0,0;0,0;1,0;0,0;0,0;2,57;0,0;0,0;0,0;1,0;0,0;0,0;1,0;0,0;0,0;0,0;;;;;0,0;;;;;;;;;;No;No;No;No;No;No;No;No;No;No
1825;Berke Özer;tr TUR;GK;Lille;fr Ligue 1;25,0;2000,0;24,0;24,0;2160,0;24,0;0,0;1,0;1,0;0,0;0,0;0,0;3,0;0,0;0,04;0,0;0,0;0,0;0,0;0,0;0,0;0,0;0,0;1,0;0,0;10,0;0,0;0,0;0,0;30,0;1,25;87,0;58,0;66,67;13,0;5,0;6,0;8,0;33,33;2,0;1,0;1,0;0,0;No;No;No;No;No;No;No;No;No;No
1826;Cenk Özkacar;tr TUR;DF;Köln;de Bundesliga;25,0;2000,0;17,0;12,0;1073,0;11,92;0,0;0,0;0,0;0,0;0,0;0,0;1,0;0,0;0,0;7,0;4,0;57,14;0,59;0,34;0,0;0,0;3,0;16,0;15,0;4,0;0,0;9,0;0,0;;;;;0,0;;;;;;;;;;No;No;No;No;No;No;No;No;No;No
1827;Nico O’Reilly;eng ENG;DF, MF;Manchester City;eng Premier League;20,0;2005,0;28,0;23,0;2133,0;23,7;4,0;3,0;7,0;4,0;0,0;0,0;4,0;0,0;0,3;31,0;10,0;32,26;1,31;0,42;0,13;0,4;32,0;32,0;17,0;13,0;0,0;33,0;0,0;;;;;0,0;;;;;;;;;;No;No;No;No;No;No;No;No;No;No
1828;Pablo;br BRA;MF;West Ham United;eng Premier League;22,0;2004,0;6,0;4,0;315,0;3,5;0,0;0,0;0,0;0,0;0,0;0,0;0,0;0,0;0,0;4,0;0,0;0,0;1,14;0,0;0,0;0,0;0,0;5,0;3,0;4,0;0,0;11,0;0,0;;;;;0,0;;;;;;;;;;No;No;No;No;No;No;No;No;No;No
1829;Jon Pacheco;es ESP;DF;Alavés;es La Liga;25,0;2001,0;20,0;19,0;1680,0;18,67;0,0;0,0;0,0;0,0;0,0;0,0;4,0;1,0;0,0;4,0;1,0;25,0;0,21;0,05;0,0;0,0;4,0;16,0;11,0;6,0;1,0;12,0;0,0;;;;;0,0;;;;;;;;;;No;No;No;No;No;No;No;No;No;No
1830;Willian Pacho;ec ECU;DF;Paris Saint-Germain;fr Ligue 1;24,0;2001,0;18,0;16,0;1464,0;16,27;0,0;0,0;0,0;0,0;0,0;0,0;0,0;0,0;0,0;7,0;0,0;0,0;0,43;0,0;0,0;0,0;0,0;25,0;21,0;5,0;0,0;6,0;0,0;;;;;0,0;;;;;;;;;;No;No;No;No;No;No;No;No;No;No
1831;Daniele Padelli;it ITA;GK;Udinese;it Serie A;40,0;1985,0;2,0;2,0;180,0;2,0;0,0;0,0;0,0;0,0;0,0;0,0;0,0;0,0;0,0;0,0;0,0;0,0;0,0;0,0;0,0;0,0;0,0;0,0;0,0;0,0;0,0;0,0;0,0;2,0;1,0;4,0;3,0;75,0;0,0;1,0;1,0;0,0;0,0;1,0;1,0;0,0;0,0;No;No;No;No;No;No;No;No;No;No
1832;Kendry Páez;ec ECU;FW, MF;Strasbourg;fr Ligue 1;18,0;2007,0;15,0;4,0;424,0;4,71;1,0;0,0;1,0;1,0;0,0;0,0;0,0;0,0;0,21;10,0;4,0;40,0;2,12;0,85;0,1;0,25;18,0;4,0;3,0;3,0;0,0;7,0;0,0;;;;;0,0;;;;;;;;;;No;No;No;No;No;No;No;No;No;No
1833;Pablo Pagis;fr FRA;FW, MF;Lorient;fr Ligue 1;23,0;2002,0;21,0;16,0;1267,0;14,08;8,0;1,0;9,0;7,0;1,0;1,0;1,0;0,0;0,57;43,0;15,0;34,88;3,05;1,07;0,19;0,53;65,0;11,0;15,0;13,0;0,0;17,0;0,0;;;;;0,0;;;;;;;;;;No;No;No;No;No;No;No;No;No;No
1834;Igor Paixão;br BRA;MF;Marseille;fr Ligue 1;25,0;2000,0;23,0;16,0;1455,0;16,17;5,0;4,0;9,0;5,0;0,0;0,0;3,0;0,0;0,56;40,0;15,0;37,5;2,47;0,93;0,12;0,33;29,0;6,0;14,0;23,0;0,0;15,0;0,0;;;;;0,0;;;;;;;;;;No;No;No;No;No;No;No;No;No;No
1835;César Palacios;es ESP;MF;Real Madrid;es La Liga;21,0;2004,0;2,0;0,0;53,0;0,59;0,0;0,0;0,0;0,0;0,0;0,0;0,0;0,0;0,0;1,0;0,0;0,0;1,7;0,0;0,0;0,0;1,0;1,0;3,0;2,0;0,0;1,0;0,0;;;;;0,0;;;;;;;;;;No;No;No;No;No;No;No;No;No;No
1836;Exequiel Palacios;ar ARG;MF;Leverkusen;de Bundesliga;27,0;1998,0;10,0;4,0;389,0;4,32;0,0;0,0;0,0;0,0;0,0;0,0;2,0;0,0;0,0;5,0;1,0;20,0;1,16;0,23;0,0;0,0;1,0;5,0;3,0;7,0;0,0;3,0;0,0;;;;;0,0;;;;;;;;;;No;No;No;No;No;No;No;No;No;No
1837;Isaac Palazón Camacho;es ESP;FW, MF;Rayo Vallecano;es La Liga;31,0;1994,0;27,0;23,0;1936,0;21,51;3,0;3,0;6,0;1,0;2,0;3,0;8,0;0,0;0,19;41,0;12,0;29,27;1,91;0,56;0,07;0,25;89,0;11,0;3,0;43,0;0,0;31,0;0,0;;;;;0,0;;;;;;;;;;No;No;No;No;No;No;No;No;No;No
1838;Alberto Paleari;it ITA;GK;Torino;it Serie A;33,0;1992,0;20,0;20,0;1800,0;20,0;0,0;0,0;0,0;0,0;0,0;0,0;1,0;0,0;0,0;0,0;0,0;0,0;0,0;0,0;0,0;0,0;0,0;0,0;0,0;5,0;0,0;0,0;0,0;32,0;1,6;84,0;54,0;64,29;7,0;4,0;9,0;7,0;35,0;2,0;2,0;0,0;0,0;No;No;No;No;No;No;No;No;No;No
1839;Marco Palestra;it ITA;DF, MF;Cagliari;it Serie A;21,0;2005,0;28,0;27,0;2417,0;26,86;1,0;4,0;5,0;1,0;0,0;0,0;3,0;0,0;0,19;20,0;4,0;20,0;0,74;0,15;0,05;0,25;89,0;27,0;16,0;86,0;0,0;32,0;0,0;;;;;0,0;;;;;;;;;;No;No;No;No;No;No;No;No;No;No
1840;João Palhinha;pt POR;DF, MF;Tottenham Hotspur;eng Premier League;30,0;1995,0;26,0;19,0;1779,0;19,77;3,0;2,0;5,0;3,0;0,0;0,0;6,0;0,0;0,25;23,0;5,0;21,74;1,16;0,25;0,13;0,6;4,0;53,0;22,0;26,0;0,0;21,0;0,0;;;;;0,0;;;;;;;;;;No;No;No;No;No;No;No;No;No;No
1841;Matteo Palma;de GER;DF;Udinese;it Serie A;18,0;2008,0;5,0;1,0;120,0;1,33;0,0;0,0;0,0;0,0;0,0;0,0;0,0;0,0;0,0;0,0;0,0;0,0;0,0;0,0;0,0;0,0;1,0;0,0;3,0;0,0;0,0;3,0;0,0;;;;;0,0;;;;;;;;;;No;No;No;No;No;No;No;No;No;No
1842;Cole Palmer;eng ENG;FW, MF;Chelsea;eng Premier League;23,0;2002,0;19,0;17,0;1327,0;14,74;9,0;1,0;10,0;4,0;5,0;5,0;4,0;0,0;0,34;44,0;19,0;43,18;2,98;1,29;0,2;0,47;26,0;9,0;12,0;24,0;0,0;12,0;0,0;;;;;0,0;;;;;;;;;;No;No;No;No;No;No;No;No;No;No
1843;Emerson Palmieri;it ITA;DF, MF;Marseille;fr Ligue 1;31,0;1994,0;21,0;17,0;1601,0;17,79;0,0;3,0;3,0;0,0;0,0;0,0;2,0;0,0;0,17;10,0;2,0;20,0;0,56;0,11;0,0;0,0;91,0;24,0;26,0;14,0;0,0;15,0;0,0;;;;;0,0;;;;;;;;;;No;No;No;No;No;No;No;No;No;No
1844;Diego Pampín;es ESP;DF;Levante;es La Liga;26,0;2000,0;6,0;4,0;368,0;4,09;0,0;0,0;0,0;0,0;0,0;0,0;2,0;0,0;0,0;3,0;0,0;0,0;0,73;0,0;0,0;0,0;9,0;5,0;4,0;4,0;0,0;7,0;0,0;;;;;0,0;;;;;;;;;;No;No;No;No;No;No;No;No;No;No
1845;Joaquín Panichelli;ar ARG;FW;Strasbourg;fr Ligue 1;23,0;2002,0;26,0;24,0;2148,0;23,87;14,0;1,0;15,0;9,0;5,0;6,0;3,0;0,0;0,42;56,0;29,0;51,79;2,35;1,22;0,25;0,48;0,0;10,0;13,0;40,0;0,0;43,0;0,0;;;;;0,0;;;;;;;;;;No;No;No;No;No;No;No;No;No;No
1846;Leart Paqarada;xk KVX;DF;Heidenheim;de Bundesliga;31,0;1994,0;1,0;1,0;6,0;0,07;0,0;0,0;0,0;0,0;0,0;0,0;0,0;0,0;0,0;0,0;0,0;0,0;0,0;0,0;0,0;0,0;0,0;0,0;0,0;0,0;0,0;0,0;0,0;;;;;0,0;;;;;;;;;;No;No;No;No;No;No;No;No;No;No
1847;Lucas Paquetá;br BRA;FW, MF;West Ham United;eng Premier League;28,0;1997,0;18,0;18,0;1511,0;16,79;4,0;1,0;5,0;2,0;2,0;2,0;7,0;1,0;0,18;23,0;11,0;47,83;1,37;0,66;0,17;0,36;36,0;22,0;7,0;30,0;1,0;27,0;0,0;;;;;0,0;;;;;;;;;;No;No;No;No;No;No;No;No;No;No
1848;Victor Parada;es ESP;DF;Alavés;es La Liga;23,0;2002,0;20,0;15,0;1325,0;14,72;0,0;2,0;2,0;0,0;0,0;0,0;8,0;1,0;0,14;6,0;2,0;33,33;0,41;0,14;0,0;0,0;29,0;5,0;4,0;10,0;1,0;25,0;0,0;;;;;0,0;;;;;;;;;;No;No;No;No;No;No;No;No;No;No
1849;Aitor Paredes;es ESP;DF;Athletic Club;es La Liga;25,0;2000,0;17,0;16,0;1450,0;16,11;1,0;0,0;1,0;1,0;0,0;0,0;4,0;0,0;0,06;12,0;3,0;25,0;0,74;0,19;0,08;0,33;1,0;12,0;24,0;7,0;0,0;18,0;0,0;;;;;0,0;;;;;;;;;;No;No;No;No;No;No;Sí;Sí;Sí;Sí
1850;Kevin Paredes;us USA;MF;Wolfsburg;de Bundesliga;22,0;2003,0;5,0;1,0;156,0;1,73;0,0;0,0;0,0;0,0;0,0;0,0;1,0;0,0;0,0;2,0;1,0;50,0;1,15;0,58;0,0;0,0;7,0;3,0;2,0;6,0;0,0;2,0;0,0;;;;;0,0;;;;;;;;;;No;No;No;No;No;No;No;No;No;No
1851;Daniel Parejo;es ESP;MF;Villarreal;es La Liga;36,0;1989,0;23,0;12,0;1049,0;11,66;0,0;0,0;0,0;0,0;0,0;0,0;2,0;0,0;0,0;2,0;0,0;0,0;0,17;0,0;0,0;0,0;29,0;20,0;14,0;18,0;0,0;11,0;0,0;;;;;0,0;;;;;;;;;;No;No;No;No;No;No;No;No;No;No
1852;Fabiano Parisi;it ITA;FW, MF;Fiorentina;it Serie A;25,0;2000,0;19,0;15,0;1291,0;14,34;1,0;1,0;2,0;1,0;0,0;0,0;5,0;0,0;0,14;21,0;5,0;23,81;1,46;0,35;0,05;0,2;33,0;13,0;17,0;50,0;0,0;11,0;1,0;;;;;0,0;;;;;;;;;;No;No;No;No;No;No;No;No;No;No
1853;Thomas Partey;gh GHA;MF;Villarreal;es La Liga;32,0;1993,0;18,0;7,0;753,0;8,37;0,0;0,0;0,0;0,0;0,0;0,0;0,0;0,0;0,0;8,0;1,0;12,5;0,96;0,12;0,0;0,0;2,0;4,0;11,0;4,0;0,0;8,0;0,0;;;;;0,0;;;;;;;;;;No;No;No;No;No;No;No;No;No;No
1854;Mario Pašalić;hr CRO;MF;Atalanta;it Serie A;31,0;1995,0;24,0;19,0;1599,0;17,77;3,0;3,0;6,0;3,0;0,0;0,0;2,0;0,0;0,34;16,0;6,0;37,5;0,9;0,34;0,19;0,5;9,0;17,0;10,0;4,0;0,0;20,0;0,0;;;;;0,0;;;;;;;;;;No;No;No;No;No;No;No;No;No;No
1855;Patric;es ESP;DF, MF;Lazio;it Serie A;32,0;1993,0;8,0;2,0;287,0;3,19;0,0;0,0;0,0;0,0;0,0;0,0;1,0;0,0;0,0;2,0;0,0;0,0;0,63;0,0;0,0;0,0;0,0;0,0;3,0;1,0;0,0;3,0;0,0;;;;;0,0;;;;;;;;;;No;No;No;No;No;No;No;No;No;No
1856;Nathan Patterson;sct SCO;DF;Everton;eng Premier League;24,0;2001,0;6,0;3,0;240,0;2,67;0,0;0,0;0,0;0,0;0,0;0,0;0,0;0,0;0,0;1,0;1,0;100,0;0,38;0,38;0,0;0,0;6,0;4,0;2,0;2,0;0,0;2,0;0,0;;;;;0,0;;;;;;;;;;No;No;No;No;No;No;No;No;No;No
1857;Benjamin Pavard;fr FRA;DF;Marseille;fr Ligue 1;29,0;1996,0;22,0;18,0;1565,0;17,39;1,0;2,0;3,0;1,0;0,0;0,0;4,0;0,0;0,17;9,0;4,0;44,44;0,52;0,23;0,11;0,25;11,0;10,0;17,0;10,0;0,0;15,0;1,0;;;;;0,0;;;;;;;;;;No;No;No;No;No;No;No;No;No;No
1858;Aleksandar Pavlovic;de GER;MF;Bayern Munich;de Bundesliga;21,0;2004,0;21,0;14,0;1337,0;14,86;3,0;1,0;4,0;3,0;0,0;0,0;2,0;0,0;0,27;9,0;5,0;55,56;0,61;0,34;0,33;0,6;9,0;15,0;12,0;9,0;0,0;17,0;0,0;;;;;0,0;;;;;;;;;;No;No;No;No;No;No;No;No;No;No
1859;Strahinja Pavlović;rs SRB;DF;Milan;it Serie A;24,0;2001,0;25,0;24,0;2059,0;22,88;3,0;1,0;4,0;3,0;0,0;0,0;2,0;0,0;0,17;17,0;4,0;23,53;0,74;0,17;0,18;0,75;14,0;18,0;14,0;20,0;0,0;18,0;0,0;;;;;0,0;;;;;;;;;;No;No;No;No;No;No;No;No;No;No
1860;Leonardo Pavoletti;it ITA;FW;Cagliari;it Serie A;37,0;1988,0;13,0;1,0;227,0;2,52;1,0;1,0;2,0;1,0;0,0;0,0;1,0;0,0;0,79;6,0;1,0;16,67;2,38;0,4;0,17;1,0;0,0;2,0;1,0;0,0;0,0;10,0;0,0;;;;;0,0;;;;;;;;;;No;No;No;No;No;No;No;No;No;No
1861;Martín Payero;ar ARG;MF;Cremonese;it Serie A;27,0;1998,0;19,0;15,0;1234,0;13,71;1,0;0,0;1,0;1,0;0,0;0,0;6,0;0,0;0,07;20,0;6,0;30,0;1,46;0,44;0,05;0,17;26,0;9,0;9,0;26,0;0,0;33,0;0,0;;;;;0,0;;;;;;;;;;No;No;No;No;No;No;No;No;No;No
1862;Nicolás Paz;ar ARG;MF;Como;it Serie A;21,0;2004,0;28,0;26,0;2293,0;25,48;9,0;6,0;15,0;9,0;0,0;2,0;5,0;0,0;0,59;100,0;39,0;39,0;3,92;1,53;0,09;0,23;48,0;39,0;20,0;36,0;0,0;45,0;0,0;;;;;0,0;;;;;;;;;;No;No;No;No;No;No;No;No;No;No
1863;Myles Peart-Harris;eng ENG;MF;Brentford;eng Premier League;23,0;2002,0;1,0;0,0;1,0;0,01;0,0;0,0;0,0;0,0;0,0;0,0;0,0;0,0;0,0;0,0;0,0;0,0;0,0;0,0;0,0;0,0;0,0;0,0;0,0;0,0;0,0;1,0;0,0;;;;;0,0;;;;;;;;;;No;No;No;No;No;No;No;No;No;No
1864;Mads Pedersen;dk DEN;MF;Augsburg;de Bundesliga;29,0;1996,0;6,0;1,0;180,0;2,0;0,0;0,0;0,0;0,0;0,0;0,0;0,0;0,0;0,0;2,0;0,0;0,0;1,0;0,0;0,0;0,0;9,0;2,0;1,0;3,0;0,0;5,0;0,0;;;;;0,0;;;;;;;;;;No;No;No;No;No;No;No;No;No;No
1865;Marcus Pedersen;no NOR;DF, MF;Torino;it Serie A;25,0;2000,0;22,0;17,0;1606,0;17,84;0,0;0,0;0,0;0,0;0,0;0,0;3,0;0,0;0,0;10,0;2,0;20,0;0,56;0,11;0,0;0,0;79,0;11,0;10,0;5,0;0,0;24,0;0,0;;;;;0,0;;;;;;;;;;No;No;No;No;No;No;No;No;No;No
1866;Alfonso Pedraza;es ESP;DF;Villarreal;es La Liga;29,0;1996,0;21,0;13,0;1215,0;13,5;1,0;2,0;3,0;1,0;0,0;0,0;6,0;0,0;0,22;10,0;3,0;30,0;0,74;0,22;0,1;0,33;56,0;25,0;16,0;20,0;0,0;22,0;0,0;;;;;0,0;;;;;;;;;;No;No;No;No;No;No;No;No;No;No
1867;Pedri;es ESP;MF;Barcelona;es La Liga;23,0;2002,0;20,0;15,0;1361,0;15,12;2,0;7,0;9,0;2,0;0,0;0,0;2,0;1,0;0,6;17,0;9,0;52,94;1,12;0,6;0,12;0,22;6,0;20,0;15,0;29,0;1,0;8,0;0,0;;;;;0,0;;;;;;;;;;Sí;No;Sí;Sí;Sí;Sí;Sí;Sí;Sí;Sí
1868;Pedro;es ESP;FW, MF;Lazio;it Serie A;38,0;1987,0;21,0;5,0;647,0;7,19;3,0;1,0;4,0;1,0;2,0;2,0;3,0;0,0;0,28;16,0;6,0;37,5;2,23;0,83;0,19;0,5;23,0;5,0;2,0;20,0;0,0;6,0;0,0;;;;;0,0;;;;;;;;;;No;No;No;No;No;No;No;No;No;No
1869;Zé Pedro Figueiredo;pt POR;DF;Cagliari;it Serie A;28,0;1997,0;15,0;13,0;1126,0;12,51;0,0;0,0;0,0;0,0;0,0;0,0;3,0;0,0;0,0;3,0;0,0;0,0;0,24;0,0;0,0;0,0;3,0;13,0;14,0;11,0;0,0;22,0;0,0;;;;;0,0;;;;;;;;;;No;No;No;No;No;No;No;No;No;No
1870;Adrià Pedrosa;es ESP;DF, MF;Elche;es La Liga;27,0;1998,0;19,0;6,0;831,0;9,23;1,0;1,0;2,0;1,0;0,0;0,0;4,0;0,0;0,22;9,0;2,0;22,22;0,97;0,22;0,11;0,5;45,0;15,0;10,0;7,0;0,0;15,0;0,0;;;;;0,0;;;;;;;;;;No;No;No;No;No;No;No;No;No;No
1871;Dženan Pejčinović;de GER;FW;Wolfsburg;de Bundesliga;21,0;2005,0;23,0;11,0;984,0;10,93;5,0;0,0;5,0;5,0;0,0;0,0;1,0;0,0;0,46;31,0;13,0;41,94;2,84;1,19;0,16;0,38;3,0;7,0;1,0;7,0;0,0;13,0;0,0;;;;;0,0;;;;;;;;;;No;No;No;No;No;No;No;No;No;No
1872;Lorenzo Pellegrini;it ITA;MF;Roma;it Serie A;29,0;1996,0;21,0;17,0;1249,0;13,88;3,0;2,0;5,0;1,0;2,0;2,0;2,0;0,0;0,22;28,0;10,0;35,71;2,02;0,72;0,11;0,3;75,0;4,0;13,0;31,0;0,0;17,0;0,0;;;;;0,0;;;;;;;;;;No;No;No;No;No;No;No;No;No;No
1873;Luca Pellegrini;it ITA;DF;Lazio;it Serie A;27,0;1999,0;21,0;14,0;1215,0;13,5;0,0;0,0;0,0;0,0;0,0;0,0;6,0;0,0;0,0;5,0;3,0;60,0;0,37;0,22;0,0;0,0;48,0;13,0;14,0;11,0;0,0;21,0;0,0;;;;;0,0;;;;;;;;;;No;No;No;No;No;No;No;No;No;No
1874;Mateo Pellegrino;ar ARG;FW;Parma;it Serie A;25,0;2001,0;29,0;27,0;2385,0;26,5;8,0;1,0;9,0;7,0;1,0;1,0;4,0;0,0;0,3;62,0;20,0;32,26;2,34;0,75;0,13;0,4;8,0;9,0;3,0;56,0;0,0;68,0;0,0;;;;;0,0;;;;;;;;;;No;No;No;No;No;No;No;No;No;No
1875;Timothee Pembele;fr FRA;DF, MF;Le Havre;fr Ligue 1;23,0;2002,0;6,0;2,0;197,0;2,19;0,0;0,0;0,0;0,0;0,0;0,0;1,0;0,0;0,0;1,0;0,0;0,0;0,46;0,0;0,0;0,0;3,0;3,0;2,0;3,0;0,0;1,0;0,0;;;;;0,0;;;;;;;;;;No;No;No;No;No;No;No;No;No;No
1876;Faris Pemi Moumbagna;cm CMR;FW;Cremonese;it Serie A;25,0;2000,0;5,0;0,0;93,0;1,03;0,0;0,0;0,0;0,0;0,0;0,0;0,0;0,0;0,0;2,0;0,0;0,0;1,94;0,0;0,0;0,0;1,0;0,0;0,0;0,0;0,0;1,0;0,0;;;;;0,0;;;;;;;;;;No;No;No;No;No;No;No;No;No;No
1877;Iñaki Peña;es ESP;GK;Elche;es La Liga;27,0;1999,0;16,0;16,0;1440,0;16,0;0,0;0,0;0,0;0,0;0,0;0,0;0,0;0,0;0,0;0,0;0,0;0,0;0,0;0,0;0,0;0,0;0,0;0,0;0,0;1,0;0,0;0,0;0,0;28,0;1,75;81,0;55,0;67,9;3,0;4,0;9,0;4,0;25,0;2,0;2,0;0,0;0,0;No;No;No;No;No;No;No;No;No;No
1878;Mike Penders;be BEL;GK;Strasbourg;fr Ligue 1;20,0;2005,0;25,0;25,0;2250,0;25,0;0,0;0,0;0,0;0,0;0,0;0,0;3,0;0,0;0,0;0,0;0,0;0,0;0,0;0,0;0,0;0,0;0,0;0,0;0,0;1,0;0,0;1,0;0,0;31,0;1,24;98,0;71,0;72,45;9,0;7,0;9,0;8,0;32,0;4,0;3,0;1,0;0,0;No;No;No;No;No;No;No;No;No;No
1879;Nicolas Pépé;ci CIV;FW, MF;Villarreal;es La Liga;30,0;1995,0;27,0;19,0;1778,0;19,76;4,0;4,0;8,0;4,0;0,0;0,0;3,0;0,0;0,4;48,0;17,0;35,42;2,43;0,86;0,08;0,24;59,0;17,0;11,0;30,0;0,0;16,0;0,0;;;;;0,0;;;;;;;;;;No;No;No;No;No;No;No;No;No;No
1880;Kojo Peprah Oppong;gh GHA;DF;Nice;fr Ligue 1;21,0;2004,0;23,0;22,0;1885,0;20,94;1,0;0,0;1,0;1,0;0,0;0,0;3,0;0,0;0,05;10,0;3,0;30,0;0,48;0,14;0,1;0,33;5,0;23,0;26,0;24,0;0,0;24,0;0,0;;;;;0,0;;;;;;;;;;No;No;No;No;No;No;No;No;No;No
1881;Peque;es ESP;FW, MF;Sevilla;es La Liga;23,0;2002,0;21,0;11,0;873,0;9,7;2,0;1,0;3,0;2,0;0,0;0,0;6,0;0,0;0,31;14,0;6,0;42,86;1,44;0,62;0,14;0,33;27,0;6,0;1,0;42,0;0,0;12,0;0,0;;;;;0,0;;;;;;;;;;No;No;No;No;No;No;No;No;No;No
1882;Everton Pereira;fr FRA;MF;Nice;fr Ligue 1;18,0;2007,0;3,0;2,0;135,0;1,5;0,0;0,0;0,0;0,0;0,0;0,0;0,0;0,0;0,0;2,0;0,0;0,0;1,33;0,0;0,0;0,0;0,0;0,0;3,0;0,0;0,0;4,0;0,0;;;;;0,0;;;;;;;;;;No;No;No;No;No;No;No;No;No;No
1883;Mathias Pereira Lage;pt POR;FW, MF;St Pauli;de Bundesliga;29,0;1996,0;24,0;21,0;1672,0;18,58;1,0;2,0;3,0;1,0;0,0;0,0;2,0;0,0;0,16;36,0;14,0;38,89;1,94;0,75;0,03;0,07;54,0;19,0;11,0;31,0;0,0;28,0;0,0;;;;;0,0;;;;;;;;;;No;No;No;No;No;No;No;No;No;No
1884;Ángel Pérez;es ESP;MF;Alavés;es La Liga;23,0;2002,0;6,0;4,0;403,0;4,48;0,0;0,0;0,0;0,0;0,0;0,0;0,0;0,0;0,0;5,0;2,0;40,0;1,12;0,45;0,0;0,0;26,0;4,0;4,0;5,0;0,0;3,0;0,0;;;;;0,0;;;;;;;;;;No;No;No;No;No;No;No;No;No;No
1885;Ayoze Pérez;es ESP;FW;Villarreal;es La Liga;32,0;1993,0;18,0;9,0;819,0;9,1;2,0;3,0;5,0;2,0;0,0;0,0;3,0;0,0;0,55;13,0;5,0;38,46;1,43;0,55;0,15;0,4;7,0;10,0;3,0;18,0;0,0;14,0;0,0;;;;;0,0;;;;;;;;;;No;No;No;No;No;Sí;Sí;No;Sí;Sí
1886;Francisco Perez;es ESP;FW, MF;Rayo Vallecano;es La Liga;23,0;2002,0;24,0;9,0;1013,0;11,26;2,0;1,0;3,0;2,0;0,0;0,0;3,0;0,0;0,27;15,0;8,0;53,33;1,33;0,71;0,13;0,25;37,0;9,0;2,0;13,0;0,0;12,0;0,0;;;;;0,0;;;;;;;;;;No;No;No;No;No;No;No;No;No;No
1887;Joselu Pérez;es ESP;DF;Getafe;es La Liga;22,0;2004,0;2,0;0,0;22,0;0,24;0,0;0,0;0,0;0,0;0,0;0,0;0,0;0,0;0,0;1,0;0,0;0,0;4,09;0,0;0,0;0,0;0,0;0,0;0,0;2,0;0,0;1,0;0,0;;;;;0,0;;;;;;;;;;No;No;No;No;No;No;No;No;No;No
1888;Matías Pérez;cl CHI;DF;Lecce;it Serie A;20,0;2005,0;1,0;1,0;31,0;0,34;0,0;0,0;0,0;0,0;0,0;0,0;0,0;0,0;0,0;0,0;0,0;0,0;0,0;0,0;0,0;0,0;1,0;0,0;0,0;0,0;0,0;0,0;0,0;;;;;0,0;;;;;;;;;;No;No;No;No;No;No;No;No;No;No
1889;Nacho Pérez;es ESP;DF;Levante;es La Liga;17,0;2008,0;2,0;1,0;80,0;0,89;0,0;0,0;0,0;0,0;0,0;0,0;0,0;0,0;0,0;0,0;0,0;0,0;0,0;0,0;0,0;0,0;0,0;1,0;1,0;1,0;0,0;0,0;0,0;;;;;0,0;;;;;;;;;;No;No;No;No;No;No;No;No;No;No
1890;Simone Perilli;it ITA;GK;Hellas Verona;it Serie A;31,0;1995,0;3,0;3,0;270,0;3,0;0,0;0,0;0,0;0,0;0,0;0,0;0,0;0,0;0,0;0,0;0,0;0,0;0,0;0,0;0,0;0,0;0,0;0,0;0,0;0,0;0,0;0,0;0,0;7,0;2,33;15,0;8,0;53,33;0,0;1,0;2,0;1,0;33,33;0,0;0,0;0,0;0,0;No;No;No;No;No;No;No;No;No;No
1891;Mattia Perin;it ITA;GK;Juventus;it Serie A;33,0;1992,0;6,0;6,0;540,0;6,0;0,0;0,0;0,0;0,0;0,0;0,0;0,0;0,0;0,0;0,0;0,0;0,0;0,0;0,0;0,0;0,0;0,0;0,0;0,0;1,0;0,0;0,0;0,0;6,0;1,0;16,0;10,0;62,5;3,0;1,0;2,0;2,0;33,33;0,0;0,0;0,0;0,0;No;No;No;No;No;No;No;No;No;No
1892;Romain Perraud;fr FRA;DF;Lille;fr Ligue 1;28,0;1997,0;22,0;20,0;1670,0;18,56;2,0;3,0;5,0;2,0;0,0;0,0;4,0;1,0;0,27;23,0;10,0;43,48;1,24;0,54;0,09;0,2;99,0;26,0;16,0;39,0;0,0;18,0;0,0;;;;;0,0;;;;;;;;;;No;No;No;No;No;No;No;No;No;No
1893;Lucas Perri;br BRA;GK;Leeds United;eng Premier League;28,0;1997,0;16,0;16,0;1440,0;16,0;0,0;0,0;0,0;0,0;0,0;0,0;2,0;0,0;0,0;0,0;0,0;0,0;0,0;0,0;0,0;0,0;0,0;0,0;0,0;3,0;0,0;1,0;0,0;29,0;1,81;63,0;38,0;60,32;4,0;6,0;6,0;3,0;18,75;4,0;4,0;0,0;0,0;No;No;No;No;No;No;No;No;No;No
1894;Gaëtan Perrin;fr FRA;FW, MF;Lille;fr Ligue 1;29,0;1996,0;5,0;3,0;262,0;2,91;1,0;0,0;1,0;1,0;0,0;0,0;1,0;0,0;0,34;6,0;3,0;50,0;2,06;1,03;0,17;0,33;27,0;5,0;2,0;1,0;0,0;6,0;0,0;;;;;0,0;;;;;;;;;;No;No;No;No;No;No;No;No;No;No
1895;Máximo Perrone;ar ARG;MF;Como;it Serie A;23,0;2003,0;27,0;25,0;2053,0;22,81;2,0;4,0;6,0;2,0;0,0;0,0;7,0;0,0;0,26;12,0;5,0;41,67;0,53;0,22;0,17;0,4;8,0;29,0;18,0;18,0;0,0;33,0;0,0;;;;;0,0;;;;;;;;;;No;No;No;No;No;No;No;No;No;No
1896;Massimo Pessina;it ITA;GK;Bologna;it Serie A;18,0;2007,0;1,0;0,0;83,0;0,92;0,0;0,0;0,0;0,0;0,0;0,0;0,0;0,0;0,0;0,0;0,0;0,0;0,0;0,0;0,0;0,0;0,0;0,0;0,0;0,0;0,0;0,0;0,0;0,0;0,0;1,0;1,0;100,0;0,0;0,0;0,0;1,0;100,0;0,0;0,0;0,0;0,0;No;No;No;No;No;No;No;No;No;No
1897;Prosper Peter;ng NGA;FW;Angers;fr Ligue 1;18,0;2007,0;23,0;10,0;970,0;10,78;3,0;0,0;3,0;3,0;0,0;0,0;0,0;0,0;0,28;17,0;10,0;58,82;1,58;0,93;0,18;0,3;0,0;2,0;3,0;20,0;0,0;25,0;0,0;;;;;0,0;;;;;;;;;;No;No;No;No;No;No;No;No;No;No
1898;Léo Pétrot;fr FRA;DF;Elche;es La Liga;28,0;1997,0;25,0;14,0;1252,0;13,91;0,0;0,0;0,0;0,0;0,0;0,0;1,0;0,0;0,0;6,0;0,0;0,0;0,43;0,0;0,0;0,0;15,0;19,0;10,0;5,0;0,0;13,0;0,0;;;;;0,0;;;;;;;;;;No;No;No;No;No;No;No;No;No;No
1899;Đorđe Petrović;rs SRB;GK;Bournemouth;eng Premier League;26,0;1999,0;30,0;30,0;2700,0;30,0;0,0;0,0;0,0;0,0;0,0;0,0;2,0;0,0;0,0;0,0;0,0;0,0;0,0;0,0;0,0;0,0;0,0;0,0;0,0;2,0;0,0;0,0;1,0;46,0;1,53;132,0;90,0;68,18;9,0;14,0;7,0;9,0;30,0;4,0;4,0;0,0;0,0;No;No;No;No;No;No;No;No;No;No
1900;Giuseppe Pezzella;it ITA;MF;Cremonese;it Serie A;28,0;1997,0;22,0;21,0;1807,0;20,08;0,0;1,0;1,0;0,0;0,0;0,0;7,0;1,0;0,05;3,0;0,0;0,0;0,15;0,0;0,0;0,0;90,0;23,0;8,0;21,0;0,0;32,0;0,0;;;;;0,0;;;;;;;;;;No;No;No;No;No;No;No;No;No;No
1901;Immanuel Pherai;sr SUR;FW, MF;Hamburger SV;de Bundesliga;24,0;2001,0;6,0;0,0;35,0;0,39;0,0;0,0;0,0;0,0;0,0;0,0;2,0;1,0;0,0;1,0;0,0;0,0;2,57;0,0;0,0;0,0;4,0;1,0;0,0;2,0;1,0;4,0;0,0;;;;;0,0;;;;;;;;;;No;No;No;No;No;No;No;No;No;No
1902;Rayan Philippe;fr FRA;FW, MF;Hamburger SV;de Bundesliga;25,0;2000,0;22,0;11,0;1090,0;12,11;5,0;0,0;5,0;5,0;0,0;1,0;2,0;0,0;0,41;32,0;14,0;43,75;2,64;1,16;0,16;0,36;26,0;10,0;2,0;6,0;0,0;20,0;0,0;;;;;0,0;;;;;;;;;;No;No;No;No;No;No;No;No;No;No
1903;Gabriele Piccinini;it ITA;MF;Pisa;it Serie A;24,0;2001,0;17,0;5,0;657,0;7,3;0,0;0,0;0,0;0,0;0,0;0,0;2,0;0,0;0,0;13,0;6,0;46,15;1,78;0,82;0,0;0,0;17,0;9,0;1,0;10,0;0,0;5,0;0,0;;;;;0,0;;;;;;;;;;No;No;No;No;No;No;No;No;No;No
1904;Roberto Piccoli;it ITA;FW;Fiorentina;it Serie A;25,0;2001,0;25,0;12,0;1245,0;13,83;3,0;1,0;4,0;3,0;0,0;0,0;0,0;0,0;0,29;40,0;14,0;35,0;2,89;1,01;0,08;0,21;4,0;0,0;3,0;33,0;0,0;25,0;0,0;;;;;0,0;;;;;;;;;;No;No;No;No;No;No;No;No;No;No
1905;Charles Pickel;cd COD;MF;Espanyol;es La Liga;28,0;1997,0;17,0;4,0;553,0;6,14;1,0;0,0;1,0;1,0;0,0;0,0;3,0;2,0;0,16;8,0;3,0;37,5;1,3;0,49;0,12;0,33;2,0;4,0;4,0;1,0;1,0;11,0;0,0;;;;;0,0;;;;;;;;;;No;No;No;No;No;No;No;No;No;No
1906;Jordan Pickford;eng ENG;GK;Everton;eng Premier League;32,0;1994,0;30,0;30,0;2700,0;30,0;0,0;0,0;0,0;0,0;0,0;0,0;2,0;0,0;0,0;0,0;0,0;0,0;0,0;0,0;0,0;0,0;0,0;1,0;0,0;6,0;0,0;0,0;0,0;35,0;1,17;113,0;81,0;71,68;12,0;7,0;11,0;10,0;33,33;3,0;2,0;1,0;0,0;No;No;No;No;No;No;No;No;No;No
1907;Amos Pieper;de GER;DF;Werder Bremen;de Bundesliga;28,0;1998,0;12,0;12,0;959,0;10,66;0,0;0,0;0,0;0,0;0,0;0,0;3,0;0,0;0,0;8,0;2,0;25,0;0,75;0,19;0,0;0,0;4,0;17,0;20,0;9,0;0,0;7,0;0,0;;;;;0,0;;;;;;;;;;No;No;No;No;No;No;No;No;No;No
1908;Marvin Pieringer;de GER;FW;Heidenheim;de Bundesliga;26,0;1999,0;19,0;13,0;1068,0;11,87;2,0;0,0;2,0;2,0;0,0;0,0;2,0;0,0;0,17;19,0;4,0;21,05;1,6;0,34;0,11;0,5;14,0;12,0;8,0;19,0;0,0;26,0;0,0;;;;;0,0;;;;;;;;;;No;No;No;No;No;No;No;No;No;No
1909;Nicholas Pierini;it ITA;FW, MF;Sassuolo;it Serie A;27,0;1998,0;11,0;0,0;142,0;1,58;0,0;0,0;0,0;0,0;0,0;0,0;1,0;0,0;0,0;5,0;2,0;40,0;3,17;1,27;0,0;0,0;9,0;4,0;2,0;3,0;0,0;1,0;0,0;;;;;0,0;;;;;;;;;;No;No;No;No;No;No;No;No;No;No
1910;Santiago Pierotti;ar ARG;FW, MF;Lecce;it Serie A;24,0;2001,0;28,0;22,0;1826,0;20,29;1,0;0,0;1,0;1,0;0,0;0,0;1,0;0,0;0,05;23,0;5,0;21,74;1,13;0,25;0,04;0,2;13,0;36,0;14,0;13,0;0,0;47,0;0,0;;;;;0,0;;;;;;;;;;No;No;No;No;No;No;No;No;No;No
1911;Balthazar Pierret;fr FRA;MF;Lecce;it Serie A;25,0;2000,0;3,0;0,0;27,0;0,3;0,0;0,0;0,0;0,0;0,0;0,0;0,0;0,0;0,0;0,0;0,0;0,0;0,0;0,0;0,0;0,0;0,0;1,0;0,0;2,0;0,0;0,0;0,0;;;;;0,0;;;;;;;;;;No;No;No;No;No;No;No;No;No;No
1912;Andrea Pinamonti;it ITA;FW;Sassuolo;it Serie A;26,0;1999,0;27,0;26,0;2024,0;22,49;6,0;3,0;9,0;6,0;0,0;1,0;1,0;1,0;0,4;56,0;24,0;42,86;2,49;1,07;0,11;0,25;8,0;4,0;0,0;25,0;0,0;10,0;0,0;;;;;0,0;;;;;;;;;;No;No;No;No;No;No;No;No;No;No
1913;Thiago Pinar;es ESP;MF;Real Madrid;es La Liga;18,0;2007,0;3,0;3,0;206,0;2,29;0,0;0,0;0,0;0,0;0,0;0,0;0,0;0,0;0,0;3,0;1,0;33,33;1,31;0,44;0,0;0,0;0,0;1,0;2,0;0,0;0,0;6,0;0,0;;;;;0,0;;;;;;;;;;No;No;No;No;No;No;No;No;No;No
1914;Lander Pinillos;es ESP;MF;Alavés;es La Liga;22,0;2003,0;1,0;0,0;2,0;0,02;0,0;0,0;0,0;0,0;0,0;0,0;0,0;0,0;0,0;0,0;0,0;0,0;0,0;0,0;0,0;0,0;1,0;0,0;0,0;0,0;0,0;0,0;0,0;;;;;0,0;;;;;;;;;;No;No;No;No;No;No;No;No;No;No
1915;Ethan Pinnock;jm JAM;DF;Brentford;eng Premier League;32,0;1993,0;3,0;3,0;228,0;2,53;0,0;0,0;0,0;0,0;0,0;0,0;1,0;0,0;0,0;0,0;0,0;0,0;0,0;0,0;0,0;0,0;0,0;4,0;4,0;2,0;0,0;0,0;1,0;;;;;0,0;;;;;;;;;;No;No;No;No;No;No;No;No;No;No
1916;Yeremi Pino;es ESP;MF;Crystal Palace;eng Premier League;23,0;2002,0;29,0;23,0;1880,0;20,89;2,0;2,0;4,0;2,0;0,0;0,0;4,0;0,0;0,19;40,0;11,0;27,5;1,91;0,53;0,05;0,18;77,0;18,0;9,0;21,0;0,0;27,0;0,0;;;;;0,0;;;;;;;;;;Sí;Sí;Sí;Sí;Sí;Sí;Sí;Sí;Sí;No
1917;Jakub Piotrowski;pl POL;MF;Udinese;it Serie A;28,0;1997,0;25,0;15,0;1314,0;14,6;1,0;1,0;2,0;1,0;0,0;0,0;2,0;0,0;0,14;25,0;6,0;24,0;1,71;0,41;0,04;0,17;23,0;19,0;12,0;25,0;0,0;21,0;0,0;;;;;0,0;;;;;;;;;;No;No;No;No;No;No;No;No;No;No
1918;Joël Piroe;nl NED;FW;Leeds United;eng Premier League;26,0;1999,0;13,0;2,0;226,0;2,51;0,0;0,0;0,0;0,0;0,0;0,0;0,0;0,0;0,0;11,0;2,0;18,18;4,38;0,8;0,0;0,0;4,0;1,0;1,0;0,0;0,0;3,0;0,0;;;;;0,0;;;;;;;;;;No;No;No;No;No;No;No;No;No;No
1919;Niccolò Pisilli;it ITA;MF;Roma;it Serie A;21,0;2004,0;16,0;6,0;692,0;7,69;1,0;2,0;3,0;1,0;0,0;0,0;0,0;0,0;0,39;12,0;4,0;33,33;1,56;0,52;0,08;0,25;5,0;9,0;15,0;1,0;0,0;10,0;0,0;;;;;0,0;;;;;;;;;;No;No;No;No;No;No;No;No;No;No
1920;Damián Pizarro;cl CHI;FW;Le Havre;fr Ligue 1;20,0;2005,0;2,0;0,0;28,0;0,31;0,0;0,0;0,0;0,0;0,0;0,0;0,0;0,0;0,0;0,0;0,0;0,0;0,0;0,0;0,0;0,0;0,0;0,0;0,0;1,0;0,0;1,0;0,0;;;;;0,0;;;;;;;;;;No;No;No;No;No;No;No;No;No;No
1921;Tommaso Pobega;it ITA;MF;Bologna;it Serie A;26,0;1999,0;20,0;13,0;1137,0;12,63;2,0;1,0;3,0;2,0;0,0;0,0;1,0;1,0;0,24;22,0;9,0;40,91;1,74;0,71;0,09;0,22;2,0;15,0;18,0;12,0;0,0;27,0;0,0;;;;;0,0;;;;;;;;;;No;No;No;No;No;No;No;No;No;No
1922;Paul Pogba;fr FRA;MF;Monaco;fr Ligue 1;33,0;1993,0;3,0;0,0;33,0;0,37;0,0;0,0;0,0;0,0;0,0;0,0;0,0;0,0;0,0;0,0;0,0;0,0;0,0;0,0;0,0;0,0;1,0;2,0;1,0;0,0;0,0;1,0;0,0;;;;;0,0;;;;;;;;;;No;No;No;No;No;No;No;No;No;No
1923;Ernest Poku;nl NED;MF;Leverkusen;de Bundesliga;22,0;2004,0;24,0;15,0;1383,0;15,37;5,0;4,0;9,0;5,0;0,0;0,0;0,0;0,0;0,59;26,0;9,0;34,62;1,69;0,59;0,19;0,56;12,0;9,0;8,0;17,0;0,0;4,0;0,0;;;;;0,0;;;;;;;;;;No;No;No;No;No;No;No;No;No;No
1924;Matteo Politano;it ITA;FW, MF;Napoli;it Serie A;32,0;1993,0;26,0;19,0;1654,0;18,38;1,0;5,0;6,0;1,0;0,0;0,0;1,0;0,0;0,33;39,0;9,0;23,08;2,12;0,49;0,03;0,11;136,0;10,0;3,0;23,0;0,0;15,0;0,0;;;;;0,0;;;;;;;;;;No;No;No;No;No;No;No;No;No;No
1925;Oumar Pona;fr FRA;GK;Angers;fr Ligue 1;19,0;2006,0;1,0;1,0;90,0;1,0;0,0;0,0;0,0;0,0;0,0;0,0;1,0;0,0;0,0;0,0;0,0;0,0;0,0;0,0;0,0;0,0;0,0;0,0;0,0;2,0;0,0;0,0;0,0;2,0;2,0;4,0;2,0;50,0;0,0;0,0;1,0;0,0;0,0;0,0;0,0;0,0;0,0;No;No;No;No;No;No;No;No;No;No
1926;Marin Pongračić;hr CRO;DF;Fiorentina;it Serie A;28,0;1997,0;27,0;27,0;2379,0;26,43;0,0;0,0;0,0;0,0;0,0;0,0;9,0;0,0;0,0;8,0;1,0;12,5;0,3;0,04;0,0;0,0;4,0;12,0;33,0;19,0;0,0;56,0;0,0;;;;;0,0;;;;;;;;;;No;No;No;No;No;No;No;No;No;No
1927;Nick Pope;eng ENG;GK;Newcastle United;eng Premier League;33,0;1992,0;22,0;22,0;1966,0;21,84;0,0;0,0;0,0;0,0;0,0;0,0;1,0;0,0;0,0;1,0;1,0;100,0;0,05;0,05;0,0;0,0;0,0;1,0;0,0;2,0;0,0;0,0;0,0;32,0;1,46;97,0;67,0;69,07;8,0;4,0;10,0;7,0;31,82;2,0;2,0;0,0;0,0;No;No;No;No;No;No;No;No;No;No
1928;Pedro Porro;es ESP;DF;Tottenham Hotspur;eng Premier League;26,0;1999,0;26,0;24,0;2076,0;23,07;0,0;2,0;2,0;0,0;0,0;0,0;6,0;0,0;0,09;20,0;2,0;10,0;0,87;0,09;0,0;0,0;168,0;33,0;18,0;20,0;0,0;25,0;0,0;;;;;0,0;;;;;;;;;;Sí;Sí;Sí;Sí;Sí;Sí;Sí;Sí;No;No
1929;Portu;es ESP;FW, MF;Girona;es La Liga;33,0;1992,0;10,0;4,0;474,0;5,27;0,0;0,0;0,0;0,0;0,0;0,0;2,0;0,0;0,0;9,0;5,0;55,56;1,71;0,95;0,0;0,0;18,0;1,0;2,0;4,0;0,0;6,0;0,0;;;;;0,0;;;;;;;;;;No;No;No;No;No;No;No;No;No;No
1930;Stefan Posch;at AUT;DF;Mainz 05;de Bundesliga;28,0;1997,0;22,0;11,0;1113,0;12,37;1,0;0,0;1,0;1,0;0,0;0,0;5,0;0,0;0,08;13,0;4,0;30,77;1,05;0,32;0,08;0,25;18,0;14,0;13,0;13,0;0,0;15,0;0,0;;;;;0,0;;;;;;;;;;No;No;No;No;No;No;No;No;No;No
1931;Freddie Potts;eng ENG;MF;West Ham United;eng Premier League;22,0;2003,0;19,0;11,0;1101,0;12,23;0,0;1,0;1,0;0,0;0,0;0,0;1,0;0,0;0,08;3,0;1,0;33,33;0,25;0,08;0,0;0,0;34,0;18,0;14,0;14,0;0,0;13,0;0,0;;;;;0,0;;;;;;;;;;No;No;No;No;No;No;No;No;No;No
1932;Kacper Potulski;pl POL;DF;Mainz 05;de Bundesliga;18,0;2007,0;11,0;7,0;771,0;8,57;1,0;0,0;1,0;1,0;0,0;0,0;3,0;0,0;0,12;9,0;2,0;22,22;1,05;0,23;0,11;0,5;2,0;9,0;16,0;1,0;0,0;11,0;0,0;;;;;0,0;;;;;;;;;;No;No;No;No;No;No;No;No;No;No
1933;Yussuf Poulsen;dk DEN;FW;Hamburger SV;de Bundesliga;31,0;1994,0;12,0;1,0;301,0;3,34;1,0;0,0;1,0;1,0;0,0;0,0;4,0;0,0;0,3;7,0;3,0;42,86;2,09;0,9;0,14;0,33;2,0;2,0;1,0;3,0;0,0;12,0;0,0;;;;;0,0;;;;;;;;;;No;No;No;No;No;No;No;No;No;No
1934;Beñat Prados;es ESP;MF;Athletic Club;es La Liga;25,0;2001,0;2,0;1,0;85,0;0,94;0,0;0,0;0,0;0,0;0,0;0,0;1,0;0,0;0,0;1,0;0,0;0,0;1,06;0,0;0,0;0,0;0,0;2,0;2,0;0,0;0,0;5,0;0,0;;;;;0,0;;;;;;;;;;No;No;No;No;No;No;No;No;No;No
1935;Alexander Prass;at AUT;MF;Hoffenheim;de Bundesliga;24,0;2001,0;24,0;10,0;999,0;11,1;3,0;2,0;5,0;3,0;0,0;0,0;2,0;0,0;0,45;16,0;9,0;56,25;1,44;0,81;0,19;0,33;36,0;20,0;6,0;17,0;0,0;22,0;0,0;;;;;0,0;;;;;;;;;;No;No;No;No;No;No;No;No;No;No
1936;Matteo Prati;it ITA;MF;Torino;it Serie A;22,0;2003,0;26,0;18,0;1563,0;17,37;1,0;0,0;1,0;1,0;0,0;0,0;5,0;0,0;0,06;25,0;1,0;4,0;1,44;0,06;0,04;1,0;13,0;13,0;15,0;5,0;0,0;20,0;0,0;;;;;0,0;;;;;;;;;;No;No;No;No;No;No;No;No;No;No
1937;Abdón Prats;es ESP;FW;Mallorca;es La Liga;33,0;1992,0;10,0;0,0;93,0;1,03;0,0;0,0;0,0;0,0;0,0;0,0;0,0;0,0;0,0;4,0;1,0;25,0;3,87;0,97;0,0;0,0;1,0;0,0;0,0;2,0;0,0;2,0;0,0;;;;;0,0;;;;;;;;;;No;No;No;No;No;No;No;No;No;No
1938;Grischa Prömel;de GER;MF;Hoffenheim;de Bundesliga;31,0;1995,0;26,0;13,0;1402,0;15,58;7,0;2,0;9,0;7,0;0,0;0,0;3,0;0,0;0,58;36,0;12,0;33,33;2,31;0,77;0,19;0,58;10,0;15,0;14,0;24,0;0,0;18,0;0,0;;;;;0,0;;;;;;;;;;No;No;No;No;No;No;No;No;No;No
1939;Ivan Provedel;it ITA;GK;Lazio;it Serie A;32,0;1994,0;27,0;27,0;2430,0;27,0;0,0;0,0;0,0;0,0;0,0;0,0;1,0;0,0;0,0;0,0;0,0;0,0;0,0;0,0;0,0;0,0;0,0;0,0;0,0;2,0;0,0;0,0;0,0;27,0;1,0;112,0;87,0;77,68;8,0;10,0;9,0;12,0;44,44;4,0;3,0;1,0;0,0;No;No;No;No;No;No;No;No;No;No
1940;Javi Puado;es ESP;FW, MF;Espanyol;es La Liga;27,0;1998,0;10,0;8,0;674,0;7,49;2,0;0,0;2,0;1,0;1,0;2,0;2,0;0,0;0,13;15,0;9,0;60,0;2,0;1,2;0,13;0,22;21,0;2,0;3,0;7,0;0,0;11,0;0,0;;;;;0,0;;;;;;;;;;No;No;No;No;No;No;No;No;No;No
1941;Marc Pubill;es ESP;DF;Atlético Madrid;es La Liga;22,0;2003,0;12,0;9,0;841,0;9,34;0,0;1,0;1,0;0,0;0,0;0,0;1,0;0,0;0,11;6,0;2,0;33,33;0,64;0,21;0,0;0,0;4,0;7,0;15,0;8,0;0,0;9,0;0,0;;;;;0,0;;;;;;;;;;No;No;No;No;No;No;No;No;No;No
1942;Cameron Puertas;ch SUI;MF;Werder Bremen;de Bundesliga;27,0;1998,0;21,0;15,0;1282,0;14,24;0,0;1,0;1,0;0,0;0,0;0,0;4,0;0,0;0,07;26,0;4,0;15,38;1,83;0,28;0,0;0,0;52,0;30,0;13,0;17,0;0,0;26,0;0,0;;;;;0,0;;;;;;;;;;No;No;No;No;No;No;No;No;No;No
1943;Christian Pulisic;us USA;FW;Milan;it Serie A;27,0;1998,0;22,0;14,0;1213,0;13,48;8,0;2,0;10,0;8,0;0,0;1,0;0,0;0,0;0,74;44,0;23,0;52,27;3,26;1,71;0,18;0,35;29,0;6,0;3,0;18,0;0,0;10,0;0,0;;;;;0,0;;;;;;;;;;No;No;No;No;No;No;No;No;No;No
1944;Arkadiusz Pyrka;pl POL;MF;St Pauli;de Bundesliga;23,0;2002,0;23,0;22,0;1856,0;20,62;0,0;1,0;1,0;0,0;0,0;0,0;3,0;0,0;0,05;14,0;3,0;21,43;0,68;0,15;0,0;0,0;33,0;15,0;18,0;22,0;0,0;13,0;0,0;;;;;0,0;;;;;;;;;;No;No;No;No;No;No;No;No;No;No
1945;Jarell Quansah;eng ENG;DF;Leverkusen;de Bundesliga;23,0;2003,0;22,0;19,0;1789,0;19,88;3,0;0,0;3,0;3,0;0,0;0,0;7,0;0,0;0,15;11,0;6,0;54,55;0,55;0,3;0,27;0,5;20,0;18,0;19,0;18,0;0,0;14,0;0,0;;;;;0,0;;;;;;;;;;No;No;No;No;No;No;No;No;No;No
1946;Leopold Querfeld;at AUT;DF;Union Berlin;de Bundesliga;22,0;2003,0;25,0;25,0;2250,0;25,0;2,0;0,0;2,0;0,0;2,0;3,0;6,0;0,0;0,0;26,0;9,0;34,62;1,04;0,36;0,08;0,22;2,0;21,0;28,0;26,0;0,0;40,0;0,0;;;;;0,0;;;;;;;;;;No;No;No;No;No;No;No;No;No;No
1947;Kenny Quetant;fr FRA;FW;Le Havre;fr Ligue 1;19,0;2006,0;9,0;4,0;372,0;4,13;1,0;0,0;1,0;1,0;0,0;0,0;1,0;0,0;0,24;8,0;2,0;25,0;1,94;0,48;0,12;0,5;1,0;0,0;1,0;3,0;0,0;6,0;0,0;;;;;0,0;;;;;;;;;;No;No;No;No;No;No;No;No;No;No
1948;Matheo Raab;de GER;GK;Union Berlin;de Bundesliga;27,0;1998,0;1,0;1,0;90,0;1,0;0,0;0,0;0,0;0,0;0,0;0,0;0,0;0,0;0,0;0,0;0,0;0,0;0,0;0,0;0,0;0,0;0,0;0,0;0,0;0,0;0,0;0,0;0,0;0,0;0,0;6,0;6,0;100,0;1,0;0,0;0,0;1,0;100,0;0,0;0,0;0,0;0,0;No;No;No;No;No;No;No;No;No;No
1949;Dani Raba;es ESP;FW;Valencia;es La Liga;30,0;1995,0;12,0;3,0;261,0;2,9;0,0;1,0;1,0;0,0;0,0;0,0;0,0;0,0;0,34;7,0;1,0;14,29;2,41;0,34;0,0;0,0;12,0;4,0;4,0;2,0;0,0;6,0;0,0;;;;;0,0;;;;;;;;;;No;No;No;No;No;No;No;No;No;No
1950;Adrien Rabiot;fr FRA;MF;Milan;it Serie A;30,0;1995,0;21,0;20,0;1830,0;20,33;4,0;4,0;8,0;4,0;0,0;0,0;7,0;1,0;0,39;30,0;6,0;20,0;1,48;0,3;0,13;0,67;46,0;21,0;10,0;35,0;1,0;25,0;0,0;;;;;0,0;;;;;;;;;;No;No;No;No;No;No;No;No;No;No
1951;Uroš Radaković;rs SRB;DF;Nantes;fr Ligue 1;31,0;1994,0;4,0;0,0;24,0;0,27;0,0;0,0;0,0;0,0;0,0;0,0;0,0;0,0;0,0;0,0;0,0;0,0;0,0;0,0;0,0;0,0;0,0;0,0;0,0;0,0;0,0;1,0;0,0;;;;;0,0;;;;;;;;;;No;No;No;No;No;No;No;No;No;No
1952;Ionuț Radu;ro ROU;GK;Celta Vigo;es La Liga;28,0;1997,0;28,0;28,0;2520,0;28,0;0,0;0,0;0,0;0,0;0,0;0,0;0,0;0,0;0,0;0,0;0,0;0,0;0,0;0,0;0,0;0,0;0,0;0,0;0,0;7,0;0,0;0,0;0,0;31,0;1,11;106,0;80,0;75,47;10,0;11,0;7,0;8,0;28,57;8,0;3,0;2,0;3,0;No;No;No;No;No;No;No;No;No;No
1953;Ugo Raghouber;fr FRA;MF;Levante;es La Liga;22,0;2003,0;8,0;5,0;426,0;4,73;0,0;0,0;0,0;0,0;0,0;0,0;0,0;0,0;0,0;1,0;0,0;0,0;0,21;0,0;0,0;0,0;1,0;4,0;6,0;8,0;0,0;4,0;0,0;;;;;0,0;;;;;;;;;;No;No;No;No;No;No;No;No;No;No
1954;Antonio Raillo;es ESP;DF;Mallorca;es La Liga;34,0;1991,0;22,0;22,0;1942,0;21,58;0,0;1,0;1,0;0,0;0,0;0,0;3,0;0,0;0,05;12,0;1,0;8,33;0,56;0,05;0,0;0,0;4,0;12,0;11,0;14,0;0,0;23,0;0,0;;;;;0,0;;;;;;;;;;No;No;No;No;No;No;No;No;No;No
1955;Ylber Ramadani;al ALB;MF;Lecce;it Serie A;29,0;1996,0;28,0;28,0;2429,0;26,99;1,0;0,0;1,0;1,0;0,0;0,0;7,0;0,0;0,04;25,0;5,0;20,0;0,93;0,19;0,04;0,2;14,0;38,0;34,0;44,0;0,0;36,0;0,0;;;;;0,0;;;;;;;;;;No;No;No;No;No;No;No;No;No;No
1956;Diant Ramaj;de GER;GK;Heidenheim;de Bundesliga;24,0;2001,0;25,0;25,0;2250,0;25,0;0,0;0,0;0,0;0,0;0,0;0,0;1,0;0,0;0,0;0,0;0,0;0,0;0,0;0,0;0,0;0,0;0,0;0,0;0,0;2,0;0,0;2,0;0,0;56,0;2,24;135,0;84,0;62,22;3,0;5,0;17,0;0,0;0,0;6,0;5,0;0,0;1,0;No;No;No;No;No;No;No;No;No;No
1957;Largie Ramazani;be BEL;MF;Valencia;es La Liga;25,0;2001,0;17,0;5,0;638,0;7,09;4,0;1,0;5,0;1,0;3,0;3,0;4,0;0,0;0,28;26,0;9,0;34,62;3,67;1,27;0,15;0,44;21,0;6,0;8,0;10,0;0,0;13,0;0,0;;;;;0,0;;;;;;;;;;No;No;No;No;No;No;No;No;No;No
1958;Jacobo Ramón;es ESP;DF;Como;it Serie A;21,0;2005,0;26,0;25,0;2247,0;24,97;2,0;0,0;2,0;2,0;0,0;0,0;7,0;1,0;0,08;29,0;6,0;20,69;1,16;0,24;0,07;0,33;9,0;29,0;32,0;7,0;0,0;26,0;0,0;;;;;0,0;;;;;;;;;;No;No;No;No;No;No;No;No;No;No
1959;Gonçalo Ramos;pt POR;FW;Paris Saint-Germain;fr Ligue 1;24,0;2001,0;23,0;10,0;1025,0;11,39;5,0;1,0;6,0;4,0;1,0;1,0;2,0;0,0;0,44;47,0;21,0;44,68;4,13;1,84;0,11;0,24;1,0;10,0;3,0;15,0;0,0;18,0;0,0;;;;;0,0;;;;;;;;;;No;No;No;No;No;No;No;No;No;No
1960;Guilherme Ramos;pt POR;DF;Hamburger SV;de Bundesliga;28,0;1997,0;8,0;0,0;48,0;0,53;0,0;0,0;0,0;0,0;0,0;0,0;0,0;0,0;0,0;1,0;1,0;100,0;1,88;1,88;0,0;0,0;0,0;0,0;0,0;1,0;0,0;1,0;0,0;;;;;0,0;;;;;;;;;;No;No;No;No;No;No;No;No;No;No
1961;Aaron Ramsdale;eng ENG;GK;Newcastle United;eng Premier League;27,0;1998,0;9,0;8,0;734,0;8,16;0,0;0,0;0,0;0,0;0,0;0,0;1,0;0,0;0,0;0,0;0,0;0,0;0,0;0,0;0,0;0,0;0,0;0,0;0,0;0,0;0,0;0,0;0,0;11,0;1,35;25,0;16,0;64,0;4,0;2,0;2,0;1,0;11,11;2,0;2,0;0,0;0,0;No;No;No;No;No;No;No;No;No;No
1962;Jacob Ramsey;eng ENG;MF;Newcastle United;eng Premier League;24,0;2001,0;20,0;10,0;991,0;11,01;2,0;1,0;3,0;2,0;0,0;0,0;5,0;1,0;0,27;12,0;4,0;33,33;1,09;0,36;0,17;0,5;7,0;10,0;7,0;11,0;1,0;14,0;0,0;;;;;0,0;;;;;;;;;;No;No;No;No;No;No;No;No;No;No
1963;Luca Ranieri;it ITA;DF;Fiorentina;it Serie A;26,0;1999,0;26,0;21,0;1765,0;19,61;1,0;0,0;1,0;1,0;0,0;0,0;7,0;0,0;0,05;15,0;3,0;20,0;0,76;0,15;0,07;0,33;26,0;18,0;14,0;23,0;0,0;20,0;0,0;;;;;0,0;;;;;;;;;;No;No;No;No;No;No;No;No;No;No
1964;Grant Ranos;am ARM;FW;Gladbach;de Bundesliga;22,0;2003,0;8,0;0,0;119,0;1,32;1,0;0,0;1,0;1,0;0,0;0,0;1,0;0,0;0,76;4,0;2,0;50,0;3,03;1,51;0,25;0,5;5,0;1,0;1,0;1,0;0,0;1,0;0,0;;;;;0,0;;;;;;;;;;No;No;No;No;No;No;No;No;No;No
1965;Lilian Raolisoa;fr FRA;FW, MF;Angers;fr Ligue 1;25,0;2000,0;24,0;14,0;1343,0;14,92;2,0;1,0;3,0;2,0;0,0;0,0;2,0;0,0;0,2;12,0;4,0;33,33;0,8;0,27;0,17;0,5;66,0;19,0;9,0;12,0;0,0;22,0;0,0;;;;;0,0;;;;;;;;;;No;No;No;No;No;No;No;No;No;No
1966;Raphinha;br BRA;FW, MF;Barcelona;es La Liga;29,0;1996,0;19,0;16,0;1201,0;13,34;11,0;3,0;14,0;8,0;3,0;3,0;3,0;0,0;0,82;53,0;17,0;32,08;3,97;1,27;0,21;0,65;61,0;3,0;5,0;9,0;0,0;9,0;0,0;;;;;0,0;;;;;;;;;;No;No;No;No;No;No;No;No;No;No
1967;Marcus Rashford;eng ENG;FW, MF;Barcelona;es La Liga;28,0;1997,0;23,0;14,0;1328,0;14,76;4,0;6,0;10,0;4,0;0,0;0,0;2,0;0,0;0,68;65,0;22,0;33,85;4,41;1,49;0,06;0,18;88,0;7,0;1,0;18,0;0,0;6,0;0,0;;;;;0,0;;;;;;;;;;No;No;No;No;No;No;No;No;No;No
1968;Mathias Rasmussen;no NOR;MF;St Pauli;de Bundesliga;28,0;1997,0;5,0;3,0;288,0;3,2;0,0;0,0;0,0;0,0;0,0;0,0;0,0;0,0;0,0;3,0;0,0;0,0;0,94;0,0;0,0;0,0;5,0;1,0;2,0;5,0;0,0;5,0;0,0;;;;;0,0;;;;;;;;;;No;No;No;No;No;No;No;No;No;No
1969;Giacomo Raspadori;it ITA;FW, MF;Atalanta;it Serie A;26,0;2000,0;16,0;3,0;483,0;5,37;1,0;2,0;3,0;1,0;0,0;0,0;1,0;0,0;0,56;17,0;8,0;47,06;3,17;1,49;0,06;0,12;29,0;2,0;0,0;9,0;0,0;4,0;0,0;;;;;0,0;;;;;;;;;;No;No;No;No;No;No;No;No;No;No
1970;Andrei Ratiu;ro ROU;DF;Rayo Vallecano;es La Liga;27,0;1998,0;25,0;24,0;2133,0;23,7;0,0;3,0;3,0;0,0;0,0;0,0;6,0;0,0;0,13;25,0;8,0;32,0;1,05;0,34;0,0;0,0;77,0;27,0;34,0;17,0;0,0;16,0;0,0;;;;;0,0;;;;;;;;;;No;No;No;No;No;No;No;No;No;No
1971;Petar Ratkov;rs SRB;FW;Lazio;it Serie A;22,0;2003,0;7,0;2,0;221,0;2,46;0,0;0,0;0,0;0,0;0,0;0,0;0,0;0,0;0,0;5,0;0,0;0,0;2,04;0,0;0,0;0,0;0,0;2,0;1,0;3,0;0,0;0,0;0,0;;;;;0,0;;;;;;;;;;No;No;No;No;No;No;No;No;No;No
1972;Raúl;es ESP;FW;Osasuna;es La Liga;25,0;2000,0;26,0;5,0;778,0;8,64;5,0;0,0;5,0;5,0;0,0;0,0;1,0;1,0;0,58;26,0;15,0;57,69;3,01;1,74;0,19;0,33;6,0;12,0;7,0;11,0;0,0;7,0;0,0;;;;;0,0;;;;;;;;;;No;No;No;No;No;No;No;No;No;No
1973;David Raum;de GER;DF;RB Leipzig;de Bundesliga;27,0;1998,0;25,0;25,0;2212,0;24,58;3,0;5,0;8,0;2,0;1,0;1,0;6,0;0,0;0,28;21,0;6,0;28,57;0,85;0,24;0,14;0,5;217,0;31,0;29,0;12,0;0,0;25,0;0,0;;;;;0,0;;;;;;;;;;No;No;No;No;No;No;No;No;No;No
1974;Federico Ravaglia;it ITA;GK;Bologna;it Serie A;26,0;1999,0;13,0;12,0;1110,0;12,33;0,0;0,0;0,0;0,0;0,0;0,0;3,0;0,0;0,0;0,0;0,0;0,0;0,0;0,0;0,0;0,0;0,0;1,0;0,0;3,0;0,0;1,0;0,0;22,0;1,78;66,0;45,0;68,18;3,0;3,0;6,0;2,0;15,38;1,0;1,0;0,0;0,0;No;No;No;No;No;No;No;No;No;No
1975;David Raya;es ESP;GK;Arsenal;eng Premier League;30,0;1995,0;31,0;31,0;2790,0;31,0;0,0;0,0;0,0;0,0;0,0;0,0;1,0;0,0;0,0;0,0;0,0;0,0;0,0;0,0;0,0;0,0;1,0;1,0;1,0;9,0;0,0;0,0;0,0;22,0;0,71;72,0;49,0;68,06;21,0;7,0;3,0;15,0;48,39;0,0;0,0;0,0;0,0;Sí;Sí;Sí;Sí;Sí;Sí;Sí;Sí;Sí;Sí
1976;Abde Rebbach;dz ALG;MF;Alavés;es La Liga;27,0;1998,0;21,0;8,0;822,0;9,13;0,0;0,0;0,0;0,0;0,0;0,0;4,0;0,0;0,0;26,0;8,0;30,77;2,85;0,88;0,0;0,0;63,0;8,0;9,0;18,0;0,0;26,0;0,0;;;;;0,0;;;;;;;;;;No;No;No;No;No;No;No;No;No;No
1977;Federico Redondo;ar ARG;MF;Elche;es La Liga;23,0;2003,0;9,0;1,0;153,0;1,7;0,0;0,0;0,0;0,0;0,0;0,0;0,0;1,0;0,0;1,0;0,0;0,0;0,59;0,0;0,0;0,0;0,0;2,0;4,0;3,0;0,0;7,0;0,0;;;;;0,0;;;;;;;;;;No;No;No;No;No;No;No;No;No;No
1978;Harrison Reed;eng ENG;MF;Fulham;eng Premier League;31,0;1995,0;5,0;0,0;27,0;0,3;1,0;0,0;1,0;1,0;0,0;0,0;0,0;0,0;3,33;1,0;1,0;100,0;3,33;3,33;1,0;1,0;3,0;0,0;0,0;1,0;0,0;0,0;0,0;;;;;0,0;;;;;;;;;;No;No;No;No;No;No;No;No;No;No
1979;Luca Reggiani;it ITA;DF;Dortmund;de Bundesliga;18,0;2008,0;4,0;2,0;199,0;2,21;1,0;0,0;1,0;1,0;0,0;0,0;1,0;0,0;0,45;2,0;1,0;50,0;0,9;0,45;0,5;1,0;1,0;5,0;2,0;0,0;0,0;2,0;0,0;;;;;0,0;;;;;;;;;;No;No;No;No;No;No;No;No;No;No
1980;Alejandro Rego;es ESP;MF;Athletic Club;es La Liga;22,0;2003,0;19,0;5,0;707,0;7,86;1,0;0,0;1,0;1,0;0,0;0,0;5,0;0,0;0,13;10,0;3,0;30,0;1,27;0,38;0,1;0,33;0,0;13,0;13,0;3,0;0,0;23,0;0,0;;;;;0,0;;;;;;;;;;No;No;No;No;No;No;No;No;No;No
1981;Tijjani Reijnders;nl NED;MF;Manchester City;eng Premier League;27,0;1998,0;26,0;17,0;1496,0;16,62;5,0;2,0;7,0;5,0;0,0;0,0;2,0;0,0;0,42;41,0;15,0;36,59;2,47;0,9;0,12;0,33;37,0;4,0;11,0;15,0;0,0;18,0;0,0;;;;;0,0;;;;;;;;;;No;No;No;No;No;No;No;No;No;No
1982;Alberto Reina;es ESP;MF;Oviedo;es La Liga;28,0;1997,0;27,0;21,0;1628,0;18,09;3,0;0,0;3,0;3,0;0,0;0,0;5,0;1,0;0,17;16,0;7,0;43,75;0,88;0,39;0,19;0,43;29,0;12,0;10,0;30,0;1,0;27,0;0,0;;;;;0,0;;;;;;;;;;No;No;No;No;No;No;No;No;No;No
1983;Vitor Reis;br BRA;DF;Girona;es La Liga;20,0;2006,0;26,0;25,0;2238,0;24,87;1,0;1,0;2,0;1,0;0,0;0,0;6,0;1,0;0,08;12,0;2,0;16,67;0,48;0,08;0,08;0,5;0,0;21,0;22,0;14,0;0,0;22,0;1,0;;;;;0,0;;;;;;;;;;No;No;No;No;No;No;No;No;No;No
1984;Rocco Reitz;de GER;MF;Gladbach;de Bundesliga;23,0;2002,0;24,0;24,0;2019,0;22,43;0,0;2,0;2,0;0,0;0,0;0,0;6,0;1,0;0,09;34,0;11,0;32,35;1,52;0,49;0,0;0,0;70,0;31,0;38,0;46,0;0,0;29,0;0,0;;;;;0,0;;;;;;;;;;No;No;No;No;No;No;No;No;No;No
1985;Nicolai Remberg;de GER;MF;Hamburger SV;de Bundesliga;25,0;2000,0;25,0;25,0;2250,0;25,0;0,0;1,0;1,0;0,0;0,0;0,0;9,0;0,0;0,04;15,0;7,0;46,67;0,6;0,28;0,0;0,0;4,0;21,0;37,0;42,0;0,0;35,0;0,0;;;;;0,0;;;;;;;;;;No;No;No;No;No;No;No;No;No;No
1986;Álex Remiro;es ESP;GK;Real Sociedad;es La Liga;30,0;1995,0;28,0;28,0;2520,0;28,0;0,0;0,0;0,0;0,0;0,0;0,0;0,0;0,0;0,0;0,0;0,0;0,0;0,0;0,0;0,0;0,0;0,0;1,0;1,0;4,0;0,0;0,0;1,0;42,0;1,5;105,0;68,0;64,76;10,0;8,0;10,0;2,0;7,14;5,0;5,0;0,0;0,0;Sí;Sí;Sí;Sí;Sí;Sí;Sí;Sí;Sí;Sí
1987;Devyne Rensch;nl NED;DF, MF;Roma;it Serie A;23,0;2003,0;16,0;7,0;671,0;7,46;0,0;1,0;1,0;0,0;0,0;0,0;0,0;0,0;0,13;4,0;1,0;25,0;0,54;0,13;0,0;0,0;13,0;11,0;9,0;11,0;0,0;4,0;0,0;;;;;0,0;;;;;;;;;;No;No;No;No;No;No;No;No;No;No
1988;Guillaume Restes;fr FRA;GK;Toulouse;fr Ligue 1;21,0;2005,0;26,0;26,0;2309,0;25,66;0,0;0,0;0,0;0,0;0,0;0,0;3,0;0,0;0,0;0,0;0,0;0,0;0,0;0,0;0,0;0,0;0,0;0,0;1,0;8,0;0,0;0,0;0,0;31,0;1,21;83,0;56,0;67,47;9,0;7,0;10,0;8,0;30,77;4,0;4,0;0,0;0,0;No;No;No;No;No;No;No;No;No;No
1989;Elvis Rexhbeçaj;xk KVX;MF;Augsburg;de Bundesliga;28,0;1997,0;23,0;9,0;1030,0;11,44;2,0;0,0;2,0;2,0;0,0;0,0;4,0;0,0;0,17;10,0;4,0;40,0;0,87;0,35;0,2;0,5;15,0;7,0;4,0;14,0;0,0;13,0;0,0;;;;;0,0;;;;;;;;;;No;No;No;No;No;No;No;No;No;No
1990;Oriol Rey;es ESP;MF;Levante;es La Liga;28,0;1998,0;16,0;11,0;1038,0;11,53;0,0;0,0;0,0;0,0;0,0;0,0;2,0;0,0;0,0;6,0;1,0;16,67;0,52;0,09;0,0;0,0;6,0;10,0;10,0;7,0;0,0;15,0;0,0;;;;;0,0;;;;;;;;;;No;No;No;No;No;No;No;No;No;No
1991;Gio Reyna;us USA;MF;Gladbach;de Bundesliga;23,0;2002,0;13,0;4,0;403,0;4,48;0,0;0,0;0,0;0,0;0,0;0,0;1,0;0,0;0,0;5,0;1,0;20,0;1,12;0,22;0,0;0,0;9,0;5,0;3,0;7,0;0,0;5,0;0,0;;;;;0,0;;;;;;;;;;No;No;No;No;No;No;No;No;No;No
1992;Chadi Riad;ma MAR;DF;Crystal Palace;eng Premier League;22,0;2003,0;6,0;3,0;314,0;3,49;0,0;1,0;1,0;0,0;0,0;0,0;2,0;0,0;0,29;2,0;1,0;50,0;0,57;0,29;0,0;0,0;6,0;3,0;1,0;2,0;0,0;4,0;0,0;;;;;0,0;;;;;;;;;;No;No;No;No;No;No;No;No;No;No
1993;Alexsandro Ribeiro;br BRA;DF;Lille;fr Ligue 1;26,0;1999,0;8,0;7,0;508,0;5,64;0,0;0,0;0,0;0,0;0,0;0,0;0,0;1,0;0,0;7,0;2,0;28,57;1,24;0,35;0,0;0,0;1,0;9,0;11,0;8,0;0,0;10,0;0,0;;;;;0,0;;;;;;;;;;No;No;No;No;No;No;No;No;No;No
1994;Rodrigo Ribeiro;pt POR;FW;Augsburg;de Bundesliga;20,0;2005,0;6,0;4,0;376,0;4,18;2,0;0,0;2,0;2,0;0,0;0,0;1,0;0,0;0,48;15,0;6,0;40,0;3,59;1,44;0,13;0,33;1,0;1,0;1,0;1,0;0,0;7,0;0,0;;;;;0,0;;;;;;;;;;No;No;No;No;No;No;No;No;No;No
1995;Samuele Ricci;it ITA;MF;Milan;it Serie A;24,0;2001,0;24,0;9,0;1043,0;11,59;1,0;3,0;4,0;1,0;0,0;0,0;1,0;0,0;0,35;15,0;6,0;40,0;1,29;0,52;0,07;0,17;23,0;8,0;7,0;23,0;0,0;10,0;0,0;;;;;0,0;;;;;;;;;;No;No;No;No;No;No;No;No;No;No
1996;Declan Rice;eng ENG;MF;Arsenal;eng Premier League;27,0;1999,0;30,0;29,0;2581,0;28,68;4,0;5,0;9,0;4,0;0,0;0,0;2,0;0,0;0,31;36,0;12,0;33,33;1,26;0,42;0,11;0,33;145,0;29,0;27,0;8,0;0,0;20,0;0,0;;;;;0,0;;;;;;;;;;No;No;No;No;No;No;No;No;No;No
1997;Chris Richards;us USA;DF;Crystal Palace;eng Premier League;25,0;2000,0;26,0;26,0;2332,0;25,91;1,0;0,0;1,0;1,0;0,0;0,0;3,0;0,0;0,04;10,0;1,0;10,0;0,39;0,04;0,1;1,0;11,0;31,0;40,0;3,0;0,0;13,0;0,0;;;;;0,0;;;;;;;;;;No;No;No;No;No;No;No;No;No;No
1998;Amir Richardson;ma MAR;MF;Fiorentina;it Serie A;24,0;2002,0;2,0;0,0;42,0;0,47;0,0;0,0;0,0;0,0;0,0;0,0;0,0;0,0;0,0;1,0;0,0;0,0;2,14;0,0;0,0;0,0;1,0;1,0;0,0;3,0;0,0;1,0;0,0;;;;;0,0;;;;;;;;;;No;No;No;No;No;No;No;No;No;No
1999;Richarlison;br BRA;FW;Tottenham Hotspur;eng Premier League;28,0;1997,0;25,0;14,0;1445,0;16,06;9,0;3,0;12,0;9,0;0,0;0,0;5,0;0,0;0,75;44,0;20,0;45,45;2,74;1,25;0,2;0,45;14,0;14,0;6,0;26,0;0,0;17,0;0,0;;;;;0,0;;;;;;;;;;No;No;No;No;No;No;No;No;No;No
2000;Diego Rico;es ESP;DF;Getafe;es La Liga;33,0;1993,0;24,0;17,0;1660,0;18,44;0,0;0,0;0,0;0,0;0,0;0,0;4,0;0,0;0,0;11,0;1,0;9,09;0,6;0,05;0,0;0,0;60,0;28,0;30,0;33,0;0,0;22,0;0,0;;;;;0,0;;;;;;;;;;No;No;No;No;No;No;No;No;No;No
2001;Clemens Riedel;de GER;DF;Espanyol;es La Liga;22,0;2003,0;15,0;12,0;1036,0;11,51;0,0;1,0;1,0;0,0;0,0;0,0;4,0;0,0;0,09;3,0;1,0;33,33;0,26;0,09;0,0;0,0;3,0;11,0;10,0;5,0;0,0;18,0;0,0;;;;;0,0;;;;;;;;;;No;No;No;No;No;No;No;No;No;No
2002;Fabian Rieder;ch SUI;MF;Augsburg;de Bundesliga;24,0;2002,0;27,0;22,0;1756,0;19,51;3,0;3,0;6,0;2,0;1,0;1,0;2,0;0,0;0,26;28,0;8,0;28,57;1,44;0,41;0,11;0,38;81,0;16,0;10,0;23,0;0,0;34,0;0,0;;;;;0,0;;;;;;;;;;No;No;No;No;No;No;No;No;No;No
2003;Lasse Rieß;de GER;GK;Mainz 05;de Bundesliga;24,0;2001,0;4,0;3,0;292,0;3,24;0,0;0,0;0,0;0,0;0,0;0,0;0,0;0,0;0,0;0,0;0,0;0,0;0,0;0,0;0,0;0,0;0,0;0,0;0,0;1,0;0,0;0,0;0,0;12,0;3,7;26,0;15,0;57,69;0,0;0,0;3,0;0,0;0,0;1,0;1,0;0,0;0,0;No;No;No;No;No;No;No;No;No;No
2004;Chris Rigg;eng ENG;MF;Sunderland;eng Premier League;18,0;2007,0;12,0;7,0;468,0;5,2;0,0;0,0;0,0;0,0;0,0;0,0;0,0;0,0;0,0;5,0;0,0;0,0;0,96;0,0;0,0;0,0;5,0;4,0;2,0;8,0;0,0;6,0;0,0;;;;;0,0;;;;;;;;;;No;No;No;No;No;No;No;No;No;No
2005;Filippo Rinaldi;it ITA;GK;Parma;it Serie A;23,0;2002,0;1,0;1,0;90,0;1,0;0,0;0,0;0,0;0,0;0,0;0,0;1,0;0,0;0,0;0,0;0,0;0,0;0,0;0,0;0,0;0,0;0,0;0,0;0,0;0,0;0,0;0,0;0,0;0,0;0,0;4,0;4,0;100,0;0,0;1,0;0,0;1,0;100,0;0,0;0,0;0,0;0,0;No;No;No;No;No;No;No;No;No;No
2006;Hugo Rincón;es ESP;DF;Girona;es La Liga;23,0;2003,0;25,0;15,0;1534,0;17,04;1,0;1,0;2,0;1,0;0,0;0,0;3,0;0,0;0,12;7,0;2,0;28,57;0,41;0,12;0,14;0,5;23,0;24,0;5,0;44,0;0,0;24,0;0,0;;;;;0,0;;;;;;;;;;No;No;No;No;No;No;No;No;No;No
2007;Luis Rioja;es ESP;MF;Valencia;es La Liga;32,0;1993,0;27,0;22,0;1863,0;20,7;2,0;4,0;6,0;2,0;0,0;0,0;1,0;0,0;0,29;33,0;4,0;12,12;1,59;0,19;0,06;0,5;119,0;16,0;13,0;24,0;0,0;7,0;0,0;;;;;0,0;;;;;;;;;;No;No;No;No;No;No;No;No;No;No
2008;Rodrigo Riquelme;es ESP;MF;Real Betis;es La Liga;25,0;2000,0;19,0;7,0;651,0;7,23;0,0;1,0;1,0;0,0;0,0;0,0;1,0;0,0;0,14;19,0;5,0;26,32;2,63;0,69;0,0;0,0;20,0;7,0;3,0;8,0;0,0;6,0;0,0;;;;;0,0;;;;;;;;;;No;No;No;No;No;No;No;No;No;No
2009;Robin Risser;fr FRA;GK;Lens;fr Ligue 1;21,0;2004,0;26,0;26,0;2340,0;26,0;0,0;1,0;1,0;0,0;0,0;0,0;2,0;0,0;0,04;0,0;0,0;0,0;0,0;0,0;0,0;0,0;0,0;0,0;0,0;4,0;0,0;0,0;0,0;23,0;0,88;82,0;63,0;76,83;18,0;2,0;6,0;10,0;38,46;5,0;2,0;2,0;1,0;No;No;No;No;No;No;No;No;No;No
2010;Mihailo Ristić;rs SRB;DF, MF;Celta Vigo;es La Liga;30,0;1995,0;4,0;4,0;251,0;2,79;0,0;0,0;0,0;0,0;0,0;0,0;0,0;0,0;0,0;1,0;0,0;0,0;0,36;0,0;0,0;0,0;2,0;0,0;2,0;1,0;0,0;0,0;0,0;;;;;0,0;;;;;;;;;;No;No;No;No;No;No;No;No;No;No
2011;Lars Ritzka;de GER;DF, MF;St Pauli;de Bundesliga;27,0;1998,0;15,0;7,0;623,0;6,92;0,0;0,0;0,0;0,0;0,0;0,0;1,0;0,0;0,0;1,0;0,0;0,0;0,14;0,0;0,0;0,0;8,0;16,0;9,0;1,0;0,0;7,0;0,0;;;;;0,0;;;;;;;;;;No;No;No;No;No;No;No;No;No;No
2012;Sergi Roberto;es ESP;MF;Como;it Serie A;34,0;1992,0;15,0;4,0;446,0;4,96;0,0;0,0;0,0;0,0;0,0;0,0;3,0;0,0;0,0;6,0;2,0;33,33;1,21;0,4;0,0;0,0;2,0;5,0;5,0;8,0;0,0;8,0;0,0;;;;;0,0;;;;;;;;;;No;No;No;No;No;No;No;No;No;No
2013;Patrick Roberts;eng ENG;FW, MF;Sunderland;eng Premier League;29,0;1997,0;1,0;0,0;28,0;0,31;0,0;0,0;0,0;0,0;0,0;0,0;0,0;0,0;0,0;1,0;0,0;0,0;3,21;0,0;0,0;0,0;0,0;0,0;0,0;0,0;0,0;0,0;0,0;;;;;0,0;;;;;;;;;;No;No;No;No;No;No;No;No;No;No
2014;Andrew Robertson;sct SCO;DF;Liverpool;eng Premier League;32,0;1994,0;18,0;6,0;760,0;8,44;0,0;0,0;0,0;0,0;0,0;0,0;0,0;0,0;0,0;5,0;1,0;20,0;0,59;0,12;0,0;0,0;34,0;9,0;6,0;0,0;0,0;4,0;0,0;;;;;0,0;;;;;;;;;;No;No;No;No;No;No;No;No;No;No
2015;Antonee Robinson;us USA;DF, MF;Fulham;eng Premier League;28,0;1997,0;14,0;11,0;984,0;10,93;0,0;0,0;0,0;0,0;0,0;0,0;2,0;0,0;0,0;2,0;0,0;0,0;0,18;0,0;0,0;0,0;54,0;15,0;16,0;4,0;0,0;8,0;0,0;;;;;0,0;;;;;;;;;;No;No;No;No;No;No;No;No;No;No
2016;Joel Roca;es ESP;FW, MF;Girona;es La Liga;20,0;2005,0;23,0;10,0;976,0;10,84;2,0;1,0;3,0;2,0;0,0;0,0;3,0;1,0;0,28;33,0;11,0;33,33;3,04;1,01;0,06;0,18;24,0;8,0;2,0;27,0;0,0;10,0;0,0;;;;;0,0;;;;;;;;;;No;No;No;No;No;No;No;No;No;No
2017;Marc Roca;es ESP;MF;Real Betis;es La Liga;29,0;1996,0;22,0;19,0;1626,0;18,07;0,0;1,0;1,0;0,0;0,0;0,0;1,0;0,0;0,06;12,0;4,0;33,33;0,66;0,22;0,0;0,0;9,0;25,0;18,0;21,0;0,0;33,0;0,0;;;;;0,0;;;;;;;;;;No;No;No;No;No;No;No;No;No;No
2018;Ryan Rodin;fr FRA;MF;Auxerre;fr Ligue 1;20,0;2006,0;3,0;0,0;26,0;0,29;0,0;0,0;0,0;0,0;0,0;0,0;0,0;0,0;0,0;0,0;0,0;0,0;0,0;0,0;0,0;0,0;0,0;0,0;0,0;0,0;0,0;0,0;0,0;;;;;0,0;;;;;;;;;;No;No;No;No;No;No;No;No;No;No
2019;Kaden Rodney;eng ENG;DF, MF;Crystal Palace;eng Premier League;21,0;2004,0;1,0;0,0;4,0;0,04;0,0;0,0;0,0;0,0;0,0;0,0;0,0;0,0;0,0;0,0;0,0;0,0;0,0;0,0;0,0;0,0;0,0;0,0;0,0;0,0;0,0;1,0;0,0;;;;;0,0;;;;;;;;;;No;No;No;No;No;No;No;No;No;No
2020;Joe Rodon;wls WAL;DF;Leeds United;eng Premier League;28,0;1997,0;28,0;28,0;2455,0;27,28;2,0;0,0;2,0;2,0;0,0;0,0;1,0;0,0;0,07;15,0;4,0;26,67;0,55;0,15;0,13;0,5;3,0;16,0;27,0;17,0;0,0;12,0;0,0;;;;;0,0;;;;;;;;;;No;No;No;No;No;No;No;No;No;No
2021;Rodri;es ESP;MF;Manchester City;eng Premier League;29,0;1996,0;18,0;14,0;1244,0;13,82;1,0;0,0;1,0;1,0;0,0;0,0;2,0;0,0;0,07;11,0;2,0;18,18;0,8;0,14;0,09;0,5;4,0;22,0;11,0;26,0;0,0;10,0;0,0;;;;;0,0;;;;;;;;;;Sí;No;Sí;Sí;No;No;No;No;Sí;Sí
2022;Álvaro Rodríguez;uy URU;FW;Elche;es La Liga;21,0;2004,0;24,0;17,0;1529,0;16,99;5,0;4,0;9,0;5,0;0,0;0,0;0,0;0,0;0,53;54,0;18,0;33,33;3,18;1,06;0,09;0,28;8,0;7,0;3,0;34,0;0,0;26,0;0,0;;;;;0,0;;;;;;;;;;No;No;No;No;No;No;No;No;No;No
2023;Damián Rodríguez;es ESP;MF;Celta Vigo;es La Liga;23,0;2003,0;2,0;2,0;150,0;1,67;0,0;0,0;0,0;0,0;0,0;0,0;1,0;0,0;0,0;3,0;0,0;0,0;1,8;0,0;0,0;0,0;3,0;0,0;1,0;0,0;0,0;3,0;0,0;;;;;0,0;;;;;;;;;;No;No;No;No;No;No;No;No;No;No
2024;Dani Rodríguez;es ESP;FW, MF;Mallorca;es La Liga;37,0;1988,0;2,0;0,0;68,0;0,76;0,0;0,0;0,0;0,0;0,0;0,0;0,0;0,0;0,0;1,0;0,0;0,0;1,32;0,0;0,0;0,0;2,0;1,0;0,0;3,0;0,0;0,0;0,0;;;;;0,0;;;;;;;;;;No;No;No;No;No;No;No;No;No;No
2025;Guido Rodríguez;ar ARG;MF;Valencia;es La Liga;31,0;1994,0;12,0;6,0;589,0;6,54;0,0;0,0;0,0;0,0;0,0;0,0;1,0;0,0;0,0;5,0;0,0;0,0;0,76;0,0;0,0;0,0;4,0;12,0;5,0;13,0;0,0;12,0;0,0;;;;;0,0;;;;;;;;;;No;No;No;No;No;No;No;No;No;No
2026;Javi Rodríguez;es ESP;DF;Celta Vigo;es La Liga;22,0;2003,0;24,0;19,0;1793,0;19,92;0,0;0,0;0,0;0,0;0,0;0,0;3,0;0,0;0,0;9,0;1,0;11,11;0,45;0,05;0,0;0,0;1,0;18,0;20,0;24,0;0,0;22,0;0,0;;;;;0,0;;;;;;;;;;No;No;No;No;No;No;No;No;No;No
2027;Jesus Rodríguez;es ESP;MF;Como;it Serie A;20,0;2005,0;25,0;15,0;1507,0;16,74;1,0;7,0;8,0;1,0;0,0;0,0;2,0;1,0;0,48;41,0;10,0;24,39;2,45;0,6;0,02;0,1;49,0;16,0;4,0;26,0;0,0;20,0;0,0;;;;;0,0;;;;;;;;;;No;No;Sí;Sí;No;No;No;No;No;No
2028;Juan Rodríguez;uy URU;DF;Cagliari;it Serie A;20,0;2005,0;9,0;9,0;727,0;8,08;0,0;0,0;0,0;0,0;0,0;0,0;3,0;0,0;0,0;1,0;1,0;100,0;0,12;0,12;0,0;0,0;2,0;15,0;12,0;4,0;0,0;11,0;0,0;;;;;0,0;;;;;;;;;;No;No;No;No;No;No;No;No;No;No
2029;Ricardo Rodríguez;ch SUI;DF;Real Betis;es La Liga;33,0;1992,0;18,0;14,0;1206,0;13,4;0,0;1,0;1,0;0,0;0,0;0,0;0,0;0,0;0,07;2,0;0,0;0,0;0,15;0,0;0,0;0,0;14,0;6,0;6,0;5,0;0,0;7,0;0,0;;;;;0,0;;;;;;;;;;No;No;No;No;No;No;No;No;No;No
2030;Rodrygo;br BRA;FW, MF;Real Madrid;es La Liga;25,0;2001,0;19,0;6,0;684,0;7,6;1,0;3,0;4,0;1,0;0,0;0,0;3,0;0,0;0,53;27,0;11,0;40,74;3,55;1,45;0,04;0,09;42,0;8,0;3,0;23,0;0,0;5,0;0,0;;;;;0,0;;;;;;;;;;No;No;No;No;No;No;No;No;No;No
2031;Robin Roefs;nl NED;GK;Sunderland;eng Premier League;23,0;2003,0;28,0;28,0;2520,0;28,0;0,0;0,0;0,0;0,0;0,0;0,0;3,0;0,0;0,0;0,0;0,0;0,0;0,0;0,0;0,0;0,0;0,0;0,0;0,0;11,0;0,0;0,0;0,0;34,0;1,21;115,0;84,0;73,04;9,0;10,0;9,0;8,0;28,57;3,0;2,0;1,0;0,0;No;No;No;No;No;No;No;No;No;No
2032;Morgan Rogers;eng ENG;FW, MF;Aston Villa;eng Premier League;23,0;2002,0;30,0;30,0;2677,0;29,74;8,0;5,0;13,0;8,0;0,0;0,0;6,0;0,0;0,44;68,0;27,0;39,71;2,29;0,91;0,12;0,3;43,0;18,0;11,0;39,0;0,0;37,0;0,0;;;;;0,0;;;;;;;;;;No;No;No;No;No;No;No;No;No;No
2033;Merlin Röhl;de GER;MF;Everton;eng Premier League;23,0;2002,0;13,0;2,0;430,0;4,78;0,0;0,0;0,0;0,0;0,0;0,0;0,0;0,0;0,0;7,0;0,0;0,0;1,47;0,0;0,0;0,0;5,0;10,0;2,0;3,0;0,0;11,0;0,0;;;;;0,0;;;;;;;;;;No;No;No;No;No;No;No;No;No;No
2034;Filippo Romagna;it ITA;DF;Sassuolo;it Serie A;28,0;1997,0;4,0;3,0;256,0;2,84;0,0;0,0;0,0;0,0;0,0;0,0;0,0;0,0;0,0;2,0;0,0;0,0;0,7;0,0;0,0;0,0;0,0;1,0;5,0;1,0;0,0;0,0;0,0;;;;;0,0;;;;;;;;;;No;No;No;No;No;No;No;No;No;No
2035;Alessio Romagnoli;it ITA;DF;Lazio;it Serie A;31,0;1995,0;24,0;23,0;1978,0;21,98;0,0;0,0;0,0;0,0;0,0;0,0;6,0;0,0;0,0;6,0;3,0;50,0;0,27;0,14;0,0;0,0;2,0;12,0;25,0;11,0;0,0;14,0;0,0;;;;;0,0;;;;;;;;;;No;No;No;No;No;No;No;No;No;No
2036;Leo Román;es ESP;GK;Mallorca;es La Liga;25,0;2000,0;23,0;23,0;2070,0;23,0;0,0;0,0;0,0;0,0;0,0;0,0;3,0;0,0;0,0;0,0;0,0;0,0;0,0;0,0;0,0;0,0;0,0;1,0;1,0;1,0;0,0;1,0;0,0;38,0;1,65;110,0;78,0;70,91;6,0;5,0;12,0;1,0;4,35;6,0;5,0;1,0;0,0;No;No;No;No;No;No;No;No;No;No
2037;Miguel Román;es ESP;MF;Celta Vigo;es La Liga;23,0;2002,0;19,0;14,0;1311,0;14,57;1,0;0,0;1,0;1,0;0,0;0,0;3,0;0,0;0,07;9,0;2,0;22,22;0,62;0,14;0,11;0,5;21,0;17,0;12,0;11,0;0,0;20,0;0,0;;;;;0,0;;;;;;;;;;No;No;No;No;No;No;No;No;No;No
2038;Alessandro Romano;ch SUI;MF;Roma;it Serie A;19,0;2006,0;2,0;0,0;8,0;0,09;0,0;0,0;0,0;0,0;0,0;0,0;0,0;0,0;0,0;0,0;0,0;0,0;0,0;0,0;0,0;0,0;0,0;0,0;0,0;0,0;0,0;2,0;0,0;;;;;0,0;;;;;;;;;;No;No;No;No;No;No;No;No;No;No
2039;Carlos Romero;es ESP;DF;Espanyol;es La Liga;24,0;2001,0;26,0;26,0;2307,0;25,63;5,0;2,0;7,0;5,0;0,0;0,0;3,0;0,0;0,27;29,0;8,0;27,59;1,13;0,31;0,17;0,62;72,0;45,0;29,0;12,0;0,0;35,0;0,0;;;;;0,0;;;;;;;;;;No;No;No;No;No;No;No;No;No;No
2040;Cristian Romero;ar ARG;DF;Tottenham Hotspur;eng Premier League;27,0;1998,0;21,0;20,0;1709,0;18,99;4,0;1,0;5,0;4,0;0,0;0,0;10,0;2,0;0,26;15,0;6,0;40,0;0,79;0,32;0,27;0,67;1,0;26,0;29,0;12,0;1,0;28,0;0,0;;;;;0,0;;;;;;;;;;No;No;No;No;No;No;No;No;No;No
2041;Isaac Romero;es ESP;FW;Sevilla;es La Liga;25,0;2000,0;20,0;12,0;1028,0;11,42;4,0;0,0;4,0;4,0;0,0;1,0;5,0;1,0;0,35;27,0;12,0;44,44;2,36;1,05;0,15;0,33;4,0;5,0;0,0;18,0;0,0;19,0;0,0;;;;;0,0;;;;;;;;;;No;No;No;No;No;No;No;No;No;No
2042;Iván Romero;es ESP;FW, MF;Levante;es La Liga;24,0;2001,0;24,0;23,0;1815,0;20,17;4,0;1,0;5,0;4,0;0,0;0,0;3,0;0,0;0,25;47,0;12,0;25,53;2,33;0,6;0,09;0,33;16,0;18,0;8,0;55,0;0,0;32,0;0,0;;;;;0,0;;;;;;;;;;No;No;No;No;No;No;No;No;No;No
2043;Zaid Romero;ar ARG;DF;Getafe;es La Liga;26,0;1999,0;8,0;8,0;720,0;8,0;0,0;0,0;0,0;0,0;0,0;0,0;2,0;0,0;0,0;5,0;0,0;0,0;0,62;0,0;0,0;0,0;2,0;12,0;19,0;5,0;0,0;5,0;0,0;;;;;0,0;;;;;;;;;;No;No;No;No;No;No;No;No;No;No
2044;Rômulo;br BRA;FW;RB Leipzig;de Bundesliga;24,0;2002,0;22,0;20,0;1654,0;18,38;7,0;4,0;11,0;7,0;0,0;1,0;3,0;0,0;0,6;44,0;21,0;47,73;2,39;1,14;0,16;0,33;0,0;12,0;9,0;19,0;0,0;15,0;1,0;;;;;0,0;;;;;;;;;;No;No;No;No;No;No;No;No;No;No
2045;Salomón Rondón;ve VEN;FW;Oviedo;es La Liga;36,0;1989,0;16,0;13,0;1032,0;11,47;2,0;0,0;2,0;2,0;0,0;1,0;2,0;0,0;0,17;24,0;5,0;20,83;2,09;0,44;0,08;0,4;2,0;0,0;1,0;21,0;0,0;11,0;0,0;;;;;0,0;;;;;;;;;;No;No;No;No;No;No;No;No;No;No
2046;Valentin Rongier;fr FRA;MF;Rennes;fr Ligue 1;31,0;1994,0;24,0;24,0;2115,0;23,5;1,0;4,0;5,0;1,0;0,0;0,0;4,0;0,0;0,21;18,0;7,0;38,89;0,77;0,3;0,06;0,14;14,0;36,0;28,0;19,0;0,0;38,0;0,0;;;;;0,0;;;;;;;;;;No;No;No;No;No;No;No;No;No;No
2047;Marten de Roon;nl NED;MF;Atalanta;it Serie A;34,0;1991,0;25,0;23,0;2002,0;22,24;1,0;1,0;2,0;1,0;0,0;0,0;8,0;1,0;0,09;14,0;4,0;28,57;0,63;0,18;0,07;0,25;10,0;35,0;15,0;10,0;1,0;27,0;0,0;;;;;0,0;;;;;;;;;;No;No;No;No;No;No;No;No;No;No
2048;Pablo Rosario;do DOM;DF, MF;Nice;fr Ligue 1;29,0;1997,0;1,0;0,0;28,0;0,31;0,0;0,0;0,0;0,0;0,0;0,0;0,0;0,0;0,0;2,0;1,0;50,0;6,43;3,21;0,0;0,0;0,0;0,0;0,0;0,0;0,0;0,0;0,0;;;;;0,0;;;;;;;;;;No;No;No;No;No;No;No;No;No;No
2049;Max Rosenfelder;de GER;DF;Freiburg;de Bundesliga;23,0;2003,0;12,0;5,0;492,0;5,47;0,0;0,0;0,0;0,0;0,0;0,0;0,0;0,0;0,0;1,0;0,0;0,0;0,18;0,0;0,0;0,0;0,0;5,0;5,0;5,0;0,0;2,0;1,0;;;;;0,0;;;;;;;;;;No;No;No;No;No;No;No;No;No;No
2050;Lucas Rosier;fr FRA;FW;Rennes;fr Ligue 1;19,0;2007,0;2,0;0,0;2,0;0,02;0,0;0,0;0,0;0,0;0,0;0,0;0,0;0,0;0,0;0,0;0,0;0,0;0,0;0,0;0,0;0,0;0,0;0,0;0,0;0,0;0,0;0,0;0,0;;;;;0,0;;;;;;;;;;No;No;No;No;No;No;No;No;No;No
2051;Valentin Rosier;fr FRA;DF, MF;Osasuna;es La Liga;29,0;1996,0;21,0;20,0;1660,0;18,44;0,0;1,0;1,0;0,0;0,0;0,0;5,0;1,0;0,05;6,0;1,0;16,67;0,33;0,05;0,0;0,0;32,0;22,0;29,0;13,0;1,0;25,0;0,0;;;;;0,0;;;;;;;;;;No;No;No;No;No;No;No;No;No;No
2052;Tom Rothe;de GER;DF, MF;Union Berlin;de Bundesliga;21,0;2004,0;13,0;5,0;548,0;6,09;1,0;0,0;1,0;1,0;0,0;0,0;1,0;1,0;0,16;11,0;3,0;27,27;1,81;0,49;0,09;0,33;14,0;8,0;14,0;3,0;0,0;9,0;0,0;;;;;0,0;;;;;;;;;;No;No;No;No;No;No;No;No;No;No
2053;Anthony Rouault;fr FRA;DF;Rennes;fr Ligue 1;24,0;2001,0;18,0;16,0;1454,0;16,16;1,0;0,0;1,0;1,0;0,0;0,0;3,0;0,0;0,06;7,0;2,0;28,57;0,43;0,12;0,14;0,5;0,0;13,0;15,0;8,0;0,0;22,0;0,0;;;;;0,0;;;;;;;;;;No;No;No;No;No;No;No;No;No;No
2054;Nicolò Rovella;it ITA;MF;Lazio;it Serie A;24,0;2001,0;8,0;4,0;343,0;3,81;0,0;1,0;1,0;0,0;0,0;0,0;2,0;0,0;0,26;1,0;0,0;0,0;0,26;0,0;0,0;0,0;11,0;9,0;6,0;8,0;0,0;3,0;0,0;;;;;0,0;;;;;;;;;;No;No;No;No;No;No;No;No;No;No
2055;Jonathan Rowe;eng ENG;FW, MF;Bologna;it Serie A;22,0;2003,0;20,0;13,0;1150,0;12,78;1,0;1,0;2,0;1,0;0,0;0,0;2,0;0,0;0,16;39,0;11,0;28,21;3,05;0,86;0,03;0,09;47,0;11,0;6,0;37,0;0,0;18,0;0,0;;;;;0,0;;;;;;;;;;No;No;No;No;No;No;No;No;No;No
2056;James Rowswell;eng ENG;DF;Tottenham Hotspur;eng Premier League;19,0;2006,0;1,0;0,0;1,0;0,01;0,0;0,0;0,0;0,0;0,0;0,0;0,0;0,0;0,0;0,0;0,0;0,0;0,0;0,0;0,0;0,0;0,0;0,0;0,0;0,0;0,0;0,0;0,0;;;;;0,0;;;;;;;;;;No;No;No;No;No;No;No;No;No;No
2057;Amir Rrahmani;xk KVX;DF;Napoli;it Serie A;32,0;1994,0;16,0;16,0;1356,0;15,07;1,0;1,0;2,0;1,0;0,0;0,0;2,0;0,0;0,13;8,0;1,0;12,5;0,53;0,07;0,12;1,0;1,0;12,0;17,0;14,0;0,0;17,0;0,0;;;;;0,0;;;;;;;;;;No;No;No;No;No;No;No;No;No;No
2058;Rubén;es ESP;DF;Espanyol;es La Liga;25,0;2001,0;13,0;4,0;466,0;5,18;0,0;0,0;0,0;0,0;0,0;0,0;2,0;0,0;0,0;3,0;0,0;0,0;0,58;0,0;0,0;0,0;21,0;5,0;9,0;9,0;0,0;5,0;0,0;;;;;0,0;;;;;;;;;;No;No;No;No;No;No;No;No;No;No
2059;Antonio Rüdiger;de GER;DF;Real Madrid;es La Liga;33,0;1993,0;11,0;10,0;904,0;10,04;1,0;0,0;1,0;1,0;0,0;0,0;0,0;0,0;0,1;9,0;1,0;11,11;0,9;0,1;0,11;1,0;2,0;3,0;3,0;1,0;0,0;9,0;0,0;;;;;0,0;;;;;;;;;;No;No;No;No;No;No;No;No;No;No
2060;Javier Rueda Garcia;es ESP;MF;Celta Vigo;es La Liga;23,0;2002,0;19,0;10,0;958,0;10,64;2,0;4,0;6,0;2,0;0,0;0,0;4,0;0,0;0,56;10,0;3,0;30,0;0,94;0,28;0,2;0,67;16,0;8,0;14,0;13,0;0,0;20,0;0,0;;;;;0,0;;;;;;;;;;No;No;No;No;No;No;No;No;No;No
2061;Daniele Rugani;it ITA;DF;Fiorentina;it Serie A;31,0;1994,0;8,0;4,0;350,0;3,89;0,0;0,0;0,0;0,0;0,0;0,0;1,0;0,0;0,0;0,0;0,0;0,0;0,0;0,0;0,0;0,0;0,0;5,0;8,0;0,0;0,0;6,0;0,0;;;;;0,0;;;;;;;;;;No;No;No;No;No;No;No;No;No;No
2062;Matteo Ruggeri;it ITA;DF;Atlético Madrid;es La Liga;23,0;2002,0;19,0;15,0;1234,0;13,71;0,0;3,0;3,0;0,0;0,0;0,0;3,0;0,0;0,22;4,0;2,0;50,0;0,29;0,15;0,0;0,0;63,0;20,0;11,0;1,0;0,0;23,0;0,0;;;;;0,0;;;;;;;;;;No;No;No;No;No;No;No;No;No;No
2063;Aitor Ruibal;es ESP;DF, MF;Real Betis;es La Liga;29,0;1996,0;22,0;16,0;1437,0;15,97;4,0;2,0;6,0;4,0;0,0;0,0;3,0;0,0;0,38;25,0;10,0;40,0;1,57;0,63;0,16;0,4;22,0;22,0;16,0;23,0;0,0;22,0;0,0;;;;;0,0;;;;;;;;;;No;No;No;No;No;No;No;No;No;No
2064;Abel Ruiz;es ESP;FW;Girona;es La Liga;26,0;2000,0;6,0;0,0;82,0;0,91;0,0;0,0;0,0;0,0;0,0;0,0;0,0;0,0;0,0;1,0;0,0;0,0;1,1;0,0;0,0;0,0;2,0;1,0;1,0;0,0;0,0;2,0;0,0;;;;;0,0;;;;;;;;;;No;No;No;No;No;No;No;No;No;No
2065;Fabián Ruiz Peña;es ESP;MF;Paris Saint-Germain;fr Ligue 1;29,0;1996,0;13,0;9,0;796,0;8,84;1,0;2,0;3,0;1,0;0,0;0,0;1,0;0,0;0,34;13,0;4,0;30,77;1,47;0,45;0,08;0,25;9,0;6,0;10,0;1,0;0,0;1,0;0,0;;;;;0,0;;;;;;;;;;No;Sí;Sí;Sí;Sí;Sí;Sí;Sí;Sí;Sí
2066;Gerónimo Rulli;ar ARG;GK;Marseille;fr Ligue 1;33,0;1992,0;22,0;22,0;1980,0;22,0;0,0;0,0;0,0;0,0;0,0;0,0;2,0;0,0;0,0;0,0;0,0;0,0;0,0;0,0;0,0;0,0;0,0;0,0;0,0;13,0;0,0;1,0;0,0;25,0;1,14;83,0;62,0;74,7;12,0;4,0;6,0;7,0;31,82;4,0;4,0;0,0;0,0;No;No;No;No;No;No;No;No;No;No
2067;Jacen Russell-Rowe;ca CAN;FW;Toulouse;fr Ligue 1;23,0;2002,0;6,0;1,0;159,0;1,77;0,0;0,0;0,0;0,0;0,0;0,0;0,0;0,0;0,0;6,0;1,0;16,67;3,4;0,57;0,0;0,0;3,0;1,0;1,0;1,0;0,0;6,0;0,0;;;;;0,0;;;;;;;;;;No;No;No;No;No;No;No;No;No;No
2068;Georginio Rutter;fr FRA;FW, MF;Brighton;eng Premier League;23,0;2002,0;24,0;19,0;1595,0;17,72;2,0;2,0;4,0;2,0;0,0;0,0;2,0;0,0;0,23;35,0;12,0;34,29;1,97;0,68;0,06;0,17;14,0;15,0;10,0;32,0;0,0;27,0;1,0;;;;;0,0;;;;;;;;;;No;No;No;No;No;No;No;No;No;No
2069;Mathew Ryan;au AUS;GK;Levante;es La Liga;33,0;1992,0;26,0;26,0;2340,0;26,0;0,0;0,0;0,0;0,0;0,0;0,0;2,0;0,0;0,0;2,0;0,0;0,0;0,08;0,0;0,0;0,0;0,0;1,0;1,0;0,0;0,0;0,0;0,0;41,0;1,58;137,0;99,0;72,26;5,0;8,0;13,0;5,0;19,23;3,0;2,0;1,0;0,0;No;No;No;No;No;No;No;No;No;No
2070;Julian Ryerson;no NOR;MF;Dortmund;de Bundesliga;28,0;1997,0;23,0;18,0;1572,0;17,47;0,0;12,0;12,0;0,0;0,0;0,0;5,0;0,0;0,69;8,0;0,0;0,0;0,46;0,0;0,0;0,0;165,0;16,0;10,0;16,0;0,0;19,0;0,0;;;;;0,0;;;;;;;;;;No;No;No;No;No;No;No;No;No;No
2071;Frederik Rønnow;dk DEN;GK;Union Berlin;de Bundesliga;33,0;1992,0;25,0;25,0;2250,0;25,0;0,0;0,0;0,0;0,0;0,0;0,0;2,0;0,0;0,0;0,0;0,0;0,0;0,0;0,0;0,0;0,0;0,0;1,0;1,0;3,0;0,0;1,0;0,0;42,0;1,68;103,0;65,0;63,11;7,0;7,0;11,0;5,0;20,0;6,0;6,0;0,0;0,0;No;No;No;No;No;No;No;No;No;No
2072;Alexander Røssing-Lelesiit;no NOR;FW, MF;Hamburger SV;de Bundesliga;19,0;2007,0;11,0;5,0;321,0;3,57;0,0;1,0;1,0;0,0;0,0;0,0;3,0;1,0;0,28;2,0;2,0;100,0;0,56;0,56;0,0;0,0;4,0;2,0;1,0;7,0;1,0;13,0;0,0;;;;;0,0;;;;;;;;;;No;No;No;No;No;No;No;No;No;No
2073;José Sá;pt POR;GK;Wolves;eng Premier League;33,0;1993,0;19,0;19,0;1710,0;19,0;0,0;0,0;0,0;0,0;0,0;0,0;2,0;0,0;0,0;0,0;0,0;0,0;0,0;0,0;0,0;0,0;0,0;0,0;0,0;6,0;0,0;0,0;0,0;30,0;1,58;78,0;50,0;64,1;3,0;6,0;10,0;4,0;21,05;2,0;2,0;0,0;0,0;No;No;No;No;No;No;No;No;No;No
2074;Elias Saad;tn TUN;FW, MF;Augsburg;de Bundesliga;26,0;1999,0;10,0;7,0;497,0;5,52;0,0;0,0;0,0;0,0;0,0;0,0;1,0;0,0;0,0;6,0;3,0;50,0;1,09;0,54;0,0;0,0;9,0;8,0;1,0;12,0;0,0;8,0;0,0;;;;;0,0;;;;;;;;;;No;No;No;No;No;No;No;No;No;No
2075;Stefano Sabelli;it ITA;DF, MF;Genoa;it Serie A;33,0;1993,0;11,0;7,0;518,0;5,76;0,0;0,0;0,0;0,0;0,0;0,0;0,0;0,0;0,0;3,0;0,0;0,0;0,52;0,0;0,0;0,0;16,0;10,0;2,0;12,0;0,0;2,0;1,0;;;;;0,0;;;;;;;;;;No;No;No;No;No;No;No;No;No;No
2076;Abdelhamid Sabiri;ma MAR;MF;Fiorentina;it Serie A;29,0;1996,0;1,0;0,0;27,0;0,3;0,0;0,0;0,0;0,0;0,0;0,0;0,0;0,0;0,0;1,0;0,0;0,0;3,33;0,0;0,0;0,0;4,0;2,0;0,0;1,0;0,0;1,0;0,0;;;;;0,0;;;;;;;;;;No;No;No;No;No;No;No;No;No;No
2077;Marcel Sabitzer;at AUT;MF;Dortmund;de Bundesliga;32,0;1994,0;19,0;14,0;1280,0;14,22;1,0;2,0;3,0;1,0;0,0;0,0;2,0;0,0;0,21;17,0;4,0;23,53;1,2;0,28;0,06;0,25;28,0;14,0;17,0;10,0;0,0;11,0;0,0;;;;;0,0;;;;;;;;;;No;No;No;No;No;No;No;No;No;No
2078;Noah Sadiki;cd COD;MF;Sunderland;eng Premier League;21,0;2004,0;25,0;25,0;2202,0;24,47;0,0;0,0;0,0;0,0;0,0;0,0;6,0;0,0;0,0;12,0;3,0;25,0;0,49;0,12;0,0;0,0;16,0;20,0;28,0;30,0;0,0;22,0;0,0;;;;;0,0;;;;;;;;;;No;No;No;No;No;No;No;No;No;No
2079;Umar Sadiq;ng NGA;FW;Valencia;es La Liga;29,0;1997,0;15,0;6,0;622,0;6,91;1,0;1,0;2,0;1,0;0,0;0,0;3,0;0,0;0,29;15,0;4,0;26,67;2,17;0,58;0,07;0,25;3,0;1,0;1,0;13,0;0,0;15,0;0,0;;;;;0,0;;;;;;;;;;No;No;No;No;No;No;No;No;No;No
2080;Alexis Saelemaekers;be BEL;MF;Milan;it Serie A;26,0;1999,0;27,0;26,0;2192,0;24,36;2,0;3,0;5,0;2,0;0,0;0,0;4,0;0,0;0,21;35,0;6,0;17,14;1,44;0,25;0,06;0,33;70,0;30,0;27,0;53,0;0,0;20,0;0,0;;;;;0,0;;;;;;;;;;No;No;No;No;No;No;No;No;No;No
2081;Matvei Safonov;ru RUS;GK;Paris Saint-Germain;fr Ligue 1;27,0;1999,0;8,0;8,0;720,0;8,0;0,0;0,0;0,0;0,0;0,0;0,0;0,0;0,0;0,0;0,0;0,0;0,0;0,0;0,0;0,0;0,0;0,0;0,0;0,0;1,0;0,0;0,0;0,0;9,0;1,12;24,0;16,0;66,67;6,0;0,0;2,0;4,0;50,0;1,0;0,0;1,0;0,0;No;No;No;No;No;No;No;No;No;No
2082;Emir Sahiti;xk KVX;FW;Hamburger SV;de Bundesliga;27,0;1998,0;2,0;2,0;120,0;1,33;0,0;0,0;0,0;0,0;0,0;0,0;0,0;0,0;0,0;0,0;0,0;0,0;0,0;0,0;0,0;0,0;1,0;0,0;0,0;1,0;0,0;0,0;0,0;;;;;0,0;;;;;;;;;;No;No;No;No;No;No;No;No;No;No
2083;Osame Sahraoui;ma MAR;MF;Lille;fr Ligue 1;24,0;2001,0;16,0;4,0;463,0;5,14;1,0;2,0;3,0;1,0;0,0;0,0;0,0;0,0;0,58;11,0;4,0;36,36;2,14;0,78;0,09;0,25;2,0;3,0;4,0;24,0;0,0;3,0;0,0;;;;;0,0;;;;;;;;;;No;No;No;No;No;No;No;No;No;No
2084;Wesley Saïd;fr FRA;MF;Lens;fr Ligue 1;30,0;1995,0;23,0;20,0;1604,0;17,82;10,0;2,0;12,0;9,0;1,0;1,0;2,0;0,0;0,62;45,0;20,0;44,44;2,52;1,12;0,22;0,5;18,0;14,0;8,0;13,0;0,0;30,0;0,0;;;;;0,0;;;;;;;;;;No;No;No;No;No;No;No;No;No;No
2085;Allan Saint-Maximin;fr FRA;MF;Lens;fr Ligue 1;29,0;1997,0;4,0;1,0;158,0;1,76;1,0;2,0;3,0;1,0;0,0;0,0;0,0;0,0;1,71;5,0;1,0;20,0;2,85;0,57;0,2;1,0;3,0;0,0;0,0;2,0;0,0;3,0;0,0;;;;;0,0;;;;;;;;;;No;No;No;No;No;No;No;No;No;No
2086;Bukayo Saka;eng ENG;FW, MF;Arsenal;eng Premier League;24,0;2001,0;27,0;22,0;1998,0;22,2;6,0;3,0;9,0;5,0;1,0;1,0;1,0;0,0;0,36;63,0;26,0;41,27;2,84;1,17;0,1;0,23;111,0;15,0;14,0;51,0;0,0;28,0;0,0;;;;;0,0;;;;;;;;;;No;No;No;No;No;No;No;No;No;No
2087;Mathis Saka;fr FRA;FW;Toulouse;fr Ligue 1;19,0;2006,0;1,0;0,0;8,0;0,09;0,0;0,0;0,0;0,0;0,0;0,0;0,0;0,0;0,0;0,0;0,0;0,0;0,0;0,0;0,0;0,0;0,0;0,0;0,0;0,0;0,0;1,0;0,0;;;;;0,0;;;;;;;;;;No;No;No;No;No;No;No;No;No;No
2088;Álex Sala;es ESP;MF;Lecce;it Serie A;24,0;2001,0;7,0;2,0;154,0;1,71;0,0;1,0;1,0;0,0;0,0;0,0;0,0;0,0;0,58;4,0;2,0;50,0;2,34;1,17;0,0;0,0;7,0;2,0;3,0;4,0;0,0;5,0;0,0;;;;;0,0;;;;;;;;;;No;No;No;No;No;No;No;No;No;No
2089;Ibrahim Salah;ma MAR;FW;Rennes;fr Ligue 1;24,0;2001,0;2,0;0,0;35,0;0,39;0,0;0,0;0,0;0,0;0,0;0,0;0,0;0,0;0,0;1,0;0,0;0,0;2,57;0,0;0,0;0,0;0,0;1,0;0,0;2,0;0,0;0,0;0,0;;;;;0,0;;;;;;;;;;No;No;No;No;No;No;No;No;No;No
2090;Mohamed Salah;eg EGY;FW, MF;Liverpool;eng Premier League;33,0;1992,0;22,0;19,0;1819,0;20,21;5,0;6,0;11,0;4,0;1,0;1,0;1,0;0,0;0,49;57,0;14,0;24,56;2,82;0,69;0,09;0,36;98,0;8,0;3,0;16,0;0,0;10,0;0,0;;;;;0,0;;;;;;;;;;No;No;No;No;No;No;No;No;No;No
2091;Jan Salas;es ESP;MF;Mallorca;es La Liga;20,0;2005,0;2,0;0,0;17,0;0,19;0,0;0,0;0,0;0,0;0,0;0,0;0,0;0,0;0,0;0,0;0,0;0,0;0,0;0,0;0,0;0,0;0,0;0,0;0,0;1,0;0,0;0,0;0,0;;;;;0,0;;;;;;;;;;No;No;No;No;No;No;No;No;No;No
2092;Kike Salas;es ESP;DF;Sevilla;es La Liga;23,0;2002,0;16,0;14,0;1303,0;14,48;1,0;0,0;1,0;1,0;0,0;0,0;0,0;0,0;0,07;11,0;6,0;54,55;0,76;0,41;0,09;0,17;8,0;19,0;28,0;9,0;0,0;23,0;0,0;;;;;0,0;;;;;;;;;;No;No;No;No;No;No;No;No;No;No
2093;Manolis Saliakas;gr GRE;MF;St Pauli;de Bundesliga;29,0;1996,0;15,0;11,0;1018,0;11,31;1,0;3,0;4,0;1,0;0,0;0,0;3,0;0,0;0,35;14,0;3,0;21,43;1,24;0,27;0,07;0,33;39,0;18,0;12,0;6,0;0,0;4,0;0,0;;;;;0,0;;;;;;;;;;No;No;No;No;No;No;No;No;No;No
2094;William Saliba;fr FRA;DF;Arsenal;eng Premier League;24,0;2001,0;25,0;24,0;2074,0;23,04;1,0;0,0;1,0;1,0;0,0;0,0;1,0;0,0;0,04;5,0;1,0;20,0;0,22;0,04;0,2;1,0;9,0;17,0;13,0;15,0;0,0;17,0;0,0;;;;;0,0;;;;;;;;;;No;No;No;No;No;No;No;No;No;No
2095;José Salinas;es ESP;DF;Espanyol;es La Liga;25,0;2000,0;10,0;2,0;241,0;2,68;0,0;0,0;0,0;0,0;0,0;0,0;2,0;0,0;0,0;0,0;0,0;0,0;0,0;0,0;0,0;0,0;7,0;2,0;2,0;4,0;0,0;8,0;1,0;;;;;0,0;;;;;;;;;;No;No;No;No;No;No;No;No;No;No
2096;Mohammed Salisu;gh GHA;DF;Monaco;fr Ligue 1;26,0;1999,0;12,0;12,0;1080,0;12,0;1,0;0,0;1,0;1,0;0,0;0,0;3,0;0,0;0,08;8,0;2,0;25,0;0,67;0,17;0,12;0,5;0,0;11,0;19,0;3,0;0,0;17,0;1,0;;;;;0,0;;;;;;;;;;No;No;No;No;No;No;No;No;No;No
2097;Lazar Samardzic;rs SRB;MF;Atalanta;it Serie A;24,0;2002,0;22,0;10,0;937,0;10,41;2,0;1,0;3,0;2,0;0,0;0,0;1,0;0,0;0,29;22,0;7,0;31,82;2,11;0,67;0,09;0,29;64,0;7,0;9,0;8,0;0,0;16,0;0,0;;;;;0,0;;;;;;;;;;No;No;No;No;No;No;No;No;No;No
2098;Mbwana Samatta;tz TAN;FW;Le Havre;fr Ligue 1;33,0;1992,0;19,0;11,0;995,0;11,06;0,0;0,0;0,0;0,0;0,0;0,0;4,0;0,0;0,0;28,0;9,0;32,14;2,53;0,81;0,0;0,0;6,0;3,0;3,0;12,0;0,0;24,0;0,0;;;;;0,0;;;;;;;;;;No;No;No;No;No;No;No;No;No;No
2099;Mama Samba Baldé;gw GNB;FW, MF;Brest;fr Ligue 1;30,0;1995,0;13,0;8,0;635,0;7,06;2,0;2,0;4,0;2,0;0,0;0,0;0,0;0,0;0,57;27,0;5,0;18,52;3,83;0,71;0,07;0,4;3,0;6,0;3,0;10,0;0,0;11,0;0,0;;;;;0,0;;;;;;;;;;No;No;No;No;No;No;No;No;No;No
2100;Brice Samba;fr FRA;GK;Rennes;fr Ligue 1;31,0;1994,0;25,0;25,0;2250,0;25,0;0,0;0,0;0,0;0,0;0,0;0,0;3,0;0,0;0,0;0,0;0,0;0,0;0,0;0,0;0,0;0,0;0,0;0,0;0,0;5,0;0,0;0,0;0,0;34,0;1,36;99,0;68,0;68,69;12,0;7,0;6,0;8,0;32,0;4,0;3,0;1,0;0,0;No;No;No;No;No;No;No;No;No;No
2101;Albert Sambi Lokonga;be BEL;MF;Hamburger SV;de Bundesliga;26,0;1999,0;20,0;15,0;1267,0;14,08;4,0;0,0;4,0;4,0;0,0;0,0;2,0;0,0;0,28;14,0;8,0;57,14;0,99;0,57;0,29;0,5;12,0;9,0;10,0;21,0;0,0;13,0;0,0;;;;;0,0;;;;;;;;;;No;No;No;No;No;No;No;No;No;No
2102;Antonio Sanabria;py PAR;FW;Cremonese;it Serie A;30,0;1996,0;20,0;7,0;694,0;7,71;1,0;1,0;2,0;1,0;0,0;0,0;2,0;0,0;0,26;9,0;4,0;44,44;1,17;0,52;0,11;0,25;1,0;2,0;1,0;14,0;0,0;13,0;0,0;;;;;0,0;;;;;;;;;;No;No;No;No;No;No;No;No;No;No
2103;Oihan Sancet;es ESP;MF;Athletic Club;es La Liga;25,0;2000,0;21,0;18,0;1419,0;15,77;2,0;0,0;2,0;0,0;2,0;2,0;4,0;1,0;0,0;40,0;12,0;30,0;2,54;0,76;0,05;0,17;18,0;5,0;2,0;21,0;0,0;25,0;0,0;;;;;0,0;;;;;;;;;;No;No;No;No;No;No;No;No;No;No
2104;Álex Sánchez;es ESP;FW;Elche;es La Liga;20,0;2006,0;1,0;0,0;6,0;0,07;0,0;1,0;1,0;0,0;0,0;0,0;0,0;0,0;15,0;0,0;0,0;0,0;0,0;0,0;0,0;0,0;0,0;1,0;0,0;0,0;0,0;0,0;0,0;;;;;0,0;;;;;;;;;;No;No;No;No;No;No;No;No;No;No
2105;Alexis Sánchez;cl CHI;FW, MF;Sevilla;es La Liga;37,0;1988,0;20,0;9,0;1020,0;11,33;3,0;1,0;4,0;2,0;1,0;1,0;1,0;0,0;0,26;20,0;7,0;35,0;1,76;0,62;0,15;0,43;20,0;8,0;4,0;20,0;0,0;12,0;0,0;;;;;0,0;;;;;;;;;;No;No;No;No;No;No;No;No;No;No
2106;Antonio Sánchez;es ESP;MF;Mallorca;es La Liga;29,0;1997,0;23,0;8,0;877,0;9,74;0,0;0,0;0,0;0,0;0,0;0,0;4,0;1,0;0,0;6,0;3,0;50,0;0,62;0,31;0,0;0,0;19,0;7,0;13,0;9,0;1,0;13,0;0,0;;;;;0,0;;;;;;;;;;No;No;No;No;No;No;No;No;No;No
2107;Juanlu Sánchez;es ESP;DF, MF;Sevilla;es La Liga;22,0;2003,0;23,0;19,0;1599,0;17,77;0,0;3,0;3,0;0,0;0,0;0,0;4,0;1,0;0,17;11,0;1,0;9,09;0,62;0,06;0,0;0,0;47,0;31,0;8,0;31,0;1,0;20,0;0,0;;;;;0,0;;;;;;;;;;No;No;No;No;No;No;No;No;No;No
2108;Borja Sánchez Laborde;es ESP;MF;Oviedo;es La Liga;30,0;1996,0;1,0;0,0;14,0;0,16;0,0;0,0;0,0;0,0;0,0;0,0;0,0;0,0;0,0;0,0;0,0;0,0;0,0;0,0;0,0;0,0;0,0;0,0;0,0;0,0;0,0;0,0;0,0;;;;;0,0;;;;;;;;;;No;No;No;No;No;No;No;No;No;No
2109;Manu Sánchez;es ESP;DF;Levante;es La Liga;25,0;2000,0;24,0;23,0;2083,0;23,14;1,0;1,0;2,0;1,0;0,0;0,0;7,0;0,0;0,09;10,0;3,0;30,0;0,43;0,13;0,1;0,33;60,0;46,0;31,0;16,0;0,0;26,0;0,0;;;;;0,0;;;;;;;;;;No;No;No;No;No;No;No;No;No;No
2110;Robert Sánchez;es ESP;GK;Chelsea;eng Premier League;28,0;1997,0;28,0;28,0;2434,0;27,04;0,0;1,0;1,0;0,0;0,0;0,0;3,0;1,0;0,04;0,0;0,0;0,0;0,0;0,0;0,0;0,0;0,0;0,0;1,0;10,0;0,0;2,0;0,0;33,0;1,22;107,0;74,0;69,16;12,0;8,0;8,0;9,0;32,14;1,0;1,0;0,0;0,0;No;No;No;No;No;No;Sí;Sí;Sí;No
2111;Selton Sánchez;es ESP;MF;Athletic Club;es La Liga;19,0;2007,0;7,0;2,0;196,0;2,18;0,0;1,0;1,0;0,0;0,0;0,0;0,0;0,0;0,46;4,0;1,0;25,0;1,84;0,46;0,0;0,0;0,0;2,0;1,0;5,0;0,0;5,0;0,0;;;;;0,0;;;;;;;;;;No;No;No;No;No;No;No;No;No;No
2112;Jadon Sancho;eng ENG;MF;Aston Villa;eng Premier League;25,0;2000,0;18,0;7,0;697,0;7,74;0,0;1,0;1,0;0,0;0,0;0,0;0,0;0,0;0,13;9,0;3,0;33,33;1,16;0,39;0,0;0,0;20,0;2,0;2,0;2,0;0,0;3,0;0,0;;;;;0,0;;;;;;;;;;No;No;No;No;No;No;No;No;No;No
2113;Álex Sancris;es ESP;FW, MF;Getafe;es La Liga;29,0;1997,0;15,0;5,0;630,0;7,0;0,0;1,0;1,0;0,0;0,0;0,0;3,0;1,0;0,14;11,0;4,0;36,36;1,57;0,57;0,0;0,0;49,0;5,0;2,0;11,0;1,0;13,0;0,0;;;;;0,0;;;;;;;;;;No;No;No;No;No;No;No;No;No;No
2114;Philipp Sander;de GER;DF, MF;Gladbach;de Bundesliga;28,0;1998,0;22,0;21,0;1730,0;19,22;1,0;0,0;1,0;1,0;0,0;0,0;1,0;0,0;0,05;20,0;6,0;30,0;1,04;0,31;0,05;0,17;24,0;35,0;38,0;9,0;0,0;18,0;1,0;;;;;0,0;;;;;;;;;;No;No;No;No;No;No;No;No;No;No
2115;James Sands;us USA;MF;St Pauli;de Bundesliga;25,0;2000,0;24,0;23,0;1934,0;21,49;1,0;0,0;1,0;1,0;0,0;0,0;4,0;0,0;0,05;16,0;4,0;25,0;0,74;0,19;0,06;0,25;9,0;23,0;41,0;38,0;0,0;26,0;0,0;;;;;0,0;;;;;;;;;;No;No;No;No;No;No;No;No;No;No
2116;Ibou Sané;sn SEN;FW, MF;Metz;fr Ligue 1;20,0;2005,0;16,0;5,0;541,0;6,01;1,0;1,0;2,0;1,0;0,0;0,0;2,0;0,0;0,33;6,0;3,0;50,0;1,0;0,5;0,17;0,33;14,0;3,0;1,0;15,0;0,0;9,0;0,0;;;;;0,0;;;;;;;;;;No;No;No;No;No;No;No;No;No;No
2117;Sadibou Sané;sn SEN;DF;Metz;fr Ligue 1;21,0;2004,0;15,0;14,0;1220,0;13,56;2,0;0,0;2,0;2,0;0,0;0,0;3,0;2,0;0,15;3,0;2,0;66,67;0,22;0,15;0,67;1,0;0,0;21,0;23,0;9,0;0,0;13,0;1,0;;;;;0,0;;;;;;;;;;No;No;No;No;No;No;No;No;No;No
2118;Arouna Sangante;sn SEN;DF;Le Havre;fr Ligue 1;23,0;2002,0;22,0;22,0;1801,0;20,01;1,0;1,0;2,0;1,0;0,0;0,0;3,0;1,0;0,1;7,0;5,0;71,43;0,35;0,25;0,14;0,2;3,0;18,0;22,0;30,0;0,0;33,0;0,0;;;;;0,0;;;;;;;;;;No;No;No;No;No;No;No;No;No;No
2119;Buba Sangaré;es ESP;DF, MF;Elche;es La Liga;18,0;2007,0;3,0;2,0;105,0;1,17;0,0;0,0;0,0;0,0;0,0;0,0;0,0;0,0;0,0;1,0;0,0;0,0;0,86;0,0;0,0;0,0;3,0;4,0;3,0;0,0;0,0;5,0;0,0;;;;;0,0;;;;;;;;;;No;No;No;No;No;No;No;No;No;No
2120;Ibrahim Sangaré;ci CIV;MF;Nottingham Forest;eng Premier League;28,0;1997,0;22,0;20,0;1675,0;18,61;2,0;2,0;4,0;2,0;0,0;0,0;4,0;0,0;0,21;16,0;5,0;31,25;0,86;0,27;0,12;0,4;8,0;24,0;17,0;13,0;0,0;32,0;0,0;;;;;0,0;;;;;;;;;;No;No;No;No;No;No;No;No;No;No
2121;Mamadou Sangare;ml MLI;MF;Lens;fr Ligue 1;23,0;2002,0;23,0;21,0;1828,0;20,31;2,0;3,0;5,0;2,0;0,0;0,0;4,0;0,0;0,25;37,0;9,0;24,32;1,82;0,44;0,05;0,22;7,0;45,0;31,0;37,0;0,0;31,0;0,0;;;;;0,0;;;;;;;;;;No;No;No;No;No;No;No;No;No;No
2122;Nhoa Sangui;fr FRA;DF;Paris FC;fr Ligue 1;20,0;2006,0;19,0;12,0;1194,0;13,27;0,0;0,0;0,0;0,0;0,0;0,0;0,0;0,0;0,0;2,0;0,0;0,0;0,15;0,0;0,0;0,0;26,0;10,0;12,0;11,0;0,0;4,0;0,0;;;;;0,0;;;;;;;;;;No;No;No;No;No;No;No;No;No;No
2123;Maroan Sannadi;ma MAR;FW;Athletic Club;es La Liga;25,0;2001,0;8,0;2,0;259,0;2,88;1,0;0,0;1,0;1,0;0,0;0,0;2,0;0,0;0,35;7,0;4,0;57,14;2,43;1,39;0,14;0,25;1,0;0,0;1,0;5,0;0,0;7,0;0,0;;;;;0,0;;;;;;;;;;No;No;No;No;No;No;No;No;No;No
2124;Kaishu Sano;jp JPN;MF;Mainz 05;de Bundesliga;25,0;2000,0;26,0;26,0;2339,0;25,99;1,0;1,0;2,0;1,0;0,0;0,0;1,0;0,0;0,08;15,0;4,0;26,67;0,58;0,15;0,07;0,25;13,0;27,0;59,0;23,0;0,0;9,0;0,0;;;;;0,0;;;;;;;;;;No;No;No;No;No;No;No;No;No;No
2125;Morgan Sanson;fr FRA;MF;Nice;fr Ligue 1;31,0;1994,0;24,0;13,0;1253,0;13,92;0,0;2,0;2,0;0,0;0,0;0,0;3,0;0,0;0,14;13,0;4,0;30,77;0,93;0,29;0,0;0,0;31,0;17,0;16,0;9,0;0,0;25,0;0,0;;;;;0,0;;;;;;;;;;No;No;No;No;No;No;No;No;No;No
2126;Baptiste Santamaria;fr FRA;MF;Valencia;es La Liga;31,0;1995,0;19,0;7,0;754,0;8,38;1,0;1,0;2,0;1,0;0,0;0,0;2,0;0,0;0,24;6,0;2,0;33,33;0,72;0,24;0,17;0,5;3,0;5,0;8,0;10,0;0,0;13,0;0,0;;;;;0,0;;;;;;;;;;No;No;No;No;No;No;No;No;No;No
2127;Yago Santiago;es ESP;MF;Elche;es La Liga;22,0;2003,0;8,0;3,0;273,0;3,03;0,0;0,0;0,0;0,0;0,0;0,0;1,0;0,0;0,0;2,0;0,0;0,0;0,66;0,0;0,0;0,0;6,0;1,0;1,0;2,0;0,0;3,0;0,0;;;;;0,0;;;;;;;;;;No;No;No;No;No;No;No;No;No;No
2128;Yellu Santiago;es ESP;MF;Hellas Verona;it Serie A;21,0;2004,0;2,0;0,0;6,0;0,07;0,0;0,0;0,0;0,0;0,0;0,0;0,0;0,0;0,0;2,0;1,0;50,0;30,0;15,0;0,0;0,0;0,0;0,0;0,0;1,0;0,0;0,0;0,0;;;;;0,0;;;;;;;;;;No;No;No;No;No;No;No;No;No;No
2129;Alisson Santos;br BRA;MF;Napoli;it Serie A;23,0;2002,0;5,0;4,0;339,0;3,77;2,0;0,0;2,0;2,0;0,0;0,0;0,0;0,0;0,53;13,0;9,0;69,23;3,45;2,39;0,15;0,22;16,0;6,0;0,0;3,0;0,0;0,0;0,0;;;;;0,0;;;;;;;;;;No;No;No;No;No;No;No;No;No;No
2130;Andrey Santos;br BRA;MF;Chelsea;eng Premier League;21,0;2004,0;22,0;10,0;975,0;10,83;0,0;0,0;0,0;0,0;0,0;0,0;4,0;0,0;0,0;8,0;1,0;12,5;0,74;0,09;0,0;0,0;1,0;13,0;17,0;19,0;0,0;11,0;0,0;;;;;0,0;;;;;;;;;;No;No;No;No;No;No;No;No;No;No
2131;Kauã Santos;br BRA;GK;Eintracht Frankfurt;de Bundesliga;22,0;2003,0;13,0;13,0;1084,0;12,04;0,0;0,0;0,0;0,0;0,0;0,0;0,0;0,0;0,0;0,0;0,0;0,0;0,0;0,0;0,0;0,0;0,0;1,0;0,0;3,0;0,0;0,0;0,0;32,0;2,66;68,0;37,0;54,41;3,0;4,0;6,0;2,0;15,38;1,0;1,0;0,0;0,0;No;No;No;No;No;No;No;No;No;No
2132;Tiago Santos;pt POR;DF;Lille;fr Ligue 1;23,0;2002,0;13,0;8,0;694,0;7,71;0,0;0,0;0,0;0,0;0,0;0,0;0,0;0,0;0,0;8,0;0,0;0,0;1,04;0,0;0,0;0,0;30,0;8,0;4,0;21,0;0,0;12,0;0,0;;;;;0,0;;;;;;;;;;No;No;No;No;No;No;No;No;No;No
2133;Alejo Sarco;ar ARG;FW;Gladbach;de Bundesliga;20,0;2006,0;5,0;0,0;123,0;1,37;0,0;0,0;0,0;0,0;0,0;0,0;0,0;0,0;0,0;3,0;0,0;0,0;2,2;0,0;0,0;0,0;0,0;0,0;0,0;2,0;0,0;2,0;0,0;;;;;0,0;;;;;;;;;;No;No;No;No;No;No;No;No;No;No
2134;Jeremy Sarmiento;ec ECU;MF;Cremonese;it Serie A;23,0;2002,0;7,0;0,0;142,0;1,58;0,0;0,0;0,0;0,0;0,0;0,0;0,0;0,0;0,0;2,0;2,0;100,0;1,27;1,27;0,0;0,0;2,0;2,0;2,0;1,0;0,0;0,0;0,0;;;;;0,0;;;;;;;;;;No;No;No;No;No;No;No;No;No;No
2135;Amin Sarr;se SWE;FW, MF;Hellas Verona;it Serie A;25,0;2001,0;28,0;9,0;976,0;10,84;0,0;1,0;1,0;0,0;0,0;0,0;2,0;1,0;0,09;17,0;5,0;29,41;1,57;0,46;0,0;0,0;8,0;8,0;4,0;17,0;1,0;23,0;0,0;;;;;0,0;;;;;;;;;;No;No;No;No;No;No;No;No;No;No
2136;Bouna Sarr;sn SEN;DF, MF;Metz;fr Ligue 1;34,0;1992,0;4,0;3,0;242,0;2,69;0,0;0,0;0,0;0,0;0,0;0,0;0,0;0,0;0,0;2,0;1,0;50,0;0,74;0,37;0,0;0,0;12,0;3,0;2,0;5,0;0,0;3,0;0,0;;;;;0,0;;;;;;;;;;No;No;No;No;No;No;No;No;No;No
2137;Ismaila Sarr;sn SEN;FW, MF;Crystal Palace;eng Premier League;28,0;1998,0;20,0;20,0;1725,0;19,17;7,0;1,0;8,0;5,0;2,0;2,0;2,0;0,0;0,31;34,0;14,0;41,18;1,77;0,73;0,21;0,5;16,0;9,0;7,0;35,0;0,0;11,0;0,0;;;;;0,0;;;;;;;;;;No;No;No;No;No;No;No;No;No;No
2138;Malang Sarr;fr FRA;DF;Lens;fr Ligue 1;27,0;1999,0;25,0;25,0;2250,0;25,0;0,0;1,0;1,0;0,0;0,0;0,0;2,0;0,0;0,04;15,0;4,0;26,67;0,6;0,16;0,0;0,0;7,0;31,0;60,0;14,0;0,0;16,0;0,0;;;;;0,0;;;;;;;;;;No;No;No;No;No;No;No;No;No;No
2139;Mamadou Sarr;sn SEN;DF;Chelsea;eng Premier League;20,0;2005,0;17,0;16,0;1397,0;15,52;0,0;0,0;0,0;0,0;0,0;0,0;3,0;0,0;0,0;2,0;0,0;0,0;0,13;0,0;0,0;0,0;0,0;13,0;6,0;11,0;0,0;16,0;0,0;;;;;0,0;;;;;;;;;;No;No;No;No;No;No;No;No;No;No
2140;Martin Satriano;uy URU;FW, MF;Getafe;es La Liga;25,0;2001,0;20,0;17,0;1485,0;16,5;5,0;1,0;6,0;5,0;0,0;0,0;5,0;0,0;0,36;33,0;16,0;48,48;2,0;0,97;0,15;0,31;14,0;10,0;12,0;21,0;0,0;25,0;0,0;;;;;0,0;;;;;;;;;;No;No;No;No;No;No;No;No;No;No
2141;Mario Sauer;sk SVK;MF;Toulouse;fr Ligue 1;21,0;2004,0;20,0;6,0;600,0;6,67;1,0;0,0;1,0;1,0;0,0;0,0;2,0;0,0;0,15;12,0;3,0;25,0;1,8;0,45;0,08;0,33;7,0;6,0;8,0;3,0;0,0;7,0;0,0;;;;;0,0;;;;;;;;;;No;No;No;No;No;No;No;No;No;No
2142;Razvan Sava;ro ROU;GK;Udinese;it Serie A;23,0;2002,0;7,0;6,0;620,0;6,89;0,0;0,0;0,0;0,0;0,0;0,0;1,0;0,0;0,0;0,0;0,0;0,0;0,0;0,0;0,0;0,0;0,0;0,0;0,0;0,0;0,0;0,0;0,0;14,0;2,03;28,0;14,0;50,0;2,0;2,0;2,0;1,0;14,29;0,0;0,0;0,0;0,0;No;No;No;No;No;No;No;No;No;No
2143;Sávio;br BRA;MF;Manchester City;eng Premier League;21,0;2004,0;17,0;5,0;573,0;6,37;0,0;1,0;1,0;0,0;0,0;0,0;2,0;0,0;0,16;14,0;9,0;64,29;2,2;1,41;0,0;0,0;28,0;3,0;5,0;10,0;0,0;8,0;0,0;;;;;0,0;;;;;;;;;;No;No;No;No;No;No;No;No;No;No
2144;Nicolò Savona;it ITA;DF;Nottingham Forest;eng Premier League;22,0;2003,0;14,0;11,0;1028,0;11,42;2,0;0,0;2,0;2,0;0,0;0,0;2,0;0,0;0,18;5,0;3,0;60,0;0,44;0,26;0,4;0,67;27,0;12,0;5,0;5,0;0,0;12,0;0,0;;;;;0,0;;;;;;;;;;No;No;No;No;No;No;No;No;No;No
2145;Joe Scally;us USA;DF, MF;Gladbach;de Bundesliga;23,0;2002,0;24,0;21,0;1912,0;21,24;1,0;3,0;4,0;1,0;0,0;0,0;6,0;0,0;0,19;12,0;7,0;58,33;0,56;0,33;0,08;0,14;37,0;19,0;15,0;42,0;0,0;25,0;1,0;;;;;0,0;;;;;;;;;;No;No;No;No;No;No;No;No;No;No
2146;Giorgio Scalvini;it ITA;DF;Atalanta;it Serie A;22,0;2003,0;15,0;14,0;1111,0;12,34;2,0;0,0;2,0;2,0;0,0;0,0;2,0;0,0;0,16;12,0;5,0;41,67;0,97;0,41;0,17;0,4;2,0;15,0;23,0;6,0;0,0;21,0;0,0;;;;;0,0;;;;;;;;;;No;No;No;No;No;No;No;No;No;No
2147;Gianluca Scamacca;it ITA;FW;Atalanta;it Serie A;27,0;1999,0;20,0;14,0;1140,0;12,67;8,0;1,0;9,0;6,0;2,0;2,0;2,0;0,0;0,55;51,0;19,0;37,25;4,03;1,5;0,16;0,42;0,0;4,0;3,0;17,0;0,0;21,0;0,0;;;;;0,0;;;;;;;;;;No;No;No;No;No;No;No;No;No;No
2148;Oliver Scarles;eng ENG;DF, MF;West Ham United;eng Premier League;20,0;2005,0;12,0;9,0;656,0;7,29;0,0;0,0;0,0;0,0;0,0;0,0;1,0;0,0;0,0;3,0;0,0;0,0;0,41;0,0;0,0;0,0;35,0;18,0;13,0;7,0;0,0;6,0;0,0;;;;;0,0;;;;;;;;;;No;No;No;No;No;No;No;No;No;No
2149;Dane Scarlett;eng ENG;FW;Tottenham Hotspur;eng Premier League;21,0;2004,0;2,0;0,0;9,0;0,1;0,0;0,0;0,0;0,0;0,0;0,0;0,0;0,0;0,0;0,0;0,0;0,0;0,0;0,0;0,0;0,0;0,0;0,0;0,0;0,0;0,0;1,0;0,0;;;;;0,0;;;;;;;;;;No;No;No;No;No;No;No;No;No;No
2150;Kevin Schade;de GER;FW, MF;Brentford;eng Premier League;24,0;2001,0;27,0;25,0;2130,0;23,67;7,0;3,0;10,0;7,0;0,0;1,0;6,0;1,0;0,42;44,0;21,0;47,73;1,86;0,89;0,16;0,33;18,0;21,0;18,0;35,0;0,0;37,0;0,0;;;;;0,0;;;;;;;;;;No;No;No;No;No;No;No;No;No;No
2151;András Schäfer;hu HUN;MF;Union Berlin;de Bundesliga;26,0;1999,0;21,0;11,0;987,0;10,97;1,0;0,0;1,0;1,0;0,0;0,0;2,0;1,0;0,09;20,0;7,0;35,0;1,82;0,64;0,05;0,14;13,0;18,0;16,0;18,0;0,0;29,0;0,0;;;;;0,0;;;;;;;;;;No;No;No;No;No;No;No;No;No;No
2152;Fabian Schär;ch SUI;DF;Newcastle United;eng Premier League;34,0;1991,0;16,0;11,0;1091,0;12,12;0,0;0,0;0,0;0,0;0,0;0,0;1,0;0,0;0,0;17,0;4,0;23,53;1,4;0,33;0,0;0,0;4,0;9,0;16,0;7,0;0,0;15,0;0,0;;;;;0,0;;;;;;;;;;No;No;No;No;No;No;No;No;No;No
2153;Fynn Schenten;de GER;FW;Köln;de Bundesliga;18,0;2007,0;7,0;1,0;100,0;1,11;0,0;0,0;0,0;0,0;0,0;0,0;0,0;0,0;0,0;1,0;0,0;0,0;0,9;0,0;0,0;0,0;3,0;0,0;0,0;0,0;0,0;2,0;0,0;;;;;0,0;;;;;;;;;;No;No;No;No;No;No;No;No;No;No
2154;Derry Scherhant;de GER;MF;Freiburg;de Bundesliga;23,0;2002,0;23,0;7,0;841,0;9,34;4,0;1,0;5,0;4,0;0,0;0,0;2,0;0,0;0,54;29,0;11,0;37,93;3,1;1,18;0,14;0,36;58,0;6,0;4,0;29,0;0,0;11,0;0,0;;;;;0,0;;;;;;;;;;No;No;No;No;No;No;No;No;No;No
2155;Patrik Schick;cz CZE;FW;Leverkusen;de Bundesliga;30,0;1996,0;20,0;17,0;1367,0;15,19;7,0;3,0;10,0;5,0;2,0;2,0;1,0;0,0;0,53;42,0;16,0;38,1;2,77;1,05;0,17;0,44;0,0;2,0;2,0;13,0;0,0;16,0;0,0;;;;;0,0;;;;;;;;;;No;No;No;No;No;No;No;No;No;No
2156;Stefan Schimmer;de GER;FW;Heidenheim;de Bundesliga;31,0;1994,0;21,0;2,0;694,0;7,71;5,0;1,0;6,0;5,0;0,0;0,0;1,0;0,0;0,78;28,0;11,0;39,29;3,63;1,43;0,18;0,45;10,0;3,0;3,0;5,0;0,0;12,0;0,0;;;;;0,0;;;;;;;;;;No;No;No;No;No;No;No;No;No;No
2157;Xaver Schlager;at AUT;MF;RB Leipzig;de Bundesliga;28,0;1997,0;20,0;15,0;1322,0;14,69;2,0;1,0;3,0;2,0;0,0;0,0;4,0;0,0;0,2;16,0;5,0;31,25;1,09;0,34;0,12;0,4;10,0;16,0;7,0;8,0;0,0;19,0;0,0;;;;;0,0;;;;;;;;;;No;No;No;No;No;No;No;No;No;No
2158;Keven Schlotterbeck;de GER;DF;Augsburg;de Bundesliga;28,0;1997,0;21,0;20,0;1835,0;20,39;0,0;1,0;1,0;0,0;0,0;1,0;6,0;1,0;0,05;12,0;3,0;25,0;0,59;0,15;0,0;0,0;6,0;19,0;22,0;18,0;1,0;22,0;0,0;;;;;0,0;;;;;;;;;;No;No;No;No;No;No;No;No;No;No
2159;Nico Schlotterbeck;de GER;DF;Dortmund;de Bundesliga;26,0;1999,0;20,0;20,0;1800,0;20,0;4,0;1,0;5,0;4,0;0,0;0,0;6,0;0,0;0,25;29,0;8,0;27,59;1,45;0,4;0,14;0,5;22,0;29,0;13,0;19,0;0,0;20,0;0,0;;;;;0,0;;;;;;;;;;No;No;No;No;No;No;No;No;No;No
2160;Mick Schmetgens;de GER;MF;Werder Bremen;de Bundesliga;18,0;2007,0;1,0;0,0;36,0;0,4;0,0;0,0;0,0;0,0;0,0;0,0;0,0;0,0;0,0;0,0;0,0;0,0;0,0;0,0;0,0;0,0;2,0;0,0;1,0;0,0;0,0;0,0;0,0;;;;;0,0;;;;;;;;;;No;No;No;No;No;No;No;No;No;No
2161;Romano Schmid;at AUT;FW, MF;Werder Bremen;de Bundesliga;26,0;2000,0;26,0;26,0;2284,0;25,38;2,0;7,0;9,0;0,0;2,0;3,0;4,0;0,0;0,28;44,0;15,0;34,09;1,73;0,59;0,05;0,13;136,0;23,0;9,0;23,0;0,0;17,0;0,0;;;;;0,0;;;;;;;;;;No;No;No;No;No;No;No;No;No;No
2162;Isaac Schmidt;ch SUI;MF;Werder Bremen;de Bundesliga;26,0;1999,0;16,0;5,0;550,0;6,11;1,0;0,0;1,0;1,0;0,0;0,0;2,0;0,0;0,16;4,0;2,0;50,0;0,65;0,33;0,25;0,5;7,0;7,0;8,0;3,0;0,0;7,0;0,0;;;;;0,0;;;;;;;;;;No;No;No;No;No;No;No;No;No;No
2163;Joël Schmied;ch SUI;DF;Köln;de Bundesliga;27,0;1998,0;13,0;11,0;952,0;10,58;0,0;0,0;0,0;0,0;0,0;0,0;4,0;0,0;0,0;4,0;0,0;0,0;0,38;0,0;0,0;0,0;5,0;9,0;10,0;5,0;0,0;13,0;0,0;;;;;0,0;;;;;;;;;;No;No;No;No;No;No;No;No;No;No
2164;Tim Schnitzer;de GER;MF;Augsburg;de Bundesliga;18,0;2008,0;1,0;0,0;6,0;0,07;0,0;0,0;0,0;0,0;0,0;0,0;0,0;0,0;0,0;0,0;0,0;0,0;0,0;0,0;0,0;0,0;0,0;0,0;0,0;0,0;0,0;0,0;0,0;;;;;0,0;;;;;;;;;;No;No;No;No;No;No;No;No;No;No
2165;Jan Schöppner;de GER;MF;Heidenheim;de Bundesliga;26,0;1999,0;24,0;22,0;1670,0;18,56;1,0;1,0;2,0;1,0;0,0;0,0;4,0;0,0;0,11;19,0;5,0;26,32;1,02;0,27;0,05;0,2;11,0;10,0;27,0;13,0;0,0;18,0;0,0;;;;;0,0;;;;;;;;;;No;No;No;No;No;No;No;No;No;No
2166;Marvin Schwäbe;de GER;GK;Köln;de Bundesliga;30,0;1995,0;26,0;26,0;2340,0;26,0;0,0;0,0;0,0;0,0;0,0;0,0;0,0;0,0;0,0;0,0;0,0;0,0;0,0;0,0;0,0;0,0;0,0;1,0;2,0;2,0;0,0;1,0;0,0;44,0;1,69;115,0;76,0;66,09;6,0;7,0;13,0;3,0;11,54;5,0;3,0;2,0;0,0;No;No;No;No;No;No;No;No;No;No
2167;Léo Scienza;br BRA;MF;Heidenheim;de Bundesliga;27,0;1998,0;2,0;2,0;180,0;2,0;1,0;0,0;1,0;1,0;0,0;0,0;0,0;0,0;0,5;4,0;1,0;25,0;2,0;0,5;0,25;1,0;13,0;2,0;0,0;7,0;0,0;1,0;0,0;;;;;0,0;;;;;;;;;;No;No;No;No;No;No;No;No;No;No
2168;Alex Scott;eng ENG;MF;Bournemouth;eng Premier League;22,0;2003,0;30,0;27,0;2220,0;24,67;2,0;1,0;3,0;2,0;0,0;0,0;3,0;0,0;0,12;37,0;10,0;27,03;1,5;0,41;0,05;0,2;64,0;30,0;30,0;52,0;0,0;35,0;0,0;;;;;0,0;;;;;;;;;;No;No;No;No;No;No;No;No;No;No
2169;Simone Scuffet;it ITA;GK;Pisa;it Serie A;29,0;1996,0;7,0;7,0;630,0;7,0;0,0;0,0;0,0;0,0;0,0;0,0;0,0;0,0;0,0;0,0;0,0;0,0;0,0;0,0;0,0;0,0;0,0;0,0;0,0;4,0;0,0;0,0;0,0;15,0;2,14;26,0;14,0;53,85;0,0;3,0;4,0;1,0;14,29;3,0;3,0;0,0;0,0;No;No;No;No;No;No;No;No;No;No
2170;Sebastian Sebulonsen;no NOR;DF, MF;Köln;de Bundesliga;26,0;2000,0;24,0;21,0;1885,0;20,94;0,0;0,0;0,0;0,0;0,0;0,0;5,0;0,0;0,0;24,0;3,0;12,5;1,15;0,14;0,0;0,0;53,0;19,0;13,0;8,0;0,0;8,0;0,0;;;;;0,0;;;;;;;;;;No;No;No;No;No;No;No;No;No;No
2171;Jenson Seelt;nl NED;DF;Wolfsburg;de Bundesliga;22,0;2003,0;11,0;9,0;815,0;9,06;0,0;0,0;0,0;0,0;0,0;0,0;0,0;0,0;0,0;2,0;0,0;0,0;0,22;0,0;0,0;0,0;1,0;9,0;5,0;7,0;0,0;6,0;1,0;;;;;0,0;;;;;;;;;;No;No;No;No;No;No;No;No;No;No
2172;Alidu Seidu;gh GHA;DF;Rennes;fr Ligue 1;25,0;2000,0;15,0;8,0;815,0;9,06;0,0;1,0;1,0;0,0;0,0;0,0;1,0;0,0;0,11;4,0;1,0;25,0;0,44;0,11;0,0;0,0;7,0;18,0;14,0;21,0;0,0;9,0;0,0;;;;;0,0;;;;;;;;;;No;No;No;No;No;No;No;No;No;No
2173;Nicolas Seiwald;at AUT;MF;RB Leipzig;de Bundesliga;24,0;2001,0;26,0;25,0;2189,0;24,32;0,0;2,0;2,0;0,0;0,0;0,0;1,0;0,0;0,08;16,0;5,0;31,25;0,66;0,21;0,0;0,0;5,0;31,0;52,0;5,0;0,0;13,0;0,0;;;;;0,0;;;;;;;;;;No;No;No;No;No;No;No;No;No;No
2174;Ayumu Seko;jp JPN;DF, MF;Le Havre;fr Ligue 1;25,0;2000,0;23,0;22,0;1995,0;22,17;0,0;0,0;0,0;0,0;0,0;0,0;3,0;0,0;0,0;14,0;4,0;28,57;0,63;0,18;0,0;0,0;4,0;21,0;23,0;17,0;0,0;21,0;0,0;;;;;0,0;;;;;;;;;;No;No;No;No;No;No;No;No;No;No
2175;Matz Sels;be BEL;GK;Nottingham Forest;eng Premier League;34,0;1992,0;23,0;22,0;1948,0;21,64;0,0;0,0;0,0;0,0;0,0;0,0;2,0;0,0;0,0;0,0;0,0;0,0;0,0;0,0;0,0;0,0;0,0;1,0;0,0;3,0;0,0;0,0;0,0;31,0;1,43;90,0;63,0;70,0;6,0;7,0;9,0;5,0;21,74;4,0;4,0;0,0;0,0;No;No;No;No;No;No;No;No;No;No
2176;Antoine Semenyo;gh GHA;FW, MF;Manchester City;eng Premier League;26,0;2000,0;29,0;29,0;2587,0;28,74;15,0;4,0;19,0;14,0;1,0;2,0;6,0;0,0;0,63;68,0;36,0;52,94;2,37;1,25;0,22;0,42;39,0;28,0;8,0;19,0;0,0;49,0;0,0;;;;;0,0;;;;;;;;;;No;No;No;No;No;No;No;No;No;No
2177;Adrian Šemper;hr CRO;GK;Pisa;it Serie A;28,0;1998,0;17,0;17,0;1530,0;17,0;0,0;0,0;0,0;0,0;0,0;0,0;0,0;0,0;0,0;0,0;0,0;0,0;0,0;0,0;0,0;0,0;0,0;0,0;0,0;2,0;0,0;0,0;0,0;25,0;1,47;84,0;60,0;71,43;1,0;9,0;7,0;4,0;23,53;1,0;1,0;0,0;0,0;No;No;No;No;No;No;No;No;No;No
2178;Marvin Senaya;tg TOG;DF, MF;Auxerre;fr Ligue 1;25,0;2001,0;20,0;17,0;1536,0;17,07;1,0;0,0;1,0;1,0;0,0;0,0;5,0;0,0;0,06;13,0;4,0;30,77;0,76;0,23;0,08;0,25;37,0;23,0;29,0;30,0;0,0;21,0;0,0;;;;;0,0;;;;;;;;;;No;No;No;No;No;No;No;No;No;No
2179;Marcos Senesi;ar ARG;DF;Bournemouth;eng Premier League;28,0;1997,0;29,0;29,0;2568,0;28,53;0,0;4,0;4,0;0,0;0,0;0,0;8,0;0,0;0,14;15,0;5,0;33,33;0,53;0,18;0,0;0,0;22,0;29,0;42,0;27,0;0,0;26,0;0,0;;;;;0,0;;;;;;;;;;No;No;No;No;No;No;No;No;No;No
2180;Suat Serdar;de GER;MF;Hellas Verona;it Serie A;28,0;1997,0;20,0;12,0;1108,0;12,31;2,0;0,0;2,0;2,0;0,0;0,0;3,0;0,0;0,16;19,0;7,0;36,84;1,54;0,57;0,11;0,29;7,0;20,0;10,0;12,0;0,0;19,0;0,0;;;;;0,0;;;;;;;;;;No;No;No;No;No;No;No;No;No;No
2181;Nicolás Serrano;es ESP;MF;Athletic Club;es La Liga;23,0;2003,0;12,0;4,0;330,0;3,67;1,0;0,0;1,0;1,0;0,0;0,0;0,0;0,0;0,27;13,0;2,0;15,38;3,55;0,55;0,08;0,5;32,0;4,0;2,0;5,0;0,0;7,0;0,0;;;;;0,0;;;;;;;;;;No;No;No;No;No;No;No;No;No;No
2182;Benjamin Šeško;si SVN;FW;Manchester Utd;eng Premier League;22,0;2003,0;25,0;13,0;1322,0;14,69;9,0;1,0;10,0;9,0;0,0;0,0;1,0;0,0;0,68;53,0;28,0;52,83;3,61;1,91;0,17;0,32;2,0;3,0;3,0;4,0;0,0;14,0;0,0;;;;;0,0;;;;;;;;;;No;No;No;No;No;No;No;No;No;No
2183;Ryan Sessegnon;eng ENG;DF, MF;Fulham;eng Premier League;25,0;2000,0;23,0;18,0;1611,0;17,9;2,0;1,0;3,0;2,0;0,0;0,0;0,0;0,0;0,17;13,0;3,0;23,08;0,73;0,17;0,15;0,67;44,0;22,0;20,0;3,0;0,0;30,0;0,0;;;;;0,0;;;;;;;;;;No;No;No;No;No;No;No;No;No;No
2184;Stephan El Shaarawy;it ITA;FW, MF;Roma;it Serie A;33,0;1992,0;14,0;4,0;444,0;4,93;0,0;2,0;2,0;0,0;0,0;0,0;2,0;0,0;0,41;13,0;5,0;38,46;2,64;1,01;0,0;0,0;12,0;5,0;5,0;6,0;0,0;7,0;0,0;;;;;0,0;;;;;;;;;;No;No;No;No;No;No;No;No;No;No
2185;Luke Shaw;eng ENG;DF;Manchester Utd;eng Premier League;30,0;1995,0;30,0;30,0;2525,0;28,06;0,0;1,0;1,0;0,0;0,0;0,0;5,0;0,0;0,04;5,0;2,0;40,0;0,18;0,07;0,0;0,0;45,0;30,0;31,0;10,0;0,0;37,0;0,0;;;;;0,0;;;;;;;;;;No;No;No;No;No;No;No;No;No;No
2186;Kento Shiogai;jp JPN;MF;Wolfsburg;de Bundesliga;20,0;2005,0;7,0;2,0;267,0;2,97;1,0;0,0;1,0;1,0;0,0;0,0;1,0;0,0;0,34;8,0;5,0;62,5;2,7;1,69;0,12;0,2;0,0;4,0;2,0;2,0;0,0;6,0;0,0;;;;;0,0;;;;;;;;;;No;No;No;No;No;No;No;No;No;No
2187;Kwasi Sibo;gh GHA;MF;Oviedo;es La Liga;27,0;1998,0;19,0;15,0;1245,0;13,83;0,0;0,0;0,0;0,0;0,0;0,0;3,0;0,0;0,0;8,0;2,0;25,0;0,58;0,14;0,0;0,0;0,0;16,0;10,0;4,0;0,0;21,0;0,0;;;;;0,0;;;;;;;;;;No;No;No;No;No;No;No;No;No;No
2188;Djibril Sidibé;fr FRA;DF, MF;Toulouse;fr Ligue 1;33,0;1992,0;26,0;22,0;1877,0;20,86;3,0;3,0;6,0;2,0;1,0;2,0;1,0;0,0;0,24;7,0;4,0;57,14;0,34;0,19;0,43;0,75;52,0;29,0;15,0;11,0;0,0;27,0;0,0;;;;;0,0;;;;;;;;;;No;No;No;No;No;No;No;No;No;No
2189;Armindo Sieb;de GER;FW;Mainz 05;de Bundesliga;23,0;2003,0;16,0;3,0;441,0;4,9;2,0;0,0;2,0;2,0;0,0;0,0;1,0;0,0;0,41;14,0;6,0;42,86;2,86;1,22;0,14;0,33;8,0;4,0;0,0;2,0;0,0;13,0;0,0;;;;;0,0;;;;;;;;;;No;No;No;No;No;No;No;No;No;No
2190;Jamil Siebert;de GER;DF;Lecce;it Serie A;23,0;2002,0;12,0;9,0;891,0;9,9;1,0;0,0;1,0;1,0;0,0;0,0;2,0;0,0;0,1;4,0;2,0;50,0;0,4;0,2;0,25;0,5;2,0;9,0;6,0;3,0;0,0;17,0;0,0;;;;;0,0;;;;;;;;;;No;No;No;No;No;No;No;No;No;No
2191;Francisco Sierralta;cl CHI;DF;Auxerre;fr Ligue 1;28,0;1997,0;10,0;9,0;861,0;9,57;1,0;0,0;1,0;1,0;0,0;0,0;2,0;0,0;0,1;7,0;2,0;28,57;0,73;0,21;0,14;0,5;0,0;6,0;9,0;5,0;0,0;8,0;0,0;;;;;0,0;;;;;;;;;;No;No;No;No;No;No;No;No;No;No
2192;Tim Siersleben;de GER;DF;Heidenheim;de Bundesliga;26,0;2000,0;14,0;12,0;1079,0;11,99;0,0;0,0;0,0;0,0;0,0;0,0;2,0;0,0;0,0;5,0;3,0;60,0;0,42;0,25;0,0;0,0;13,0;16,0;21,0;13,0;0,0;13,0;0,0;;;;;0,0;;;;;;;;;;No;No;No;No;No;No;No;No;No;No
2193;Mathys Silestrie;fr FRA;GK;Rennes;fr Ligue 1;20,0;2005,0;1,0;1,0;90,0;1,0;0,0;0,0;0,0;0,0;0,0;0,0;0,0;0,0;0,0;0,0;0,0;0,0;0,0;0,0;0,0;0,0;0,0;0,0;0,0;0,0;0,0;0,0;0,0;3,0;3,0;3,0;0,0;0,0;0,0;0,0;1,0;0,0;0,0;0,0;0,0;0,0;0,0;No;No;No;No;No;No;No;No;No;No
2194;André Silva;pt POR;FW;Elche;es La Liga;30,0;1995,0;22,0;15,0;1290,0;14,33;7,0;0,0;7,0;6,0;1,0;1,0;2,0;0,0;0,42;39,0;19,0;48,72;2,72;1,33;0,18;0,37;2,0;3,0;2,0;27,0;0,0;16,0;0,0;;;;;0,0;;;;;;;;;;No;No;No;No;No;No;No;No;No;No
2195;Bernardo Silva;pt POR;MF;Manchester City;eng Premier League;31,0;1994,0;30,0;26,0;2245,0;24,94;2,0;4,0;6,0;2,0;0,0;0,0;9,0;0,0;0,24;17,0;5,0;29,41;0,68;0,2;0,12;0,4;51,0;14,0;15,0;19,0;0,0;34,0;0,0;;;;;0,0;;;;;;;;;;No;No;No;No;No;No;No;No;No;No
2196;Caio Henrique Oliveira Silva;br BRA;DF, MF;Monaco;fr Ligue 1;28,0;1997,0;21,0;17,0;1529,0;16,99;0,0;1,0;1,0;0,0;0,0;0,0;2,0;0,0;0,06;2,0;0,0;0,0;0,12;0,0;0,0;0,0;89,0;10,0;12,0;17,0;0,0;13,0;0,0;;;;;0,0;;;;;;;;;;No;No;No;No;No;No;No;No;No;No
2197;Fábio Silva;pt POR;FW, MF;Dortmund;de Bundesliga;23,0;2002,0;20,0;5,0;592,0;6,58;1,0;5,0;6,0;1,0;0,0;0,0;3,0;0,0;0,91;17,0;5,0;29,41;2,58;0,76;0,06;0,2;8,0;2,0;2,0;8,0;0,0;14,0;0,0;;;;;0,0;;;;;;;;;;No;No;No;No;No;No;No;No;No;No
2198;Jota Silva;pt POR;FW;Nottingham Forest;eng Premier League;26,0;1999,0;1,0;0,0;12,0;0,13;0,0;0,0;0,0;0,0;0,0;0,0;0,0;0,0;0,0;0,0;0,0;0,0;0,0;0,0;0,0;0,0;1,0;1,0;0,0;1,0;0,0;0,0;0,0;;;;;0,0;;;;;;;;;;No;No;No;No;No;No;No;No;No;No
2199;Marco Silvestri;it ITA;GK;Cremonese;it Serie A;35,0;1991,0;4,0;4,0;360,0;4,0;0,0;0,0;0,0;0,0;0,0;0,0;0,0;0,0;0,0;0,0;0,0;0,0;0,0;0,0;0,0;0,0;0,0;0,0;0,0;0,0;0,0;0,0;0,0;7,0;1,75;22,0;15,0;68,18;0,0;3,0;1,0;0,0;0,0;0,0;0,0;0,0;0,0;No;No;No;No;No;No;No;No;No;No
2200;Abdallah Sima;sn SEN;MF;Lens;fr Ligue 1;24,0;2001,0;15,0;3,0;427,0;4,74;1,0;1,0;2,0;1,0;0,0;0,0;2,0;0,0;0,42;12,0;4,0;33,33;2,53;0,84;0,08;0,25;9,0;5,0;0,0;8,0;0,0;7,0;0,0;;;;;0,0;;;;;;;;;;No;No;No;No;No;No;No;No;No;No
2201;Giovanni Simeone;ar ARG;FW;Torino;it Serie A;30,0;1995,0;23,0;18,0;1488,0;16,53;7,0;0,0;7,0;7,0;0,0;0,0;1,0;0,0;0,42;50,0;22,0;44,0;3,02;1,33;0,14;0,32;4,0;6,0;1,0;29,0;0,0;22,0;0,0;;;;;0,0;;;;;;;;;;No;No;No;No;No;No;No;No;No;No
2202;Giuliano Simeone;ar ARG;MF;Atlético Madrid;es La Liga;23,0;2002,0;25,0;20,0;1779,0;19,77;3,0;5,0;8,0;3,0;0,0;0,0;1,0;0,0;0,4;32,0;11,0;34,38;1,62;0,56;0,09;0,27;40,0;19,0;17,0;39,0;0,0;19,0;0,0;;;;;0,0;;;;;;;;;;No;No;No;No;No;No;No;No;No;No
2203;Moses Simon;ng NGA;FW, MF;Paris FC;fr Ligue 1;30,0;1995,0;23,0;19,0;1519,0;16,88;3,0;2,0;5,0;3,0;0,0;0,0;1,0;0,0;0,3;28,0;9,0;32,14;1,66;0,53;0,11;0,33;99,0;7,0;7,0;13,0;0,0;10,0;0,0;;;;;0,0;;;;;;;;;;No;No;No;No;No;No;No;No;No;No
2204;Unai Simón;es ESP;GK;Athletic Club;es La Liga;28,0;1997,0;28,0;28,0;2520,0;28,0;0,0;0,0;0,0;0,0;0,0;0,0;0,0;0,0;0,0;0,0;0,0;0,0;0,0;0,0;0,0;0,0;0,0;0,0;0,0;5,0;0,0;0,0;0,0;40,0;1,43;113,0;77,0;68,14;10,0;5,0;13,0;5,0;17,86;4,0;3,0;1,0;0,0;Sí;Sí;Sí;Sí;Sí;Sí;No;No;No;Sí
2205;Xavi Simons;nl NED;FW, MF;Tottenham Hotspur;eng Premier League;22,0;2003,0;25,0;18,0;1663,0;18,48;1,0;4,0;5,0;1,0;0,0;0,0;4,0;1,0;0,27;36,0;9,0;25,0;1,95;0,49;0,03;0,11;51,0;17,0;16,0;40,0;0,0;20,0;0,0;;;;;0,0;;;;;;;;;;No;No;No;No;No;No;No;No;No;No
2206;Jahmai Simpson-Pusey;eng ENG;DF;Köln;de Bundesliga;20,0;2005,0;6,0;5,0;413,0;4,59;0,0;0,0;0,0;0,0;0,0;0,0;0,0;1,0;0,0;5,0;3,0;60,0;1,09;0,65;0,0;0,0;0,0;4,0;7,0;2,0;0,0;2,0;0,0;;;;;0,0;;;;;;;;;;No;No;No;No;No;No;No;No;No;No
2207;Danel Sinani;lu LUX;FW, MF;St Pauli;de Bundesliga;28,0;1997,0;23,0;17,0;1575,0;17,5;4,0;3,0;7,0;1,0;3,0;3,0;3,0;0,0;0,23;41,0;16,0;39,02;2,34;0,91;0,1;0,25;103,0;13,0;5,0;22,0;0,0;34,0;0,0;;;;;0,0;;;;;;;;;;No;No;No;No;No;No;No;No;No;No
2208;Dan Sinaté;fr FRA;DF;Angers;fr Ligue 1;19,0;2006,0;1,0;0,0;12,0;0,13;0,0;0,0;0,0;0,0;0,0;0,0;0,0;0,0;0,0;1,0;0,0;0,0;7,5;0,0;0,0;0,0;0,0;0,0;0,0;0,0;0,0;0,0;0,0;;;;;0,0;;;;;;;;;;No;No;No;No;No;No;No;No;No;No
2209;Lassine Sinayoko;ml MLI;FW, MF;Auxerre;fr Ligue 1;26,0;1999,0;24,0;24,0;2066,0;22,96;6,0;3,0;9,0;3,0;3,0;4,0;6,0;0,0;0,26;61,0;24,0;39,34;2,66;1,05;0,1;0,25;24,0;20,0;19,0;37,0;0,0;24,0;0,0;;;;;0,0;;;;;;;;;;No;No;No;No;No;No;No;No;No;No
2210;Ibrahima Sissoko;ml MLI;DF, MF;Nantes;fr Ligue 1;28,0;1997,0;5,0;3,0;255,0;2,83;0,0;0,0;0,0;0,0;0,0;0,0;2,0;0,0;0,0;3,0;0,0;0,0;1,06;0,0;0,0;0,0;2,0;3,0;1,0;3,0;0,0;12,0;0,0;;;;;0,0;;;;;;;;;;No;No;No;No;No;No;No;No;No;No
2211;Antonio Sivera;es ESP;GK;Alavés;es La Liga;29,0;1996,0;28,0;28,0;2520,0;28,0;0,0;0,0;0,0;0,0;0,0;0,0;2,0;0,0;0,0;0,0;0,0;0,0;0,0;0,0;0,0;0,0;0,0;1,0;0,0;1,0;0,0;1,0;0,0;38,0;1,36;109,0;75,0;68,81;7,0;7,0;14,0;3,0;10,71;4,0;4,0;0,0;0,0;No;No;No;No;No;No;No;No;No;No
2212;Telli Siwe;fr FRA;DF;Auxerre;fr Ligue 1;21,0;2004,0;3,0;3,0;225,0;2,5;0,0;0,0;0,0;0,0;0,0;0,0;0,0;0,0;0,0;1,0;0,0;0,0;0,4;0,0;0,0;0,0;0,0;3,0;4,0;0,0;0,0;2,0;0,0;;;;;0,0;;;;;;;;;;No;No;No;No;No;No;No;No;No;No
2213;Tim Skarke;de GER;MF;Union Berlin;de Bundesliga;29,0;1996,0;16,0;3,0;479,0;5,32;1,0;0,0;1,0;1,0;0,0;0,0;0,0;0,0;0,19;12,0;5,0;41,67;2,25;0,94;0,08;0,2;8,0;4,0;1,0;7,0;0,0;6,0;0,0;;;;;0,0;;;;;;;;;;No;No;No;No;No;No;No;No;No;No
2214;Ellyes Skhiri;tn TUN;MF;Eintracht Frankfurt;de Bundesliga;30,0;1995,0;17,0;12,0;1034,0;11,49;0,0;0,0;0,0;0,0;0,0;0,0;2,0;1,0;0,0;5,0;0,0;0,0;0,44;0,0;0,0;0,0;2,0;3,0;17,0;9,0;1,0;8,0;0,0;;;;;0,0;;;;;;;;;;No;No;No;No;No;No;No;No;No;No
2215;Leo Skiri Østigård;no NOR;DF;Genoa;it Serie A;26,0;1999,0;23,0;23,0;1992,0;22,13;5,0;1,0;6,0;5,0;0,0;0,0;6,0;0,0;0,27;18,0;11,0;61,11;0,81;0,5;0,28;0,45;0,0;21,0;19,0;11,0;0,0;29,0;0,0;;;;;0,0;;;;;;;;;;No;No;No;No;No;No;No;No;No;No
2216;Laurs Skjellerup;dk DEN;FW;Sassuolo;it Serie A;23,0;2002,0;1,0;0,0;10,0;0,11;0,0;0,0;0,0;0,0;0,0;0,0;0,0;0,0;0,0;1,0;0,0;0,0;9,0;0,0;0,0;0,0;0,0;0,0;0,0;0,0;0,0;0,0;0,0;;;;;0,0;;;;;;;;;;No;No;No;No;No;No;No;No;No;No
2217;Łukasz Skorupski;pl POL;GK;Bologna;it Serie A;34,0;1991,0;17,0;17,0;1412,0;15,69;0,0;0,0;0,0;0,0;0,0;0,0;1,0;1,0;0,0;0,0;0,0;0,0;0,0;0,0;0,0;0,0;0,0;0,0;0,0;8,0;0,0;1,0;0,0;15,0;0,96;43,0;30,0;69,77;9,0;3,0;5,0;7,0;41,18;2,0;2,0;0,0;0,0;No;No;No;No;No;No;No;No;No;No
2218;Andreas Skov Olsen;dk DEN;MF;Wolfsburg;de Bundesliga;26,0;1999,0;8,0;4,0;362,0;4,02;1,0;0,0;1,0;1,0;0,0;0,0;1,0;0,0;0,25;7,0;2,0;28,57;1,74;0,5;0,14;0,5;6,0;1,0;1,0;4,0;0,0;1,0;0,0;;;;;0,0;;;;;;;;;;No;No;No;No;No;No;No;No;No;No
2219;Robert Skov;dk DEN;DF, MF;Union Berlin;de Bundesliga;29,0;1996,0;3,0;3,0;220,0;2,44;0,0;0,0;0,0;0,0;0,0;0,0;0,0;0,0;0,0;1,0;0,0;0,0;0,41;0,0;0,0;0,0;12,0;5,0;2,0;3,0;0,0;5,0;0,0;;;;;0,0;;;;;;;;;;No;No;No;No;No;No;No;No;No;No
2220;Tobias Slotsager;dk DEN;DF;Hellas Verona;it Serie A;20,0;2006,0;7,0;4,0;426,0;4,73;0,0;0,0;0,0;0,0;0,0;0,0;0,0;0,0;0,0;3,0;1,0;33,33;0,63;0,21;0,0;0,0;2,0;7,0;3,0;5,0;0,0;2,0;0,0;;;;;0,0;;;;;;;;;;No;No;No;No;No;No;No;No;No;No
2221;Adam Smith;eng ENG;DF;Bournemouth;eng Premier League;34,0;1991,0;17,0;11,0;790,0;8,78;0,0;1,0;1,0;0,0;0,0;0,0;2,0;0,0;0,11;0,0;0,0;0,0;0,0;0,0;0,0;0,0;10,0;8,0;7,0;7,0;0,0;13,0;0,0;;;;;0,0;;;;;;;;;;No;No;No;No;No;No;No;No;No;No
2222;Eric Smith;se SWE;DF, MF;St Pauli;de Bundesliga;29,0;1997,0;23,0;23,0;2024,0;22,49;2,0;2,0;4,0;2,0;0,0;0,0;4,0;1,0;0,18;11,0;5,0;45,45;0,49;0,22;0,18;0,4;51,0;19,0;20,0;27,0;0,0;14,0;0,0;;;;;0,0;;;;;;;;;;No;No;No;No;No;No;No;No;No;No
2223;Emile Smith Rowe;eng ENG;MF;Fulham;eng Premier League;25,0;2000,0;29,0;16,0;1457,0;16,19;3,0;0,0;3,0;3,0;0,0;0,0;1,0;0,0;0,19;28,0;9,0;32,14;1,73;0,56;0,11;0,33;10,0;15,0;20,0;9,0;0,0;4,0;0,0;;;;;0,0;;;;;;;;;;No;No;No;No;No;No;No;No;No;No
2224;Ivan Smolčić;hr CRO;DF;Como;it Serie A;25,0;2000,0;20,0;14,0;1173,0;13,03;0,0;0,0;0,0;0,0;0,0;0,0;7,0;0,0;0,0;9,0;4,0;44,44;0,69;0,31;0,0;0,0;20,0;16,0;17,0;16,0;0,0;20,0;0,0;;;;;0,0;;;;;;;;;;No;No;No;No;No;No;No;No;No;No
2225;Simon Sohm;ch SUI;MF;Bologna;it Serie A;24,0;2001,0;22,0;13,0;1072,0;11,91;0,0;1,0;1,0;0,0;0,0;0,0;3,0;0,0;0,08;6,0;1,0;16,67;0,5;0,08;0,0;0,0;6,0;10,0;8,0;12,0;0,0;18,0;0,0;;;;;0,0;;;;;;;;;;No;No;No;No;No;No;No;No;No;No
2226;Alex Sola;es ESP;DF, MF;Getafe;es La Liga;26,0;1999,0;1,0;0,0;13,0;0,14;0,0;0,0;0,0;0,0;0,0;0,0;0,0;0,0;0,0;0,0;0,0;0,0;0,0;0,0;0,0;0,0;0,0;0,0;0,0;2,0;0,0;0,0;0,0;;;;;0,0;;;;;;;;;;No;No;No;No;No;No;No;No;No;No
2227;Dominic Solanke;eng ENG;FW;Tottenham Hotspur;eng Premier League;28,0;1997,0;11,0;7,0;692,0;7,69;3,0;0,0;3,0;3,0;0,0;0,0;1,0;0,0;0,39;12,0;6,0;50,0;1,56;0,78;0,25;0,5;2,0;13,0;3,0;5,0;0,0;8,0;0,0;;;;;0,0;;;;;;;;;;No;No;No;No;No;No;No;No;No;No
2228;Carlos Soler;es ESP;MF;Real Sociedad;es La Liga;29,0;1997,0;23,0;17,0;1514,0;16,82;4,0;2,0;6,0;4,0;0,0;0,0;2,0;1,0;0,36;25,0;15,0;60,0;1,49;0,89;0,16;0,27;43,0;14,0;9,0;13,0;0,0;24,0;0,0;;;;;0,0;;;;;;;;;;Sí;No;No;No;No;No;No;No;No;No
2229;Julio Soler;ar ARG;DF;Bournemouth;eng Premier League;21,0;2005,0;3,0;0,0;35,0;0,39;0,0;0,0;0,0;0,0;0,0;0,0;0,0;0,0;0,0;0,0;0,0;0,0;0,0;0,0;0,0;0,0;2,0;0,0;0,0;2,0;0,0;2,0;0,0;;;;;0,0;;;;;;;;;;No;No;No;No;No;No;No;No;No;No
2230;Oumar Solet;fr FRA;DF;Udinese;it Serie A;26,0;2000,0;26,0;25,0;2149,0;23,88;3,0;1,0;4,0;2,0;1,0;1,0;0,0;0,0;0,13;25,0;4,0;16,0;1,05;0,17;0,12;0,75;10,0;36,0;35,0;22,0;0,0;24,0;1,0;;;;;0,0;;;;;;;;;;No;No;No;No;No;No;No;No;No;No
2231;Jhon Solis;co COL;MF;Girona;es La Liga;21,0;2004,0;12,0;3,0;380,0;4,22;0,0;0,0;0,0;0,0;0,0;0,0;0,0;0,0;0,0;3,0;2,0;66,67;0,71;0,47;0,0;0,0;0,0;3,0;4,0;7,0;0,0;2,0;0,0;;;;;0,0;;;;;;;;;;No;No;No;No;No;No;No;No;No;No
2232;Manor Solomon;il ISR;FW, MF;Fiorentina;it Serie A;26,0;1999,0;15,0;6,0;627,0;6,97;3,0;1,0;4,0;3,0;0,0;0,0;0,0;0,0;0,57;7,0;3,0;42,86;1,0;0,43;0,43;1,0;40,0;7,0;0,0;13,0;0,0;1,0;0,0;;;;;0,0;;;;;;;;;;No;No;No;No;No;No;No;No;No;No
2233;Hugo Solozabal;es ESP;MF;Getafe;es La Liga;23,0;2003,0;1,0;0,0;11,0;0,12;0,0;0,0;0,0;0,0;0,0;0,0;0,0;0,0;0,0;0,0;0,0;0,0;0,0;0,0;0,0;0,0;0,0;0,0;0,0;0,0;0,0;0,0;0,0;;;;;0,0;;;;;;;;;;No;No;No;No;No;No;No;No;No;No
2234;Daniele Sommariva;it ITA;GK;Genoa;it Serie A;28,0;1997,0;2,0;1,0;176,0;1,96;0,0;0,0;0,0;0,0;0,0;0,0;0,0;0,0;0,0;0,0;0,0;0,0;0,0;0,0;0,0;0,0;0,0;0,0;0,0;1,0;0,0;0,0;0,0;4,0;2,05;12,0;8,0;66,67;0,0;0,0;1,0;0,0;0,0;0,0;0,0;0,0;0,0;No;No;No;No;No;No;No;No;No;No
2235;Yann Sommer;ch SUI;GK;Inter;it Serie A;37,0;1988,0;27,0;27,0;2430,0;27,0;0,0;0,0;0,0;0,0;0,0;0,0;0,0;0,0;0,0;0,0;0,0;0,0;0,0;0,0;0,0;0,0;0,0;0,0;0,0;1,0;0,0;0,0;0,0;22,0;0,81;71,0;50,0;70,42;20,0;2,0;5,0;14,0;51,85;2,0;2,0;0,0;0,0;No;No;No;No;No;No;No;No;No;No
2236;Oliver Sonne;pe PER;DF;Burnley;eng Premier League;25,0;2000,0;7,0;1,0;169,0;1,88;1,0;0,0;1,0;1,0;0,0;0,0;0,0;0,0;0,53;3,0;1,0;33,33;1,6;0,53;0,33;1,0;5,0;1,0;1,0;0,0;0,0;4,0;0,0;;;;;0,0;;;;;;;;;;No;No;No;No;No;No;No;No;No;No
2237;David Soria;es ESP;GK;Getafe;es La Liga;32,0;1993,0;28,0;28,0;2520,0;28,0;0,0;0,0;0,0;0,0;0,0;0,0;2,0;0,0;0,0;0,0;0,0;0,0;0,0;0,0;0,0;0,0;0,0;0,0;0,0;1,0;0,0;0,0;0,0;30,0;1,07;119,0;89,0;74,79;10,0;5,0;13,0;8,0;28,57;1,0;1,0;0,0;0,0;No;No;No;No;No;No;No;No;No;No
2238;Borna Sosa;hr CRO;DF, MF;Crystal Palace;eng Premier League;28,0;1998,0;5,0;0,0;55,0;0,61;0,0;0,0;0,0;0,0;0,0;0,0;0,0;0,0;0,0;0,0;0,0;0,0;0,0;0,0;0,0;0,0;5,0;0,0;1,0;0,0;0,0;3,0;0,0;;;;;0,0;;;;;;;;;;No;No;No;No;No;No;No;No;No;No
2239;Hugo Sotelo;es ESP;MF;Celta Vigo;es La Liga;22,0;2003,0;15,0;12,0;998,0;11,09;0,0;1,0;1,0;0,0;0,0;0,0;2,0;0,0;0,09;2,0;1,0;50,0;0,18;0,09;0,0;0,0;35,0;11,0;12,0;9,0;0,0;21,0;0,0;;;;;0,0;;;;;;;;;;No;No;No;No;No;No;No;No;No;No
2240;Florian Sotoca;fr FRA;FW, MF;Lens;fr Ligue 1;35,0;1990,0;19,0;0,0;151,0;1,68;0,0;0,0;0,0;0,0;0,0;0,0;1,0;0,0;0,0;4,0;0,0;0,0;2,38;0,0;0,0;0,0;2,0;1,0;3,0;5,0;0,0;6,0;0,0;;;;;0,0;;;;;;;;;;No;No;No;No;No;No;No;No;No;No
2241;Riccardo Sottil;it ITA;FW, MF;Lecce;it Serie A;26,0;1999,0;21,0;13,0;1066,0;11,84;1,0;2,0;3,0;1,0;0,0;0,0;1,0;0,0;0,25;20,0;3,0;15,0;1,69;0,25;0,05;0,33;100,0;2,0;2,0;27,0;0,0;10,0;0,0;;;;;0,0;;;;;;;;;;No;No;No;No;No;No;No;No;No;No
2242;Tomáš Souček;cz CZE;MF;West Ham United;eng Premier League;31,0;1995,0;27,0;16,0;1516,0;16,84;4,0;0,0;4,0;4,0;0,0;0,0;2,0;1,0;0,24;18,0;11,0;61,11;1,07;0,65;0,22;0,36;11,0;15,0;15,0;14,0;0,0;28,0;0,0;;;;;0,0;;;;;;;;;;No;No;No;No;No;No;No;No;No;No
2243;Matìas Soulé;ar ARG;FW, MF;Roma;it Serie A;22,0;2003,0;25,0;21,0;1675,0;18,61;6,0;4,0;10,0;6,0;0,0;0,0;1,0;0,0;0,54;42,0;14,0;33,33;2,26;0,75;0,14;0,43;59,0;11,0;9,0;31,0;0,0;5,0;0,0;;;;;0,0;;;;;;;;;;No;No;No;No;No;No;No;No;No;No
2244;Aboubaka Soumahoro;fr FRA;DF, MF;Hamburger SV;de Bundesliga;21,0;2005,0;4,0;2,0;136,0;1,51;0,0;0,0;0,0;0,0;0,0;0,0;1,0;0,0;0,0;0,0;0,0;0,0;0,0;0,0;0,0;0,0;1,0;0,0;0,0;0,0;0,0;3,0;0,0;;;;;0,0;;;;;;;;;;No;No;No;No;No;No;No;No;No;No
2245;Sambou Soumano;sn SEN;FW;Lorient;fr Ligue 1;25,0;2001,0;25,0;8,0;860,0;9,56;4,0;2,0;6,0;4,0;0,0;1,0;2,0;0,0;0,63;27,0;10,0;37,04;2,83;1,05;0,15;0,4;0,0;3,0;4,0;18,0;0,0;14,0;0,0;;;;;0,0;;;;;;;;;;No;No;No;No;No;No;No;No;No;No
2246;Issa Soumaré;sn SEN;FW, MF;Le Havre;fr Ligue 1;25,0;2000,0;26,0;25,0;2228,0;24,76;6,0;2,0;8,0;5,0;1,0;3,0;2,0;0,0;0,28;59,0;21,0;35,59;2,38;0,85;0,1;0,29;54,0;12,0;8,0;57,0;0,0;40,0;0,0;;;;;0,0;;;;;;;;;;No;No;No;No;No;No;No;No;No;No
2247;Souza;br BRA;MF;Tottenham Hotspur;eng Premier League;19,0;2006,0;4,0;2,0;144,0;1,6;0,0;0,0;0,0;0,0;0,0;0,0;1,0;0,0;0,0;1,0;1,0;100,0;0,62;0,62;0,0;0,0;3,0;0,0;2,0;2,0;0,0;3,0;0,0;;;;;0,0;;;;;;;;;;No;No;No;No;No;No;No;No;No;No
2248;Vinicius Souza;br BRA;MF;Wolfsburg;de Bundesliga;26,0;1999,0;16,0;14,0;1092,0;12,13;0,0;0,0;0,0;0,0;0,0;0,0;3,0;0,0;0,0;4,0;1,0;25,0;0,33;0,08;0,0;0,0;2,0;20,0;17,0;16,0;0,0;24,0;0,0;;;;;0,0;;;;;;;;;;No;No;No;No;No;No;No;No;No;No
2249;Djibril Sow;ch SUI;MF;Sevilla;es La Liga;29,0;1997,0;24,0;21,0;1655,0;18,39;5,0;1,0;6,0;5,0;0,0;0,0;3,0;0,0;0,33;16,0;8,0;50,0;0,87;0,44;0,31;0,62;21,0;17,0;18,0;22,0;0,0;30,0;0,0;;;;;0,0;;;;;;;;;;No;No;No;No;No;No;No;No;No;No
2250;Djed Spence;eng ENG;DF, MF;Tottenham Hotspur;eng Premier League;25,0;2000,0;23,0;20,0;1763,0;19,59;0,0;0,0;0,0;0,0;0,0;0,0;4,0;0,0;0,0;11,0;7,0;63,64;0,56;0,36;0,0;0,0;42,0;20,0;11,0;18,0;0,0;22,0;0,0;;;;;0,0;;;;;;;;;;No;No;No;No;No;No;No;No;No;No
2251;Leonardo Spinazzola;it ITA;DF, MF;Napoli;it Serie A;32,0;1993,0;25,0;18,0;1566,0;17,4;3,0;3,0;6,0;3,0;0,0;0,0;2,0;0,0;0,34;19,0;7,0;36,84;1,09;0,4;0,16;0,43;54,0;8,0;4,0;8,0;0,0;8,0;0,0;;;;;0,0;;;;;;;;;;No;No;No;No;No;No;No;No;No;No
2252;Anton Stach;de GER;MF;Leeds United;eng Premier League;27,0;1998,0;25,0;24,0;2046,0;22,73;4,0;3,0;7,0;4,0;0,0;0,0;3,0;0,0;0,31;46,0;13,0;28,26;2,02;0,57;0,09;0,31;123,0;32,0;17,0;20,0;0,0;31,0;0,0;;;;;0,0;;;;;;;;;;No;No;No;No;No;No;No;No;No;No
2253;Jens Stage;dk DEN;MF;Werder Bremen;de Bundesliga;29,0;1996,0;24,0;24,0;2062,0;22,91;7,0;2,0;9,0;7,0;0,0;0,0;5,0;0,0;0,39;45,0;16,0;35,56;1,96;0,7;0,16;0,44;13,0;27,0;17,0;27,0;0,0;27,0;0,0;;;;;0,0;;;;;;;;;;No;No;No;No;No;No;No;No;No;No
2254;Benjamin Stambouli;fr FRA;MF;Metz;fr Ligue 1;35,0;1990,0;14,0;8,0;737,0;8,19;0,0;0,0;0,0;0,0;0,0;0,0;0,0;0,0;0,0;5,0;1,0;20,0;0,61;0,12;0,0;0,0;5,0;14,0;5,0;8,0;0,0;12,0;0,0;;;;;0,0;;;;;;;;;;No;No;No;No;No;No;No;No;No;No
2255;Nicolae Stanciu;ro ROU;MF;Genoa;it Serie A;32,0;1993,0;4,0;2,0;180,0;2,0;0,0;0,0;0,0;0,0;0,0;1,0;0,0;0,0;0,0;5,0;0,0;0,0;2,5;0,0;0,0;0,0;9,0;3,0;3,0;2,0;0,0;1,0;0,0;;;;;0,0;;;;;;;;;;No;No;No;No;No;No;No;No;No;No
2256;Otto Stange;de GER;DF;Hamburger SV;de Bundesliga;19,0;2007,0;3,0;0,0;66,0;0,73;0,0;0,0;0,0;0,0;0,0;0,0;0,0;0,0;0,0;3,0;1,0;33,33;4,09;1,36;0,0;0,0;1,0;0,0;0,0;1,0;0,0;1,0;0,0;;;;;0,0;;;;;;;;;;No;No;No;No;No;No;No;No;No;No
2257;Josip Stanišić;hr CRO;DF;Bayern Munich;de Bundesliga;25,0;2000,0;18,0;14,0;1346,0;14,96;2,0;3,0;5,0;2,0;0,0;0,0;1,0;0,0;0,33;6,0;4,0;66,67;0,4;0,27;0,33;0,5;27,0;18,0;14,0;10,0;0,0;5,0;0,0;;;;;0,0;;;;;;;;;;No;No;No;No;No;No;No;No;No;No
2258;Carl Starfelt;se SWE;DF;Celta Vigo;es La Liga;30,0;1995,0;19,0;17,0;1491,0;16,57;0,0;0,0;0,0;0,0;0,0;0,0;3,0;1,0;0,0;4,0;1,0;25,0;0,24;0,06;0,0;0,0;0,0;16,0;16,0;8,0;1,0;19,0;1,0;;;;;0,0;;;;;;;;;;No;No;No;No;No;No;No;No;No;No
2259;Niklas Stark;de GER;DF;Werder Bremen;de Bundesliga;30,0;1995,0;11,0;7,0;571,0;6,34;0,0;0,0;0,0;0,0;0,0;0,0;8,0;2,0;0,0;3,0;1,0;33,33;0,47;0,16;0,0;0,0;1,0;10,0;12,0;7,0;2,0;11,0;0,0;;;;;0,0;;;;;;;;;;No;No;No;No;No;No;No;No;No;No
2260;Orri Steinn Óskarsson;is ISL;FW;Real Sociedad;es La Liga;21,0;2004,0;11,0;2,0;290,0;3,22;4,0;0,0;4,0;4,0;0,0;0,0;2,0;0,0;1,24;9,0;6,0;66,67;2,79;1,86;0,44;0,67;1,0;3,0;1,0;1,0;0,0;7,0;0,0;;;;;0,0;;;;;;;;;;No;No;No;No;No;No;No;No;No;No
2261;Calvin Stengs;nl NED;FW, MF;Pisa;it Serie A;27,0;1998,0;3,0;0,0;19,0;0,21;0,0;0,0;0,0;0,0;0,0;0,0;0,0;0,0;0,0;2,0;1,0;50,0;9,47;4,74;0,0;0,0;3,0;0,0;0,0;2,0;0,0;0,0;0,0;;;;;0,0;;;;;;;;;;No;No;No;No;No;No;No;No;No;No
2262;Pascal Stenzel;de GER;MF;Stuttgart;de Bundesliga;29,0;1996,0;2,0;2,0;106,0;1,18;0,0;0,0;0,0;0,0;0,0;0,0;2,0;0,0;0,0;3,0;1,0;33,33;2,55;0,85;0,0;0,0;5,0;0,0;2,0;2,0;0,0;2,0;0,0;;;;;0,0;;;;;;;;;;No;No;No;No;No;No;No;No;No;No
2263;Leonidas Stergiou;ch SUI;DF;Heidenheim;de Bundesliga;24,0;2002,0;4,0;1,0;150,0;1,67;0,0;0,0;0,0;0,0;0,0;0,0;0,0;0,0;0,0;1,0;0,0;0,0;0,6;0,0;0,0;0,0;1,0;1,0;1,0;1,0;0,0;2,0;0,0;;;;;0,0;;;;;;;;;;No;No;No;No;No;No;No;No;No;No
2264;Angelo Stiller;de GER;MF;Stuttgart;de Bundesliga;24,0;2001,0;26,0;22,0;2052,0;22,8;1,0;5,0;6,0;1,0;0,0;1,0;1,0;0,0;0,26;9,0;4,0;44,44;0,39;0,18;0,11;0,25;94,0;14,0;23,0;33,0;0,0;12,0;0,0;;;;;0,0;;;;;;;;;;No;No;No;No;No;No;No;No;No;No
2265;Kevin Stöger;at AUT;MF;Gladbach;de Bundesliga;32,0;1993,0;21,0;9,0;867,0;9,63;1,0;1,0;2,0;1,0;0,0;1,0;2,0;0,0;0,21;14,0;5,0;35,71;1,45;0,52;0,07;0,2;37,0;13,0;10,0;15,0;0,0;17,0;0,0;;;;;0,0;;;;;;;;;;No;No;No;No;No;No;No;No;No;No
2266;Filip Stojilković;ch SUI;FW, MF;Pisa;it Serie A;26,0;2000,0;6,0;3,0;267,0;2,97;0,0;0,0;0,0;0,0;0,0;0,0;0,0;0,0;0,0;4,0;2,0;50,0;1,35;0,67;0,0;0,0;0,0;0,0;0,0;0,0;0,0;2,0;0,0;;;;;0,0;;;;;;;;;;No;No;No;No;No;No;No;No;No;No
2267;John Stones;eng ENG;DF;Manchester City;eng Premier League;31,0;1994,0;7,0;4,0;353,0;3,92;0,0;0,0;0,0;0,0;0,0;0,0;0,0;0,0;0,0;0,0;0,0;0,0;0,0;0,0;0,0;0,0;4,0;0,0;2,0;0,0;0,0;0,0;0,0;;;;;0,0;;;;;;;;;;No;No;No;No;No;No;No;No;No;No
2268;Jørgen Strand Larsen;no NOR;FW;Crystal Palace;eng Premier League;26,0;2000,0;28,0;20,0;1870,0;20,78;4,0;1,0;5,0;3,0;1,0;2,0;4,0;0,0;0,19;32,0;12,0;37,5;1,54;0,58;0,12;0,33;3,0;2,0;4,0;17,0;0,0;45,0;0,0;;;;;0,0;;;;;;;;;;No;No;No;No;No;No;No;No;No;No
2269;Gabriel Strefezza;br BRA;FW;Parma;it Serie A;28,0;1997,0;6,0;5,0;452,0;5,02;0,0;1,0;1,0;0,0;0,0;0,0;1,0;0,0;0,2;12,0;3,0;25,0;2,39;0,6;0,0;0,0;24,0;5,0;4,0;14,0;0,0;10,0;0,0;;;;;0,0;;;;;;;;;;No;No;No;No;No;No;No;No;No;No
2270;Pascal Struijk;nl NED;DF;Leeds United;eng Premier League;26,0;1999,0;27,0;26,0;2349,0;26,1;0,0;1,0;1,0;0,0;0,0;0,0;3,0;0,0;0,04;24,0;4,0;16,67;0,92;0,15;0,0;0,0;1,0;18,0;27,0;17,0;0,0;20,0;0,0;;;;;0,0;;;;;;;;;;No;No;No;No;No;No;No;No;No;No
2271;Cristhian Stuani;uy URU;FW;Girona;es La Liga;39,0;1986,0;13,0;1,0;226,0;2,51;3,0;0,0;3,0;0,0;3,0;4,0;2,0;0,0;0,0;8,0;6,0;75,0;3,19;2,39;0,38;0,5;0,0;3,0;1,0;6,0;0,0;7,0;0,0;;;;;0,0;;;;;;;;;;No;No;No;No;No;No;No;No;No;No
2272;Nikola Štulić;rs SRB;FW;Lecce;it Serie A;24,0;2001,0;27,0;17,0;1463,0;16,26;3,0;0,0;3,0;2,0;1,0;1,0;1,0;0,0;0,12;27,0;7,0;25,93;1,66;0,43;0,11;0,43;1,0;7,0;2,0;23,0;0,0;28,0;0,0;;;;;0,0;;;;;;;;;;No;No;No;No;No;No;No;No;No;No
2273;Denis Suárez;es ESP;MF;Alavés;es La Liga;32,0;1994,0;21,0;11,0;1017,0;11,3;1,0;1,0;2,0;1,0;0,0;0,0;4,0;0,0;0,18;6,0;3,0;50,0;0,53;0,27;0,17;0,33;21,0;10,0;7,0;19,0;0,0;17,0;0,0;;;;;0,0;;;;;;;;;;No;No;No;No;No;No;No;No;No;No
2274;Gabriel Suazo;cl CHI;DF, MF;Sevilla;es La Liga;28,0;1997,0;20,0;18,0;1474,0;16,38;0,0;2,0;2,0;0,0;0,0;0,0;6,0;0,0;0,12;4,0;2,0;50,0;0,24;0,12;0,0;0,0;80,0;49,0;19,0;10,0;0,0;23,0;0,0;;;;;0,0;;;;;;;;;;No;No;No;No;No;No;No;No;No;No
2275;Luka Sučić;hr CRO;FW, MF;Real Sociedad;es La Liga;23,0;2002,0;13,0;6,0;534,0;5,93;1,0;1,0;2,0;1,0;0,0;0,0;1,0;0,0;0,34;12,0;4,0;33,33;2,02;0,67;0,08;0,25;2,0;3,0;1,0;3,0;0,0;3,0;0,0;;;;;0,0;;;;;;;;;;No;No;No;No;No;No;No;No;No;No
2276;Petar Sucic;hr CRO;MF;Inter;it Serie A;22,0;2003,0;26,0;16,0;1287,0;14,3;1,0;2,0;3,0;1,0;0,0;0,0;4,0;0,0;0,21;18,0;4,0;22,22;1,26;0,28;0,06;0,25;22,0;16,0;6,0;21,0;0,0;22,0;0,0;;;;;0,0;;;;;;;;;;No;No;No;No;No;No;No;No;No;No
2277;Yukinari Sugawara;jp JPN;DF, MF;Werder Bremen;de Bundesliga;25,0;2000,0;24,0;23,0;2001,0;22,23;0,0;4,0;4,0;0,0;0,0;0,0;1,0;0,0;0,18;27,0;9,0;33,33;1,21;0,4;0,0;0,0;66,0;15,0;12,0;8,0;0,0;16,0;0,0;;;;;0,0;;;;;;;;;;No;No;No;No;No;No;No;No;No;No
2278;Pavel Šulc;cz CZE;FW, MF;Lyon;fr Ligue 1;25,0;2000,0;21,0;14,0;1254,0;13,93;10,0;3,0;13,0;10,0;0,0;0,0;2,0;0,0;0,93;36,0;15,0;41,67;2,58;1,08;0,28;0,67;13,0;10,0;6,0;13,0;0,0;25,0;0,0;;;;;0,0;;;;;;;;;;No;No;No;No;No;No;No;No;No;No
2279;Niklas Süle;de GER;DF;Dortmund;de Bundesliga;30,0;1995,0;9,0;6,0;442,0;4,91;0,0;1,0;1,0;0,0;0,0;0,0;3,0;0,0;0,2;2,0;1,0;50,0;0,41;0,2;0,0;0,0;6,0;4,0;6,0;1,0;0,0;7,0;0,0;;;;;0,0;;;;;;;;;;No;No;No;No;No;No;No;No;No;No
2280;Ibrahim Sulemana;gh GHA;MF;Cagliari;it Serie A;22,0;2003,0;11,0;5,0;575,0;6,39;1,0;0,0;1,0;1,0;0,0;0,0;2,0;0,0;0,16;8,0;2,0;25,0;1,25;0,31;0,12;0,5;2,0;9,0;5,0;5,0;0,0;11,0;0,0;;;;;0,0;;;;;;;;;;No;No;No;No;No;No;No;No;No;No
2281;Kamaldeen Sulemana;gh GHA;MF;Atalanta;it Serie A;24,0;2002,0;22,0;8,0;893,0;9,92;2,0;1,0;3,0;2,0;0,0;0,0;3,0;0,0;0,3;20,0;9,0;45,0;2,02;0,91;0,1;0,22;19,0;5,0;2,0;14,0;0,0;10,0;0,0;;;;;0,0;;;;;;;;;;No;No;No;No;No;No;No;No;No;No
2282;Crysencio Summerville;nl NED;FW, MF;West Ham United;eng Premier League;24,0;2001,0;24,0;22,0;1856,0;20,62;5,0;1,0;6,0;5,0;0,0;0,0;4,0;0,0;0,29;43,0;15,0;34,88;2,09;0,73;0,12;0,33;40,0;19,0;12,0;50,0;0,0;37,0;0,0;;;;;0,0;;;;;;;;;;No;No;No;No;No;No;No;No;No;No
2283;Tomáš Suslov;sk SVK;FW, MF;Hellas Verona;it Serie A;23,0;2002,0;4,0;0,0;73,0;0,81;0,0;0,0;0,0;0,0;0,0;0,0;1,0;0,0;0,0;2,0;0,0;0,0;2,47;0,0;0,0;0,0;6,0;1,0;1,0;1,0;0,0;3,0;0,0;;;;;0,0;;;;;;;;;;No;No;No;No;No;No;No;No;No;No
2284;Yuito Suzuki;jp JPN;MF;Freiburg;de Bundesliga;24,0;2001,0;21,0;15,0;1350,0;15,0;4,0;2,0;6,0;4,0;0,0;0,0;2,0;0,0;0,4;33,0;14,0;42,42;2,2;0,93;0,12;0,29;16,0;11,0;10,0;7,0;0,0;18,0;0,0;;;;;0,0;;;;;;;;;;No;No;No;No;No;No;No;No;No;No
2285;Zion Suzuki;jp JPN;GK;Parma;it Serie A;23,0;2002,0;12,0;12,0;1080,0;12,0;0,0;0,0;0,0;0,0;0,0;0,0;1,0;0,0;0,0;0,0;0,0;0,0;0,0;0,0;0,0;0,0;0,0;0,0;0,0;2,0;0,0;0,0;0,0;18,0;1,5;54,0;38,0;70,37;1,0;5,0;6,0;3,0;25,0;2,0;1,0;1,0;0,0;No;No;No;No;No;No;No;No;No;No
2286;Mattias Svanberg;se SWE;MF;Wolfsburg;de Bundesliga;27,0;1999,0;20,0;7,0;743,0;8,26;3,0;1,0;4,0;3,0;0,0;0,0;5,0;1,0;0,48;17,0;7,0;41,18;2,06;0,85;0,18;0,43;8,0;7,0;7,0;18,0;1,0;17,0;0,0;;;;;0,0;;;;;;;;;;No;No;No;No;No;No;No;No;No;No
2287;Daniel Svensson;se SWE;MF;Dortmund;de Bundesliga;24,0;2002,0;26,0;22,0;2041,0;22,68;2,0;2,0;4,0;2,0;0,0;0,0;0,0;0,0;0,18;9,0;3,0;33,33;0,4;0,13;0,22;0,67;112,0;22,0;16,0;18,0;0,0;25,0;0,0;;;;;0,0;;;;;;;;;;No;No;No;No;No;No;No;No;No;No
2288;Mile Svilar;rs SRB;GK;Roma;it Serie A;26,0;1999,0;29,0;29,0;2610,0;29,0;0,0;0,0;0,0;0,0;0,0;0,0;0,0;0,0;0,0;0,0;0,0;0,0;0,0;0,0;0,0;0,0;0,0;1,0;1,0;7,0;0,0;0,0;0,0;23,0;0,79;108,0;86,0;79,63;16,0;3,0;10,0;12,0;41,38;1,0;1,0;0,0;0,0;No;No;No;No;No;No;No;No;No;No
2289;Williot Swedberg;se SWE;FW, MF;Celta Vigo;es La Liga;22,0;2004,0;21,0;9,0;880,0;9,78;3,0;2,0;5,0;3,0;0,0;0,0;2,0;0,0;0,51;18,0;9,0;50,0;1,84;0,92;0,17;0,33;6,0;10,0;2,0;27,0;0,0;24,0;0,0;;;;;0,0;;;;;;;;;;No;No;No;No;No;No;No;No;No;No
2290;Lamine Sy;mr MTN;DF;Auxerre;fr Ligue 1;23,0;2002,0;17,0;12,0;1051,0;11,68;0,0;0,0;0,0;0,0;0,0;0,0;0,0;0,0;0,0;5,0;1,0;20,0;0,43;0,09;0,0;0,0;34,0;21,0;14,0;12,0;0,0;11,0;0,0;;;;;0,0;;;;;;;;;;No;No;No;No;No;No;No;No;No;No
2291;Abakar Sylla;ci CIV;DF;Nantes;fr Ligue 1;23,0;2002,0;3,0;1,0;67,0;0,74;0,0;0,0;0,0;0,0;0,0;0,0;0,0;0,0;0,0;2,0;0,0;0,0;2,69;0,0;0,0;0,0;0,0;0,0;0,0;0,0;0,0;2,0;0,0;;;;;0,0;;;;;;;;;;No;No;No;No;No;No;No;No;No;No
2292;Fodé Sylla;fr FRA;MF;Lens;fr Ligue 1;19,0;2006,0;2,0;1,0;63,0;0,7;0,0;0,0;0,0;0,0;0,0;0,0;0,0;0,0;0,0;0,0;0,0;0,0;0,0;0,0;0,0;0,0;0,0;5,0;1,0;0,0;0,0;2,0;0,0;;;;;0,0;;;;;;;;;;No;No;No;No;No;No;No;No;No;No
2293;Wojciech Szczęsny;pl POL;GK;Barcelona;es La Liga;35,0;1990,0;6,0;6,0;540,0;6,0;0,0;0,0;0,0;0,0;0,0;0,0;0,0;0,0;0,0;0,0;0,0;0,0;0,0;0,0;0,0;0,0;0,0;0,0;0,0;0,0;0,0;0,0;0,0;11,0;1,83;25,0;16,0;64,0;4,0;0,0;2,0;0,0;0,0;2,0;1,0;1,0;0,0;No;No;No;No;No;No;No;No;No;No
2294;Dominik Szoboszlai;hu HUN;DF, MF;Liverpool;eng Premier League;25,0;2000,0;28,0;28,0;2511,0;27,9;5,0;3,0;8,0;5,0;0,0;1,0;6,0;1,0;0,29;55,0;19,0;34,55;1,97;0,68;0,09;0,26;153,0;29,0;19,0;23,0;0,0;26,0;0,0;;;;;0,0;;;;;;;;;;No;No;No;No;No;No;No;No;No;No
2295;Sebastian Szymański;pl POL;MF;Rennes;fr Ligue 1;26,0;1999,0;8,0;5,0;401,0;4,46;1,0;2,0;3,0;1,0;0,0;0,0;0,0;0,0;0,67;6,0;2,0;33,33;1,35;0,45;0,17;0,5;16,0;6,0;0,0;7,0;0,0;8,0;0,0;;;;;0,0;;;;;;;;;;No;No;No;No;No;No;No;No;No;No
2296;Alexander Sørloth;no NOR;FW;Atlético Madrid;es La Liga;30,0;1995,0;27,0;17,0;1526,0;16,96;10,0;0,0;10,0;10,0;0,0;0,0;4,0;1,0;0,59;52,0;27,0;51,92;3,07;1,59;0,19;0,37;10,0;6,0;0,0;12,0;0,0;24,0;0,0;;;;;0,0;;;;;;;;;;No;No;No;No;No;No;No;No;No;No
2297;Jocelin Ta Bi;ci CIV;MF;Sunderland;eng Premier League;21,0;2005,0;1,0;1,0;38,0;0,42;0,0;0,0;0,0;0,0;0,0;0,0;0,0;0,0;0,0;0,0;0,0;0,0;0,0;0,0;0,0;0,0;5,0;0,0;0,0;1,0;0,0;0,0;0,0;;;;;0,0;;;;;;;;;;No;No;No;No;No;No;No;No;No;No
2298;Musa Al-Taamari;jo JOR;FW, MF;Rennes;fr Ligue 1;28,0;1997,0;25,0;18,0;1638,0;18,2;3,0;5,0;8,0;3,0;0,0;0,0;4,0;0,0;0,44;43,0;15,0;34,88;2,36;0,82;0,07;0,2;69,0;12,0;8,0;19,0;0,0;15,0;0,0;;;;;0,0;;;;;;;;;;No;No;No;No;No;No;No;No;No;No
2299;Haris Tabakovic;ba BIH;FW;Gladbach;de Bundesliga;31,0;1994,0;25,0;22,0;1845,0;20,5;11,0;3,0;14,0;11,0;0,0;2,0;1,0;0,0;0,68;52,0;21,0;40,38;2,54;1,02;0,21;0,52;2,0;4,0;0,0;15,0;0,0;35,0;0,0;;;;;0,0;;;;;;;;;;No;No;No;No;No;No;No;No;No;No
2300;Nicolás Tagliafico;ar ARG;DF;Lyon;fr Ligue 1;33,0;1992,0;18,0;13,0;1208,0;13,42;0,0;3,0;3,0;0,0;0,0;0,0;5,0;1,0;0,22;14,0;1,0;7,14;1,04;0,07;0,0;0,0;19,0;12,0;15,0;28,0;1,0;34,0;0,0;;;;;0,0;;;;;;;;;;No;No;No;No;No;No;No;No;No;No
2301;Jonathan Tah;de GER;DF;Bayern Munich;de Bundesliga;30,0;1996,0;22,0;20,0;1752,0;19,47;2,0;1,0;3,0;2,0;0,0;0,0;5,0;0,0;0,15;8,0;5,0;62,5;0,41;0,26;0,25;0,4;1,0;14,0;23,0;6,0;0,0;23,0;0,0;;;;;0,0;;;;;;;;;;No;No;No;No;No;No;No;No;No;No
2302;Kōta Takai;jp JPN;DF;Gladbach;de Bundesliga;21,0;2004,0;6,0;3,0;337,0;3,74;0,0;0,0;0,0;0,0;0,0;0,0;1,0;0,0;0,0;3,0;2,0;66,67;0,8;0,53;0,0;0,0;0,0;4,0;4,0;3,0;0,0;3,0;0,0;;;;;0,0;;;;;;;;;;No;No;No;No;No;No;No;No;No;No
2303;Chemsdine Talbi;ma MAR;FW, MF;Sunderland;eng Premier League;20,0;2005,0;22,0;13,0;1236,0;13,73;3,0;1,0;4,0;3,0;0,0;0,0;0,0;0,0;0,29;18,0;7,0;38,89;1,31;0,51;0,17;0,43;36,0;4,0;3,0;1,0;0,0;3,0;0,0;;;;;0,0;;;;;;;;;;No;No;No;No;No;No;No;No;No;No
2304;Montassar Talbi;tn TUN;DF;Lorient;fr Ligue 1;27,0;1998,0;25,0;25,0;2250,0;25,0;0,0;1,0;1,0;0,0;0,0;0,0;3,0;0,0;0,04;11,0;2,0;18,18;0,44;0,08;0,0;0,0;4,0;17,0;24,0;13,0;0,0;7,0;0,0;;;;;0,0;;;;;;;;;;No;No;No;No;No;No;No;No;No;No
2305;Adrien Tameze;cm CMR;DF;Torino;it Serie A;32,0;1994,0;22,0;12,0;1111,0;12,34;0,0;0,0;0,0;0,0;0,0;0,0;3,0;0,0;0,0;5,0;0,0;0,0;0,41;0,0;0,0;0,0;14,0;12,0;19,0;7,0;0,0;15,0;0,0;;;;;0,0;;;;;;;;;;No;No;No;No;No;No;No;No;No;No
2306;Ao Tanaka;jp JPN;MF;Leeds United;eng Premier League;27,0;1998,0;20,0;7,0;746,0;8,29;2,0;0,0;2,0;2,0;0,0;0,0;1,0;0,0;0,24;11,0;3,0;27,27;1,33;0,36;0,18;0,67;11,0;9,0;12,0;4,0;0,0;8,0;0,0;;;;;0,0;;;;;;;;;;No;No;No;No;No;No;No;No;No;No
2307;Axel Tapé;fr FRA;DF, MF;Leverkusen;de Bundesliga;18,0;2007,0;6,0;2,0;222,0;2,47;0,0;0,0;0,0;0,0;0,0;0,0;1,0;0,0;0,0;3,0;1,0;33,33;1,22;0,41;0,0;0,0;0,0;1,0;1,0;7,0;0,0;7,0;0,0;;;;;0,0;;;;;;;;;;No;No;No;No;No;No;No;No;No;No
2308;Edmond Tapsoba;bf BFA;DF;Leverkusen;de Bundesliga;27,0;1999,0;22,0;22,0;1945,0;21,61;4,0;2,0;6,0;4,0;0,0;0,0;5,0;0,0;0,28;23,0;7,0;30,43;1,06;0,32;0,17;0,57;9,0;9,0;18,0;1,0;0,0;22,0;0,0;;;;;0,0;;;;;;;;;;No;No;No;No;No;No;No;No;No;No
2309;James Tarkowski;eng ENG;DF;Everton;eng Premier League;33,0;1992,0;29,0;29,0;2610,0;29,0;1,0;1,0;2,0;1,0;0,0;0,0;5,0;0,0;0,07;13,0;6,0;46,15;0,45;0,21;0,08;0,17;7,0;24,0;25,0;29,0;0,0;21,0;0,0;;;;;0,0;;;;;;;;;;No;No;No;No;No;No;No;No;No;No
2310;César Tárrega;es ESP;DF;Valencia;es La Liga;24,0;2002,0;22,0;19,0;1698,0;18,87;0,0;0,0;0,0;0,0;0,0;0,0;5,0;0,0;0,0;7,0;1,0;14,29;0,37;0,05;0,0;0,0;0,0;18,0;14,0;5,0;0,0;26,0;1,0;;;;;0,0;;;;;;;;;;No;No;No;No;No;No;No;No;No;No
2311;Tylel Tati;fr FRA;DF;Nantes;fr Ligue 1;18,0;2008,0;18,0;18,0;1593,0;17,7;0,0;0,0;0,0;0,0;0,0;0,0;5,0;0,0;0,0;3,0;0,0;0,0;0,17;0,0;0,0;0,0;1,0;12,0;14,0;14,0;0,0;21,0;0,0;;;;;0,0;;;;;;;;;;No;No;No;No;No;No;No;No;No;No
2312;Nuno Tavares;pt POR;DF;Lazio;it Serie A;26,0;2000,0;16,0;11,0;926,0;10,29;0,0;0,0;0,0;0,0;0,0;0,0;3,0;0,0;0,0;10,0;0,0;0,0;0,97;0,0;0,0;0,0;64,0;12,0;10,0;19,0;0,0;12,0;0,0;;;;;0,0;;;;;;;;;;No;No;No;No;No;No;No;No;No;No
2313;Marcus Tavernier;eng ENG;MF;Bournemouth;eng Premier League;26,0;1999,0;26,0;23,0;2032,0;22,58;5,0;4,0;9,0;3,0;2,0;2,0;4,0;0,0;0,31;56,0;18,0;32,14;2,48;0,8;0,09;0,28;82,0;17,0;13,0;26,0;0,0;26,0;0,0;;;;;0,0;;;;;;;;;;No;No;No;No;No;No;No;No;No;No
2314;Kenneth Taylor;nl NED;MF;Lazio;it Serie A;23,0;2002,0;10,0;10,0;870,0;9,67;1,0;0,0;1,0;1,0;0,0;0,0;2,0;0,0;0,1;12,0;4,0;33,33;1,24;0,41;0,08;0,25;7,0;8,0;7,0;9,0;0,0;12,0;0,0;;;;;0,0;;;;;;;;;;No;No;No;No;No;No;No;No;No;No
2315;Loum Tchaouna;fr FRA;FW, MF;Burnley;eng Premier League;22,0;2003,0;22,0;9,0;854,0;9,49;1,0;0,0;1,0;1,0;0,0;0,0;1,0;0,0;0,11;15,0;6,0;40,0;1,58;0,63;0,07;0,17;18,0;7,0;2,0;12,0;0,0;4,0;0,0;;;;;0,0;;;;;;;;;;No;No;No;No;No;No;No;No;No;No
2316;Jackson Tchatchoua;cm CMR;DF, MF;Wolves;eng Premier League;24,0;2001,0;28,0;17,0;1705,0;18,94;0,0;1,0;1,0;0,0;0,0;0,0;3,0;0,0;0,05;3,0;1,0;33,33;0,16;0,05;0,0;0,0;84,0;14,0;13,0;8,0;0,0;8,0;0,0;;;;;0,0;;;;;;;;;;No;No;No;No;No;No;No;No;No;No
2317;Aurélien Tchouaméni;fr FRA;MF;Real Madrid;es La Liga;26,0;2000,0;25,0;24,0;2056,0;22,84;1,0;0,0;1,0;1,0;0,0;0,0;7,0;0,0;0,04;32,0;6,0;18,75;1,4;0,26;0,03;0,17;7,0;32,0;32,0;21,0;0,0;23,0;0,0;;;;;0,0;;;;;;;;;;No;No;No;No;No;No;No;No;No;No
2318;Mathys Tel;fr FRA;FW, MF;Tottenham Hotspur;eng Premier League;20,0;2005,0;23,0;8,0;840,0;9,33;3,0;0,0;3,0;3,0;0,0;0,0;0,0;0,0;0,32;25,0;6,0;24,0;2,68;0,64;0,12;0,5;50,0;9,0;1,0;16,0;0,0;11,0;0,0;;;;;0,0;;;;;;;;;;No;No;No;No;No;No;No;No;No;No
2319;Nathan Tella;ng NGA;MF;Leverkusen;de Bundesliga;26,0;1999,0;11,0;5,0;451,0;5,01;0,0;2,0;2,0;0,0;0,0;0,0;2,0;0,0;0,4;8,0;2,0;25,0;1,6;0,4;0,0;0,0;14,0;3,0;1,0;10,0;0,0;9,0;0,0;;;;;0,0;;;;;;;;;;No;No;No;No;No;No;No;No;No;No
2320;Nahuel Tenaglia;ar ARG;DF;Alavés;es La Liga;30,0;1996,0;26,0;26,0;2339,0;25,99;1,0;0,0;1,0;1,0;0,0;0,0;2,0;0,0;0,04;16,0;4,0;25,0;0,62;0,15;0,06;0,25;16,0;30,0;32,0;27,0;0,0;19,0;0,0;;;;;0,0;;;;;;;;;;No;No;No;No;No;No;No;No;No;No
2321;Arnau Tenas;es ESP;GK;Villarreal;es La Liga;24,0;2001,0;3,0;3,0;270,0;3,0;0,0;0,0;0,0;0,0;0,0;0,0;0,0;0,0;0,0;0,0;0,0;0,0;0,0;0,0;0,0;0,0;0,0;1,0;0,0;0,0;0,0;0,0;0,0;6,0;2,0;11,0;6,0;54,55;1,0;1,0;1,0;0,0;0,0;1,0;1,0;0,0;0,0;No;No;No;No;No;No;No;No;No;No
2322;Marc-André ter Stegen;de GER;GK;Girona;es La Liga;33,0;1992,0;2,0;2,0;180,0;2,0;0,0;0,0;0,0;0,0;0,0;0,0;0,0;0,0;0,0;0,0;0,0;0,0;0,0;0,0;0,0;0,0;0,0;0,0;0,0;0,0;0,0;0,0;0,0;2,0;1,0;6,0;4,0;66,67;0,0;1,0;1,0;0,0;0,0;0,0;0,0;0,0;0,0;No;No;No;No;No;No;No;No;No;No
2323;Filippo Terracciano;it ITA;DF;Cremonese;it Serie A;23,0;2003,0;27,0;24,0;2227,0;24,74;2,0;0,0;2,0;2,0;0,0;0,0;5,0;0,0;0,08;13,0;4,0;30,77;0,53;0,16;0,15;0,5;21,0;14,0;43,0;20,0;0,0;12,0;1,0;;;;;0,0;;;;;;;;;;No;No;No;No;No;No;No;No;No;No
2324;Pietro Terracciano;it ITA;GK;Milan;it Serie A;36,0;1990,0;2,0;1,0;125,0;1,39;0,0;0,0;0,0;0,0;0,0;0,0;0,0;0,0;0,0;0,0;0,0;0,0;0,0;0,0;0,0;0,0;0,0;0,0;0,0;0,0;0,0;0,0;0,0;0,0;0,0;4,0;4,0;100,0;1,0;0,0;0,0;2,0;100,0;0,0;0,0;0,0;0,0;No;No;No;No;No;No;No;No;No;No
2325;Ramón Terrats;es ESP;MF;Espanyol;es La Liga;25,0;2000,0;20,0;7,0;660,0;7,33;1,0;1,0;2,0;1,0;0,0;0,0;0,0;0,0;0,27;9,0;3,0;33,33;1,23;0,41;0,11;0,33;20,0;12,0;8,0;15,0;0,0;9,0;0,0;;;;;0,0;;;;;;;;;;No;No;No;No;No;No;No;No;No;No
2326;Martin Terrier;fr FRA;FW, MF;Leverkusen;de Bundesliga;29,0;1997,0;17,0;7,0;667,0;7,41;4,0;1,0;5,0;4,0;0,0;0,0;1,0;0,0;0,67;17,0;6,0;35,29;2,29;0,81;0,24;0,67;5,0;4,0;1,0;13,0;0,0;1,0;0,0;;;;;0,0;;;;;;;;;;No;No;No;No;No;No;No;No;No;No
2327;Tanner Tessmann;us USA;MF;Lyon;fr Ligue 1;24,0;2001,0;24,0;21,0;1797,0;19,97;1,0;0,0;1,0;1,0;0,0;0,0;2,0;0,0;0,05;25,0;8,0;32,0;1,25;0,4;0,04;0,12;15,0;19,0;12,0;18,0;0,0;20,0;0,0;;;;;0,0;;;;;;;;;;No;No;No;No;No;No;No;No;No;No
2328;Kenny Tete;nl NED;DF;Fulham;eng Premier League;30,0;1995,0;22,0;21,0;1791,0;19,9;1,0;0,0;1,0;1,0;0,0;0,0;2,0;0,0;0,05;16,0;3,0;18,75;0,8;0,15;0,06;0,33;34,0;38,0;26,0;31,0;0,0;27,0;0,0;;;;;0,0;;;;;;;;;;No;No;No;No;No;No;No;No;No;No
2329;Jordan Teze;nl NED;DF, MF;Monaco;fr Ligue 1;26,0;1999,0;25,0;20,0;1863,0;20,7;0,0;0,0;0,0;0,0;0,0;0,0;8,0;0,0;0,0;9,0;2,0;22,22;0,43;0,1;0,0;0,0;44,0;39,0;22,0;23,0;0,0;26,0;0,0;;;;;0,0;;;;;;;;;;No;No;No;No;No;No;No;No;No;No
2330;Florian Thauvin;fr FRA;MF;Lens;fr Ligue 1;33,0;1993,0;26,0;25,0;2057,0;22,86;8,0;3,0;11,0;6,0;2,0;3,0;5,0;0,0;0,39;62,0;24,0;38,71;2,71;1,05;0,13;0,33;167,0;15,0;11,0;31,0;0,0;17,0;0,0;;;;;0,0;;;;;;;;;;No;No;No;No;No;No;No;No;No;No
2331;Arthur Theate;be BEL;DF;Eintracht Frankfurt;de Bundesliga;25,0;2000,0;19,0;19,0;1701,0;18,9;1,0;0,0;1,0;1,0;0,0;0,0;8,0;0,0;0,05;9,0;4,0;44,44;0,48;0,21;0,11;0,25;11,0;17,0;28,0;13,0;0,0;11,0;0,0;;;;;0,0;;;;;;;;;;No;No;No;No;No;No;No;No;No;No
2332;Thiago;br BRA;FW;Brentford;eng Premier League;24,0;2001,0;30,0;29,0;2562,0;28,47;19,0;1,0;20,0;13,0;6,0;7,0;6,0;0,0;0,49;70,0;37,0;52,86;2,46;1,3;0,27;0,51;8,0;14,0;9,0;21,0;0,0;56,0;0,0;;;;;0,0;;;;;;;;;;No;No;No;No;No;No;No;No;No;No
2333;Malick Thiaw;de GER;DF;Newcastle United;eng Premier League;24,0;2001,0;27,0;26,0;2298,0;25,53;4,0;0,0;4,0;4,0;0,0;0,0;3,0;0,0;0,16;25,0;12,0;48,0;0,98;0,47;0,16;0,33;8,0;22,0;24,0;8,0;0,0;18,0;0,0;;;;;0,0;;;;;;;;;;No;No;No;No;No;No;No;No;No;No
2334;Jan Thielmann;de GER;FW, MF;Köln;de Bundesliga;23,0;2002,0;19,0;17,0;1271,0;14,12;3,0;1,0;4,0;3,0;0,0;0,0;3,0;0,0;0,28;21,0;10,0;47,62;1,49;0,71;0,14;0,3;28,0;10,0;10,0;21,0;0,0;8,0;0,0;;;;;0,0;;;;;;;;;;No;No;No;No;No;No;No;No;No;No
2335;Adrien Thomasson;fr FRA;MF;Lens;fr Ligue 1;32,0;1993,0;25,0;25,0;2153,0;23,92;2,0;7,0;9,0;2,0;0,0;0,0;8,0;0,0;0,38;31,0;8,0;25,81;1,3;0,33;0,06;0,25;99,0;42,0;16,0;36,0;0,0;45,0;0,0;;;;;0,0;;;;;;;;;;No;No;No;No;No;No;No;No;No;No
2336;Morten Thorsby;no NOR;MF;Cremonese;it Serie A;29,0;1996,0;19,0;14,0;1197,0;13,3;3,0;1,0;4,0;3,0;0,0;0,0;3,0;0,0;0,3;21,0;8,0;38,1;1,58;0,6;0,14;0,38;5,0;6,0;5,0;10,0;0,0;24,0;0,0;;;;;0,0;;;;;;;;;;No;No;No;No;No;No;No;No;No;No
2337;Kristian Thorstvedt;no NOR;MF;Sassuolo;it Serie A;27,0;1999,0;24,0;19,0;1740,0;19,33;3,0;3,0;6,0;3,0;0,0;0,0;6,0;0,0;0,31;32,0;11,0;34,38;1,66;0,57;0,09;0,27;12,0;11,0;22,0;39,0;0,0;23,0;0,0;;;;;0,0;;;;;;;;;;No;No;No;No;No;No;No;No;No;No
2338;Khéphren Thuram;fr FRA;MF;Juventus;it Serie A;24,0;2001,0;27,0;24,0;1970,0;21,89;2,0;2,0;4,0;2,0;0,0;0,0;0,0;0,0;0,18;39,0;13,0;33,33;1,78;0,59;0,05;0,15;14,0;25,0;11,0;10,0;0,0;33,0;0,0;;;;;0,0;;;;;;;;;;No;No;No;No;No;No;No;No;No;No
2339;Marcus Thuram;fr FRA;FW;Inter;it Serie A;28,0;1997,0;22,0;17,0;1403,0;15,59;7,0;3,0;10,0;7,0;0,0;0,0;2,0;0,0;0,64;57,0;22,0;38,6;3,66;1,41;0,12;0,32;14,0;11,0;0,0;29,0;0,0;36,0;0,0;;;;;0,0;;;;;;;;;;No;No;No;No;No;No;No;No;No;No
2340;Cheikh Tidiane Sabaly;sn SEN;FW, MF;Metz;fr Ligue 1;27,0;1999,0;14,0;12,0;967,0;10,74;0,0;2,0;2,0;0,0;0,0;0,0;2,0;0,0;0,19;8,0;4,0;50,0;0,74;0,37;0,0;0,0;14,0;13,0;3,0;16,0;0,0;14,0;0,0;;;;;0,0;;;;;;;;;;No;No;No;No;No;No;No;No;No;No
2341;Youri Tielemans;be BEL;MF;Aston Villa;eng Premier League;28,0;1997,0;17,0;15,0;1298,0;14,42;0,0;4,0;4,0;0,0;0,0;0,0;0,0;0,0;0,28;17,0;4,0;23,53;1,18;0,28;0,0;0,0;29,0;25,0;8,0;26,0;0,0;22,0;0,0;;;;;0,0;;;;;;;;;;No;No;No;No;No;No;No;No;No;No
2342;Phillip Tietz;de GER;FW;Mainz 05;de Bundesliga;28,0;1997,0;21,0;11,0;1134,0;12,6;2,0;1,0;3,0;2,0;0,0;1,0;3,0;0,0;0,24;37,0;15,0;40,54;2,94;1,19;0,05;0,13;1,0;3,0;4,0;18,0;0,0;24,0;0,0;;;;;0,0;;;;;;;;;;No;No;No;No;No;No;No;No;No;No
2343;Malik Tillman;us USA;MF;Leverkusen;de Bundesliga;23,0;2002,0;21,0;16,0;1456,0;16,18;4,0;1,0;5,0;4,0;0,0;0,0;1,0;0,0;0,31;29,0;8,0;27,59;1,79;0,49;0,14;0,5;13,0;27,0;16,0;26,0;0,0;15,0;0,0;;;;;0,0;;;;;;;;;;No;No;No;No;No;No;No;No;No;No
2344;Jurriën Timber;nl NED;DF;Arsenal;eng Premier League;24,0;2001,0;30,0;28,0;2454,0;27,27;3,0;5,0;8,0;3,0;0,0;0,0;5,0;0,0;0,29;25,0;7,0;28,0;0,92;0,26;0,12;0,43;46,0;35,0;24,0;29,0;0,0;38,0;0,0;;;;;0,0;;;;;;;;;;No;No;No;No;No;No;No;No;No;No
2345;Quinten Timber;nl NED;MF;Marseille;fr Ligue 1;24,0;2001,0;8,0;8,0;625,0;6,94;0,0;0,0;0,0;0,0;0,0;0,0;2,0;0,0;0,0;5,0;1,0;20,0;0,72;0,14;0,0;0,0;4,0;10,0;3,0;14,0;0,0;6,0;0,0;;;;;0,0;;;;;;;;;;No;No;No;No;No;No;No;No;No;No
2346;Jean-Clair Todibo;fr FRA;DF;West Ham United;eng Premier League;26,0;1999,0;20,0;20,0;1698,0;18,87;0,0;1,0;1,0;0,0;0,0;0,0;4,0;1,0;0,05;2,0;0,0;0,0;0,11;0,0;0,0;0,0;1,0;24,0;16,0;3,0;0,0;8,0;0,0;;;;;0,0;;;;;;;;;;No;No;No;No;No;No;No;No;No;No
2347;Umut Tohumcu;de GER;MF;Hoffenheim;de Bundesliga;21,0;2004,0;5,0;1,0;136,0;1,51;0,0;0,0;0,0;0,0;0,0;0,0;2,0;0,0;0,0;2,0;0,0;0,0;1,32;0,0;0,0;0,0;1,0;1,0;0,0;2,0;0,0;2,0;0,0;;;;;0,0;;;;;;;;;;No;No;No;No;No;No;No;No;No;No
2348;Corentin Tolisso;fr FRA;MF;Lyon;fr Ligue 1;31,0;1994,0;23,0;21,0;1801,0;20,01;7,0;1,0;8,0;6,0;1,0;2,0;4,0;0,0;0,35;40,0;20,0;50,0;2,0;1,0;0,18;0,35;40,0;17,0;14,0;42,0;0,0;33,0;0,0;;;;;0,0;;;;;;;;;;No;No;No;No;No;No;No;No;No;No
2349;Jeremy Toljan;de GER;DF;Levante;es La Liga;31,0;1994,0;27,0;27,0;2332,0;25,91;1,0;3,0;4,0;1,0;0,0;0,0;7,0;0,0;0,15;7,0;1,0;14,29;0,27;0,04;0,14;1,0;51,0;30,0;22,0;15,0;0,0;24,0;0,0;;;;;0,0;;;;;;;;;;No;No;No;No;No;No;No;No;No;No
2350;Tiago Tomás;pt POR;MF;Stuttgart;de Bundesliga;23,0;2002,0;19,0;7,0;727,0;8,08;3,0;2,0;5,0;3,0;0,0;0,0;3,0;0,0;0,62;27,0;8,0;29,63;3,34;0,99;0,11;0,38;9,0;5,0;3,0;23,0;0,0;12,0;0,0;;;;;0,0;;;;;;;;;;No;No;No;No;No;No;No;No;No;No
2351;Fikayo Tomori;eng ENG;DF;Milan;it Serie A;28,0;1997,0;26,0;24,0;2090,0;23,22;0,0;2,0;2,0;0,0;0,0;0,0;4,0;0,0;0,09;9,0;2,0;22,22;0,39;0,09;0,0;0,0;16,0;34,0;24,0;7,0;0,0;27,0;0,0;;;;;0,0;;;;;;;;;;No;No;No;No;No;No;No;No;No;No
2352;Sandro Tonali;it ITA;MF;Newcastle United;eng Premier League;25,0;2000,0;29,0;25,0;2038,0;22,64;0,0;2,0;2,0;0,0;0,0;0,0;3,0;0,0;0,09;28,0;7,0;25,0;1,24;0,31;0,0;0,0;79,0;19,0;24,0;35,0;0,0;18,0;0,0;;;;;0,0;;;;;;;;;;No;No;No;No;No;No;No;No;No;No
2353;Keke Topp;de GER;FW;Werder Bremen;de Bundesliga;21,0;2004,0;20,0;7,0;638,0;7,09;1,0;1,0;2,0;1,0;0,0;0,0;4,0;0,0;0,28;25,0;3,0;12,0;3,53;0,42;0,04;0,33;5,0;5,0;1,0;7,0;0,0;16,0;0,0;;;;;0,0;;;;;;;;;;No;No;No;No;No;No;No;No;No;No
2354;Pablo Torre;es ESP;FW, MF;Mallorca;es La Liga;22,0;2003,0;25,0;10,0;913,0;10,14;2,0;2,0;4,0;2,0;0,0;0,0;3,0;0,0;0,39;11,0;6,0;54,55;1,08;0,59;0,18;0,33;52,0;6,0;7,0;25,0;0,0;20,0;0,0;;;;;0,0;;;;;;;;;;No;No;No;No;No;No;No;No;No;No
2355;Jofre Torrents;es ESP;DF;Barcelona;es La Liga;19,0;2007,0;3,0;0,0;50,0;0,56;0,0;0,0;0,0;0,0;0,0;0,0;0,0;0,0;0,0;0,0;0,0;0,0;0,0;0,0;0,0;0,0;4,0;2,0;0,0;0,0;0,0;0,0;0,0;;;;;0,0;;;;;;;;;;No;No;No;No;No;No;No;No;No;No
2356;Ferrán Torres;es ESP;FW;Barcelona;es La Liga;26,0;2000,0;25,0;19,0;1514,0;16,82;12,0;1,0;13,0;12,0;0,0;0,0;2,0;0,0;0,77;56,0;28,0;50,0;3,33;1,66;0,21;0,43;2,0;4,0;3,0;12,0;0,0;9,0;0,0;;;;;0,0;;;;;;;;;;Sí;Sí;Sí;Sí;No;Sí;No;Sí;Sí;Sí
2357;Pau Torres;es ESP;DF;Aston Villa;eng Premier League;29,0;1997,0;16,0;14,0;1298,0;14,42;0,0;0,0;0,0;0,0;0,0;0,0;0,0;0,0;0,0;7,0;0,0;0,0;0,49;0,0;0,0;0,0;4,0;11,0;11,0;4,0;0,0;4,0;1,0;;;;;0,0;;;;;;;;;;No;No;No;No;No;No;Sí;Sí;Sí;No
2358;Lucas Torró;es ESP;MF;Osasuna;es La Liga;31,0;1994,0;26,0;25,0;1838,0;20,42;0,0;1,0;1,0;0,0;0,0;0,0;6,0;0,0;0,05;19,0;5,0;26,32;0,93;0,24;0,0;0,0;1,0;14,0;25,0;24,0;0,0;28,0;0,0;;;;;0,0;;;;;;;;;;No;No;No;No;No;No;No;No;No;No
2359;Jordan Torunarigha;de GER;DF;Hamburger SV;de Bundesliga;28,0;1997,0;17,0;14,0;1342,0;14,91;0,0;0,0;0,0;0,0;0,0;0,0;1,0;0,0;0,0;3,0;1,0;33,33;0,2;0,07;0,0;0,0;2,0;15,0;19,0;10,0;0,0;16,0;0,0;;;;;0,0;;;;;;;;;;No;No;No;No;No;No;No;No;No;No
2360;Alex Tóth;hu HUN;MF;Bournemouth;eng Premier League;20,0;2005,0;4,0;1,0;74,0;0,82;0,0;0,0;0,0;0,0;0,0;0,0;1,0;0,0;0,0;1,0;0,0;0,0;1,22;0,0;0,0;0,0;3,0;0,0;1,0;2,0;0,0;1,0;0,0;;;;;0,0;;;;;;;;;;No;No;No;No;No;No;No;No;No;No
2361;Abdoulaye Touré;gn GUI;MF;Le Havre;fr Ligue 1;32,0;1994,0;11,0;8,0;740,0;8,22;2,0;0,0;2,0;2,0;0,0;1,0;2,0;0,0;0,24;13,0;4,0;30,77;1,58;0,49;0,15;0,5;13,0;6,0;10,0;17,0;0,0;13,0;0,0;;;;;0,0;;;;;;;;;;No;No;No;No;No;No;No;No;No;No
2362;Alpha Touré;sn SEN;MF;Metz;fr Ligue 1;20,0;2006,0;26,0;12,0;1301,0;14,46;0,0;1,0;1,0;0,0;0,0;0,0;4,0;0,0;0,07;15,0;1,0;6,67;1,04;0,07;0,0;0,0;12,0;19,0;6,0;18,0;0,0;24,0;0,0;;;;;0,0;;;;;;;;;;No;No;No;No;No;No;No;No;No;No
2363;Bazoumana Touré;ci CIV;FW, MF;Hoffenheim;de Bundesliga;20,0;2006,0;22,0;21,0;1696,0;18,84;2,0;7,0;9,0;2,0;0,0;0,0;2,0;0,0;0,48;31,0;8,0;25,81;1,65;0,42;0,06;0,25;89,0;14,0;6,0;22,0;0,0;33,0;0,0;;;;;0,0;;;;;;;;;;No;No;No;No;No;No;No;No;No;No
2364;Idrissa Touré;de GER;MF;Pisa;it Serie A;27,0;1998,0;25,0;23,0;1988,0;22,09;1,0;0,0;1,0;1,0;0,0;0,0;3,0;1,0;0,05;27,0;7,0;25,93;1,22;0,32;0,04;0,14;64,0;25,0;22,0;16,0;0,0;20,0;0,0;;;;;0,0;;;;;;;;;;No;No;No;No;No;No;No;No;No;No
2365;Ousmane Toure;fr FRA;DF;Lille;fr Ligue 1;21,0;2005,0;1,0;1,0;51,0;0,57;0,0;0,0;0,0;0,0;0,0;0,0;0,0;0,0;0,0;0,0;0,0;0,0;0,0;0,0;0,0;0,0;0,0;0,0;2,0;0,0;0,0;0,0;0,0;;;;;0,0;;;;;;;;;;No;No;No;No;No;No;No;No;No;No
2366;Lucas Tousart;fr FRA;MF;Brest;fr Ligue 1;28,0;1997,0;18,0;4,0;483,0;5,37;0,0;0,0;0,0;0,0;0,0;0,0;0,0;0,0;0,0;6,0;2,0;33,33;1,12;0,37;0,0;0,0;3,0;11,0;7,0;4,0;0,0;16,0;0,0;;;;;0,0;;;;;;;;;;No;No;No;No;No;No;No;No;No;No
2367;James Trafford;eng ENG;GK;Manchester City;eng Premier League;23,0;2002,0;3,0;3,0;270,0;3,0;0,0;0,0;0,0;0,0;0,0;0,0;0,0;0,0;0,0;0,0;0,0;0,0;0,0;0,0;0,0;0,0;0,0;1,0;0,0;1,0;0,0;0,0;0,0;4,0;1,33;14,0;11,0;78,57;1,0;0,0;2,0;1,0;33,33;1,0;1,0;0,0;0,0;No;No;No;No;No;No;No;No;No;No
2368;Mattéo Tramoni;fr FRA;FW, MF;Pisa;it Serie A;26,0;2000,0;23,0;17,0;1293,0;14,37;2,0;2,0;4,0;1,0;1,0;1,0;3,0;0,0;0,21;25,0;7,0;28,0;1,74;0,49;0,08;0,29;61,0;16,0;11,0;11,0;0,0;16,0;0,0;;;;;0,0;;;;;;;;;;No;No;No;No;No;No;No;No;No;No
2369;Adama Traoré;es ESP;FW, MF;West Ham United;eng Premier League;30,0;1996,0;21,0;1,0;320,0;3,56;0,0;0,0;0,0;0,0;0,0;0,0;1,0;0,0;0,0;6,0;1,0;16,67;1,69;0,28;0,0;0,0;16,0;1,0;0,0;8,0;0,0;7,0;0,0;;;;;0,0;;;;;;;;;;No;No;No;No;No;No;No;No;No;No
2370;Bertrand Traoré;bf BFA;FW, MF;Sunderland;eng Premier League;30,0;1995,0;12,0;9,0;632,0;7,02;1,0;0,0;1,0;1,0;0,0;0,0;1,0;0,0;0,14;12,0;6,0;50,0;1,71;0,85;0,08;0,17;13,0;4,0;2,0;12,0;0,0;11,0;0,0;;;;;0,0;;;;;;;;;;No;No;No;No;No;No;No;No;No;No
2371;Boubacar Traoré;ml MLI;MF;Metz;fr Ligue 1;24,0;2001,0;19,0;16,0;1361,0;15,12;1,0;0,0;1,0;1,0;0,0;0,0;3,0;0,0;0,07;18,0;3,0;16,67;1,19;0,2;0,06;0,33;2,0;26,0;15,0;5,0;0,0;29,0;0,0;;;;;0,0;;;;;;;;;;No;No;No;No;No;No;No;No;No;No
2372;Hamari Traoré;ml MLI;DF;Paris FC;fr Ligue 1;34,0;1992,0;11,0;11,0;860,0;9,56;0,0;1,0;1,0;0,0;0,0;0,0;3,0;0,0;0,1;4,0;0,0;0,0;0,42;0,0;0,0;0,0;18,0;17,0;13,0;3,0;0,0;19,0;0,0;;;;;0,0;;;;;;;;;;No;No;No;No;No;No;No;No;No;No
2373;Omar Traoré;de GER;DF, MF;Heidenheim;de Bundesliga;28,0;1998,0;24,0;15,0;1381,0;15,34;0,0;2,0;2,0;0,0;0,0;0,0;2,0;0,0;0,13;10,0;2,0;20,0;0,65;0,13;0,0;0,0;33,0;10,0;15,0;18,0;0,0;20,0;0,0;;;;;0,0;;;;;;;;;;No;No;No;No;No;No;No;No;No;No
2374;Kevin Trapp;de GER;GK;Paris FC;fr Ligue 1;35,0;1990,0;15,0;15,0;1350,0;15,0;0,0;0,0;0,0;0,0;0,0;0,0;2,0;0,0;0,0;0,0;0,0;0,0;0,0;0,0;0,0;0,0;0,0;0,0;1,0;5,0;0,0;0,0;0,0;21,0;1,4;55,0;38,0;69,09;4,0;7,0;4,0;6,0;40,0;7,0;5,0;1,0;1,0;No;No;No;No;No;No;No;No;No;No
2375;Óscar Trejo;ar ARG;FW, MF;Rayo Vallecano;es La Liga;37,0;1988,0;6,0;0,0;79,0;0,88;0,0;0,0;0,0;0,0;0,0;0,0;2,0;0,0;0,0;1,0;1,0;100,0;1,14;1,14;0,0;0,0;7,0;0,0;0,0;3,0;0,0;2,0;0,0;;;;;0,0;;;;;;;;;;No;No;No;No;No;No;No;No;No;No
2376;Yael Trepy;;FW;Cagliari;it Serie A;0,0;;6,0;0,0;81,0;0,9;1,0;0,0;1,0;1,0;0,0;0,0;0,0;0,0;1,11;5,0;1,0;20,0;5,56;1,11;0,2;1,0;6,0;0,0;0,0;2,0;0,0;1,0;0,0;;;;;0,0;;;;;;;;;;No;No;No;No;No;No;No;No;No;No
2377;Mike Trésor;be BEL;FW, MF;Burnley;eng Premier League;26,0;1999,0;4,0;0,0;23,0;0,26;0,0;0,0;0,0;0,0;0,0;0,0;0,0;0,0;0,0;0,0;0,0;0,0;0,0;0,0;0,0;0,0;2,0;0,0;0,0;0,0;0,0;0,0;0,0;;;;;0,0;;;;;;;;;;No;No;No;No;No;No;No;No;No;No
2378;Philipp Treu;de GER;DF, MF;Freiburg;de Bundesliga;25,0;2000,0;22,0;19,0;1709,0;18,99;1,0;2,0;3,0;1,0;0,0;0,0;2,0;0,0;0,16;15,0;4,0;26,67;0,79;0,21;0,07;0,25;25,0;21,0;5,0;28,0;0,0;13,0;0,0;;;;;0,0;;;;;;;;;;No;No;No;No;No;No;No;No;No;No
2379;Christopher Trimmel;at AUT;DF, MF;Union Berlin;de Bundesliga;39,0;1987,0;23,0;17,0;1463,0;16,26;0,0;2,0;2,0;0,0;0,0;0,0;7,0;0,0;0,12;3,0;0,0;0,0;0,18;0,0;0,0;0,0;137,0;21,0;7,0;7,0;0,0;24,0;0,0;;;;;0,0;;;;;;;;;;No;No;No;No;No;No;No;No;No;No
2380;Kieran Trippier;eng ENG;DF;Newcastle United;eng Premier League;35,0;1990,0;17,0;16,0;1392,0;15,47;0,0;1,0;1,0;0,0;0,0;0,0;3,0;0,0;0,06;2,0;0,0;0,0;0,13;0,0;0,0;0,0;82,0;11,0;7,0;17,0;0,0;20,0;0,0;;;;;0,0;;;;;;;;;;No;No;No;No;No;No;No;No;No;No
2381;Mariano Troilo;ar ARG;DF;Parma;it Serie A;22,0;2003,0;13,0;10,0;905,0;10,06;1,0;0,0;1,0;1,0;0,0;0,0;6,0;2,0;0,1;6,0;2,0;33,33;0,6;0,2;0,17;0,5;1,0;11,0;10,0;15,0;1,0;18,0;0,0;;;;;0,0;;;;;;;;;;No;No;No;No;No;No;No;No;No;No
2382;Leandro Trossard;be BEL;FW, MF;Arsenal;eng Premier League;31,0;1994,0;26,0;18,0;1677,0;18,63;5,0;5,0;10,0;5,0;0,0;0,0;1,0;0,0;0,54;44,0;11,0;25,0;2,36;0,59;0,11;0,45;53,0;14,0;8,0;31,0;0,0;13,0;0,0;;;;;0,0;;;;;;;;;;No;No;No;No;No;No;No;No;No;No
2383;Adrien Truffert;fr FRA;DF;Bournemouth;eng Premier League;24,0;2001,0;30,0;30,0;2659,0;29,54;0,0;2,0;2,0;0,0;0,0;0,0;3,0;0,0;0,07;11,0;1,0;9,09;0,37;0,03;0,0;0,0;122,0;43,0;38,0;23,0;0,0;31,0;0,0;;;;;0,0;;;;;;;;;;No;No;No;No;No;No;No;No;No;No
2384;Kostas Tsimikas;gr GRE;MF;Roma;it Serie A;29,0;1996,0;15,0;5,0;524,0;5,82;0,0;0,0;0,0;0,0;0,0;0,0;1,0;0,0;0,0;5,0;0,0;0,0;0,86;0,0;0,0;0,0;37,0;3,0;7,0;7,0;0,0;8,0;0,0;;;;;0,0;;;;;;;;;;No;No;No;No;No;No;No;No;No;No
2385;Heorhii Tsitaishvili;ge GEO;MF;Metz;fr Ligue 1;25,0;2000,0;26,0;21,0;1825,0;20,28;2,0;2,0;4,0;2,0;0,0;0,0;2,0;0,0;0,2;23,0;5,0;21,74;1,13;0,25;0,09;0,4;127,0;9,0;12,0;27,0;0,0;17,0;0,0;;;;;0,0;;;;;;;;;;No;No;No;No;No;No;No;No;No;No
2386;Viktor Tsyhankov;ua UKR;MF;Girona;es La Liga;28,0;1997,0;22,0;21,0;1746,0;19,4;5,0;4,0;9,0;5,0;0,0;0,0;1,0;0,0;0,46;33,0;15,0;45,45;1,7;0,77;0,15;0,33;80,0;16,0;15,0;25,0;0,0;13,0;0,0;;;;;0,0;;;;;;;;;;No;No;No;No;No;No;No;No;No;No
2387;Axel Tuanzebe;cd COD;DF;Burnley;eng Premier League;28,0;1997,0;11,0;11,0;931,0;10,34;1,0;0,0;1,0;1,0;0,0;0,0;1,0;0,0;0,1;2,0;1,0;50,0;0,19;0,1;0,5;1,0;1,0;6,0;9,0;2,0;0,0;10,0;1,0;;;;;0,0;;;;;;;;;;No;No;No;No;No;No;No;No;No;No
2388;Kareem Tunde;es ESP;MF;Levante;es La Liga;20,0;2005,0;12,0;10,0;724,0;8,04;0,0;0,0;0,0;0,0;0,0;0,0;2,0;0,0;0,0;11,0;1,0;9,09;1,37;0,12;0,0;0,0;4,0;8,0;8,0;15,0;0,0;12,0;0,0;;;;;0,0;;;;;;;;;;No;No;No;No;No;No;No;No;No;No
2389;Stefano Turati;it ITA;GK;Sassuolo;it Serie A;24,0;2001,0;1,0;1,0;90,0;1,0;0,0;0,0;0,0;0,0;0,0;0,0;0,0;0,0;0,0;0,0;0,0;0,0;0,0;0,0;0,0;0,0;0,0;0,0;0,0;0,0;0,0;0,0;0,0;2,0;2,0;4,0;2,0;50,0;0,0;0,0;1,0;0,0;0,0;0,0;0,0;0,0;0,0;No;No;No;No;No;No;No;No;No;No
2390;Beñat Turrientes;es ESP;MF;Real Sociedad;es La Liga;24,0;2002,0;19,0;10,0;853,0;9,48;0,0;3,0;3,0;0,0;0,0;0,0;5,0;0,0;0,32;15,0;5,0;33,33;1,58;0,53;0,0;0,0;8,0;20,0;5,0;13,0;0,0;20,0;0,0;;;;;0,0;;;;;;;;;;No;No;No;No;No;No;No;No;No;No
2391;Stefanos Tzimas;gr GRE;FW;Brighton;eng Premier League;20,0;2006,0;9,0;1,0;139,0;1,54;1,0;1,0;2,0;1,0;0,0;0,0;0,0;0,0;1,29;4,0;1,0;25,0;2,59;0,65;0,25;1,0;1,0;1,0;0,0;1,0;0,0;4,0;0,0;;;;;0,0;;;;;;;;;;No;No;No;No;No;No;No;No;No;No
2392;Christantus Uche;ng NGA;FW;Crystal Palace;eng Premier League;22,0;2003,0;17,0;3,0;443,0;4,92;1,0;1,0;2,0;1,0;0,0;0,0;1,0;0,0;0,41;12,0;3,0;25,0;2,44;0,61;0,08;0,33;7,0;3,0;0,0;15,0;0,0;14,0;0,0;;;;;0,0;;;;;;;;;;No;No;No;No;No;No;No;No;No;No
2393;Destiny Udogie;it ITA;DF, MF;Tottenham Hotspur;eng Premier League;23,0;2002,0;13,0;8,0;798,0;8,87;0,0;1,0;1,0;0,0;0,0;0,0;2,0;0,0;0,11;3,0;1,0;33,33;0,34;0,11;0,0;0,0;13,0;11,0;3,0;12,0;0,0;10,0;0,0;;;;;0,0;;;;;;;;;;No;No;No;No;No;No;No;No;No;No
2394;Matthieu Udol;fr FRA;DF, MF;Lens;fr Ligue 1;29,0;1996,0;26,0;26,0;2327,0;25,86;0,0;7,0;7,0;0,0;0,0;0,0;2,0;0,0;0,27;34,0;11,0;32,35;1,31;0,43;0,0;0,0;87,0;14,0;40,0;23,0;0,0;25,0;0,0;;;;;0,0;;;;;;;;;;No;No;No;No;No;No;No;No;No;No
2395;Manuel Ugarte;uy URU;MF;Manchester Utd;eng Premier League;24,0;2001,0;20,0;7,0;788,0;8,76;0,0;0,0;0,0;0,0;0,0;0,0;1,0;0,0;0,0;11,0;1,0;9,09;1,26;0,11;0,0;0,0;0,0;27,0;17,0;12,0;0,0;21,0;0,0;;;;;0,0;;;;;;;;;;No;No;No;No;No;No;No;No;No;No
2396;Lesley Ugochukwu;fr FRA;MF;Burnley;eng Premier League;21,0;2004,0;29,0;22,0;1900,0;21,11;3,0;1,0;4,0;3,0;0,0;0,0;3,0;1,0;0,19;20,0;7,0;35,0;0,95;0,33;0,15;0,43;5,0;25,0;14,0;26,0;1,0;25,0;0,0;;;;;0,0;;;;;;;;;;No;No;No;No;No;No;No;No;No;No
2397;Filip Ugrinic;ch SUI;MF;Valencia;es La Liga;27,0;1999,0;18,0;12,0;1030,0;11,44;0,0;3,0;3,0;0,0;0,0;0,0;3,0;0,0;0,26;15,0;2,0;13,33;1,31;0,17;0,0;0,0;35,0;9,0;7,0;11,0;0,0;12,0;0,0;;;;;0,0;;;;;;;;;;No;No;No;No;No;No;No;No;No;No
2398;Lukas Ullrich;de GER;DF, MF;Gladbach;de Bundesliga;22,0;2004,0;18,0;12,0;1113,0;12,37;0,0;0,0;0,0;0,0;0,0;0,0;2,0;0,0;0,0;9,0;2,0;22,22;0,73;0,16;0,0;0,0;34,0;13,0;19,0;9,0;0,0;16,0;0,0;;;;;0,0;;;;;;;;;;No;No;No;No;No;No;No;No;No;No
2399;Sven Ulreich;de GER;GK;Bayern Munich;de Bundesliga;37,0;1988,0;1,0;1,0;90,0;1,0;0,0;0,0;0,0;0,0;0,0;0,0;1,0;0,0;0,0;0,0;0,0;0,0;0,0;0,0;0,0;0,0;0,0;0,0;0,0;1,0;0,0;0,0;0,0;1,0;1,0;7,0;6,0;85,71;0,0;1,0;0,0;0,0;0,0;0,0;0,0;0,0;0,0;No;No;No;No;No;No;No;No;No;No
2400;Enes Ünal;tr TUR;FW;Bournemouth;eng Premier League;28,0;1997,0;17,0;0,0;186,0;2,07;1,0;0,0;1,0;1,0;0,0;0,0;1,0;0,0;0,48;12,0;2,0;16,67;5,81;0,97;0,08;0,5;2,0;1,0;0,0;4,0;0,0;6,0;0,0;;;;;0,0;;;;;;;;;;No;No;No;No;No;No;No;No;No;No
2401;Deniz Undav;de GER;FW, MF;Stuttgart;de Bundesliga;29,0;1996,0;22,0;18,0;1643,0;18,26;16,0;5,0;21,0;16,0;0,0;0,0;4,0;0,0;1,15;96,0;38,0;39,58;5,26;2,08;0,17;0,42;13,0;10,0;4,0;15,0;0,0;25,0;0,0;;;;;0,0;;;;;;;;;;No;No;No;No;No;No;No;No;No;No
2402;Dayot Upamecano;fr FRA;DF;Bayern Munich;de Bundesliga;27,0;1998,0;21,0;19,0;1599,0;17,77;1,0;1,0;2,0;1,0;0,0;0,0;3,0;0,0;0,11;8,0;2,0;25,0;0,45;0,11;0,12;0,5;5,0;22,0;19,0;5,0;0,0;14,0;0,0;;;;;0,0;;;;;;;;;;No;No;No;No;No;No;No;No;No;No
2403;Jan Urbich;de GER;DF;Gladbach;de Bundesliga;21,0;2004,0;3,0;0,0;39,0;0,43;0,0;0,0;0,0;0,0;0,0;0,0;0,0;0,0;0,0;0,0;0,0;0,0;0,0;0,0;0,0;0,0;0,0;0,0;0,0;2,0;0,0;1,0;0,0;;;;;0,0;;;;;;;;;;No;No;No;No;No;No;No;No;No;No
2404;Jonas Urbig;de GER;GK;Bayern Munich;de Bundesliga;22,0;2003,0;8,0;6,0;630,0;7,0;0,0;0,0;0,0;0,0;0,0;0,0;0,0;0,0;0,0;0,0;0,0;0,0;0,0;0,0;0,0;0,0;0,0;0,0;0,0;0,0;0,0;0,0;0,0;7,0;1,0;19,0;13,0;68,42;5,0;0,0;1,0;4,0;50,0;2,0;1,0;0,0;1,0;No;No;No;No;No;No;No;No;No;No
2405;Can Uzun;tr TUR;MF;Eintracht Frankfurt;de Bundesliga;20,0;2005,0;14,0;11,0;799,0;8,88;6,0;3,0;9,0;5,0;1,0;1,0;2,0;0,0;0,9;27,0;10,0;37,04;3,04;1,13;0,22;0,6;13,0;6,0;2,0;18,0;0,0;12,0;0,0;;;;;0,0;;;;;;;;;;No;No;No;No;No;No;No;No;No;No
2406;Josha Vagnoman;de GER;DF, MF;Stuttgart;de Bundesliga;25,0;2000,0;21,0;16,0;1408,0;15,64;1,0;3,0;4,0;1,0;0,0;0,0;3,0;0,0;0,26;19,0;11,0;57,89;1,21;0,7;0,05;0,09;30,0;18,0;3,0;14,0;0,0;17,0;0,0;;;;;0,0;;;;;;;;;;No;No;No;No;No;No;No;No;No;No
2407;Victor Valdepeñas;es ESP;DF;Real Madrid;es La Liga;19,0;2006,0;1,0;1,0;77,0;0,86;0,0;0,0;0,0;0,0;0,0;0,0;0,0;0,0;0,0;0,0;0,0;0,0;0,0;0,0;0,0;0,0;1,0;3,0;0,0;1,0;0,0;3,0;0,0;;;;;0,0;;;;;;;;;;No;No;No;No;No;No;No;No;No;No
2408;Hákon Valdimarsson;is ISL;GK;Brentford;eng Premier League;24,0;2001,0;1,0;1,0;90,0;1,0;0,0;0,0;0,0;0,0;0,0;0,0;0,0;0,0;0,0;0,0;0,0;0,0;0,0;0,0;0,0;0,0;0,0;0,0;0,0;0,0;0,0;0,0;0,0;3,0;3,0;4,0;1,0;25,0;1,0;0,0;0,0;0,0;0,0;0,0;0,0;0,0;0,0;No;No;No;No;No;No;No;No;No;No
2409;Lautaro Valenti;ar ARG;DF;Parma;it Serie A;27,0;1999,0;21,0;19,0;1742,0;19,36;0,0;0,0;0,0;0,0;0,0;0,0;5,0;0,0;0,0;16,0;4,0;25,0;0,83;0,21;0,0;0,0;19,0;25,0;25,0;15,0;0,0;18,0;0,0;;;;;0,0;;;;;;;;;;No;No;No;No;No;No;No;No;No;No
2410;Óscar Valentín;es ESP;MF;Rayo Vallecano;es La Liga;31,0;1994,0;24,0;18,0;1578,0;17,53;1,0;0,0;1,0;1,0;0,0;0,0;2,0;1,0;0,06;13,0;4,0;30,77;0,74;0,23;0,08;0,25;2,0;27,0;19,0;16,0;0,0;20,0;0,0;;;;;0,0;;;;;;;;;;No;No;No;No;No;No;No;No;No;No
2411;Nicolás Valentini;ar ARG;DF;Hellas Verona;it Serie A;24,0;2001,0;14,0;10,0;929,0;10,32;0,0;0,0;0,0;0,0;0,0;0,0;2,0;0,0;0,0;7,0;3,0;42,86;0,68;0,29;0,0;0,0;7,0;11,0;9,0;5,0;0,0;13,0;0,0;;;;;0,0;;;;;;;;;;No;No;No;No;No;No;No;No;No;No
2412;Germán Valera;es ESP;DF, MF;Elche;es La Liga;24,0;2002,0;27,0;25,0;2129,0;23,66;4,0;3,0;7,0;4,0;0,0;0,0;3,0;0,0;0,3;21,0;7,0;33,33;0,89;0,3;0,19;0,57;72,0;33,0;14,0;55,0;0,0;29,0;0,0;;;;;0,0;;;;;;;;;;No;No;No;No;No;No;No;No;No;No
2413;Emanuele Valeri;it ITA;DF, MF;Parma;it Serie A;27,0;1998,0;25,0;21,0;1941,0;21,57;0,0;2,0;2,0;0,0;0,0;0,0;2,0;0,0;0,09;17,0;3,0;17,65;0,79;0,14;0,0;0,0;187,0;25,0;16,0;22,0;0,0;18,0;0,0;;;;;0,0;;;;;;;;;;No;No;No;No;No;No;No;No;No;No
2414;Martin Valjent;sk SVK;DF;Mallorca;es La Liga;30,0;1995,0;28,0;28,0;2520,0;28,0;0,0;0,0;0,0;0,0;0,0;0,0;4,0;0,0;0,0;14,0;7,0;50,0;0,5;0,25;0,0;0,0;2,0;21,0;15,0;9,0;0,0;27,0;0,0;;;;;0,0;;;;;;;;;;No;No;No;No;No;No;No;No;No;No
2415;Álex Valle;es ESP;DF;Como;it Serie A;21,0;2004,0;23,0;18,0;1653,0;18,37;0,0;4,0;4,0;0,0;0,0;0,0;2,0;0,0;0,22;10,0;1,0;10,0;0,54;0,05;0,0;0,0;36,0;27,0;22,0;15,0;0,0;31,0;0,0;;;;;0,0;;;;;;;;;;No;No;No;No;No;No;No;No;No;No
2416;Álvaro Vallés;es ESP;GK;Real Betis;es La Liga;28,0;1997,0;20,0;20,0;1800,0;20,0;0,0;0,0;0,0;0,0;0,0;0,0;1,0;0,0;0,0;0,0;0,0;0,0;0,0;0,0;0,0;0,0;0,0;0,0;0,0;3,0;0,0;0,0;0,0;26,0;1,3;84,0;60,0;71,43;7,0;9,0;4,0;6,0;30,0;3,0;1,0;1,0;1,0;No;No;No;No;No;No;No;No;No;No
2417;Federico Valverde;uy URU;DF, MF;Real Madrid;es La Liga;27,0;1998,0;27,0;25,0;2214,0;24,6;3,0;7,0;10,0;3,0;0,0;0,0;2,0;0,0;0,41;39,0;13,0;33,33;1,59;0,53;0,08;0,23;25,0;22,0;20,0;11,0;0,0;14,0;0,0;;;;;0,0;;;;;;;;;;No;No;No;No;No;No;No;No;No;No
2418;Ignace Van Der Brempt;be BEL;DF, MF;Como;it Serie A;23,0;2002,0;13,0;8,0;665,0;7,39;0,0;1,0;1,0;0,0;0,0;0,0;2,0;0,0;0,14;1,0;0,0;0,0;0,14;0,0;0,0;0,0;8,0;7,0;7,0;11,0;0,0;18,0;0,0;;;;;0,0;;;;;;;;;;No;No;No;No;No;No;No;No;No;No
2419;Virgil van Dijk;nl NED;DF;Liverpool;eng Premier League;34,0;1991,0;30,0;30,0;2700,0;30,0;3,0;0,0;3,0;3,0;0,0;0,0;4,0;0,0;0,1;22,0;10,0;45,45;0,73;0,33;0,14;0,3;1,0;13,0;16,0;15,0;0,0;13,0;0,0;;;;;0,0;;;;;;;;;;No;No;No;No;No;No;No;No;No;No
2420;Vladyslav Vanat;ua UKR;FW;Girona;es La Liga;24,0;2002,0;25,0;25,0;1857,0;20,63;9,0;1,0;10,0;6,0;3,0;3,0;4,0;0,0;0,34;27,0;18,0;66,67;1,31;0,87;0,33;0,5;5,0;3,0;2,0;16,0;0,0;28,0;0,0;;;;;0,0;;;;;;;;;;No;No;No;No;No;No;No;No;No;No
2421;Jari Vandeputte;be BEL;MF;Cremonese;it Serie A;30,0;1996,0;24,0;18,0;1495,0;16,61;0,0;4,0;4,0;0,0;0,0;0,0;2,0;0,0;0,24;15,0;5,0;33,33;0,9;0,3;0,0;0,0;123,0;19,0;17,0;22,0;0,0;24,0;0,0;;;;;0,0;;;;;;;;;;No;No;No;No;No;No;No;No;No;No
2422;Vanderson;br BRA;DF, MF;Monaco;fr Ligue 1;24,0;2001,0;14,0;7,0;616,0;6,84;0,0;2,0;2,0;0,0;0,0;0,0;4,0;0,0;0,29;3,0;0,0;0,0;0,44;0,0;0,0;0,0;33,0;13,0;19,0;2,0;0,0;15,0;0,0;;;;;0,0;;;;;;;;;;No;No;No;No;No;No;No;No;No;No
2423;Maarten Vandevoordt;be BEL;GK;RB Leipzig;de Bundesliga;24,0;2002,0;5,0;4,0;422,0;4,69;0,0;0,0;0,0;0,0;0,0;0,0;0,0;0,0;0,0;0,0;0,0;0,0;0,0;0,0;0,0;0,0;0,0;0,0;0,0;1,0;0,0;0,0;0,0;7,0;1,49;19,0;13,0;68,42;2,0;1,0;1,0;0,0;0,0;1,0;0,0;1,0;0,0;No;No;No;No;No;No;No;No;No;No
2424;Charles Vanhoutte;be BEL;MF;Nice;fr Ligue 1;27,0;1998,0;21,0;19,0;1606,0;17,84;0,0;2,0;2,0;0,0;0,0;0,0;7,0;0,0;0,11;3,0;1,0;33,33;0,17;0,06;0,0;0,0;13,0;24,0;19,0;7,0;0,0;30,0;0,0;;;;;0,0;;;;;;;;;;No;No;No;No;No;No;No;No;No;No
2425;Jamie Vardy;eng ENG;FW;Cremonese;it Serie A;39,0;1987,0;24,0;21,0;1803,0;20,03;5,0;1,0;6,0;5,0;0,0;0,0;4,0;0,0;0,3;26,0;12,0;46,15;1,3;0,6;0,19;0,42;13,0;8,0;3,0;18,0;0,0;17,0;0,0;;;;;0,0;;;;;;;;;;No;No;No;No;No;No;No;No;No;No
2426;Obed Vargas;mx MEX;MF;Atlético Madrid;es La Liga;20,0;2005,0;3,0;1,0;128,0;1,42;0,0;0,0;0,0;0,0;0,0;0,0;1,0;0,0;0,0;0,0;0,0;0,0;0,0;0,0;0,0;0,0;4,0;4,0;0,0;2,0;0,0;1,0;0,0;;;;;0,0;;;;;;;;;;No;No;No;No;No;No;No;No;No;No
2427;Ruben Vargas;ch SUI;MF;Sevilla;es La Liga;27,0;1998,0;14,0;11,0;916,0;10,18;3,0;4,0;7,0;2,0;1,0;1,0;1,0;0,0;0,59;23,0;6,0;26,09;2,26;0,59;0,13;0,5;36,0;9,0;6,0;9,0;0,0;7,0;0,0;;;;;0,0;;;;;;;;;;No;No;No;No;No;No;No;No;No;No
2428;Nikola Vasilj;ba BIH;GK;St Pauli;de Bundesliga;30,0;1995,0;26,0;26,0;2340,0;26,0;0,0;0,0;0,0;0,0;0,0;0,0;0,0;0,0;0,0;0,0;0,0;0,0;0,0;0,0;0,0;0,0;0,0;1,0;1,0;1,0;0,0;0,0;0,0;42,0;1,62;129,0;91,0;70,54;6,0;6,0;14,0;5,0;19,23;4,0;2,0;2,0;0,0;No;No;No;No;No;No;No;No;No;No
2429;Johan Vásquez;mx MEX;DF;Genoa;it Serie A;27,0;1998,0;29,0;29,0;2592,0;28,8;0,0;0,0;0,0;0,0;0,0;0,0;2,0;0,0;0,0;22,0;5,0;22,73;0,76;0,17;0,0;0,0;12,0;25,0;37,0;33,0;0,0;21,0;0,0;;;;;0,0;;;;;;;;;;No;No;No;No;No;No;No;No;No;No
2430;Denis Vavro;sk SVK;DF;Wolfsburg;de Bundesliga;29,0;1996,0;10,0;6,0;558,0;6,2;1,0;0,0;1,0;1,0;0,0;0,0;1,0;0,0;0,16;6,0;3,0;50,0;0,97;0,48;0,17;0,33;2,0;4,0;3,0;4,0;0,0;5,0;0,0;;;;;0,0;;;;;;;;;;No;No;No;No;No;No;No;No;No;No
2431;José Luis García Vayá;es ESP;MF;Valencia;es La Liga;27,0;1998,0;22,0;20,0;1701,0;18,9;2,0;0,0;2,0;1,0;1,0;3,0;3,0;0,0;0,05;22,0;3,0;13,64;1,16;0,16;0,09;0,67;42,0;25,0;15,0;11,0;0,0;27,0;0,0;;;;;0,0;;;;;;;;;;No;No;No;No;No;No;No;No;Sí;No
2432;Robinio Vaz;fr FRA;FW;Roma;it Serie A;19,0;2007,0;20,0;3,0;477,0;5,3;4,0;2,0;6,0;4,0;0,0;0,0;2,0;0,0;1,13;11,0;7,0;63,64;2,08;1,32;0,36;0,57;4,0;4,0;4,0;15,0;0,0;9,0;0,0;;;;;0,0;;;;;;;;;;No;No;No;No;No;No;No;No;No;No
2433;Franco Vázquez;ar ARG;FW, MF;Cremonese;it Serie A;37,0;1989,0;15,0;4,0;524,0;5,82;1,0;1,0;2,0;1,0;0,0;0,0;1,0;0,0;0,34;12,0;4,0;33,33;2,06;0,69;0,08;0,25;19,0;12,0;4,0;16,0;0,0;9,0;0,0;;;;;0,0;;;;;;;;;;No;No;No;No;No;No;No;No;No;No
2434;Jesus Vazquez;es ESP;DF, MF;Valencia;es La Liga;23,0;2003,0;16,0;5,0;676,0;7,51;0,0;0,0;0,0;0,0;0,0;0,0;2,0;0,0;0,0;6,0;2,0;33,33;0,8;0,27;0,0;0,0;19,0;6,0;1,0;6,0;0,0;14,0;0,0;;;;;0,0;;;;;;;;;;No;No;No;No;No;No;No;No;No;No
2435;Lucas Vázquez;es ESP;MF;Leverkusen;de Bundesliga;34,0;1991,0;9,0;5,0;393,0;4,37;1,0;2,0;3,0;1,0;0,0;0,0;2,0;0,0;0,69;3,0;1,0;33,33;0,69;0,23;0,33;1,0;12,0;4,0;2,0;8,0;0,0;6,0;0,0;;;;;0,0;;;;;;;;;;No;No;No;No;No;No;No;No;No;No
2436;Luis Vázquez;ar ARG;FW;Getafe;es La Liga;25,0;2001,0;8,0;8,0;620,0;6,89;2,0;0,0;2,0;2,0;0,0;0,0;0,0;0,0;0,29;11,0;5,0;45,45;1,6;0,73;0,18;0,4;2,0;2,0;2,0;17,0;0,0;8,0;0,0;;;;;0,0;;;;;;;;;;No;No;No;No;No;No;No;No;No;No
2437;Matías Vecino;uy URU;MF;Celta Vigo;es La Liga;34,0;1991,0;16,0;6,0;675,0;7,5;0,0;1,0;1,0;0,0;0,0;0,0;1,0;0,0;0,13;9,0;1,0;11,11;1,2;0,13;0,0;0,0;1,0;12,0;9,0;3,0;0,0;10,0;0,0;;;;;0,0;;;;;;;;;;No;No;No;No;No;No;No;No;No;No
2438;Danilo Veiga;pt POR;DF;Lecce;it Serie A;23,0;2002,0;27,0;24,0;2261,0;25,12;0,0;1,0;1,0;0,0;0,0;0,0;6,0;0,0;0,04;6,0;2,0;33,33;0,24;0,08;0,0;0,0;60,0;44,0;22,0;33,0;0,0;27,0;0,0;;;;;0,0;;;;;;;;;;No;No;No;No;No;No;No;No;No;No
2439;Renato Veiga;pt POR;DF;Villarreal;es La Liga;22,0;2003,0;24,0;19,0;1761,0;19,57;0,0;0,0;0,0;0,0;0,0;0,0;3,0;1,0;0,0;8,0;3,0;37,5;0,41;0,15;0,0;0,0;2,0;5,0;18,0;4,0;0,0;15,0;0,0;;;;;0,0;;;;;;;;;;No;No;No;No;No;No;No;No;No;No
2440;Joël Veltman;nl NED;DF;Brighton;eng Premier League;34,0;1992,0;18,0;8,0;849,0;9,43;1,0;0,0;1,0;1,0;0,0;0,0;4,0;0,0;0,11;3,0;1,0;33,33;0,32;0,11;0,33;1,0;11,0;17,0;18,0;19,0;0,0;9,0;0,0;;;;;0,0;;;;;;;;;;No;No;No;No;No;No;No;No;No;No
2441;Micky van de Ven;nl NED;DF;Tottenham Hotspur;eng Premier League;24,0;2001,0;27,0;27,0;2366,0;26,29;4,0;1,0;5,0;4,0;0,0;0,0;7,0;1,0;0,19;15,0;6,0;40,0;0,57;0,23;0,27;0,67;2,0;16,0;20,0;16,0;0,0;21,0;0,0;;;;;0,0;;;;;;;;;;No;No;No;No;No;No;No;No;No;No
2442;Unai Vencedor Paris;es ESP;MF;Levante;es La Liga;25,0;2000,0;16,0;11,0;812,0;9,02;0,0;0,0;0,0;0,0;0,0;0,0;3,0;1,0;0,0;0,0;0,0;0,0;0,0;0,0;0,0;0,0;23,0;13,0;4,0;8,0;0,0;25,0;0,0;;;;;0,0;;;;;;;;;;No;No;No;No;No;No;No;No;No;No
2443;Lorenzo Venturino;it ITA;FW, MF;Roma;it Serie A;19,0;2006,0;8,0;1,0;183,0;2,03;0,0;0,0;0,0;0,0;0,0;0,0;0,0;0,0;0,0;3,0;1,0;33,33;1,48;0,49;0,0;0,0;25,0;0,0;0,0;1,0;0,0;1,0;0,0;;;;;0,0;;;;;;;;;;No;No;No;No;No;No;No;No;No;No
2444;Nikolas Veratschnig;at AUT;DF, MF;Mainz 05;de Bundesliga;23,0;2003,0;16,0;4,0;446,0;4,96;0,0;1,0;1,0;0,0;0,0;0,0;2,0;0,0;0,2;3,0;1,0;33,33;0,61;0,2;0,0;0,0;15,0;4,0;8,0;7,0;0,0;10,0;0,0;;;;;0,0;;;;;;;;;;No;No;No;No;No;No;No;No;No;No
2445;Bart Verbruggen;nl NED;GK;Brighton;eng Premier League;23,0;2002,0;30,0;30,0;2700,0;30,0;0,0;0,0;0,0;0,0;0,0;0,0;3,0;0,0;0,0;0,0;0,0;0,0;0,0;0,0;0,0;0,0;0,0;1,0;0,0;2,0;0,0;2,0;1,0;36,0;1,2;112,0;80,0;71,43;10,0;10,0;10,0;7,0;23,33;6,0;5,0;1,0;0,0;No;No;No;No;No;No;No;No;No;No
2446;Calvin Verdonk;id IDN;DF;Lille;fr Ligue 1;28,0;1997,0;12,0;6,0;640,0;7,11;0,0;0,0;0,0;0,0;0,0;0,0;2,0;1,0;0,0;2,0;0,0;0,0;0,28;0,0;0,0;0,0;25,0;7,0;11,0;3,0;0,0;12,0;0,0;;;;;0,0;;;;;;;;;;No;No;No;No;No;No;No;No;No;No
2447;Antonio Vergara;it ITA;MF;Napoli;it Serie A;23,0;2003,0;11,0;8,0;601,0;6,68;1,0;2,0;3,0;1,0;0,0;0,0;2,0;0,0;0,45;10,0;3,0;30,0;1,5;0,45;0,1;0,33;11,0;9,0;4,0;20,0;0,0;16,0;0,0;;;;;0,0;;;;;;;;;;No;No;No;No;No;No;No;No;No;No
2448;Arthur Vermeeren;be BEL;MF;Marseille;fr Ligue 1;21,0;2005,0;14,0;8,0;624,0;6,93;0,0;1,0;1,0;0,0;0,0;0,0;1,0;1,0;0,14;2,0;0,0;0,0;0,29;0,0;0,0;0,0;3,0;8,0;5,0;1,0;0,0;12,0;0,0;;;;;0,0;;;;;;;;;;No;No;No;No;No;No;No;No;No;No
2449;Ioan Vermeșan;ro ROU;FW;Hellas Verona;it Serie A;19,0;2006,0;1,0;0,0;9,0;0,1;0,0;0,0;0,0;0,0;0,0;0,0;0,0;0,0;0,0;0,0;0,0;0,0;0,0;0,0;0,0;0,0;0,0;0,0;0,0;0,0;0,0;0,0;0,0;;;;;0,0;;;;;;;;;;No;No;No;No;No;No;No;No;No;No
2450;Jozhua Vertrouwd;nl NED;DF;Rayo Vallecano;es La Liga;21,0;2004,0;7,0;1,0;276,0;3,07;0,0;0,0;0,0;0,0;0,0;0,0;0,0;0,0;0,0;1,0;0,0;0,0;0,33;0,0;0,0;0,0;0,0;2,0;3,0;2,0;0,0;2,0;1,0;;;;;0,0;;;;;;;;;;No;No;No;No;No;No;No;No;No;No
2451;Mikel Vesga;es ESP;MF;Athletic Club;es La Liga;32,0;1993,0;18,0;1,0;362,0;4,02;0,0;0,0;0,0;0,0;0,0;0,0;0,0;0,0;0,0;2,0;0,0;0,0;0,5;0,0;0,0;0,0;2,0;9,0;9,0;7,0;0,0;8,0;0,0;;;;;0,0;;;;;;;;;;No;No;No;No;No;No;No;No;No;No
2452;Guglielmo Vicario;it ITA;GK;Tottenham Hotspur;eng Premier League;29,0;1996,0;30,0;30,0;2700,0;30,0;0,0;0,0;0,0;0,0;0,0;0,0;1,0;0,0;0,0;0,0;0,0;0,0;0,0;0,0;0,0;0,0;0,0;1,0;0,0;3,0;0,0;0,0;0,0;47,0;1,57;124,0;79,0;63,71;7,0;9,0;14,0;7,0;23,33;2,0;2,0;0,0;0,0;No;No;No;No;No;No;No;No;No;No
2453;Carlos Vicente;es ESP;MF;Alavés;es La Liga;26,0;1999,0;21,0;11,0;1258,0;13,98;5,0;0,0;5,0;2,0;3,0;3,0;1,0;0,0;0,14;12,0;6,0;50,0;0,86;0,43;0,42;0,83;128,0;18,0;7,0;42,0;0,0;12,0;0,0;;;;;0,0;;;;;;;;;;No;No;No;No;No;No;No;No;No;No
2454;Nacho Vidal;es ESP;DF;Oviedo;es La Liga;31,0;1995,0;19,0;18,0;1496,0;16,62;0,0;0,0;0,0;0,0;0,0;0,0;4,0;0,0;0,0;8,0;3,0;37,5;0,48;0,18;0,0;0,0;26,0;24,0;18,0;22,0;0,0;20,0;0,0;;;;;0,0;;;;;;;;;;No;No;No;No;No;No;No;No;No;No
2455;Fabio Vieira;pt POR;FW, MF;Hamburger SV;de Bundesliga;25,0;2000,0;21,0;17,0;1525,0;16,94;5,0;4,0;9,0;4,0;1,0;1,0;4,0;2,0;0,47;42,0;13,0;30,95;2,48;0,77;0,12;0,38;35,0;4,0;12,0;26,0;1,0;13,0;0,0;;;;;0,0;;;;;;;;;;No;No;No;No;No;No;No;No;No;No
2456;Julián Vignolo;ar ARG;MF;Toulouse;fr Ligue 1;19,0;2006,0;12,0;1,0;194,0;2,16;2,0;0,0;2,0;2,0;0,0;0,0;0,0;0,0;0,93;8,0;7,0;87,5;3,71;3,25;0,25;0,29;10,0;3,0;0,0;1,0;0,0;3,0;0,0;;;;;0,0;;;;;;;;;;No;No;No;No;No;No;No;No;No;No
2457;Gonzalo Villar;es ESP;MF;Elche;es La Liga;27,0;1998,0;2,0;0,0;35,0;0,39;0,0;0,0;0,0;0,0;0,0;0,0;1,0;0,0;0,0;0,0;0,0;0,0;0,0;0,0;0,0;0,0;0,0;0,0;0,0;1,0;0,0;1,0;0,0;;;;;0,0;;;;;;;;;;No;No;No;No;No;No;No;No;No;No
2458;Federico Viñas;uy URU;FW, MF;Oviedo;es La Liga;27,0;1998,0;24,0;19,0;1698,0;18,87;5,0;1,0;6,0;4,0;1,0;1,0;4,0;3,0;0,27;39,0;17,0;43,59;2,07;0,9;0,13;0,29;3,0;24,0;10,0;50,0;1,0;34,0;0,0;;;;;0,0;;;;;;;;;;No;No;No;No;No;No;No;No;No;No
2459;Jan Virgili;es ESP;FW, MF;Mallorca;es La Liga;19,0;2006,0;22,0;17,0;1445,0;16,06;0,0;4,0;4,0;0,0;0,0;0,0;0,0;1,0;0,25;26,0;11,0;42,31;1,62;0,69;0,0;0,0;30,0;8,0;5,0;21,0;0,0;14,0;0,0;;;;;0,0;;;;;;;;;;No;No;No;No;No;No;No;No;No;No
2460;Mattia Viti;it ITA;DF, MF;Fiorentina;it Serie A;24,0;2002,0;10,0;2,0;265,0;2,94;0,0;0,0;0,0;0,0;0,0;0,0;3,0;1,0;0,0;0,0;0,0;0,0;0,0;0,0;0,0;0,0;0,0;4,0;3,0;4,0;1,0;9,0;0,0;;;;;0,0;;;;;;;;;;No;No;No;No;No;No;No;No;No;No
2461;Martin Vitík;cz CZE;DF;Bologna;it Serie A;23,0;2003,0;16,0;12,0;1131,0;12,57;0,0;0,0;0,0;0,0;0,0;0,0;3,0;0,0;0,0;6,0;0,0;0,0;0,48;0,0;0,0;0,0;2,0;15,0;6,0;3,0;0,0;19,0;0,0;;;;;0,0;;;;;;;;;;No;No;No;No;No;No;No;No;No;No
2462;Vitinha;pt POR;MF;Paris Saint-Germain;fr Ligue 1;26,0;2000,0;24,0;21,0;1855,0;20,61;1,0;7,0;8,0;1,0;0,0;0,0;2,0;0,0;0,39;31,0;10,0;32,26;1,5;0,49;0,03;0,1;19,0;17,0;24,0;19,0;0,0;13,0;0,0;;;;;0,0;;;;;;;;;;No;No;No;No;No;No;No;No;No;No
2463;Vitinha;pt POR;FW, MF;Genoa;it Serie A;26,0;2000,0;27,0;21,0;1623,0;18,03;5,0;1,0;6,0;5,0;0,0;0,0;4,0;0,0;0,33;48,0;16,0;33,33;2,66;0,89;0,1;0,31;55,0;21,0;11,0;54,0;0,0;27,0;0,0;;;;;0,0;;;;;;;;;;No;No;No;No;No;No;No;No;No;No
2464;Rayan Vitor;br BRA;MF;Bournemouth;eng Premier League;19,0;2006,0;7,0;6,0;537,0;5,97;2,0;1,0;3,0;2,0;0,0;0,0;1,0;0,0;0,5;12,0;3,0;25,0;2,01;0,5;0,17;0,67;15,0;2,0;1,0;4,0;0,0;3,0;0,0;;;;;0,0;;;;;;;;;;No;No;No;No;No;No;No;No;No;No
2465;Daniel Vivian;es ESP;DF;Athletic Club;es La Liga;26,0;1999,0;23,0;22,0;2008,0;22,31;0,0;0,0;0,0;0,0;0,0;0,0;8,0;1,0;0,0;13,0;4,0;30,77;0,58;0,18;0,0;0,0;6,0;29,0;30,0;12,0;0,0;35,0;0,0;;;;;0,0;;;;;;;;;;No;Sí;Sí;Sí;Sí;No;Sí;Sí;Sí;Sí
2466;Odysseas Vlachodimos;gr GRE;GK;Sevilla;es La Liga;31,0;1994,0;24,0;24,0;2160,0;24,0;0,0;0,0;0,0;0,0;0,0;0,0;1,0;0,0;0,0;0,0;0,0;0,0;0,0;0,0;0,0;0,0;0,0;0,0;1,0;0,0;0,0;0,0;0,0;40,0;1,67;101,0;70,0;69,31;7,0;6,0;11,0;4,0;16,67;10,0;8,0;1,0;1,0;No;No;No;No;No;No;No;No;No;No
2467;Dušan Vlahović;rs SRB;FW;Juventus;it Serie A;26,0;2000,0;13,0;8,0;680,0;7,56;3,0;1,0;4,0;2,0;1,0;1,0;0,0;0,0;0,4;30,0;11,0;36,67;3,97;1,46;0,1;0,27;3,0;3,0;2,0;15,0;0,0;7,0;0,0;;;;;0,0;;;;;;;;;;No;No;No;No;No;No;No;No;No;No
2468;Nikola Vlašić;hr CRO;FW, MF;Torino;it Serie A;28,0;1997,0;28,0;27,0;2248,0;24,98;6,0;3,0;9,0;3,0;3,0;3,0;7,0;0,0;0,24;36,0;14,0;38,89;1,44;0,56;0,17;0,43;36,0;28,0;16,0;37,0;0,0;34,0;0,0;;;;;0,0;;;;;;;;;;No;No;No;No;No;No;No;No;No;No
2469;Mërgim Vojvoda;xk KVX;DF, MF;Como;it Serie A;31,0;1995,0;25,0;18,0;1456,0;16,18;2,0;2,0;4,0;2,0;0,0;0,0;2,0;0,0;0,25;17,0;7,0;41,18;1,05;0,43;0,12;0,29;52,0;4,0;13,0;11,0;0,0;15,0;0,0;;;;;0,0;;;;;;;;;;No;No;No;No;No;No;No;No;No;No
2470;Cristian Volpato;it ITA;FW;Sassuolo;it Serie A;22,0;2003,0;15,0;6,0;667,0;7,41;1,0;4,0;5,0;1,0;0,0;0,0;2,0;0,0;0,67;11,0;4,0;36,36;1,48;0,54;0,09;0,25;36,0;6,0;3,0;5,0;0,0;11,0;0,0;;;;;0,0;;;;;;;;;;No;No;No;No;No;No;No;No;No;No
2471;Alexis Vossah;fr FRA;MF;Toulouse;fr Ligue 1;18,0;2008,0;18,0;8,0;767,0;8,52;1,0;1,0;2,0;1,0;0,0;0,0;3,0;1,0;0,23;8,0;2,0;25,0;0,94;0,23;0,12;0,5;5,0;5,0;5,0;7,0;0,0;14,0;0,0;;;;;0,0;;;;;;;;;;No;No;No;No;No;No;No;No;No;No
2472;Aster Vranckx;be BEL;MF;Sassuolo;it Serie A;23,0;2002,0;14,0;8,0;609,0;6,77;0,0;0,0;0,0;0,0;0,0;0,0;2,0;0,0;0,0;3,0;1,0;33,33;0,44;0,15;0,0;0,0;5,0;6,0;0,0;17,0;0,0;14,0;0,0;;;;;0,0;;;;;;;;;;No;No;No;No;No;No;No;No;No;No
2473;Stefan de Vrij;nl NED;DF;Inter;it Serie A;34,0;1992,0;8,0;5,0;410,0;4,56;0,0;0,0;0,0;0,0;0,0;0,0;1,0;0,0;0,0;5,0;2,0;40,0;1,1;0,44;0,0;0,0;0,0;7,0;1,0;1,0;0,0;3,0;0,0;;;;;0,0;;;;;;;;;;No;No;No;No;No;No;No;No;No;No
2474;İsak Vural;tr TUR;MF;Pisa;it Serie A;19,0;2006,0;9,0;5,0;434,0;4,82;0,0;0,0;0,0;0,0;0,0;0,0;3,0;0,0;0,0;3,0;0,0;0,0;0,62;0,0;0,0;0,0;5,0;3,0;2,0;21,0;0,0;9,0;0,0;;;;;0,0;;;;;;;;;;No;No;No;No;No;No;No;No;No;No
2475;Luka Vušković;hr CRO;DF;Hamburger SV;de Bundesliga;19,0;2007,0;23,0;23,0;2070,0;23,0;5,0;0,0;5,0;4,0;1,0;1,0;5,0;0,0;0,17;28,0;8,0;28,57;1,22;0,35;0,18;0,62;2,0;14,0;28,0;27,0;0,0;22,0;0,0;;;;;0,0;;;;;;;;;;No;No;No;No;No;No;No;No;No;No
2476;Yannik Wagner;de GER;FW;Heidenheim;de Bundesliga;18,0;2007,0;4,0;0,0;49,0;0,54;0,0;0,0;0,0;0,0;0,0;0,0;0,0;0,0;0,0;1,0;0,0;0,0;1,84;0,0;0,0;0,0;2,0;0,0;0,0;0,0;0,0;0,0;0,0;;;;;0,0;;;;;;;;;;No;No;No;No;No;No;No;No;No;No
2477;Elye Wahi;fr FRA;FW;Nice;fr Ligue 1;23,0;2003,0;17,0;8,0;724,0;8,04;4,0;2,0;6,0;4,0;0,0;0,0;3,0;0,0;0,75;21,0;13,0;61,9;2,61;1,62;0,19;0,31;11,0;1,0;1,0;6,0;0,0;14,0;0,0;;;;;0,0;;;;;;;;;;No;No;No;No;No;No;No;No;No;No
2478;Hauke Wahl;de GER;DF;St Pauli;de Bundesliga;31,0;1994,0;22,0;22,0;1935,0;21,5;2,0;0,0;2,0;2,0;0,0;0,0;1,0;0,0;0,09;6,0;4,0;66,67;0,28;0,19;0,33;0,5;9,0;29,0;23,0;11,0;0,0;9,0;0,0;;;;;0,0;;;;;;;;;;No;No;No;No;No;No;No;No;No;No
2479;Luca Waldschmidt;de GER;FW, MF;Köln;de Bundesliga;29,0;1996,0;17,0;6,0;514,0;5,71;3,0;3,0;6,0;2,0;1,0;1,0;0,0;0,0;0,88;14,0;7,0;50,0;2,45;1,23;0,21;0,43;14,0;2,0;1,0;5,0;0,0;3,0;0,0;;;;;0,0;;;;;;;;;;No;No;No;No;No;No;No;No;No;No
2480;Kyle Walker;eng ENG;DF, MF;Burnley;eng Premier League;35,0;1990,0;28,0;28,0;2461,0;27,34;0,0;2,0;2,0;0,0;0,0;0,0;8,0;0,0;0,07;3,0;0,0;0,0;0,11;0,0;0,0;0,0;29,0;21,0;34,0;18,0;0,0;27,0;0,0;;;;;0,0;;;;;;;;;;No;No;No;No;No;No;No;No;No;No
2481;Kyle Walker-Peters;eng ENG;DF;West Ham United;eng Premier League;28,0;1997,0;18,0;10,0;959,0;10,66;1,0;0,0;1,0;1,0;0,0;0,0;2,0;0,0;0,09;5,0;3,0;60,0;0,47;0,28;0,2;0,33;9,0;23,0;7,0;18,0;0,0;9,0;0,0;;;;;0,0;;;;;;;;;;No;No;No;No;No;No;No;No;No;No
2482;Sebastian Walukiewicz;pl POL;DF;Sassuolo;it Serie A;25,0;2000,0;27,0;26,0;2246,0;24,96;0,0;1,0;1,0;0,0;0,0;0,0;6,0;0,0;0,04;6,0;0,0;0,0;0,24;0,0;0,0;0,0;43,0;26,0;18,0;10,0;0,0;27,0;0,0;;;;;0,0;;;;;;;;;;No;No;No;No;No;No;No;No;No;No
2483;Aaron Wan-Bissaka;cd COD;DF, MF;West Ham United;eng Premier League;28,0;1997,0;21,0;20,0;1821,0;20,23;0,0;2,0;2,0;0,0;0,0;0,0;3,0;0,0;0,1;0,0;0,0;0,0;0,0;0,0;0,0;0,0;40,0;21,0;38,0;12,0;0,0;21,0;0,0;;;;;0,0;;;;;;;;;;No;No;No;No;No;No;No;No;No;No
2484;James Ward-Prowse;eng ENG;MF;West Ham United;eng Premier League;31,0;1994,0;10,0;7,0;653,0;7,26;0,0;1,0;1,0;0,0;0,0;0,0;0,0;0,0;0,14;2,0;0,0;0,0;0,28;0,0;0,0;0,0;44,0;4,0;9,0;6,0;0,0;6,0;0,0;;;;;0,0;;;;;;;;;;No;No;No;No;No;No;No;No;No;No
2485;Ollie Watkins;eng ENG;FW;Aston Villa;eng Premier League;30,0;1995,0;29,0;26,0;2207,0;24,52;8,0;1,0;9,0;8,0;0,0;0,0;3,0;0,0;0,37;57,0;25,0;43,86;2,32;1,02;0,14;0,32;5,0;11,0;5,0;26,0;0,0;28,0;0,0;;;;;0,0;;;;;;;;;;No;No;No;No;No;No;No;No;No;No
2486;Tom Watson;eng ENG;MF;Brighton;eng Premier League;19,0;2006,0;6,0;0,0;62,0;0,69;0,0;0,0;0,0;0,0;0,0;0,0;1,0;0,0;0,0;1,0;1,0;100,0;1,45;1,45;0,0;0,0;0,0;1,0;0,0;0,0;0,0;3,0;0,0;;;;;0,0;;;;;;;;;;No;No;No;No;No;No;No;No;No;No
2487;Timothy Weah;us USA;DF, MF;Marseille;fr Ligue 1;26,0;2000,0;23,0;21,0;1763,0;19,59;2,0;2,0;4,0;2,0;0,0;0,0;3,0;0,0;0,2;21,0;8,0;38,1;1,07;0,41;0,1;0,25;46,0;27,0;11,0;17,0;0,0;28,0;0,0;;;;;0,0;;;;;;;;;;No;No;No;No;No;No;No;No;No;No
2488;Tobias Weigel;de GER;FW;Heidenheim;de Bundesliga;18,0;2007,0;1,0;0,0;2,0;0,02;0,0;0,0;0,0;0,0;0,0;0,0;0,0;0,0;0,0;0,0;0,0;0,0;0,0;0,0;0,0;0,0;0,0;0,0;0,0;0,0;0,0;0,0;0,0;;;;;0,0;;;;;;;;;;No;No;No;No;No;No;No;No;No;No
2489;Nelson Weiper;de GER;FW;Mainz 05;de Bundesliga;21,0;2005,0;17,0;3,0;489,0;5,43;0,0;0,0;0,0;0,0;0,0;0,0;1,0;0,0;0,0;11,0;5,0;45,45;2,02;0,92;0,0;0,0;5,0;2,0;3,0;2,0;0,0;5,0;0,0;;;;;0,0;;;;;;;;;;No;No;No;No;No;No;No;No;No;No
2490;Danny Welbeck;eng ENG;FW;Brighton;eng Premier League;35,0;1990,0;29,0;19,0;1744,0;19,38;10,0;0,0;10,0;9,0;1,0;3,0;4,0;0,0;0,46;40,0;18,0;45,0;2,06;0,93;0,25;0,56;3,0;11,0;7,0;7,0;0,0;23,0;0,0;;;;;0,0;;;;;;;;;;No;No;No;No;No;No;No;No;No;No
2491;Timo Werner;de GER;FW, MF;RB Leipzig;de Bundesliga;30,0;1996,0;3,0;0,0;14,0;0,16;0,0;0,0;0,0;0,0;0,0;0,0;0,0;0,0;0,0;0,0;0,0;0,0;0,0;0,0;0,0;0,0;2,0;0,0;0,0;0,0;0,0;0,0;0,0;;;;;0,0;;;;;;;;;;No;No;No;No;No;No;No;No;No;No
2492;Wesley;br BRA;MF;Roma;it Serie A;22,0;2003,0;26,0;24,0;2109,0;23,43;4,0;0,0;4,0;4,0;0,0;0,0;7,0;1,0;0,17;22,0;10,0;45,45;0,94;0,43;0,18;0,4;84,0;39,0;18,0;50,0;1,0;31,0;0,0;;;;;0,0;;;;;;;;;;No;No;No;No;No;No;No;No;No;No
2493;Wesley;br BRA;MF;Real Sociedad;es La Liga;21,0;2005,0;3,0;1,0;66,0;0,73;0,0;0,0;0,0;0,0;0,0;0,0;0,0;0,0;0,0;0,0;0,0;0,0;0,0;0,0;0,0;0,0;1,0;0,0;0,0;0,0;0,0;2,0;0,0;;;;;0,0;;;;;;;;;;No;No;No;No;No;No;No;No;No;No
2494;Adam Wharton;eng ENG;MF;Crystal Palace;eng Premier League;22,0;2004,0;27,0;26,0;2163,0;24,03;0,0;5,0;5,0;0,0;0,0;0,0;6,0;1,0;0,21;26,0;4,0;15,38;1,08;0,17;0,0;0,0;74,0;33,0;22,0;26,0;1,0;29,0;0,0;;;;;0,0;;;;;;;;;;No;No;No;No;No;No;No;No;No;No
2495;Ben White;eng ENG;DF;Arsenal;eng Premier League;28,0;1997,0;7,0;5,0;411,0;4,57;0,0;1,0;1,0;0,0;0,0;0,0;0,0;0,0;0,22;4,0;1,0;25,0;0,88;0,22;0,0;0,0;13,0;7,0;3,0;4,0;0,0;5,0;0,0;;;;;0,0;;;;;;;;;;No;No;No;No;No;No;No;No;No;No
2496;Silvan Widmer;ch SUI;MF;Mainz 05;de Bundesliga;33,0;1993,0;20,0;17,0;1409,0;15,66;2,0;0,0;2,0;2,0;0,0;0,0;5,0;0,0;0,13;17,0;3,0;17,65;1,09;0,19;0,12;0,67;25,0;24,0;14,0;10,0;0,0;13,0;0,0;;;;;0,0;;;;;;;;;;No;No;No;No;No;No;No;No;No;No
2497;Mats Wieffer;nl NED;DF;Brighton;eng Premier League;26,0;1999,0;20,0;17,0;1481,0;16,46;0,0;3,0;3,0;0,0;0,0;0,0;6,0;0,0;0,18;14,0;4,0;28,57;0,85;0,24;0,0;0,0;9,0;36,0;23,0;16,0;0,0;25,0;0,0;;;;;0,0;;;;;;;;;;No;No;No;No;No;No;No;No;No;No
2498;Iñaki Williams;gh GHA;FW, MF;Athletic Club;es La Liga;31,0;1994,0;20,0;16,0;1400,0;15,56;2,0;2,0;4,0;1,0;1,0;1,0;1,0;0,0;0,19;43,0;14,0;32,56;2,76;0,9;0,05;0,14;39,0;7,0;2,0;19,0;0,0;17,0;0,0;;;;;0,0;;;;;;;;;;No;No;No;No;No;No;No;No;No;No
2499;Neco Williams;wls WAL;DF;Nottingham Forest;eng Premier League;24,0;2001,0;29,0;29,0;2528,0;28,09;1,0;1,0;2,0;1,0;0,0;0,0;5,0;1,0;0,07;33,0;13,0;39,39;1,17;0,46;0,03;0,08;101,0;49,0;32,0;46,0;0,0;22,0;0,0;;;;;0,0;;;;;;;;;;No;No;No;No;No;No;No;No;No;No
2500;Nico Williams;es ESP;MF;Athletic Club;es La Liga;23,0;2002,0;19,0;15,0;1308,0;14,53;4,0;2,0;6,0;3,0;1,0;2,0;1,0;0,0;0,34;37,0;13,0;35,14;2,55;0,89;0,11;0,31;50,0;6,0;6,0;23,0;0,0;17,0;0,0;;;;;0,0;;;;;;;;;;No;No;No;Sí;Sí;Sí;Sí;Sí;Sí;Sí
2501;Estêvão Willian;br BRA;FW, MF;Chelsea;eng Premier League;18,0;2007,0;19,0;10,0;746,0;8,29;2,0;2,0;4,0;2,0;0,0;0,0;3,0;0,0;0,48;26,0;7,0;26,92;3,14;0,84;0,08;0,29;12,0;6,0;3,0;7,0;0,0;11,0;0,0;;;;;0,0;;;;;;;;;;No;No;No;No;No;No;No;No;No;No
2502;Joe Willock;eng ENG;MF;Newcastle United;eng Premier League;26,0;1999,0;19,0;7,0;677,0;7,52;0,0;1,0;1,0;0,0;0,0;0,0;3,0;0,0;0,13;10,0;3,0;30,0;1,33;0,4;0,0;0,0;11,0;15,0;4,0;8,0;0,0;15,0;0,0;;;;;0,0;;;;;;;;;;No;No;No;No;No;No;No;No;No;No
2503;Callum Wilson;eng ENG;FW, MF;West Ham United;eng Premier League;34,0;1992,0;24,0;10,0;1004,0;11,16;5,0;1,0;6,0;5,0;0,0;0,0;0,0;0,0;0,54;32,0;12,0;37,5;2,87;1,08;0,16;0,42;4,0;1,0;3,0;12,0;0,0;10,0;0,0;;;;;0,0;;;;;;;;;;No;No;No;No;No;No;No;No;No;No
2504;Harry Wilson;wls WAL;MF;Fulham;eng Premier League;28,0;1997,0;28,0;26,0;2173,0;24,14;9,0;6,0;15,0;9,0;0,0;0,0;6,0;0,0;0,62;60,0;22,0;36,67;2,49;0,91;0,15;0,41;91,0;14,0;14,0;30,0;0,0;11,0;0,0;;;;;0,0;;;;;;;;;;No;No;No;No;No;No;No;No;No;No
2505;Patrick Wimmer;at AUT;MF;Wolfsburg;de Bundesliga;24,0;2001,0;18,0;15,0;1168,0;12,98;3,0;3,0;6,0;3,0;0,0;0,0;4,0;0,0;0,46;15,0;6,0;40,0;1,16;0,46;0,2;0,5;21,0;14,0;16,0;24,0;0,0;20,0;0,0;;;;;0,0;;;;;;;;;;No;No;No;No;No;No;No;No;No;No
2506;Jonas Wind;dk DEN;FW;Wolfsburg;de Bundesliga;27,0;1999,0;9,0;3,0;329,0;3,66;0,0;0,0;0,0;0,0;0,0;0,0;1,0;0,0;0,0;7,0;4,0;57,14;1,91;1,09;0,0;0,0;0,0;0,0;0,0;11,0;0,0;1,0;0,0;;;;;0,0;;;;;;;;;;No;No;No;No;No;No;No;No;No;No
2507;Ben Winterburn;eng ENG;MF;Bournemouth;eng Premier League;21,0;2004,0;1,0;0,0;7,0;0,08;0,0;0,0;0,0;0,0;0,0;0,0;0,0;0,0;0,0;0,0;0,0;0,0;0,0;0,0;0,0;0,0;0,0;0,0;0,0;0,0;0,0;0,0;0,0;;;;;0,0;;;;;;;;;;No;No;No;No;No;No;No;No;No;No
2508;Florian Wirtz;de GER;MF;Liverpool;eng Premier League;22,0;2003,0;26,0;22,0;1914,0;21,27;4,0;2,0;6,0;4,0;0,0;0,0;1,0;0,0;0,28;41,0;15,0;36,59;1,93;0,71;0,1;0,27;29,0;23,0;9,0;17,0;0,0;19,0;0,0;;;;;0,0;;;;;;;;;;No;No;No;No;No;No;No;No;No;No
2509;Yoane Wissa;cd COD;FW;Newcastle United;eng Premier League;29,0;1996,0;12,0;4,0;429,0;4,77;1,0;0,0;1,0;1,0;0,0;0,0;1,0;0,0;0,21;11,0;5,0;45,45;2,31;1,05;0,09;0,2;1,0;2,0;0,0;1,0;0,0;4,0;0,0;;;;;0,0;;;;;;;;;;No;No;No;No;No;No;No;No;No;No
2510;Axel Witsel;be BEL;MF;Girona;es La Liga;37,0;1989,0;22,0;20,0;1728,0;19,2;1,0;2,0;3,0;1,0;0,0;0,0;2,0;1,0;0,16;18,0;4,0;22,22;0,94;0,21;0,06;0,25;1,0;18,0;20,0;25,0;1,0;29,0;0,0;;;;;0,0;;;;;;;;;;No;No;No;No;No;No;No;No;No;No
2511;Marius Wolf;de GER;FW, MF;Augsburg;de Bundesliga;30,0;1995,0;22,0;8,0;677,0;7,52;1,0;0,0;1,0;1,0;0,0;0,0;2,0;0,0;0,13;11,0;4,0;36,36;1,46;0,53;0,09;0,25;28,0;6,0;10,0;2,0;0,0;6,0;0,0;;;;;0,0;;;;;;;;;;No;No;No;No;No;No;No;No;No;No
2512;Nick Woltemade;de GER;FW, MF;Newcastle United;eng Premier League;24,0;2002,0;27,0;21,0;1690,0;18,78;7,0;2,0;9,0;6,0;1,0;1,0;0,0;0,0;0,43;30,0;12,0;40,0;1,6;0,64;0,23;0,58;3,0;11,0;4,0;20,0;0,0;18,0;1,0;;;;;0,0;;;;;;;;;;No;No;No;No;No;No;No;No;No;No
2513;Jeong Woo-yeong;kr KOR;FW, MF;Union Berlin;de Bundesliga;26,0;1999,0;24,0;12,0;1037,0;11,52;3,0;1,0;4,0;3,0;0,0;0,0;0,0;0,0;0,35;18,0;6,0;33,33;1,56;0,52;0,17;0,5;28,0;6,0;7,0;19,0;0,0;10,0;0,0;;;;;0,0;;;;;;;;;;No;No;No;No;No;No;No;No;No;No
2514;Chris Wood;nz NZL;FW;Nottingham Forest;eng Premier League;34,0;1991,0;8,0;7,0;540,0;6,0;2,0;0,0;2,0;2,0;0,0;0,0;0,0;0,0;0,33;16,0;6,0;37,5;2,67;1,0;0,12;0,33;1,0;1,0;0,0;4,0;0,0;5,0;0,0;;;;;0,0;;;;;;;;;;No;No;No;No;No;No;No;No;No;No
2515;Christopher Wooh;cm CMR;DF;Rennes;fr Ligue 1;24,0;2001,0;2,0;1,0;64,0;0,71;0,0;0,0;0,0;0,0;0,0;0,0;0,0;1,0;0,0;0,0;0,0;0,0;0,0;0,0;0,0;0,0;0,0;0,0;0,0;0,0;0,0;1,0;0,0;;;;;0,0;;;;;;;;;;No;No;No;No;No;No;No;No;No;No
2516;Joe Worrall;eng ENG;DF;Burnley;eng Premier League;29,0;1997,0;11,0;5,0;500,0;5,56;0,0;0,0;0,0;0,0;0,0;0,0;0,0;0,0;0,0;1,0;0,0;0,0;0,18;0,0;0,0;0,0;0,0;2,0;6,0;1,0;0,0;4,0;0,0;;;;;0,0;;;;;;;;;;No;No;No;No;No;No;No;No;No;No
2517;Daniel Xavier Semedo;fr FRA;MF;Lorient;fr Ligue 1;22,0;2003,0;1,0;0,0;11,0;0,12;0,0;0,0;0,0;0,0;0,0;0,0;0,0;0,0;0,0;0,0;0,0;0,0;0,0;0,0;0,0;0,0;0,0;0,0;1,0;0,0;0,0;2,0;0,0;;;;;0,0;;;;;;;;;;No;No;No;No;No;No;No;No;No;No
2518;Granit Xhaka;ch SUI;MF;Sunderland;eng Premier League;33,0;1992,0;26,0;24,0;2184,0;24,27;1,0;5,0;6,0;1,0;0,0;0,0;5,0;0,0;0,25;12,0;5,0;41,67;0,49;0,21;0,08;0,2;71,0;23,0;21,0;30,0;0,0;16,0;0,0;;;;;0,0;;;;;;;;;;No;No;No;No;No;No;No;No;No;No
2519;Lamine Yamal;es ESP;FW, MF;Barcelona;es La Liga;18,0;2007,0;24,0;22,0;1957,0;21,74;14,0;9,0;23,0;12,0;2,0;3,0;0,0;0,0;0,97;97,0;34,0;35,05;4,46;1,56;0,14;0,41;65,0;19,0;7,0;44,0;0,0;23,0;0,0;;;;;0,0;;;;;;;;;;Sí;Sí;Sí;Sí;Sí;Sí;Sí;Sí;Sí;Sí
2520;Daniel Yáñez;es ESP;MF;Real Madrid;es La Liga;18,0;2007,0;1,0;0,0;33,0;0,37;0,0;1,0;1,0;0,0;0,0;0,0;0,0;0,0;2,73;0,0;0,0;0,0;0,0;0,0;0,0;0,0;1,0;1,0;0,0;3,0;0,0;0,0;0,0;;;;;0,0;;;;;;;;;;No;No;No;No;No;No;No;No;No;No
2521;Roman Yaremchuk;ua UKR;FW;Lyon;fr Ligue 1;30,0;1995,0;5,0;1,0;168,0;1,87;0,0;1,0;1,0;0,0;0,0;0,0;0,0;0,0;0,54;3,0;1,0;33,33;1,61;0,54;0,0;0,0;1,0;0,0;0,0;0,0;0,0;2,0;0,0;;;;;0,0;;;;;;;;;;No;No;No;No;No;No;No;No;No;No
2522;Yehor Yarmoliuk;ua UKR;MF;Brentford;eng Premier League;22,0;2004,0;30,0;23,0;2043,0;22,7;1,0;2,0;3,0;1,0;0,0;0,0;7,0;0,0;0,13;15,0;4,0;26,67;0,66;0,18;0,07;0,25;23,0;34,0;25,0;9,0;0,0;34,0;0,0;;;;;0,0;;;;;;;;;;No;No;No;No;No;No;No;No;No;No
2523;Gessime Yassine;ma MAR;MF;Strasbourg;fr Ligue 1;20,0;2005,0;6,0;2,0;145,0;1,61;0,0;0,0;0,0;0,0;0,0;0,0;0,0;0,0;0,0;3,0;0,0;0,0;1,86;0,0;0,0;0,0;5,0;2,0;1,0;5,0;0,0;3,0;0,0;;;;;0,0;;;;;;;;;;No;No;No;No;No;No;No;No;No;No
2524;Ryan Yates;eng ENG;MF;Nottingham Forest;eng Premier League;28,0;1997,0;15,0;1,0;394,0;4,38;0,0;1,0;1,0;0,0;0,0;0,0;1,0;0,0;0,23;5,0;1,0;20,0;1,14;0,23;0,0;0,0;3,0;5,0;6,0;9,0;0,0;8,0;0,0;;;;;0,0;;;;;;;;;;No;No;No;No;No;No;No;No;No;No
2525;Terry Yegbe;gh GHA;DF;Metz;fr Ligue 1;25,0;2001,0;18,0;16,0;1440,0;16,0;0,0;1,0;1,0;0,0;0,0;0,0;2,0;0,0;0,06;4,0;1,0;25,0;0,25;0,06;0,0;0,0;5,0;6,0;14,0;7,0;0,0;15,0;0,0;;;;;0,0;;;;;;;;;;No;No;No;No;No;No;No;No;No;No
2526;Bertuğ Yıldırım;tr TUR;FW;Rennes;fr Ligue 1;23,0;2002,0;1,0;0,0;3,0;0,03;0,0;0,0;0,0;0,0;0,0;0,0;0,0;0,0;0,0;0,0;0,0;0,0;0,0;0,0;0,0;0,0;0,0;0,0;0,0;0,0;0,0;0,0;0,0;;;;;0,0;;;;;;;;;;No;No;No;No;No;No;No;No;No;No
2527;Kenan Yıldız;tr TUR;FW, MF;Juventus;it Serie A;20,0;2005,0;28,0;27,0;2298,0;25,53;9,0;6,0;15,0;8,0;1,0;2,0;2,0;0,0;0,55;84,0;34,0;40,48;3,29;1,33;0,11;0,26;98,0;7,0;7,0;48,0;0,0;19,0;0,0;;;;;0,0;;;;;;;;;;No;No;No;No;No;No;No;No;No;No
2528;Darlin Yongwa;cm CMR;DF, MF;Lorient;fr Ligue 1;25,0;2000,0;19,0;12,0;1103,0;12,26;0,0;1,0;1,0;0,0;0,0;0,0;3,0;1,0;0,08;8,0;1,0;12,5;0,65;0,08;0,0;0,0;29,0;20,0;9,0;18,0;0,0;11,0;0,0;;;;;0,0;;;;;;;;;;No;No;No;No;No;No;No;No;No;No
2529;Leny Yoro;fr FRA;DF;Manchester Utd;eng Premier League;20,0;2005,0;27,0;16,0;1525,0;16,94;0,0;0,0;0,0;0,0;0,0;0,0;1,0;0,0;0,0;6,0;2,0;33,33;0,35;0,12;0,0;0,0;3,0;18,0;23,0;3,0;0,0;14,0;0,0;;;;;0,0;;;;;;;;;;No;No;No;No;No;No;No;No;No;No
2530;Ali Yousuf;ly LBY;DF;Nantes;fr Ligue 1;24,0;2001,0;6,0;6,0;527,0;5,86;0,0;0,0;0,0;0,0;0,0;0,0;3,0;0,0;0,0;2,0;0,0;0,0;0,34;0,0;0,0;0,0;1,0;5,0;8,0;4,0;0,0;6,0;0,0;;;;;0,0;;;;;;;;;;No;No;No;No;No;No;No;No;No;No
2531;Etienne Youte Kinkoue;fr FRA;DF, MF;Le Havre;fr Ligue 1;24,0;2002,0;7,0;3,0;326,0;3,62;0,0;0,0;0,0;0,0;0,0;0,0;2,0;0,0;0,0;0,0;0,0;0,0;0,0;0,0;0,0;0,0;0,0;3,0;0,0;1,0;0,0;3,0;0,0;;;;;0,0;;;;;;;;;;No;No;No;No;No;No;No;No;No;No
2532;Illia Zabarnyi;ua UKR;DF;Paris Saint-Germain;fr Ligue 1;23,0;2002,0;20,0;18,0;1667,0;18,52;1,0;0,0;1,0;1,0;0,0;0,0;3,0;0,0;0,05;2,0;1,0;50,0;0,11;0,05;0,5;1,0;0,0;14,0;13,0;3,0;0,0;14,0;0,0;;;;;0,0;;;;;;;;;;No;No;No;No;No;No;No;No;No;No
2533;Yassir Zabiri;ma MAR;MF;Rennes;fr Ligue 1;21,0;2005,0;2,0;0,0;23,0;0,26;0,0;0,0;0,0;0,0;0,0;0,0;0,0;0,0;0,0;0,0;0,0;0,0;0,0;0,0;0,0;0,0;1,0;1,0;0,0;0,0;0,0;3,0;0,0;;;;;0,0;;;;;;;;;;No;No;No;No;No;No;No;No;No;No
2534;Mattia Zaccagni;it ITA;FW;Lazio;it Serie A;30,0;1995,0;23,0;23,0;1940,0;21,56;3,0;0,0;3,0;3,0;0,0;0,0;6,0;1,0;0,14;30,0;11,0;36,67;1,39;0,51;0,1;0,27;45,0;19,0;20,0;77,0;0,0;28,0;0,0;;;;;0,0;;;;;;;;;;No;No;No;No;No;No;No;No;No;No
2535;Yvan Zaddy;ci CIV;MF;Auxerre;fr Ligue 1;19,0;2006,0;1,0;0,0;1,0;0,01;0,0;0,0;0,0;0,0;0,0;0,0;0,0;0,0;0,0;0,0;0,0;0,0;0,0;0,0;0,0;0,0;0,0;0,0;0,0;0,0;0,0;0,0;0,0;;;;;0,0;;;;;;;;;;No;No;No;No;No;No;No;No;No;No
2536;Dan-Axel Zagadou;fr FRA;DF;Stuttgart;de Bundesliga;26,0;1999,0;2,0;2,0;164,0;1,82;0,0;0,0;0,0;0,0;0,0;0,0;0,0;0,0;0,0;5,0;1,0;20,0;2,74;0,55;0,0;0,0;0,0;4,0;3,0;1,0;0,0;5,0;0,0;;;;;0,0;;;;;;;;;;No;No;No;No;No;No;No;No;No;No
2537;Stephan Zagadou;fr FRA;DF;Le Havre;fr Ligue 1;17,0;2008,0;7,0;6,0;491,0;5,46;1,0;0,0;1,0;1,0;0,0;0,0;0,0;1,0;0,18;1,0;1,0;100,0;0,18;0,18;1,0;1,0;0,0;5,0;1,0;1,0;0,0;7,0;0,0;;;;;0,0;;;;;;;;;;No;No;No;No;No;No;No;No;No;No
2538;Warren Zaïre-Emery;fr FRA;DF, MF;Paris Saint-Germain;fr Ligue 1;20,0;2006,0;25,0;23,0;2024,0;22,49;1,0;4,0;5,0;1,0;0,0;0,0;2,0;0,0;0,22;16,0;5,0;31,25;0,71;0,22;0,06;0,2;13,0;25,0;11,0;13,0;0,0;33,0;0,0;;;;;0,0;;;;;;;;;;No;No;No;No;No;No;No;No;No;No
2539;Denis Zakaria;ch SUI;DF, MF;Monaco;fr Ligue 1;29,0;1996,0;16,0;15,0;1311,0;14,57;2,0;1,0;3,0;2,0;0,0;0,0;3,0;1,0;0,21;11,0;2,0;18,18;0,76;0,14;0,18;1,0;6,0;15,0;25,0;3,0;0,0;13,0;0,0;;;;;0,0;;;;;;;;;;No;No;No;No;No;No;No;No;No;No
2540;Arsen Zakharyan;ru RUS;MF;Real Sociedad;es La Liga;22,0;2003,0;15,0;2,0;393,0;4,37;0,0;0,0;0,0;0,0;0,0;0,0;1,0;0,0;0,0;13,0;3,0;23,08;2,98;0,69;0,0;0,0;24,0;5,0;0,0;2,0;0,0;8,0;0,0;;;;;0,0;;;;;;;;;;No;No;No;No;No;No;No;No;No;No
2541;Nicola Zalewski;pl POL;MF;Atalanta;it Serie A;24,0;2002,0;25,0;18,0;1396,0;15,51;2,0;4,0;6,0;2,0;0,0;0,0;3,0;0,0;0,39;28,0;6,0;21,43;1,81;0,39;0,07;0,33;99,0;16,0;9,0;39,0;0,0;16,0;0,0;;;;;0,0;;;;;;;;;;No;No;No;No;No;No;No;No;No;No
2542;Andre-Frank Zambo Anguissa;cm CMR;MF;Napoli;it Serie A;30,0;1995,0;13,0;11,0;1023,0;11,37;4,0;1,0;5,0;4,0;0,0;0,0;1,0;0,0;0,44;19,0;8,0;42,11;1,67;0,7;0,21;0,5;15,0;13,0;12,0;13,0;0,0;13,0;0,0;;;;;0,0;;;;;;;;;;No;No;No;No;No;No;No;No;No;No
2543;Nicolò Zaniolo;it ITA;FW;Udinese;it Serie A;26,0;1999,0;25,0;21,0;1666,0;18,51;5,0;4,0;9,0;5,0;0,0;0,0;6,0;0,0;0,49;53,0;15,0;28,3;2,86;0,81;0,09;0,33;87,0;16,0;4,0;45,0;0,0;50,0;0,0;;;;;0,0;;;;;;;;;;No;No;No;No;No;No;No;No;No;No
2544;Alessandro Zanoli;it ITA;MF;Udinese;it Serie A;25,0;2000,0;19,0;16,0;1280,0;14,22;1,0;2,0;3,0;1,0;0,0;0,0;1,0;0,0;0,21;3,0;1,0;33,33;0,21;0,07;0,33;1,0;40,0;18,0;7,0;5,0;0,0;16,0;0,0;;;;;0,0;;;;;;;;;;No;No;No;No;No;No;No;No;No;No
2545;Duván Zapata;co COL;FW;Torino;it Serie A;34,0;1991,0;23,0;8,0;872,0;9,69;3,0;1,0;4,0;3,0;0,0;1,0;0,0;0,0;0,41;27,0;14,0;51,85;2,79;1,44;0,11;0,21;7,0;2,0;0,0;21,0;0,0;11,0;0,0;;;;;0,0;;;;;;;;;;No;No;No;No;No;No;No;No;No;No
2546;Gabriele Zappa;it ITA;DF;Cagliari;it Serie A;26,0;1999,0;25,0;16,0;1370,0;15,22;0,0;3,0;3,0;0,0;0,0;0,0;2,0;0,0;0,2;9,0;0,0;0,0;0,59;0,0;0,0;0,0;30,0;16,0;16,0;5,0;0,0;12,0;0,0;;;;;0,0;;;;;;;;;;No;No;No;No;No;No;No;No;No;No
2547;Davide Zappacosta;it ITA;MF;Atalanta;it Serie A;33,0;1992,0;26,0;22,0;1910,0;21,22;1,0;3,0;4,0;1,0;0,0;0,0;2,0;0,0;0,19;26,0;5,0;19,23;1,23;0,24;0,04;0,2;87,0;11,0;17,0;7,0;0,0;10,0;0,0;;;;;0,0;;;;;;;;;;No;No;No;No;No;No;No;No;No;No
2548;Bryan Zaragoza;es ESP;FW, MF;Roma;it Serie A;24,0;2001,0;23,0;15,0;1266,0;14,07;1,0;2,0;3,0;0,0;1,0;1,0;2,0;0,0;0,14;27,0;13,0;48,15;1,92;0,92;0,04;0,08;76,0;6,0;2,0;22,0;0,0;12,0;0,0;;;;;0,0;;;;;;;;;;No;No;No;No;No;Sí;Sí;No;No;No
2549;Oier Zarraga;es ESP;MF;Udinese;it Serie A;27,0;1999,0;17,0;2,0;403,0;4,48;0,0;0,0;0,0;0,0;0,0;0,0;1,0;0,0;0,0;4,0;1,0;25,0;0,89;0,22;0,0;0,0;9,0;4,0;6,0;4,0;0,0;6,0;0,0;;;;;0,0;;;;;;;;;;No;No;No;No;No;No;No;No;No;No
2550;Nils Zätterström;se SWE;DF;Genoa;it Serie A;20,0;2005,0;1,0;0,0;1,0;0,01;0,0;0,0;0,0;0,0;0,0;0,0;0,0;0,0;0,0;0,0;0,0;0,0;0,0;0,0;0,0;0,0;0,0;0,0;0,0;0,0;0,0;0,0;0,0;;;;;0,0;;;;;;;;;;No;No;No;No;No;No;No;No;No;No
2551;Aaron Zehnter;de GER;DF;Wolfsburg;de Bundesliga;21,0;2004,0;17,0;14,0;1213,0;13,48;2,0;0,0;2,0;2,0;0,0;0,0;0,0;0,0;0,15;8,0;3,0;37,5;0,59;0,22;0,25;0,67;23,0;9,0;15,0;0,0;0,0;1,0;0,0;;;;;0,0;;;;;;;;;;No;No;No;No;No;No;No;No;No;No
2552;Jordan Zemura;zw ZIM;DF, MF;Udinese;it Serie A;26,0;1999,0;15,0;12,0;1017,0;11,3;0,0;1,0;1,0;0,0;0,0;0,0;3,0;0,0;0,09;5,0;1,0;20,0;0,44;0,09;0,0;0,0;33,0;17,0;6,0;11,0;0,0;22,0;0,0;;;;;0,0;;;;;;;;;;No;No;No;No;No;No;No;No;No;No
2553;Robin Zentner;de GER;GK;Mainz 05;de Bundesliga;31,0;1994,0;9,0;9,0;786,0;8,73;0,0;0,0;0,0;0,0;0,0;0,0;2,0;1,0;0,0;0,0;0,0;0,0;0,0;0,0;0,0;0,0;0,0;0,0;0,0;1,0;0,0;2,0;0,0;11,0;1,26;36,0;25,0;69,44;1,0;3,0;5,0;0,0;0,0;0,0;0,0;0,0;0,0;No;No;No;No;No;No;No;No;No;No
2554;Alessio Zerbin;it ITA;MF;Cremonese;it Serie A;27,0;1999,0;24,0;13,0;1291,0;14,34;0,0;2,0;2,0;0,0;0,0;0,0;1,0;0,0;0,14;18,0;7,0;38,89;1,25;0,49;0,0;0,0;43,0;18,0;3,0;16,0;0,0;24,0;0,0;;;;;0,0;;;;;;;;;;No;No;No;No;No;No;No;No;No;No
2555;Cedric Zesiger;ch SUI;DF;Augsburg;de Bundesliga;27,0;1998,0;19,0;12,0;1096,0;12,18;0,0;0,0;0,0;0,0;0,0;0,0;5,0;0,0;0,0;7,0;1,0;14,29;0,57;0,08;0,0;0,0;25,0;16,0;7,0;8,0;0,0;12,0;1,0;;;;;0,0;;;;;;;;;;No;No;No;No;No;No;No;No;No;No
2556;Michael Zetterer;de GER;GK;Eintracht Frankfurt;de Bundesliga;30,0;1995,0;14,0;13,0;1256,0;13,96;0,0;0,0;0,0;0,0;0,0;0,0;1,0;0,0;0,0;0,0;0,0;0,0;0,0;0,0;0,0;0,0;0,0;0,0;0,0;2,0;0,0;0,0;0,0;17,0;1,22;43,0;28,0;65,12;7,0;4,0;2,0;6,0;42,86;2,0;2,0;0,0;0,0;No;No;No;No;No;No;No;No;No;No
2557;Edon Zhegrova;xk KVX;MF;Juventus;it Serie A;26,0;1999,0;12,0;0,0;295,0;3,28;0,0;0,0;0,0;0,0;0,0;0,0;0,0;0,0;0,0;14,0;7,0;50,0;4,27;2,14;0,0;0,0;36,0;3,0;0,0;3,0;0,0;3,0;0,0;;;;;0,0;;;;;;;;;;No;No;No;No;No;No;No;No;No;No
2558;Piotr Zieliński;pl POL;MF;Inter;it Serie A;31,0;1994,0;26,0;16,0;1536,0;17,07;5,0;1,0;6,0;4,0;1,0;1,0;1,0;0,0;0,29;22,0;9,0;40,91;1,29;0,53;0,23;0,56;21,0;11,0;7,0;13,0;0,0;15,0;0,0;;;;;0,0;;;;;;;;;;No;No;No;No;No;No;No;No;No;No
2559;Oleksandr Zinchenko;ua UKR;DF;Nottingham Forest;eng Premier League;29,0;1996,0;5,0;4,0;353,0;3,92;0,0;0,0;0,0;0,0;0,0;0,0;0,0;0,0;0,0;4,0;2,0;50,0;1,02;0,51;0,0;0,0;18,0;6,0;2,0;2,0;0,0;1,0;0,0;;;;;0,0;;;;;;;;;;No;No;No;No;No;No;No;No;No;No
2560;Melvin Zinga;fr FRA;GK;Angers;fr Ligue 1;24,0;2002,0;2,0;2,0;180,0;2,0;0,0;0,0;0,0;0,0;0,0;0,0;0,0;0,0;0,0;0,0;0,0;0,0;0,0;0,0;0,0;0,0;0,0;1,0;0,0;0,0;0,0;0,0;0,0;4,0;2,0;11,0;7,0;63,64;0,0;0,0;2,0;0,0;0,0;0,0;0,0;0,0;0,0;No;No;No;No;No;No;No;No;No;No
2561;Jan Ziółkowski;pl POL;DF;Roma;it Serie A;20,0;2005,0;13,0;5,0;464,0;5,16;0,0;0,0;0,0;0,0;0,0;0,0;2,0;0,0;0,0;0,0;0,0;0,0;0,0;0,0;0,0;0,0;0,0;14,0;7,0;8,0;0,0;10,0;0,0;;;;;0,0;;;;;;;;;;No;No;No;No;No;No;No;No;No;No
2562;Joshua Zirkzee;nl NED;FW, MF;Manchester Utd;eng Premier League;24,0;2001,0;18,0;4,0;523,0;5,81;2,0;1,0;3,0;2,0;0,0;0,0;1,0;0,0;0,52;21,0;7,0;33,33;3,61;1,2;0,1;0,29;5,0;5,0;1,0;4,0;0,0;7,0;0,0;;;;;0,0;;;;;;;;;;No;No;No;No;No;No;No;No;No;No
2563;Budu Zivzivadze;ge GEO;FW;Heidenheim;de Bundesliga;32,0;1994,0;12,0;8,0;583,0;6,48;1,0;0,0;1,0;1,0;0,0;0,0;1,0;1,0;0,15;13,0;5,0;38,46;2,01;0,77;0,08;0,2;2,0;4,0;1,0;5,0;0,0;6,0;0,0;;;;;0,0;;;;;;;;;;No;No;No;No;No;No;No;No;No;No
2564;Luck Zogbé;ci CIV;DF;Brest;fr Ligue 1;20,0;2005,0;6,0;1,0;105,0;1,17;0,0;0,0;0,0;0,0;0,0;0,0;0,0;0,0;0,0;2,0;0,0;0,0;1,71;0,0;0,0;0,0;5,0;3,0;2,0;2,0;0,0;5,0;0,0;;;;;0,0;;;;;;;;;;No;No;No;No;No;No;No;No;No;No
2565;Nadir Zortea;it ITA;DF;Bologna;it Serie A;26,0;1999,0;24,0;14,0;1504,0;16,71;0,0;2,0;2,0;0,0;0,0;0,0;2,0;0,0;0,12;11,0;1,0;9,09;0,66;0,06;0,0;0,0;61,0;15,0;16,0;14,0;0,0;21,0;0,0;;;;;0,0;;;;;;;;;;No;No;No;No;No;No;No;No;No;No
2566;Yanis Zouaoui;dz ALG;DF, MF;Le Havre;fr Ligue 1;31,0;1994,0;24,0;22,0;1844,0;20,49;0,0;1,0;1,0;0,0;0,0;0,0;5,0;0,0;0,05;12,0;3,0;25,0;0,59;0,15;0,0;0,0;143,0;19,0;19,0;20,0;0,0;15,0;1,0;;;;;0,0;;;;;;;;;;No;No;No;No;No;No;No;No;No;No
2567;Igor Zubeldia;es ESP;DF;Real Sociedad;es La Liga;28,0;1997,0;21,0;20,0;1845,0;20,5;0,0;1,0;1,0;0,0;0,0;0,0;8,0;0,0;0,05;6,0;1,0;16,67;0,29;0,05;0,0;0,0;0,0;18,0;22,0;5,0;0,0;34,0;0,0;;;;;0,0;;;;;;;;;;No;No;No;No;No;No;No;No;No;No
2568;Martín Zubimendi;es ESP;MF;Arsenal;eng Premier League;27,0;1999,0;31,0;30,0;2596,0;28,84;5,0;1,0;6,0;5,0;0,0;0,0;4,0;0,0;0,21;26,0;9,0;34,62;0,9;0,31;0,19;0,56;12,0;31,0;35,0;10,0;0,0;27,0;0,0;;;;;0,0;;;;;;;;;;Sí;Sí;Sí;Sí;Sí;Sí;Sí;Sí;Sí;Sí
2569;Martin Ødegaard;no NOR;MF;Arsenal;eng Premier League;27,0;1998,0;20,0;13,0;1076,0;11,96;1,0;5,0;6,0;1,0;0,0;0,0;0,0;0,0;0,5;20,0;7,0;35,0;1,67;0,59;0,05;0,14;20,0;7,0;7,0;7,0;0,0;7,0;0,0;;;;;0,0;;;;;;;;;;No;No;No;No;No;No;No;No;No;No
2570;Luka Đurić;rs SRB;MF;Hoffenheim;de Bundesliga;22,0;2003,0;1,0;0,0;10,0;0,11;0,0;0,0;0,0;0,0;0,0;0,0;0,0;0,0;0,0;0,0;0,0;0,0;0,0;0,0;0,0;0,0;0,0;0,0;0,0;0,0;0,0;0,0;0,0;;;;;0,0;;;;;;;;;;No;No;No;No;No;No;No;No;No;No
2571;Milan Đurić;ba BIH;FW;Cremonese;it Serie A;35,0;1990,0;19,0;2,0;392,0;4,36;0,0;1,0;1,0;0,0;0,0;0,0;1,0;0,0;0,23;14,0;4,0;28,57;3,21;0,92;0,0;0,0;2,0;0,0;0,0;7,0;0,0;5,0;0,0;;;;;0,0;;;;;;;;;;No;No;No;No;No;No;No;No;No;No
