Rk;Player;Nation;Pos;Squad;Comp;Age;Born;MP;Starts;Min;90s;Gls;Ast;G+A;G-PK;PK;PKatt;CrdY;CrdR;G+A-PK;Sh;SoT;SoT%;Sh/90;SoT/90;G/Sh;G/SoT;Crs;TklW;Int;Fld;2CrdY;Fls;OG;GA;GA90;SoTA;Saves;Save%;W;D;L;CS;CS%;PKatt_stats_keeper;PKA;PKsv;PKm;Convocatoria 1 (marzo 2026);Convocatoria 2 (noviembre 2025);Convocatoria 3 (octubre 2025);Convocatoria 4 (septiembre 2025);Convocatoria 5 (junio 2025);Convocatoria 6 (marzo 2025);Convocatoria 7 (noviembre 2024);Convocatoria 8 (octubre 2024);Convocatoria 9 (septiembre 2024);Convocatoria 10 (junio 2024, Eurocopa)
1,0;Brenden Aaronson;us USA;MF,FW;Leeds United;eng Premier League;25,0;2000,0;29,0;23,0;1908,0;21,2;4,0;3,0;7,0;4,0;0,0;0,0;1,0;0,0;0,33;40,0;15,0;37,5;1,89;0,71;0,1;0,27;35,0;22,0;13,0;41,0;0,0;17,0;0,0;;0,0;;;0,0;;;;;0,0;;;;;No;No;No;No;No;No;No;No;No;No
2,0;Zach Abbott;eng ENG;DF;Nottingham Forest;eng Premier League;19,0;2006,0;2,0;1,0;120,0;1,3;0,0;0,0;0,0;0,0;0,0;0,0;0,0;0,0;0,0;0,0;0,0;0,0;0,0;0,0;0,0;0,0;3,0;2,0;2,0;1,0;0,0;2,0;0,0;;0,0;;;0,0;;;;;0,0;;;;;No;No;No;No;No;No;No;No;No;No
3,0;Jones El-Abdellaoui;ma MAR;MF,FW;Celta Vigo;es La Liga;20,0;2006,0;18,0;3,0;525,0;5,8;2,0;0,0;2,0;2,0;0,0;0,0;0,0;0,0;0,34;15,0;4,0;26,7;2,57;0,69;0,13;0,5;25,0;1,0;3,0;3,0;0,0;4,0;0,0;;0,0;;;0,0;;;;;0,0;;;;;No;No;No;No;No;No;No;No;No;No
4,0;Himad Abdelli;dz ALG;FW,MF;Marseille;fr Ligue 1;26,0;1999,0;4,0;0,0;67,0;0,7;0,0;0,0;0,0;0,0;0,0;0,0;1,0;0,0;0,0;3,0;1,0;33,3;4,03;1,34;0,0;0,0;1,0;1,0;0,0;0,0;0,0;3,0;0,0;;0,0;;;0,0;;;;;0,0;;;;;No;No;No;No;No;No;No;No;No;No
5,0;Himad Abdelli;dz ALG;MF;Angers;fr Ligue 1;26,0;1999,0;13,0;11,0;943,0;10,5;2,0;0,0;2,0;0,0;2,0;2,0;1,0;0,0;0,0;11,0;5,0;45,5;1,05;0,48;0,0;0,0;9,0;17,0;13,0;12,0;0,0;16,0;0,0;;0,0;;;0,0;;;;;0,0;;;;;No;No;No;No;No;No;No;No;No;No
6,0;Ali Abdi;tn TUN;DF,MF;Nice;fr Ligue 1;32,0;1993,0;15,0;11,0;908,0;10,1;1,0;0,0;1,0;1,0;0,0;0,0;4,0;1,0;0,1;4,0;1,0;25,0;0,4;0,1;0,25;1,0;24,0;8,0;9,0;13,0;1,0;14,0;0,0;;0,0;;;0,0;;;;;0,0;;;;;No;No;No;No;No;No;No;No;No;No
7,0;Salis Abdul Samed;gh GHA;MF;Nice;fr Ligue 1;25,0;2000,0;14,0;9,0;663,0;7,4;0,0;0,0;0,0;0,0;0,0;0,0;3,0;0,0;0,0;0,0;0,0;0,0;0,0;0,0;0,0;0,0;1,0;7,0;9,0;7,0;0,0;14,0;0,0;;0,0;;;0,0;;;;;0,0;;;;;No;No;No;No;No;No;No;No;No;No
8,0;Saud Abdulhamid;sa KSA;MF;Lens;fr Ligue 1;26,0;1999,0;19,0;9,0;918,0;10,2;1,0;2,0;3,0;1,0;0,0;0,0;2,0;0,0;0,29;5,0;2,0;40,0;0,49;0,2;0,2;0,5;30,0;19,0;5,0;9,0;0,0;17,0;0,0;;0,0;;;0,0;;;;;0,0;;;;;No;No;No;No;No;No;No;No;No;No
9,0;Tay Abed;il ISR;MF;Levante;es La Liga;22,0;2004,0;2,0;0,0;23,0;0,3;0,0;0,0;0,0;0,0;0,0;0,0;0,0;0,0;0,0;0,0;0,0;0,0;0,0;0,0;0,0;0,0;1,0;1,0;1,0;1,0;0,0;0,0;0,0;;0,0;;;0,0;;;;;0,0;;;;;No;No;No;No;No;No;No;No;No;No
10,0;Laurent Abergel;fr FRA;MF;Lorient;fr Ligue 1;33,0;1993,0;23,0;23,0;1982,0;22,0;1,0;0,0;1,0;1,0;0,0;0,0;6,0;0,0;0,05;20,0;5,0;25,0;0,91;0,23;0,05;0,2;9,0;22,0;25,0;23,0;0,0;23,0;0,0;;0,0;;;0,0;;;;;0,0;;;;;No;No;No;No;No;No;No;No;No;No
11,0;Matthis Abline;fr FRA;FW,MF;Nantes;fr Ligue 1;22,0;2003,0;24,0;20,0;1902,0;21,1;4,0;2,0;6,0;4,0;0,0;1,0;5,0;0,0;0,28;62,0;16,0;25,8;2,93;0,76;0,06;0,25;35,0;11,0;5,0;39,0;0,0;25,0;0,0;;0,0;;;0,0;;;;;0,0;;;;;No;No;No;No;No;No;No;No;No;No
12,0;Abner;br BRA;DF,MF;Lyon;fr Ligue 1;25,0;2000,0;19,0;18,0;1521,0;16,9;3,0;0,0;3,0;3,0;0,0;0,0;4,0;1,0;0,18;14,0;5,0;35,7;0,83;0,3;0,21;0,6;45,0;13,0;5,0;6,0;0,0;19,0;0,0;;0,0;;;0,0;;;;;0,0;;;;;No;No;No;No;No;No;No;No;No;No
13,0;Zakaria Aboukhlal;ma MAR;MF;Torino;it Serie A;26,0;2000,0;15,0;6,0;511,0;5,7;0,0;0,0;0,0;0,0;0,0;0,0;4,0;0,0;0,0;7,0;2,0;28,6;1,23;0,35;0,0;0,0;18,0;12,0;1,0;11,0;0,0;12,0;0,0;;0,0;;;0,0;;;;;0,0;;;;;No;No;No;No;No;No;No;No;No;No
14,0;Abdel Abqar;ma MAR;DF;Getafe;es La Liga;27,0;1999,0;16,0;12,0;1003,0;11,1;0,0;2,0;2,0;0,0;0,0;0,0;7,0;1,0;0,18;7,0;1,0;14,3;0,63;0,09;0,0;0,0;1,0;15,0;15,0;28,0;0,0;22,0;0,0;;0,0;;;0,0;;;;;0,0;;;;;No;No;No;No;No;No;No;No;No;No
15,0;Tammy Abraham;eng ENG;FW;Aston Villa;eng Premier League;28,0;1997,0;7,0;1,0;198,0;2,2;1,0;0,0;1,0;1,0;0,0;0,0;0,0;0,0;0,45;6,0;2,0;33,3;2,73;0,91;0,17;0,5;0,0;1,0;0,0;0,0;0,0;1,0;0,0;;0,0;;;0,0;;;;;0,0;;;;;No;No;No;No;No;No;No;No;No;No
16,0;Francis Abu;gh GHA;MF;Toulouse;fr Ligue 1;24,0;2001,0;8,0;7,0;526,0;5,8;0,0;0,0;0,0;0,0;0,0;0,0;2,0;0,0;0,0;6,0;0,0;0,0;1,03;0,0;0,0;0,0;0,0;12,0;8,0;4,0;0,0;5,0;0,0;;0,0;;;0,0;;;;;0,0;;;;;No;No;No;No;No;No;No;No;No;No
17,0;Giorgi Abuashvili;ge GEO;MF,FW;Metz;fr Ligue 1;23,0;2003,0;18,0;5,0;543,0;6,0;2,0;0,0;2,0;2,0;0,0;0,0;1,0;0,0;0,33;15,0;6,0;40,0;2,49;0,99;0,13;0,33;29,0;6,0;3,0;8,0;0,0;6,0;0,0;;0,0;;;0,0;;;;;0,0;;;;;No;No;No;No;No;No;No;No;No;No
18,0;Mathieu Acapandié;mg MAD;DF;Nantes;fr Ligue 1;21,0;2004,0;1,0;0,0;13,0;0,1;0,0;0,0;0,0;0,0;0,0;0,0;0,0;0,0;0,0;0,0;0,0;0,0;0,0;0,0;0,0;0,0;1,0;0,0;0,0;0,0;0,0;0,0;0,0;;0,0;;;0,0;;;;;0,0;;;;;No;No;No;No;No;No;No;No;No;No
19,0;Francesco Acerbi;it ITA;DF;Inter;it Serie A;38,0;1988,0;13,0;11,0;973,0;10,8;0,0;1,0;1,0;0,0;0,0;0,0;2,0;0,0;0,09;3,0;1,0;33,3;0,28;0,09;0,0;0,0;1,0;8,0;15,0;10,0;0,0;11,0;0,0;;0,0;;;0,0;;;;;0,0;;;;;No;No;No;No;No;No;No;No;No;No
20,0;Ragnar Ache;de GER;FW;Köln;de Bundesliga;27,0;1998,0;25,0;14,0;1436,0;16,0;5,0;3,0;8,0;5,0;0,0;0,0;2,0;0,0;0,5;43,0;16,0;37,2;2,69;1,0;0,12;0,31;1,0;7,0;3,0;26,0;0,0;14,0;0,0;;0,0;;;0,0;;;;;0,0;;;;;No;No;No;No;No;No;No;No;No;No
21,0;Joshua Acheampong;eng ENG;DF;Chelsea;eng Premier League;19,0;2006,0;12,0;7,0;573,0;6,4;1,0;0,0;1,0;1,0;0,0;0,0;1,0;0,0;0,16;3,0;2,0;66,7;0,47;0,31;0,33;0,5;1,0;6,0;11,0;5,0;0,0;2,0;0,0;;0,0;;;0,0;;;;;0,0;;;;;No;No;No;No;No;No;No;No;No;No
22,0;Akor Adams;ng NGA;FW;Sevilla;es La Liga;26,0;2000,0;23,0;16,0;1519,0;16,9;7,0;3,0;10,0;5,0;2,0;2,0;1,0;0,0;0,47;50,0;26,0;52,0;2,96;1,54;0,1;0,19;13,0;2,0;0,0;8,0;0,0;23,0;0,0;;0,0;;;0,0;;;;;0,0;;;;;No;No;No;No;No;No;No;No;No;No
23,0;Che Adams;sct SCO;FW;Torino;it Serie A;29,0;1996,0;26,0;16,0;1539,0;17,1;4,0;2,0;6,0;4,0;0,0;0,0;0,0;0,0;0,35;44,0;13,0;29,5;2,57;0,76;0,09;0,31;11,0;7,0;1,0;14,0;0,0;14,0;0,0;;0,0;;;0,0;;;;;0,0;;;;;No;No;No;No;No;No;No;No;No;No
24,0;Tyler Adams;us USA;MF;Bournemouth;eng Premier League;27,0;1999,0;18,0;18,0;1411,0;15,7;2,0;1,0;3,0;2,0;0,0;0,0;7,0;0,0;0,19;8,0;6,0;75,0;0,51;0,38;0,25;0,33;1,0;19,0;25,0;12,0;0,0;29,0;0,0;;0,0;;;0,0;;;;;0,0;;;;;No;No;No;No;No;No;No;No;No;No
25,0;Junior Adamu;at AUT;FW;Freiburg;de Bundesliga;24,0;2001,0;9,0;7,0;446,0;5,0;1,0;1,0;2,0;1,0;0,0;0,0;1,0;0,0;0,4;8,0;3,0;37,5;1,61;0,61;0,13;0,33;2,0;6,0;5,0;9,0;0,0;10,0;0,0;;0,0;;;0,0;;;;;0,0;;;;;No;No;No;No;No;No;No;No;No;No
26,0;Tosin Adarabioyo;eng ENG;DF;Chelsea;eng Premier League;28,0;1997,0;14,0;7,0;737,0;8,2;0,0;0,0;0,0;0,0;0,0;0,0;2,0;0,0;0,0;2,0;0,0;0,0;0,24;0,0;0,0;0,0;0,0;4,0;9,0;0,0;0,0;5,0;0,0;;0,0;;;0,0;;;;;0,0;;;;;No;No;No;No;No;No;No;No;No;No
27,0;Jayden Addai;nl NED;MF;Como;it Serie A;20,0;2005,0;12,0;7,0;686,0;7,6;3,0;0,0;3,0;3,0;0,0;0,0;4,0;0,0;0,39;13,0;6,0;46,2;1,71;0,79;0,23;0,5;10,0;2,0;2,0;14,0;0,0;13,0;0,0;;0,0;;;0,0;;;;;0,0;;;;;No;No;No;No;No;No;No;No;No;No
28,0;Karim Adeyemi;de GER;MF,FW;Dortmund;de Bundesliga;24,0;2002,0;24,0;14,0;1098,0;12,2;6,0;3,0;9,0;6,0;0,0;0,0;3,0;0,0;0,74;29,0;13,0;44,8;2,38;1,07;0,21;0,46;9,0;3,0;8,0;25,0;0,0;20,0;0,0;;0,0;;;0,0;;;;;0,0;;;;;No;No;No;No;No;No;No;No;No;No
29,0;Simon Adingra;ci CIV;MF,FW;Sunderland;eng Premier League;24,0;2002,0;14,0;9,0;653,0;7,3;1,0;0,0;1,0;1,0;0,0;0,0;2,0;0,0;0,14;6,0;2,0;33,3;0,83;0,28;0,17;0,5;27,0;8,0;2,0;3,0;0,0;18,0;0,0;;0,0;;;0,0;;;;;0,0;;;;;No;No;No;No;No;No;No;No;No;No
30,0;Simon Adingra;ci CIV;MF,FW;Monaco;fr Ligue 1;24,0;2002,0;6,0;4,0;368,0;4,1;3,0;0,0;3,0;3,0;0,0;0,0;0,0;0,0;0,73;8,0;3,0;37,5;1,96;0,73;0,38;1,0;8,0;3,0;2,0;2,0;0,0;3,0;0,0;;0,0;;;0,0;;;;;0,0;;;;;No;No;No;No;No;No;No;No;No;No
31,0;Nathaniel Adjei;gh GHA;DF;Lorient;fr Ligue 1;23,0;2002,0;8,0;2,0;223,0;2,5;0,0;0,0;0,0;0,0;0,0;0,0;0,0;0,0;0,0;0,0;0,0;0,0;0,0;0,0;0,0;0,0;0,0;4,0;2,0;1,0;0,0;3,0;0,0;;0,0;;;0,0;;;;;0,0;;;;;No;No;No;No;No;No;No;No;No;No
32,0;Jonas Adjetey;gh GHA;DF;Wolfsburg;de Bundesliga;22,0;2003,0;4,0;1,0;137,0;1,5;0,0;0,0;0,0;0,0;0,0;0,0;1,0;0,0;0,0;3,0;0,0;0,0;1,97;0,0;0,0;0,0;4,0;1,0;1,0;0,0;0,0;4,0;0,0;;0,0;;;0,0;;;;;0,0;;;;;No;No;No;No;No;No;No;No;No;No
33,0;Amine Adli;ma MAR;MF;Bournemouth;eng Premier League;25,0;2000,0;26,0;9,0;968,0;10,8;3,0;1,0;4,0;3,0;0,0;0,0;2,0;0,0;0,37;19,0;9,0;47,4;1,77;0,84;0,16;0,33;36,0;14,0;5,0;23,0;0,0;26,0;0,0;;0,0;;;0,0;;;;;0,0;;;;;No;No;No;No;No;No;No;No;No;No
34,0;Vasilije Adžić;me MNE;MF;Juventus;it Serie A;19,0;2006,0;10,0;1,0;171,0;1,9;1,0;0,0;1,0;1,0;0,0;0,0;0,0;0,0;0,53;6,0;4,0;66,7;3,16;2,11;0,17;0,25;4,0;2,0;3,0;2,0;0,0;3,0;0,0;;0,0;;;0,0;;;;;0,0;;;;;No;No;No;No;No;No;No;No;No;No
35,0;Michel Aebischer;ch SUI;MF;Pisa;it Serie A;29,0;1997,0;28,0;26,0;2292,0;25,5;1,0;1,0;2,0;1,0;0,0;0,0;5,0;0,0;0,08;13,0;2,0;15,4;0,51;0,08;0,08;0,5;30,0;34,0;26,0;31,0;0,0;29,0;0,0;;0,0;;;0,0;;;;;0,0;;;;;No;No;No;No;No;No;No;No;No;No
36,0;David Affengruber;at AUT;DF;Elche;es La Liga;24,0;2001,0;26,0;23,0;2082,0;23,1;0,0;0,0;0,0;0,0;0,0;0,0;6,0;1,0;0,0;8,0;2,0;25,0;0,35;0,09;0,0;0,0;4,0;32,0;38,0;27,0;0,0;26,0;0,0;;0,0;;;0,0;;;;;0,0;;;;;No;No;No;No;No;No;No;No;No;No
37,0;Oladapo Afolayan;eng ENG;MF;St Pauli;de Bundesliga;28,0;1998,0;7,0;1,0;150,0;1,7;0,0;0,0;0,0;0,0;0,0;0,0;1,0;0,0;0,0;4,0;2,0;50,0;2,4;1,2;0,0;0,0;10,0;2,0;0,0;6,0;0,0;2,0;0,0;;0,0;;;0,0;;;;;0,0;;;;;No;No;No;No;No;No;No;No;No;No
38,0;Emmanuel Agbadou;ci CIV;DF;Wolves;eng Premier League;28,0;1997,0;14,0;12,0;1101,0;12,2;0,0;0,0;0,0;0,0;0,0;0,0;1,0;1,0;0,0;10,0;3,0;30,0;0,82;0,25;0,0;0,0;13,0;21,0;14,0;5,0;0,0;10,0;0,0;;0,0;;;0,0;;;;;0,0;;;;;No;No;No;No;No;No;No;No;No;No
39,0;Julen Agirrezabala;es ESP;GK;Valencia;es La Liga;25,0;2000,0;18,0;18,0;1620,0;18,0;0,0;0,0;0,0;0,0;0,0;0,0;1,0;0,0;0,0;0,0;0,0;0,0;0,0;0,0;0,0;0,0;0,0;1,0;0,0;1,0;0,0;0,0;0,0;30,0;1,67;79,0;52,0;65,8;3,0;7,0;8,0;4,0;22,2;4,0;3,0;1,0;0,0;No;No;No;No;No;No;No;No;No;No
40,0;Lucien Agoume;fr FRA;MF;Sevilla;es La Liga;24,0;2002,0;25,0;23,0;2012,0;22,4;1,0;2,0;3,0;1,0;0,0;0,0;9,0;0,0;0,13;12,0;2,0;16,7;0,54;0,09;0,08;0,5;15,0;25,0;34,0;12,0;0,0;43,0;0,0;;0,0;;;0,0;;;;;0,0;;;;;No;No;No;No;No;No;No;No;No;No
41,0;Felix Agu;ng NGA;DF,MF;Werder Bremen;de Bundesliga;26,0;1999,0;8,0;7,0;576,0;6,4;0,0;0,0;0,0;0,0;0,0;0,0;1,0;0,0;0,0;2,0;1,0;50,0;0,31;0,16;0,0;0,0;11,0;12,0;10,0;12,0;0,0;8,0;0,0;;0,0;;;0,0;;;;;0,0;;;;;No;No;No;No;No;No;No;No;No;No
42,0;Diego Aguado;es ESP;DF;Real Madrid;es La Liga;19,0;2007,0;1,0;0,0;30,0;0,3;0,0;0,0;0,0;0,0;0,0;0,0;0,0;0,0;0,0;0,0;0,0;0,0;0,0;0,0;0,0;0,0;0,0;1,0;0,0;0,0;0,0;0,0;0,0;;0,0;;;0,0;;;;;0,0;;;;;No;No;No;No;No;No;No;No;No;No
43,0;Marc Aguado;es ESP;MF;Elche;es La Liga;26,0;2000,0;27,0;22,0;1855,0;20,6;1,0;1,0;2,0;1,0;0,0;0,0;2,0;0,0;0,1;2,0;1,0;50,0;0,1;0,05;0,5;1,0;2,0;21,0;34,0;21,0;0,0;18,0;0,0;;0,0;;;0,0;;;;;0,0;;;;;No;No;No;No;No;No;No;No;No;No
44,0;Pablo Agudín;es ESP;MF;Oviedo;es La Liga;18,0;2007,0;4,0;0,0;70,0;0,8;0,0;0,0;0,0;0,0;0,0;0,0;0,0;0,0;0,0;2,0;0,0;0,0;2,57;0,0;0,0;0,0;0,0;0,0;0,0;1,0;0,0;1,0;0,0;;0,0;;;0,0;;;;;0,0;;;;;No;No;No;No;No;No;No;No;No;No
45,0;Nayef Aguerd;ma MAR;DF;Marseille;fr Ligue 1;29,0;1996,0;16,0;16,0;1396,0;15,5;1,0;0,0;1,0;1,0;0,0;0,0;4,0;0,0;0,06;10,0;2,0;20,0;0,64;0,13;0,1;0,5;2,0;16,0;21,0;6,0;0,0;21,0;0,0;;0,0;;;0,0;;;;;0,0;;;;;No;No;No;No;No;No;No;No;No;No
46,0;Nayef Aguerd;ma MAR;DF;West Ham United;eng Premier League;29,0;1996,0;2,0;2,0;180,0;2,0;0,0;0,0;0,0;0,0;0,0;0,0;0,0;0,0;0,0;2,0;0,0;0,0;1,0;0,0;0,0;0,0;2,0;0,0;1,0;1,0;0,0;0,0;0,0;;0,0;;;0,0;;;;;0,0;;;;;No;No;No;No;No;No;No;No;No;No
47,0;Ruben Aguilar;fr FRA;MF;Lens;fr Ligue 1;32,0;1993,0;21,0;18,0;1503,0;16,7;2,0;2,0;4,0;2,0;0,0;0,0;5,0;1,0;0,24;13,0;3,0;23,1;0,78;0,18;0,15;0,67;79,0;22,0;21,0;10,0;1,0;23,0;0,0;;0,0;;;0,0;;;;;0,0;;;;;No;No;No;No;No;No;No;No;No;No
48,0;Naouirou Ahamada;fr FRA;MF;Auxerre;fr Ligue 1;23,0;2002,0;8,0;5,0;364,0;4,0;0,0;0,0;0,0;0,0;0,0;0,0;0,0;0,0;0,0;4,0;0,0;0,0;0,99;0,0;0,0;0,0;2,0;6,0;1,0;5,0;0,0;4,0;0,0;;0,0;;;0,0;;;;;0,0;;;;;No;No;No;No;No;No;No;No;No;No
49,0;Honest Ahanor;it ITA;DF;Atalanta;it Serie A;18,0;2008,0;16,0;12,0;1015,0;11,3;0,0;0,0;0,0;0,0;0,0;0,0;1,0;1,0;0,0;10,0;2,0;20,0;0,89;0,18;0,0;0,0;1,0;14,0;15,0;21,0;0,0;16,0;0,0;;0,0;;;0,0;;;;;0,0;;;;;No;No;No;No;No;No;No;No;No;No
50,0;Lucas Ahijado;es ESP;DF;Oviedo;es La Liga;31,0;1995,0;15,0;10,0;972,0;10,8;0,0;1,0;1,0;0,0;0,0;0,0;2,0;0,0;0,09;8,0;2,0;25,0;0,74;0,19;0,0;0,0;15,0;27,0;15,0;3,0;0,0;10,0;0,0;;0,0;;;0,0;;;;;0,0;;;;;No;No;No;No;No;No;No;No;No;No
51,0;Joseph Aidoo;gh GHA;DF;Celta Vigo;es La Liga;30,0;1995,0;5,0;4,0;378,0;4,2;0,0;0,0;0,0;0,0;0,0;0,0;0,0;0,0;0,0;2,0;0,0;0,0;0,48;0,0;0,0;0,0;0,0;2,0;6,0;1,0;0,0;2,0;0,0;;0,0;;;0,0;;;;;0,0;;;;;No;No;No;No;No;No;No;No;No;No
52,0;Ola Aina;ng NGA;DF;Nottingham Forest;eng Premier League;29,0;1996,0;14,0;14,0;1230,0;13,7;0,0;0,0;0,0;0,0;0,0;0,0;3,0;0,0;0,0;11,0;1,0;9,1;0,8;0,07;0,0;0,0;33,0;15,0;22,0;10,0;0,0;11,0;0,0;;0,0;;;0,0;;;;;0,0;;;;;No;No;No;No;No;No;No;No;No;No
53,0;Abdelhamid Ait Boudlal;ma MAR;DF;Rennes;fr Ligue 1;19,0;2006,0;13,0;10,0;773,0;8,6;2,0;1,0;3,0;2,0;0,0;0,0;2,0;1,0;0,35;4,0;2,0;50,0;0,47;0,23;0,5;1,0;2,0;8,0;6,0;3,0;0,0;6,0;0,0;;0,0;;;0,0;;;;;0,0;;;;;No;No;No;No;No;No;No;No;No;No
54,0;Rayan Aït-Nouri;dz ALG;DF;Manchester City;eng Premier League;24,0;2001,0;13,0;10,0;779,0;8,7;0,0;2,0;2,0;0,0;0,0;0,0;2,0;0,0;0,23;7,0;1,0;14,3;0,81;0,12;0,0;0,0;12,0;19,0;13,0;8,0;0,0;11,0;0,0;;0,0;;;0,0;;;;;0,0;;;;;No;No;No;No;No;No;No;No;No;No
55,0;Tosin Aiyegun;bj BEN;MF,FW;Lorient;fr Ligue 1;27,0;1998,0;19,0;10,0;864,0;9,6;4,0;0,0;4,0;4,0;0,0;1,0;1,0;0,0;0,42;23,0;10,0;43,5;2,4;1,04;0,17;0,4;5,0;4,0;1,0;9,0;0,0;10,0;0,0;;0,0;;;0,0;;;;;0,0;;;;;No;No;No;No;No;No;No;No;No;No
56,0;Junior Ajayi;ci CIV;FW;Hellas Verona;it Serie A;21,0;2004,0;1,0;0,0;1,0;0,0;0,0;0,0;0,0;0,0;0,0;0,0;0,0;0,0;0,0;0,0;0,0;0,0;0,0;0,0;0,0;0,0;0,0;0,0;0,0;0,0;0,0;0,0;0,0;;0,0;;;0,0;;;;;0,0;;;;;No;No;No;No;No;No;No;No;No;No
57,0;Kristoffer Ajer;no NOR;DF;Brentford;eng Premier League;27,0;1998,0;24,0;18,0;1628,0;18,1;0,0;1,0;1,0;0,0;0,0;0,0;3,0;0,0;0,06;10,0;3,0;30,0;0,55;0,17;0,0;0,0;7,0;21,0;12,0;5,0;0,0;22,0;0,0;;0,0;;;0,0;;;;;0,0;;;;;No;No;No;No;No;No;No;No;No;No
58,0;Ludovic Ajorque;fr FRA;FW;Brest;fr Ligue 1;32,0;1994,0;25,0;25,0;2190,0;24,3;7,0;7,0;14,0;7,0;0,0;0,0;9,0;1,0;0,58;43,0;15,0;34,9;1,77;0,62;0,16;0,47;8,0;12,0;9,0;47,0;0,0;50,0;0,0;;0,0;;;0,0;;;;;0,0;;;;;No;No;No;No;No;No;No;No;No;No
59,0;Manuel Akanji;ch SUI;DF;Inter;it Serie A;30,0;1995,0;27,0;25,0;2281,0;25,3;2,0;0,0;2,0;2,0;0,0;0,0;3,0;0,0;0,08;20,0;5,0;25,0;0,79;0,2;0,1;0,4;3,0;20,0;32,0;12,0;0,0;23,0;0,0;;0,0;;;0,0;;;;;0,0;;;;;No;No;No;No;No;No;No;No;No;No
60,0;Nathan Aké;nl NED;DF;Manchester City;eng Premier League;31,0;1995,0;14,0;4,0;495,0;5,5;0,0;0,0;0,0;0,0;0,0;0,0;1,0;0,0;0,0;4,0;0,0;0,0;0,73;0,0;0,0;0,0;4,0;6,0;4,0;6,0;0,0;2,0;0,0;;0,0;;;0,0;;;;;0,0;;;;;No;No;No;No;No;No;No;No;No;No
61,0;Ilias Akhomach;ma MAR;MF;Villarreal;es La Liga;21,0;2004,0;9,0;2,0;188,0;2,1;0,0;0,0;0,0;0,0;0,0;0,0;0,0;0,0;0,0;6,0;2,0;33,3;2,87;0,96;0,0;0,0;9,0;4,0;0,0;7,0;0,0;9,0;0,0;;0,0;;;0,0;;;;;0,0;;;;;No;No;No;No;No;No;No;No;No;No
62,0;Ilias Akhomach;ma MAR;MF;Rayo Vallecano;es La Liga;21,0;2004,0;8,0;5,0;520,0;5,8;0,0;0,0;0,0;0,0;0,0;0,0;2,0;0,0;0,0;14,0;4,0;28,6;2,42;0,69;0,0;0,0;19,0;9,0;2,0;23,0;0,0;9,0;0,0;;0,0;;;0,0;;;;;0,0;;;;;No;No;No;No;No;No;No;No;No;No
63,0;Ebenezer Akinsanmiro;ng NGA;MF;Pisa;it Serie A;21,0;2004,0;15,0;9,0;953,0;10,6;0,0;1,0;1,0;0,0;0,0;0,0;2,0;0,0;0,09;11,0;3,0;27,3;1,04;0,28;0,0;0,0;9,0;16,0;14,0;20,0;0,0;24,0;0,0;;0,0;;;0,0;;;;;0,0;;;;;No;No;No;No;No;No;No;No;No;No
64,0;Maghnes Akliouche;fr FRA;MF,FW;Monaco;fr Ligue 1;24,0;2002,0;23,0;21,0;1801,0;20,0;5,0;3,0;8,0;5,0;0,0;0,0;2,0;0,0;0,4;37,0;12,0;32,4;1,85;0,6;0,14;0,42;27,0;22,0;13,0;27,0;0,0;17,0;0,0;;0,0;;;0,0;;;;;0,0;;;;;No;No;No;No;No;No;No;No;No;No
65,0;Clément Akpa;ci CIV;DF;Auxerre;fr Ligue 1;24,0;2001,0;22,0;21,0;1814,0;20,2;0,0;0,0;0,0;0,0;0,0;0,0;4,0;1,0;0,0;6,0;0,0;0,0;0,3;0,0;0,0;0,0;29,0;18,0;23,0;30,0;1,0;11,0;2,0;;0,0;;;0,0;;;;;0,0;;;;;No;No;No;No;No;No;No;No;No;No
66,0;Jean-Daniel Akpa-Akpro;ci CIV;MF;Hellas Verona;it Serie A;33,0;1992,0;13,0;9,0;826,0;9,2;1,0;0,0;1,0;1,0;0,0;0,0;7,0;0,0;0,11;8,0;3,0;37,5;0,87;0,33;0,13;0,33;9,0;22,0;16,0;4,0;0,0;26,0;0,0;;0,0;;;0,0;;;;;0,0;;;;;No;No;No;No;No;No;No;No;No;No
67,0;Kevin Akpoguma;ng NGA;DF;Hoffenheim;de Bundesliga;30,0;1995,0;5,0;1,0;43,0;0,5;0,0;0,0;0,0;0,0;0,0;0,0;0,0;1,0;0,0;0,0;0,0;0,0;0,0;0,0;0,0;0,0;0,0;1,0;1,0;0,0;0,0;1,0;0,0;;0,0;;;0,0;;;;;0,0;;;;;No;No;No;No;No;No;No;No;No;No
68,0;David Alaba;at AUT;DF;Real Madrid;es La Liga;33,0;1992,0;8,0;3,0;247,0;2,7;0,0;0,0;0,0;0,0;0,0;0,0;1,0;0,0;0,0;3,0;1,0;33,3;1,09;0,36;0,0;0,0;0,0;4,0;0,0;0,0;0,0;1,0;0,0;;0,0;;;0,0;;;;;0,0;;;;;No;No;No;No;No;No;No;No;No;No
69,0;Agustín Albarracín;uy URU;FW;Cagliari;it Serie A;20,0;2005,0;1,0;0,0;15,0;0,2;0,0;0,0;0,0;0,0;0,0;0,0;0,0;0,0;0,0;0,0;0,0;0,0;0,0;0,0;0,0;0,0;1,0;0,0;0,0;2,0;0,0;0,0;0,0;;0,0;;;0,0;;;;;0,0;;;;;No;No;No;No;No;No;No;No;No;No
70,0;Raúl Albiol;es ESP;DF;Pisa;it Serie A;40,0;1985,0;7,0;4,0;410,0;4,6;0,0;1,0;1,0;0,0;0,0;0,0;1,0;0,0;0,22;1,0;0,0;0,0;0,22;0,0;0,0;0,0;1,0;3,0;5,0;2,0;0,0;6,0;0,0;;0,0;;;0,0;;;;;0,0;;;;;No;No;No;No;No;No;No;No;No;No
71,0;Carlos Alcaraz;ar ARG;MF;Everton;eng Premier League;23,0;2002,0;16,0;6,0;675,0;7,5;0,0;1,0;1,0;0,0;0,0;0,0;3,0;0,0;0,13;18,0;5,0;27,8;2,4;0,67;0,0;0,0;5,0;8,0;2,0;11,0;0,0;8,0;0,0;;0,0;;;0,0;;;;;0,0;;;;;No;No;No;No;No;No;No;No;No;No
72,0;Omar Alderete;py PAR;DF;Sunderland;eng Premier League;29,0;1996,0;26,0;25,0;2264,0;25,2;1,0;1,0;2,0;1,0;0,0;0,0;5,0;0,0;0,08;19,0;8,0;42,1;0,76;0,32;0,05;0,13;9,0;15,0;26,0;7,0;0,0;23,0;0,0;;0,0;;;0,0;;;;;0,0;;;;;No;No;No;No;No;No;No;No;No;No
73,0;Alexandre Alemão;br BRA;FW;Rayo Vallecano;es La Liga;27,0;1998,0;17,0;7,0;708,0;7,9;1,0;0,0;1,0;1,0;0,0;0,0;1,0;0,0;0,13;14,0;6,0;42,9;1,78;0,76;0,07;0,17;3,0;1,0;1,0;16,0;0,0;13,0;0,0;;0,0;;;0,0;;;;;0,0;;;;;No;No;No;No;No;No;No;No;No;No
74,0;Carles Aleñá;es ESP;MF;Alavés;es La Liga;28,0;1998,0;28,0;21,0;1761,0;19,6;0,0;4,0;4,0;0,0;0,0;0,0;4,0;0,0;0,2;24,0;5,0;20,8;1,23;0,26;0,0;0,0;96,0;24,0;12,0;29,0;0,0;34,0;0,0;;0,0;;;0,0;;;;;0,0;;;;;No;No;No;No;No;No;No;No;No;No
75,0;Trent Alexander-Arnold;eng ENG;DF,MF;Real Madrid;es La Liga;27,0;1998,0;13,0;8,0;637,0;7,1;0,0;2,0;2,0;0,0;0,0;0,0;1,0;0,0;0,28;5,0;0,0;0,0;0,71;0,0;0,0;0,0;72,0;6,0;10,0;0,0;0,0;5,0;0,0;;0,0;;;0,0;;;;;0,0;;;;;No;No;No;No;No;No;No;No;No;No
76,0;Alfon;es ESP;FW;Villarreal;es La Liga;26,0;1999,0;3,0;0,0;45,0;0,5;0,0;0,0;0,0;0,0;0,0;0,0;0,0;0,0;0,0;0,0;0,0;0,0;0,0;0,0;0,0;0,0;0,0;0,0;0,0;0,0;0,0;2,0;0,0;;0,0;;;0,0;;;;;0,0;;;;;No;No;No;No;No;No;No;No;No;No
77,0;Alfon;es ESP;MF;Sevilla;es La Liga;26,0;1999,0;10,0;4,0;312,0;3,5;1,0;0,0;1,0;1,0;0,0;0,0;0,0;0,0;0,29;11,0;7,0;63,6;3,17;2,02;0,09;0,14;4,0;0,0;1,0;6,0;0,0;3,0;0,0;;0,0;;;0,0;;;;;0,0;;;;;No;No;No;No;No;No;No;No;No;No
78,0;Mohamed Ali Cho;fr FRA;FW,MF;Nice;fr Ligue 1;22,0;2004,0;17,0;15,0;1204,0;13,4;4,0;3,0;7,0;4,0;0,0;0,0;1,0;0,0;0,52;23,0;10,0;43,5;1,72;0,75;0,17;0,4;32,0;5,0;3,0;23,0;0,0;12,0;0,0;;0,0;;;0,0;;;;;0,0;;;;;No;No;No;No;No;No;No;No;No;No
79,0;Alisson;br BRA;GK;Liverpool;eng Premier League;33,0;1992,0;25,0;25,0;2250,0;25,0;0,0;0,0;0,0;0,0;0,0;0,0;1,0;0,0;0,0;0,0;0,0;0,0;0,0;0,0;0,0;0,0;0,0;0,0;0,0;7,0;0,0;1,0;0,0;30,0;1,2;84,0;56,0;66,7;13,0;7,0;5,0;8,0;32,0;2,0;2,0;0,0;0,0;No;No;No;No;No;No;No;No;No;No
80,0;Jim Allevinah;ga GAB;MF;Angers;fr Ligue 1;31,0;1995,0;6,0;0,0;133,0;1,5;1,0;0,0;1,0;1,0;0,0;0,0;0,0;0,0;0,68;5,0;1,0;20,0;3,38;0,68;0,2;1,0;1,0;1,0;0,0;4,0;0,0;0,0;0,0;;0,0;;;0,0;;;;;0,0;;;;;No;No;No;No;No;No;No;No;No;No
81,0;Max Alleyne;eng ENG;DF;Manchester City;eng Premier League;20,0;2005,0;2,0;2,0;135,0;1,5;0,0;0,0;0,0;0,0;0,0;0,0;0,0;0,0;0,0;2,0;1,0;50,0;1,33;0,67;0,0;0,0;0,0;3,0;3,0;0,0;0,0;0,0;0,0;;0,0;;;0,0;;;;;0,0;;;;;No;No;No;No;No;No;No;No;No;No
82,0;Thiago Almada;ar ARG;MF;Atlético Madrid;es La Liga;24,0;2001,0;20,0;11,0;910,0;10,1;3,0;1,0;4,0;3,0;0,0;0,0;1,0;0,0;0,4;17,0;10,0;58,8;1,68;0,99;0,18;0,3;23,0;12,0;6,0;12,0;0,0;7,0;0,0;;0,0;;;0,0;;;;;0,0;;;;;No;No;No;No;No;No;No;No;No;No
83,0;Domingos André Ribeiro Almeida;pt POR;MF,FW;Valencia;es La Liga;25,0;2000,0;17,0;9,0;860,0;9,6;0,0;1,0;1,0;0,0;0,0;0,0;0,0;0,0;0,1;8,0;2,0;25,0;0,84;0,21;0,0;0,0;61,0;8,0;7,0;19,0;0,0;10,0;0,0;;0,0;;;0,0;;;;;0,0;;;;;No;No;No;No;No;No;No;No;No;No
84,0;Pontus Almqvist;se SWE;MF;Parma;it Serie A;26,0;1999,0;9,0;4,0;400,0;4,4;0,0;0,0;0,0;0,0;0,0;0,0;0,0;0,0;0,0;3,0;2,0;66,7;0,68;0,45;0,0;0,0;6,0;6,0;5,0;12,0;0,0;6,0;0,0;;0,0;;;0,0;;;;;0,0;;;;;No;No;No;No;No;No;No;No;No;No
85,0;Marcos Alonso;es ESP;DF;Celta Vigo;es La Liga;35,0;1990,0;24,0;23,0;2063,0;22,9;1,0;0,0;1,0;0,0;1,0;1,0;3,0;0,0;0,0;21,0;3,0;14,3;0,92;0,13;0,0;0,0;13,0;18,0;25,0;15,0;0,0;16,0;0,0;;0,0;;;0,0;;;;;0,0;;;;;No;No;No;No;No;No;No;No;No;No
86,0;Adrià Altimira;es ESP;DF;Villarreal;es La Liga;24,0;2001,0;1,0;0,0;9,0;0,1;0,0;0,0;0,0;0,0;0,0;0,0;0,0;0,0;0,0;0,0;0,0;0,0;0,0;0,0;0,0;0,0;0,0;1,0;0,0;0,0;0,0;0,0;0,0;;0,0;;;0,0;;;;;0,0;;;;;No;No;No;No;No;No;No;No;No;No
87,0;Sergi Altimira;es ESP;MF;Real Betis;es La Liga;24,0;2001,0;19,0;10,0;918,0;10,2;1,0;1,0;2,0;1,0;0,0;0,0;2,0;0,0;0,2;4,0;1,0;25,0;0,39;0,1;0,25;1,0;3,0;26,0;15,0;14,0;0,0;10,0;0,0;;0,0;;;0,0;;;;;0,0;;;;;No;No;No;No;No;No;No;No;No;No
88,0;Carlos Álvarez;es ESP;MF;Levante;es La Liga;22,0;2003,0;26,0;22,0;1786,0;19,8;3,0;1,0;4,0;3,0;0,0;0,0;3,0;0,0;0,2;27,0;10,0;37,0;1,36;0,5;0,11;0,3;46,0;13,0;13,0;45,0;0,0;21,0;0,0;;0,0;;;0,0;;;;;0,0;;;;;No;No;No;No;No;No;No;No;No;No
89,0;Hugo Álvarez;es ESP;FW,MF;Celta Vigo;es La Liga;22,0;2003,0;19,0;9,0;876,0;9,7;2,0;1,0;3,0;2,0;0,0;0,0;2,0;0,0;0,31;6,0;3,0;50,0;0,62;0,31;0,33;0,67;14,0;6,0;8,0;9,0;0,0;13,0;0,0;;0,0;;;0,0;;;;;0,0;;;;;No;No;No;No;No;No;No;No;No;No
90,0;Julián Álvarez;ar ARG;FW;Atlético Madrid;es La Liga;26,0;2000,0;28,0;21,0;1805,0;20,1;8,0;3,0;11,0;6,0;2,0;3,0;2,0;0,0;0,45;49,0;25,0;51,0;2,44;1,25;0,12;0,24;86,0;11,0;2,0;18,0;0,0;13,0;0,0;;0,0;;;0,0;;;;;0,0;;;;;No;No;No;No;No;No;No;No;No;No
91,0;Skelly Alvero;fr FRA;MF;Werder Bremen;de Bundesliga;23,0;2002,0;2,0;0,0;34,0;0,4;0,0;0,0;0,0;0,0;0,0;0,0;0,0;0,0;0,0;0,0;0,0;0,0;0,0;0,0;0,0;0,0;0,0;0,0;1,0;1,0;0,0;0,0;0,0;;0,0;;;0,0;;;;;0,0;;;;;No;No;No;No;No;No;No;No;No;No
92,0;Ayoube Amaimouni Echghouyab;ma MAR;MF,FW;Eintracht Frankfurt;de Bundesliga;21,0;2004,0;10,0;3,0;310,0;3,4;2,0;1,0;3,0;2,0;0,0;0,0;1,0;0,0;0,87;7,0;5,0;71,4;2,03;1,45;0,29;0,4;15,0;0,0;0,0;5,0;0,0;6,0;0,0;;0,0;;;0,0;;;;;0,0;;;;;No;No;No;No;No;No;No;No;No;No
93,0;Jaydon Amauri Banel;nl NED;FW,MF;Burnley;eng Premier League;21,0;2004,0;1,0;0,0;10,0;0,1;0,0;0,0;0,0;0,0;0,0;0,0;0,0;0,0;0,0;0,0;0,0;0,0;0,0;0,0;0,0;0,0;0,0;0,0;0,0;1,0;0,0;0,0;0,0;;0,0;;;0,0;;;;;0,0;;;;;No;No;No;No;No;No;No;No;No;No
94,0;Giuseppe Ambrosino;it ITA;FW;Napoli;it Serie A;22,0;2003,0;3,0;0,0;38,0;0,4;0,0;0,0;0,0;0,0;0,0;0,0;0,0;0,0;0,0;0,0;0,0;0,0;0,0;0,0;0,0;0,0;0,0;0,0;0,0;1,0;0,0;1,0;0,0;;0,0;;;0,0;;;;;0,0;;;;;No;No;No;No;No;No;No;No;No;No
95,0;Aurele Amenda;ch SUI;DF;Eintracht Frankfurt;de Bundesliga;22,0;2003,0;16,0;10,0;967,0;10,7;0,0;0,0;0,0;0,0;0,0;0,0;3,0;0,0;0,0;5,0;1,0;20,0;0,47;0,09;0,0;0,0;1,0;6,0;20,0;6,0;0,0;11,0;1,0;;0,0;;;0,0;;;;;0,0;;;;;No;No;No;No;No;No;No;No;No;No
96,0;Kelvin Amian;fr FRA;DF;Nantes;fr Ligue 1;28,0;1998,0;21,0;21,0;1870,0;20,8;0,0;1,0;1,0;0,0;0,0;0,0;3,0;0,0;0,05;10,0;2,0;20,0;0,48;0,1;0,0;0,0;29,0;18,0;8,0;17,0;0,0;22,0;0,0;;0,0;;;0,0;;;;;0,0;;;;;No;No;No;No;No;No;No;No;No;No
97,0;Mohamed Amine Sbai;fr FRA;MF,FW;Angers;fr Ligue 1;25,0;2000,0;18,0;16,0;1264,0;14,0;2,0;1,0;3,0;2,0;0,0;0,0;1,0;0,0;0,21;22,0;11,0;50,0;1,57;0,78;0,09;0,18;52,0;8,0;4,0;17,0;0,0;15,0;0,0;;0,0;;;0,0;;;;;0,0;;;;;No;No;No;No;No;No;No;No;No;No
98,0;Michael Amir Murillo;pa PAN;DF,MF;Marseille;fr Ligue 1;30,0;1996,0;16,0;11,0;989,0;11,0;2,0;1,0;3,0;2,0;0,0;0,0;4,0;0,0;0,27;9,0;2,0;22,2;0,82;0,18;0,22;1,0;28,0;13,0;6,0;16,0;0,0;22,0;0,0;;0,0;;;0,0;;;;;0,0;;;;;No;No;No;No;No;No;No;No;No;No
99,0;Nadiem Amiri;de GER;MF;Mainz 05;de Bundesliga;29,0;1996,0;20,0;19,0;1646,0;18,3;10,0;2,0;12,0;3,0;7,0;7,0;6,0;0,0;0,27;39,0;15,0;38,5;2,13;0,82;0,08;0,2;104,0;16,0;14,0;20,0;0,0;17,0;0,0;;0,0;;;0,0;;;;;0,0;;;;;No;No;No;No;No;No;No;No;No;No
100,0;Samuel Amo-Ameyaw;eng ENG;MF,DF;Strasbourg;fr Ligue 1;19,0;2006,0;19,0;4,0;607,0;6,7;1,0;1,0;2,0;1,0;0,0;0,0;1,0;0,0;0,3;7,0;1,0;14,3;1,04;0,15;0,14;1,0;34,0;9,0;3,0;14,0;0,0;11,0;0,0;;0,0;;;0,0;;;;;0,0;;;;;No;No;No;No;No;No;No;No;No;No
101,0;Amorim;br BRA;MF;Genoa;it Serie A;20,0;2005,0;4,0;0,0;93,0;1,0;0,0;0,0;0,0;0,0;0,0;0,0;0,0;0,0;0,0;1,0;0,0;0,0;0,97;0,0;0,0;0,0;3,0;1,0;2,0;4,0;0,0;3,0;0,0;;0,0;;;0,0;;;;;0,0;;;;;No;No;No;No;No;No;No;No;No;No
102,0;Mathis Amougou;fr FRA;MF;Strasbourg;fr Ligue 1;20,0;2006,0;9,0;2,0;272,0;3,0;0,0;0,0;0,0;0,0;0,0;0,0;1,0;0,0;0,0;2,0;1,0;50,0;0,66;0,33;0,0;0,0;0,0;5,0;1,0;3,0;0,0;2,0;0,0;;0,0;;;0,0;;;;;0,0;;;;;No;No;No;No;No;No;No;No;No;No
103,0;Mohamed Amoura;dz ALG;FW,MF;Wolfsburg;de Bundesliga;25,0;2000,0;23,0;18,0;1523,0;16,9;8,0;3,0;11,0;7,0;1,0;1,0;2,0;0,0;0,59;48,0;15,0;31,3;2,84;0,89;0,15;0,47;23,0;17,0;7,0;10,0;0,0;16,0;0,0;;0,0;;;0,0;;;;;0,0;;;;;No;No;No;No;No;No;No;No;No;No
104,0;Ethan Ampadu;wls WAL;MF;Leeds United;eng Premier League;25,0;2000,0;27,0;27,0;2399,0;26,7;1,0;1,0;2,0;1,0;0,0;0,0;7,0;0,0;0,08;19,0;4,0;21,1;0,71;0,15;0,05;0,25;23,0;37,0;38,0;27,0;0,0;34,0;0,0;;0,0;;;0,0;;;;;0,0;;;;;No;No;No;No;No;No;No;No;No;No
105,0;Sofyan Amrabat;ma MAR;MF;Real Betis;es La Liga;29,0;1996,0;8,0;6,0;603,0;6,7;0,0;0,0;0,0;0,0;0,0;0,0;3,0;0,0;0,0;4,0;1,0;25,0;0,6;0,15;0,0;0,0;3,0;6,0;6,0;13,0;0,0;10,0;0,0;;0,0;;;0,0;;;;;0,0;;;;;No;No;No;No;No;No;No;No;No;No
106,0;Joachim Andersen;dk DEN;DF;Fulham;eng Premier League;29,0;1996,0;27,0;27,0;2381,0;26,5;0,0;1,0;1,0;0,0;0,0;0,0;7,0;0,0;0,04;12,0;3,0;25,0;0,45;0,11;0,0;0,0;13,0;19,0;26,0;10,0;0,0;27,0;0,0;;0,0;;;0,0;;;;;0,0;;;;;No;No;No;No;No;No;No;No;No;No
107,0;Elliot Anderson;eng ENG;MF;Nottingham Forest;eng Premier League;23,0;2002,0;30,0;30,0;2683,0;29,8;2,0;2,0;4,0;1,0;1,0;1,0;6,0;0,0;0,1;36,0;8,0;22,2;1,21;0,27;0,03;0,13;155,0;51,0;35,0;66,0;0,0;44,0;0,0;;0,0;;;0,0;;;;;0,0;;;;;No;No;No;No;No;No;No;No;No;No
108,0;Tomoya Ando;jp JPN;DF;St Pauli;de Bundesliga;27,0;1999,0;8,0;7,0;632,0;7,0;0,0;0,0;0,0;0,0;0,0;0,0;1,0;0,0;0,0;1,0;0,0;0,0;0,14;0,0;0,0;0,0;3,0;10,0;11,0;4,0;0,0;6,0;0,0;;0,0;;;0,0;;;;;0,0;;;;;No;No;No;No;No;No;No;No;No;No
109,0;Nícolas Andrade;br BRA;GK;Pisa;it Serie A;37,0;1988,0;5,0;5,0;450,0;5,0;0,0;0,0;0,0;0,0;0,0;0,0;0,0;0,0;0,0;0,0;0,0;0,0;0,0;0,0;0,0;0,0;0,0;0,0;0,0;1,0;0,0;0,0;0,0;9,0;1,8;19,0;10,0;52,6;1,0;0,0;4,0;0,0;0,0;1,0;0,0;0,0;1,0;No;No;No;No;No;No;No;No;No;No
110,0;André;br BRA;MF;Wolves;eng Premier League;24,0;2001,0;28,0;23,0;2132,0;23,7;1,0;0,0;1,0;1,0;0,0;0,0;9,0;0,0;0,04;11,0;1,0;9,1;0,46;0,04;0,09;1,0;38,0;30,0;21,0;37,0;0,0;33,0;0,0;;0,0;;;0,0;;;;;0,0;;;;;No;No;No;No;No;No;No;No;No;No
111,0;Benjamin André;fr FRA;MF;Lille;fr Ligue 1;35,0;1990,0;20,0;20,0;1789,0;19,9;2,0;1,0;3,0;2,0;0,0;0,0;7,0;0,0;0,15;22,0;4,0;18,2;1,11;0,2;0,09;0,5;14,0;30,0;25,0;31,0;0,0;31,0;0,0;;0,0;;;0,0;;;;;0,0;;;;;No;No;No;No;No;No;No;No;No;No
112,0;Robert Andrich;de GER;DF,MF;Leverkusen;de Bundesliga;31,0;1994,0;25,0;22,0;1949,0;21,7;1,0;0,0;1,0;1,0;0,0;0,0;6,0;1,0;0,05;5,0;2,0;40,0;0,23;0,09;0,2;0,5;9,0;24,0;27,0;18,0;1,0;25,0;0,0;;0,0;;;0,0;;;;;0,0;;;;;No;No;No;No;No;No;No;No;No;No
113,0;Manuel Ángel;es ESP;MF;Real Madrid;es La Liga;22,0;2004,0;2,0;0,0;29,0;0,3;0,0;0,0;0,0;0,0;0,0;0,0;0,0;0,0;0,0;1,0;0,0;0,0;3,1;0,0;0,0;0,0;0,0;2,0;0,0;2,0;0,0;0,0;1,0;;0,0;;;0,0;;;;;0,0;;;;;No;No;No;No;No;No;No;No;No;No
114,0;Miguel Ángel Rubio;es ESP;DF;Espanyol;es La Liga;28,0;1998,0;10,0;1,0;192,0;2,1;1,0;0,0;1,0;1,0;0,0;0,0;0,0;0,0;0,47;2,0;1,0;50,0;0,94;0,47;0,5;1,0;0,0;0,0;0,0;1,0;0,0;0,0;0,0;;0,0;;;0,0;;;;;0,0;;;;;No;No;No;No;No;No;No;No;No;No
115,0;Miguel Ángel Sierra;es ESP;FW;Sevilla;es La Liga;21,0;2004,0;4,0;0,0;62,0;0,7;0,0;0,0;0,0;0,0;0,0;0,0;0,0;0,0;0,0;4,0;1,0;25,0;5,81;1,45;0,0;0,0;4,0;1,0;0,0;3,0;0,0;1,0;0,0;;0,0;;;0,0;;;;;0,0;;;;;No;No;No;No;No;No;No;No;No;No
116,0;Angeliño;es ESP;MF;Roma;it Serie A;29,0;1997,0;5,0;5,0;387,0;4,3;0,0;0,0;0,0;0,0;0,0;0,0;1,0;0,0;0,0;4,0;2,0;50,0;0,93;0,47;0,0;0,0;14,0;6,0;3,0;2,0;0,0;4,0;0,0;;0,0;;;0,0;;;;;0,0;;;;;No;No;No;No;No;No;No;No;No;No
117,0;Samuele Angori;it ITA;MF;Pisa;it Serie A;22,0;2003,0;26,0;22,0;1852,0;20,6;0,0;1,0;1,0;0,0;0,0;0,0;1,0;0,0;0,05;8,0;1,0;12,5;0,39;0,05;0,0;0,0;125,0;20,0;19,0;41,0;0,0;11,0;0,0;;0,0;;;0,0;;;;;0,0;;;;;No;No;No;No;No;No;No;No;No;No
118,0;Nilson Angulo;ec ECU;MF;Sunderland;eng Premier League;22,0;2003,0;5,0;3,0;256,0;2,8;0,0;0,0;0,0;0,0;0,0;0,0;0,0;0,0;0,0;3,0;2,0;66,7;1,05;0,7;0,0;0,0;7,0;5,0;2,0;2,0;0,0;7,0;0,0;;0,0;;;0,0;;;;;0,0;;;;;No;No;No;No;No;No;No;No;No;No
119,0;Faustino Anjorin;eng ENG;MF;Torino;it Serie A;24,0;2001,0;13,0;1,0;255,0;2,8;0,0;0,0;0,0;0,0;0,0;0,0;1,0;0,0;0,0;4,0;1,0;25,0;1,41;0,35;0,0;0,0;1,0;4,0;6,0;1,0;0,0;7,0;0,0;;0,0;;;0,0;;;;;0,0;;;;;No;No;No;No;No;No;No;No;No;No
120,0;Ilyas Ansah;de GER;MF,FW;Union Berlin;de Bundesliga;21,0;2004,0;26,0;19,0;1580,0;17,6;5,0;1,0;6,0;5,0;0,0;0,0;1,0;0,0;0,34;26,0;8,0;30,8;1,48;0,46;0,19;0,63;16,0;5,0;4,0;30,0;0,0;16,0;0,0;;0,0;;;0,0;;;;;0,0;;;;;No;No;No;No;No;No;No;No;No;No
121,0;Aaron Anselmino;ar ARG;DF;Dortmund;de Bundesliga;20,0;2005,0;6,0;4,0;368,0;4,1;1,0;0,0;1,0;1,0;0,0;0,0;0,0;0,0;0,24;1,0;1,0;100,0;0,24;0,24;1,0;1,0;2,0;8,0;7,0;3,0;0,0;6,0;0,0;;0,0;;;0,0;;;;;0,0;;;;;No;No;No;No;No;No;No;No;No;No
122,0;Aaron Anselmino;ar ARG;DF;Strasbourg;fr Ligue 1;20,0;2005,0;2,0;0,0;2,0;0,0;0,0;0,0;0,0;0,0;0,0;0,0;0,0;0,0;0,0;0,0;0,0;0,0;0,0;0,0;0,0;0,0;0,0;0,0;1,0;0,0;0,0;0,0;0,0;;0,0;;;0,0;;;;;0,0;;;;;No;No;No;No;No;No;No;No;No;No
123,0;Andrés Antañón;es ESP;MF;Celta Vigo;es La Liga;19,0;2007,0;1,0;0,0;18,0;0,2;0,0;0,0;0,0;0,0;0,0;0,0;0,0;0,0;0,0;0,0;0,0;0,0;0,0;0,0;0,0;0,0;0,0;0,0;0,0;0,0;0,0;1,0;0,0;;0,0;;;0,0;;;;;0,0;;;;;No;No;No;No;No;No;No;No;No;No
124,0;Jaidon Anthony;eng ENG;MF;Burnley;eng Premier League;26,0;1999,0;29,0;24,0;2024,0;22,5;7,0;1,0;8,0;7,0;0,0;0,0;4,0;0,0;0,36;43,0;17,0;39,5;1,91;0,76;0,16;0,41;55,0;16,0;14,0;38,0;0,0;19,0;0,0;;0,0;;;0,0;;;;;0,0;;;;;No;No;No;No;No;No;No;No;No;No
125,0;Waldemar Anton;de GER;DF;Dortmund;de Bundesliga;29,0;1996,0;24,0;24,0;2160,0;24,0;2,0;0,0;2,0;2,0;0,0;0,0;3,0;0,0;0,08;12,0;4,0;33,3;0,5;0,17;0,17;0,5;7,0;24,0;18,0;13,0;0,0;20,0;0,0;;0,0;;;0,0;;;;;0,0;;;;;No;No;No;No;No;No;No;No;No;No
126,0;Kyllian Antonio;fr FRA;DF;Lens;fr Ligue 1;18,0;2008,0;2,0;1,0;121,0;1,3;0,0;0,0;0,0;0,0;0,0;0,0;1,0;0,0;0,0;1,0;0,0;0,0;0,74;0,0;0,0;0,0;1,0;3,0;5,0;4,0;0,0;1,0;0,0;;0,0;;;0,0;;;;;0,0;;;;;No;No;No;No;No;No;No;No;No;No
127,0;Antoniu;es ESP;MF;Espanyol;es La Liga;23,0;2002,0;8,0;1,0;115,0;1,3;0,0;0,0;0,0;0,0;0,0;0,0;1,0;0,0;0,0;3,0;0,0;0,0;2,35;0,0;0,0;0,0;2,0;1,0;0,0;3,0;0,0;5,0;0,0;;0,0;;;0,0;;;;;0,0;;;;;No;No;No;No;No;No;No;No;No;No
128,0;Antony;br BRA;MF,FW;Real Betis;es La Liga;26,0;2000,0;23,0;21,0;1819,0;20,2;7,0;5,0;12,0;7,0;0,0;0,0;4,0;1,0;0,59;64,0;27,0;42,2;3,17;1,34;0,11;0,26;53,0;17,0;18,0;35,0;0,0;14,0;0,0;;0,0;;;0,0;;;;;0,0;;;;;No;No;No;No;No;No;No;No;No;No
129,0;Youssef El-Arabi;ma MAR;FW;Nantes;fr Ligue 1;39,0;1987,0;22,0;11,0;917,0;10,2;3,0;0,0;3,0;3,0;0,0;1,0;0,0;0,0;0,29;15,0;9,0;60,0;1,47;0,88;0,2;0,33;2,0;9,0;4,0;22,0;0,0;21,0;0,0;;0,0;;;0,0;;;;;0,0;;;;;No;No;No;No;No;No;No;No;No;No
130,0;Mauro Arambarri;uy URU;MF;Getafe;es La Liga;30,0;1995,0;28,0;28,0;2456,0;27,3;5,0;2,0;7,0;3,0;2,0;2,0;4,0;0,0;0,18;47,0;15,0;31,9;1,72;0,55;0,06;0,2;9,0;38,0;16,0;51,0;0,0;40,0;0,0;;0,0;;;0,0;;;;;0,0;;;;;No;No;No;No;No;No;No;No;No;No
131,0;Jon Aramburu;ve VEN;DF;Real Sociedad;es La Liga;23,0;2002,0;26,0;24,0;2141,0;23,8;1,0;0,0;1,0;1,0;0,0;0,0;8,0;0,0;0,04;16,0;5,0;31,3;0,67;0,21;0,06;0,2;42,0;52,0;34,0;32,0;0,0;54,0;0,0;;0,0;;;0,0;;;;;0,0;;;;;No;No;No;No;No;No;No;No;No;No
132,0;Juan Arango;ve VEN;MF;Girona;es La Liga;19,0;2006,0;2,0;0,0;18,0;0,2;0,0;0,0;0,0;0,0;0,0;0,0;1,0;0,0;0,0;0,0;0,0;0,0;0,0;0,0;0,0;0,0;0,0;0,0;0,0;0,0;0,0;1,0;0,0;;0,0;;;0,0;;;;;0,0;;;;;No;No;No;No;No;No;No;No;No;No
133,0;Ronald Araújo;uy URU;DF;Barcelona;es La Liga;27,0;1999,0;17,0;7,0;739,0;8,2;2,0;0,0;2,0;2,0;0,0;0,0;2,0;0,0;0,24;8,0;4,0;50,0;0,97;0,49;0,25;0,5;3,0;6,0;8,0;1,0;0,0;15,0;0,0;;0,0;;;0,0;;;;;0,0;;;;;No;No;No;No;No;No;No;No;No;No
134,0;Carlens Arcus;ht HAI;DF;Angers;fr Ligue 1;29,0;1996,0;24,0;24,0;2009,0;22,3;0,0;3,0;3,0;0,0;0,0;0,0;6,0;0,0;0,13;9,0;1,0;11,1;0,4;0,04;0,0;0,0;38,0;28,0;29,0;16,0;0,0;31,0;0,0;;0,0;;;0,0;;;;;0,0;;;;;No;No;No;No;No;No;No;No;No;No
135,0;Antonio Arena;it ITA;FW;Roma;it Serie A;17,0;2009,0;1,0;0,0;7,0;0,1;0,0;0,0;0,0;0,0;0,0;0,0;0,0;0,0;0,0;0,0;0,0;0,0;0,0;0,0;0,0;0,0;0,0;0,0;0,0;0,0;0,0;0,0;0,0;;0,0;;;0,0;;;;;0,0;;;;;No;No;No;No;No;No;No;No;No;No
136,0;Alphonse Areola;fr FRA;GK;West Ham United;eng Premier League;33,0;1993,0;20,0;20,0;1800,0;20,0;0,0;1,0;1,0;0,0;0,0;0,0;0,0;0,0;0,05;0,0;0,0;0,0;0,0;0,0;0,0;0,0;0,0;0,0;1,0;1,0;0,0;1,0;0,0;37,0;1,85;108,0;76,0;70,4;4,0;5,0;11,0;0,0;0,0;6,0;5,0;0,0;1,0;No;No;No;No;No;No;No;No;No;No
137,0;Jesús Areso;es ESP;DF;Athletic Club;es La Liga;26,0;1999,0;23,0;13,0;1391,0;15,5;0,0;1,0;1,0;0,0;0,0;0,0;3,0;0,0;0,06;3,0;0,0;0,0;0,19;0,0;0,0;0,0;81,0;15,0;19,0;5,0;0,0;18,0;0,0;;0,0;;;0,0;;;;;0,0;;;;;No;No;No;No;No;No;No;No;No;No
138,0;Jeremy Arévalo;ec ECU;FW;Stuttgart;de Bundesliga;20,0;2005,0;5,0;0,0;29,0;0,3;0,0;0,0;0,0;0,0;0,0;0,0;0,0;0,0;0,0;3,0;1,0;33,3;9,31;3,1;0,0;0,0;0,0;0,0;0,0;2,0;0,0;0,0;0,0;;0,0;;;0,0;;;;;0,0;;;;;No;No;No;No;No;No;No;No;No;No
139,0;Paul Argney;fr FRA;GK;Le Havre;fr Ligue 1;19,0;2006,0;1,0;1,0;90,0;1,0;0,0;0,0;0,0;0,0;0,0;0,0;0,0;0,0;0,0;0,0;0,0;0,0;0,0;0,0;0,0;0,0;0,0;0,0;0,0;0,0;0,0;0,0;0,0;1,0;1,0;3,0;2,0;66,7;1,0;0,0;0,0;0,0;0,0;0,0;0,0;0,0;0,0;No;No;No;No;No;No;No;No;No;No
140,0;Iñigo Arguibide;es ESP;DF;Osasuna;es La Liga;20,0;2005,0;6,0;2,0;187,0;2,1;0,0;0,0;0,0;0,0;0,0;0,0;0,0;1,0;0,0;0,0;0,0;0,0;0,0;0,0;0,0;0,0;5,0;3,0;1,0;0,0;0,0;3,0;0,0;;0,0;;;0,0;;;;;0,0;;;;;No;No;No;No;No;No;No;No;No;No
141,0;Jhon Arias;co COL;FW,MF;Wolves;eng Premier League;28,0;1997,0;23,0;14,0;1124,0;12,5;1,0;0,0;1,0;1,0;0,0;0,0;1,0;0,0;0,08;16,0;3,0;18,8;1,28;0,24;0,06;0,33;30,0;27,0;7,0;9,0;0,0;26,0;0,0;;0,0;;;0,0;;;;;0,0;;;;;No;No;No;No;No;No;No;No;No;No
142,0;Juan Arizala;co COL;MF;Udinese;it Serie A;20,0;2005,0;3,0;0,0;47,0;0,5;0,0;0,0;0,0;0,0;0,0;0,0;0,0;0,0;0,0;1,0;1,0;100,0;1,91;1,91;0,0;0,0;0,0;2,0;0,0;0,0;0,0;0,0;0,0;;0,0;;;0,0;;;;;0,0;;;;;No;No;No;No;No;No;No;No;No;No
143,0;Adam Armstrong;eng ENG;FW,MF;Wolves;eng Premier League;29,0;1997,0;7,0;7,0;566,0;6,3;1,0;2,0;3,0;1,0;0,0;0,0;3,0;0,0;0,48;5,0;1,0;20,0;0,8;0,16;0,2;1,0;2,0;3,0;1,0;2,0;0,0;7,0;0,0;;0,0;;;0,0;;;;;0,0;;;;;No;No;No;No;No;No;No;No;No;No
144,0;Harrison Armstrong;eng ENG;MF;Everton;eng Premier League;19,0;2007,0;11,0;6,0;499,0;5,5;0,0;0,0;0,0;0,0;0,0;0,0;0,0;0,0;0,0;5,0;2,0;40,0;0,9;0,36;0,0;0,0;2,0;10,0;4,0;15,0;0,0;6,0;0,0;;0,0;;;0,0;;;;;0,0;;;;;No;No;No;No;No;No;No;No;No;No
145,0;Maximilian Arnold;de GER;MF;Wolfsburg;de Bundesliga;31,0;1994,0;21,0;20,0;1814,0;20,2;1,0;4,0;5,0;1,0;0,0;0,0;5,0;0,0;0,25;11,0;5,0;45,5;0,55;0,25;0,09;0,2;79,0;15,0;24,0;25,0;0,0;17,0;0,0;;0,0;;;0,0;;;;;0,0;;;;;No;No;No;No;No;No;No;No;No;No
146,0;Tolu Arokodare;ng NGA;FW;Wolves;eng Premier League;25,0;2000,0;27,0;12,0;1244,0;13,8;3,0;1,0;4,0;3,0;0,0;1,0;1,0;0,0;0,29;38,0;13,0;34,2;2,75;0,94;0,08;0,23;0,0;3,0;5,0;13,0;0,0;17,0;0,0;;0,0;;;0,0;;;;;0,0;;;;;No;No;No;No;No;No;No;No;No;No
147,0;Love Arrhov;se SWE;FW;Eintracht Frankfurt;de Bundesliga;17,0;2008,0;3,0;0,0;19,0;0,2;0,0;0,0;0,0;0,0;0,0;0,0;1,0;0,0;0,0;0,0;0,0;0,0;0,0;0,0;0,0;0,0;0,0;0,0;0,0;0,0;0,0;2,0;0,0;;0,0;;;0,0;;;;;0,0;;;;;No;No;No;No;No;No;No;No;No;No
148,0;Kervin Arriaga;hn HON;MF;Levante;es La Liga;28,0;1998,0;19,0;12,0;1151,0;12,8;1,0;1,0;2,0;1,0;0,0;0,0;6,0;1,0;0,16;9,0;3,0;33,3;0,7;0,23;0,11;0,33;4,0;18,0;11,0;17,0;1,0;19,0;0,0;;0,0;;;0,0;;;;;0,0;;;;;No;No;No;No;No;No;No;No;No;No
149,0;Arthur;br BRA;MF;Leverkusen;de Bundesliga;23,0;2003,0;16,0;13,0;1048,0;11,6;1,0;3,0;4,0;1,0;0,0;0,0;2,0;0,0;0,34;10,0;2,0;20,0;0,86;0,17;0,1;0,5;29,0;11,0;18,0;9,0;0,0;17,0;0,0;;0,0;;;0,0;;;;;0,0;;;;;No;No;No;No;No;No;No;No;No;No
150,0;Takuma Asano;jp JPN;MF,FW;Mallorca;es La Liga;31,0;1994,0;15,0;6,0;483,0;5,4;1,0;0,0;1,0;1,0;0,0;0,0;2,0;0,0;0,19;9,0;2,0;22,2;1,68;0,37;0,11;0,5;6,0;2,0;1,0;10,0;0,0;7,0;0,0;;0,0;;;0,0;;;;;0,0;;;;;No;No;No;No;No;No;No;No;No;No
151,0;Raúl Asencio;es ESP;DF;Real Madrid;es La Liga;23,0;2003,0;19,0;14,0;1348,0;15,0;2,0;0,0;2,0;2,0;0,0;0,0;3,0;0,0;0,13;13,0;4,0;30,8;0,87;0,27;0,15;0,5;1,0;10,0;8,0;17,0;0,0;15,0;0,0;;0,0;;;0,0;;;;;0,0;;;;;No;No;No;No;No;Sí;No;No;No;No
152,0;Fisnik Asllani;xk KVX;FW,MF;Hoffenheim;de Bundesliga;23,0;2002,0;25,0;23,0;1746,0;19,4;8,0;5,0;13,0;8,0;0,0;0,0;1,0;0,0;0,67;57,0;23,0;40,4;2,94;1,19;0,14;0,35;6,0;4,0;3,0;32,0;0,0;19,0;0,0;;0,0;;;0,0;;;;;0,0;;;;;No;No;No;No;No;No;No;No;No;No
153,0;Kristjan Asllani;al ALB;MF;Torino;it Serie A;24,0;2002,0;15,0;13,0;1129,0;12,5;0,0;0,0;0,0;0,0;0,0;1,0;3,0;0,0;0,0;20,0;4,0;20,0;1,59;0,32;0,0;0,0;52,0;14,0;12,0;14,0;0,0;7,0;0,0;;0,0;;;0,0;;;;;0,0;;;;;No;No;No;No;No;No;No;No;No;No
154,0;Joel Asoro;se SWE;FW;Metz;fr Ligue 1;26,0;1999,0;8,0;2,0;227,0;2,5;0,0;0,0;0,0;0,0;0,0;0,0;0,0;0,0;0,0;4,0;1,0;25,0;1,59;0,4;0,0;0,0;1,0;0,0;0,0;1,0;0,0;2,0;0,0;;0,0;;;0,0;;;;;0,0;;;;;No;No;No;No;No;No;No;No;No;No
155,0;Iago Aspas;es ESP;FW,MF;Celta Vigo;es La Liga;38,0;1987,0;23,0;8,0;814,0;9,0;4,0;3,0;7,0;2,0;2,0;2,0;3,0;0,0;0,55;23,0;11,0;47,8;2,54;1,22;0,09;0,18;20,0;9,0;10,0;9,0;0,0;2,0;0,0;;0,0;;;0,0;;;;;0,0;;;;;No;No;No;No;No;No;No;No;No;No
156,0;Yaser Asprilla;co COL;FW,MF;Girona;es La Liga;22,0;2003,0;15,0;6,0;611,0;6,8;0,0;0,0;0,0;0,0;0,0;0,0;0,0;0,0;0,0;15,0;5,0;33,3;2,21;0,74;0,0;0,0;36,0;4,0;5,0;8,0;0,0;11,0;0,0;;0,0;;;0,0;;;;;0,0;;;;;No;No;No;No;No;No;No;No;No;No
157,0;Lorenz Assignon;tg TOG;DF,MF;Stuttgart;de Bundesliga;25,0;2000,0;18,0;8,0;781,0;8,7;0,0;0,0;0,0;0,0;0,0;0,0;2,0;1,0;0,0;11,0;3,0;27,3;1,27;0,35;0,0;0,0;27,0;11,0;11,0;6,0;0,0;16,0;0,0;;0,0;;;0,0;;;;;0,0;;;;;No;No;No;No;No;No;No;No;No;No
158,0;Dehmaine Assoumani;fr FRA;MF;Nantes;fr Ligue 1;20,0;2005,0;21,0;11,0;980,0;10,9;0,0;0,0;0,0;0,0;0,0;0,0;4,0;0,0;0,0;19,0;4,0;21,1;1,74;0,37;0,0;0,0;65,0;16,0;13,0;15,0;0,0;19,0;0,0;;0,0;;;0,0;;;;;0,0;;;;;No;No;No;No;No;No;No;No;No;No
159,0;Lander Astiazaran;es ESP;MF;Real Sociedad;es La Liga;19,0;2006,0;1,0;0,0;1,0;0,0;0,0;0,0;0,0;0,0;0,0;0,0;0,0;0,0;0,0;1,0;0,0;0,0;90,0;0,0;0,0;0,0;0,0;0,0;1,0;0,0;0,0;0,0;0,0;;0,0;;;0,0;;;;;0,0;;;;;No;No;No;No;No;No;No;No;No;No
160,0;Otavio Ataide;br BRA;DF;Paris FC;fr Ligue 1;23,0;2002,0;20,0;19,0;1721,0;19,1;0,0;0,0;0,0;0,0;0,0;0,0;6,0;1,0;0,0;11,0;2,0;18,2;0,58;0,1;0,0;0,0;5,0;24,0;25,0;28,0;0,0;21,0;0,0;;0,0;;;0,0;;;;;0,0;;;;;No;No;No;No;No;No;No;No;No;No
161,0;Zachary Athekame;ch SUI;MF;Milan;it Serie A;21,0;2004,0;19,0;4,0;454,0;5,0;1,0;1,0;2,0;1,0;0,0;0,0;3,0;0,0;0,4;6,0;2,0;33,3;1,19;0,4;0,17;0,5;30,0;4,0;4,0;5,0;0,0;11,0;0,0;;0,0;;;0,0;;;;;0,0;;;;;No;No;No;No;No;No;No;No;No;No
162,0;Arthur Atta;fr FRA;MF;Udinese;it Serie A;23,0;2003,0;23,0;20,0;1805,0;20,1;2,0;3,0;5,0;2,0;0,0;0,0;3,0;0,0;0,25;43,0;14,0;32,6;2,14;0,7;0,05;0,14;45,0;9,0;16,0;26,0;0,0;17,0;0,0;;0,0;;;0,0;;;;;0,0;;;;;No;No;No;No;No;No;No;No;No;No
163,0;Noah Atubolu;de GER;GK;Freiburg;de Bundesliga;23,0;2002,0;26,0;26,0;2340,0;26,0;0,0;0,0;0,0;0,0;0,0;0,0;0,0;0,0;0,0;0,0;0,0;0,0;0,0;0,0;0,0;0,0;0,0;0,0;1,0;3,0;0,0;0,0;0,0;43,0;1,65;117,0;75,0;63,2;9,0;7,0;10,0;5,0;19,2;1,0;0,0;1,0;0,0;No;No;No;No;No;No;No;No;No;No
164,0;Pierre-Emerick Aubameyang;ga GAB;FW;Marseille;fr Ligue 1;36,0;1989,0;23,0;16,0;1488,0;16,5;8,0;5,0;13,0;8,0;0,0;0,0;1,0;0,0;0,79;37,0;21,0;56,8;2,24;1,27;0,22;0,38;21,0;5,0;6,0;14,0;0,0;15,0;0,0;;0,0;;;0,0;;;;;0,0;;;;;No;No;No;No;No;No;No;No;No;No
165,0;Emil Audero;id IDN;GK;Cremonese;it Serie A;29,0;1997,0;25,0;25,0;2250,0;25,0;0,0;0,0;0,0;0,0;0,0;0,0;0,0;0,0;0,0;0,0;0,0;0,0;0,0;0,0;0,0;0,0;0,0;0,0;0,0;5,0;0,0;0,0;0,0;37,0;1,48;135,0;102,0;74,8;5,0;6,0;14,0;7,0;28,0;4,0;3,0;1,0;0,0;No;No;No;No;No;No;No;No;No;No
166,0;Carlos Augusto;br BRA;MF,DF;Inter;it Serie A;27,0;1999,0;26,0;12,0;1199,0;13,3;1,0;1,0;2,0;1,0;0,0;0,0;4,0;0,0;0,15;13,0;4,0;30,8;0,98;0,3;0,08;0,25;38,0;18,0;13,0;10,0;0,0;19,0;0,0;;0,0;;;0,0;;;;;0,0;;;;;No;No;No;No;No;No;No;No;No;No
167,0;Yann Aurel Bisseck;de GER;DF;Inter;it Serie A;25,0;2000,0;18,0;16,0;1476,0;16,4;2,0;1,0;3,0;2,0;0,0;0,0;2,0;0,0;0,18;21,0;9,0;42,9;1,28;0,55;0,1;0,22;11,0;13,0;16,0;11,0;0,0;18,0;0,0;;0,0;;;0,0;;;;;0,0;;;;;No;No;No;No;No;No;No;No;No;No
168,0;Leon Avdullahu;xk KVX;MF;Hoffenheim;de Bundesliga;22,0;2004,0;26,0;26,0;2264,0;25,2;0,0;1,0;1,0;0,0;0,0;0,0;4,0;0,0;0,04;12,0;2,0;16,7;0,48;0,08;0,0;0,0;13,0;26,0;23,0;10,0;0,0;21,0;0,0;;0,0;;;0,0;;;;;0,0;;;;;No;No;No;No;No;No;No;No;No;No
169,0;Ezequiel Ávila;ar ARG;FW;Real Betis;es La Liga;32,0;1994,0;11,0;3,0;319,0;3,5;1,0;0,0;1,0;0,0;1,0;1,0;3,0;0,0;0,0;7,0;2,0;28,6;1,97;0,56;0,0;0,0;10,0;1,0;3,0;7,0;0,0;5,0;0,0;;0,0;;;0,0;;;;;0,0;;;;;No;No;No;No;No;No;No;No;No;No
170,0;Arthur Avom;cm CMR;MF;Lorient;fr Ligue 1;21,0;2004,0;23,0;17,0;1624,0;18,0;1,0;1,0;2,0;1,0;0,0;0,0;3,0;0,0;0,11;16,0;3,0;18,8;0,89;0,17;0,06;0,33;35,0;26,0;20,0;33,0;0,0;15,0;1,0;;0,0;;;0,0;;;;;0,0;;;;;No;No;No;No;No;No;No;No;No;No
171,0;Chidozie Awaziem;ng NGA;DF;Nantes;fr Ligue 1;29,0;1997,0;21,0;21,0;1859,0;20,7;1,0;1,0;2,0;1,0;0,0;0,0;7,0;0,0;0,1;9,0;4,0;44,4;0,44;0,19;0,11;0,25;2,0;15,0;18,0;19,0;0,0;18,0;1,0;;0,0;;;0,0;;;;;0,0;;;;;No;No;No;No;No;No;No;No;No;No
172,0;Taiwo Awoniyi;ng NGA;FW;Nottingham Forest;eng Premier League;28,0;1997,0;11,0;1,0;258,0;2,9;1,0;0,0;1,0;1,0;0,0;0,0;0,0;0,0;0,35;9,0;4,0;44,4;3,14;1,4;0,11;0,25;1,0;1,0;1,0;3,0;0,0;6,0;0,0;;0,0;;;0,0;;;;;0,0;;;;;No;No;No;No;No;No;No;No;No;No
173,0;Yasin Ayari;se SWE;MF;Brighton;eng Premier League;22,0;2003,0;23,0;18,0;1718,0;19,1;3,0;2,0;5,0;3,0;0,0;0,0;1,0;0,0;0,26;39,0;10,0;25,6;2,04;0,52;0,08;0,3;23,0;23,0;24,0;24,0;0,0;20,0;0,0;;0,0;;;0,0;;;;;0,0;;;;;No;No;No;No;No;No;No;No;No;No
174,0;Neil El Aynaoui;ma MAR;MF;Roma;it Serie A;24,0;2001,0;18,0;4,0;607,0;6,7;0,0;1,0;1,0;0,0;0,0;0,0;4,0;0,0;0,15;4,0;3,0;75,0;0,59;0,44;0,0;0,0;9,0;7,0;13,0;5,0;0,0;14,0;0,0;;0,0;;;0,0;;;;;0,0;;;;;No;No;No;No;No;No;No;No;No;No
175,0;César Azpilicueta;es ESP;DF;Sevilla;es La Liga;36,0;1989,0;14,0;14,0;997,0;11,1;0,0;1,0;1,0;0,0;0,0;0,0;4,0;0,0;0,09;0,0;0,0;0,0;0,0;0,0;0,0;0,0;11,0;16,0;22,0;8,0;0,0;22,0;0,0;;0,0;;;0,0;;;;;0,0;;;;;No;No;No;No;No;No;No;No;No;No
176,0;Oussama El Azzouzi;ma MAR;MF,DF;Auxerre;fr Ligue 1;24,0;2001,0;11,0;10,0;807,0;9,0;1,0;0,0;1,0;1,0;0,0;0,0;1,0;1,0;0,11;5,0;1,0;20,0;0,56;0,11;0,2;1,0;0,0;15,0;16,0;8,0;0,0;18,0;0,0;;0,0;;;0,0;;;;;0,0;;;;;No;No;No;No;No;No;No;No;No;No
177,0;Mio Backhaus;de GER;GK;Werder Bremen;de Bundesliga;21,0;2004,0;24,0;24,0;2160,0;24,0;0,0;0,0;0,0;0,0;0,0;0,0;0,0;0,0;0,0;0,0;0,0;0,0;0,0;0,0;0,0;0,0;0,0;0,0;0,0;8,0;0,0;0,0;0,0;43,0;1,79;110,0;71,0;64,5;5,0;7,0;12,0;4,0;16,7;4,0;4,0;0,0;0,0;No;No;No;No;No;No;No;No;No;No
178,0;Loïc Bade;fr FRA;DF;Leverkusen;de Bundesliga;25,0;2000,0;19,0;16,0;1377,0;15,3;0,0;0,0;0,0;0,0;0,0;0,0;4,0;0,0;0,0;9,0;3,0;33,3;0,59;0,2;0,0;0,0;3,0;16,0;20,0;4,0;0,0;8,0;1,0;;0,0;;;0,0;;;;;0,0;;;;;No;No;No;No;No;No;No;No;No;No
179,0;Benoît Badiashile;fr FRA;DF;Chelsea;eng Premier League;24,0;2001,0;8,0;6,0;471,0;5,2;0,0;0,0;0,0;0,0;0,0;0,0;2,0;0,0;0,0;0,0;0,0;0,0;0,0;0,0;0,0;0,0;0,0;5,0;9,0;2,0;0,0;6,0;0,0;;0,0;;;0,0;;;;;0,0;;;;;No;No;No;No;No;No;No;No;No;No
180,0;Alex Baena;es ESP;MF;Atlético Madrid;es La Liga;24,0;2001,0;19,0;14,0;1051,0;11,7;2,0;2,0;4,0;2,0;0,0;0,0;3,0;0,0;0,34;20,0;5,0;25,0;1,71;0,43;0,1;0,4;92,0;7,0;9,0;20,0;0,0;20,0;0,0;;0,0;;;0,0;;;;;0,0;;;;;Sí;Sí;Sí;No;Sí;Sí;Sí;Sí;No;Sí
181,0;Samson Baidoo;at AUT;DF;Lens;fr Ligue 1;21,0;2004,0;18,0;17,0;1544,0;17,2;2,0;1,0;3,0;2,0;0,0;0,0;2,0;0,0;0,17;15,0;4,0;26,7;0,87;0,23;0,13;0,5;0,0;18,0;24,0;5,0;0,0;17,0;0,0;;0,0;;;0,0;;;;;0,0;;;;;No;No;No;No;No;No;No;No;No;No
182,0;Leon Bailey;jm JAM;MF;Aston Villa;eng Premier League;28,0;1997,0;8,0;2,0;316,0;3,5;0,0;1,0;1,0;0,0;0,0;0,0;1,0;0,0;0,28;6,0;1,0;16,7;1,71;0,28;0,0;0,0;15,0;4,0;1,0;3,0;0,0;5,0;0,0;;0,0;;;0,0;;;;;0,0;;;;;No;No;No;No;No;No;No;No;No;No
183,0;Leon Bailey;jm JAM;FW;Roma;it Serie A;28,0;1997,0;7,0;1,0;186,0;2,1;0,0;0,0;0,0;0,0;0,0;0,0;0,0;0,0;0,0;3,0;1,0;33,3;1,45;0,48;0,0;0,0;14,0;0,0;0,0;1,0;0,0;2,0;0,0;;0,0;;;0,0;;;;;0,0;;;;;No;No;No;No;No;No;No;No;No;No
184,0;Eric Bailly;ci CIV;DF;Oviedo;es La Liga;31,0;1994,0;8,0;8,0;683,0;7,6;1,0;0,0;1,0;1,0;0,0;0,0;1,0;0,0;0,13;4,0;1,0;25,0;0,53;0,13;0,25;1,0;0,0;4,0;10,0;6,0;0,0;9,0;0,0;;0,0;;;0,0;;;;;0,0;;;;;No;No;No;No;No;No;No;No;No;No
185,0;Theo Bair;ca CAN;FW;Auxerre;fr Ligue 1;26,0;1999,0;2,0;0,0;10,0;0,1;0,0;0,0;0,0;0,0;0,0;0,0;0,0;0,0;0,0;0,0;0,0;0,0;0,0;0,0;0,0;0,0;0,0;0,0;0,0;0,0;0,0;0,0;0,0;;0,0;;;0,0;;;;;0,0;;;;;No;No;No;No;No;No;No;No;No;No
186,0;Cédric Bakambu;cd COD;FW;Real Betis;es La Liga;34,0;1991,0;14,0;4,0;405,0;4,5;3,0;0,0;3,0;3,0;0,0;0,0;0,0;0,0;0,67;19,0;9,0;47,4;4,22;2,0;0,16;0,33;2,0;2,0;1,0;9,0;0,0;5,0;0,0;;0,0;;;0,0;;;;;0,0;;;;;No;No;No;No;No;No;No;No;No;No
187,0;Johan Bakayoko;be BEL;FW,MF;RB Leipzig;de Bundesliga;22,0;2003,0;16,0;8,0;728,0;8,1;2,0;0,0;2,0;2,0;0,0;0,0;1,0;0,0;0,25;18,0;7,0;38,9;2,23;0,87;0,11;0,29;13,0;3,0;1,0;11,0;0,0;11,0;0,0;;0,0;;;0,0;;;;;0,0;;;;;No;No;No;No;No;No;No;No;No;No
188,0;Darryl Bakola;fr FRA;MF;Marseille;fr Ligue 1;18,0;2007,0;8,0;0,0;75,0;0,8;0,0;0,0;0,0;0,0;0,0;0,0;0,0;0,0;0,0;2,0;1,0;50,0;2,4;1,2;0,0;0,0;1,0;1,0;0,0;4,0;0,0;4,0;0,0;;0,0;;;0,0;;;;;0,0;;;;;No;No;No;No;No;No;No;No;No;No
189,0;Darryl Bakola;fr FRA;MF;Sassuolo;it Serie A;18,0;2007,0;2,0;0,0;12,0;0,1;0,0;0,0;0,0;0,0;0,0;0,0;0,0;0,0;0,0;0,0;0,0;0,0;0,0;0,0;0,0;0,0;0,0;0,0;0,0;1,0;0,0;0,0;0,0;;0,0;;;0,0;;;;;0,0;;;;;No;No;No;No;No;No;No;No;No;No
190,0;Ridle Baku;de GER;DF;RB Leipzig;de Bundesliga;27,0;1998,0;24,0;21,0;1887,0;21,0;1,0;3,0;4,0;1,0;0,0;0,0;3,0;0,0;0,19;22,0;3,0;13,6;1,05;0,14;0,05;0,33;42,0;30,0;19,0;16,0;0,0;20,0;0,0;;0,0;;;0,0;;;;;0,0;;;;;No;No;No;No;No;No;No;No;No;No
191,0;Dilane Bakwa;fr FRA;FW,MF;Strasbourg;fr Ligue 1;23,0;2002,0;3,0;0,0;107,0;1,2;1,0;2,0;3,0;1,0;0,0;0,0;0,0;0,0;2,52;2,0;1,0;50,0;1,68;0,84;0,5;1,0;8,0;1,0;1,0;4,0;0,0;0,0;0,0;;0,0;;;0,0;;;;;0,0;;;;;No;No;No;No;No;No;No;No;No;No
192,0;Dilane Bakwa;fr FRA;MF;Nottingham Forest;eng Premier League;23,0;2002,0;10,0;3,0;345,0;3,8;0,0;1,0;1,0;0,0;0,0;0,0;1,0;0,0;0,26;8,0;3,0;37,5;2,09;0,78;0,0;0,0;28,0;2,0;0,0;8,0;0,0;9,0;0,0;;0,0;;;0,0;;;;;0,0;;;;;No;No;No;No;No;No;No;No;No;No
193,0;Tommaso Baldanzi;it ITA;MF;Genoa;it Serie A;22,0;2003,0;3,0;2,0;148,0;1,6;0,0;0,0;0,0;0,0;0,0;0,0;0,0;0,0;0,0;1,0;1,0;100,0;0,61;0,61;0,0;0,0;5,0;2,0;0,0;2,0;0,0;1,0;0,0;;0,0;;;0,0;;;;;0,0;;;;;No;No;No;No;No;No;No;No;No;No
194,0;Tommaso Baldanzi;it ITA;FW,MF;Roma;it Serie A;22,0;2003,0;10,0;3,0;386,0;4,3;1,0;0,0;1,0;1,0;0,0;0,0;2,0;0,0;0,23;11,0;4,0;36,4;2,56;0,93;0,09;0,25;9,0;1,0;3,0;18,0;0,0;8,0;0,0;;0,0;;;0,0;;;;;0,0;;;;;No;No;No;No;No;No;No;No;No;No
195,0;Alejandro Balde;es ESP;DF;Barcelona;es La Liga;22,0;2003,0;21,0;18,0;1513,0;16,8;0,0;2,0;2,0;0,0;0,0;0,0;2,0;0,0;0,12;8,0;1,0;12,5;0,48;0,06;0,0;0,0;20,0;17,0;6,0;22,0;0,0;12,0;0,0;;0,0;;;0,0;;;;;0,0;;;;;No;No;No;No;No;No;No;No;No;No
196,0;Fabio Baldé;pt POR;FW;Hamburger SV;de Bundesliga;20,0;2005,0;12,0;2,0;314,0;3,5;0,0;1,0;1,0;0,0;0,0;0,0;1,0;0,0;0,29;5,0;3,0;60,0;1,43;0,86;0,0;0,0;12,0;5,0;0,0;2,0;0,0;4,0;0,0;;0,0;;;0,0;;;;;0,0;;;;;No;No;No;No;No;No;No;No;No;No
197,0;Carlos Baleba;cm CMR;MF;Brighton;eng Premier League;22,0;2004,0;24,0;19,0;1264,0;14,0;0,0;0,0;0,0;0,0;0,0;0,0;5,0;0,0;0,0;15,0;1,0;6,7;1,07;0,07;0,0;0,0;0,0;15,0;24,0;16,0;0,0;26,0;0,0;;0,0;;;0,0;;;;;0,0;;;;;No;No;No;No;No;No;No;No;No;No
198,0;Leonardo Balerdi;ar ARG;DF;Marseille;fr Ligue 1;27,0;1999,0;18,0;14,0;1360,0;15,1;0,0;1,0;1,0;0,0;0,0;0,0;4,0;0,0;0,07;11,0;3,0;27,3;0,73;0,2;0,0;0,0;1,0;18,0;16,0;18,0;0,0;16,0;0,0;;0,0;;;0,0;;;;;0,0;;;;;No;No;No;No;No;No;No;No;No;No
199,0;Daniel Ballard;nir NIR;DF;Sunderland;eng Premier League;26,0;1999,0;26,0;22,0;2008,0;22,3;2,0;0,0;2,0;2,0;0,0;0,0;3,0;0,0;0,09;25,0;9,0;36,0;1,12;0,4;0,08;0,22;0,0;16,0;19,0;27,0;0,0;25,0;0,0;;0,0;;;0,0;;;;;0,0;;;;;No;No;No;No;No;No;No;No;No;No
200,0;Carlos Ballestero;es ESP;DF;Alavés;es La Liga;21,0;2004,0;1,0;0,0;1,0;0,0;0,0;0,0;0,0;0,0;0,0;0,0;0,0;0,0;0,0;0,0;0,0;0,0;0,0;0,0;0,0;0,0;0,0;0,0;0,0;0,0;0,0;0,0;0,0;;0,0;;;0,0;;;;;0,0;;;;;No;No;No;No;No;No;No;No;No;No
201,0;Iván Balliu;al ALB;DF;Rayo Vallecano;es La Liga;34,0;1992,0;11,0;3,0;333,0;3,7;0,0;0,0;0,0;0,0;0,0;0,0;3,0;0,0;0,0;2,0;0,0;0,0;0,54;0,0;0,0;0,0;8,0;4,0;4,0;3,0;0,0;6,0;0,0;;0,0;;;0,0;;;;;0,0;;;;;No;No;No;No;No;No;No;No;No;No
202,0;Fodé Ballo-Touré;sn SEN;DF,MF;Metz;fr Ligue 1;29,0;1997,0;12,0;11,0;827,0;9,2;0,0;0,0;0,0;0,0;0,0;0,0;2,0;0,0;0,0;5,0;1,0;20,0;0,54;0,11;0,0;0,0;16,0;16,0;5,0;18,0;0,0;13,0;0,0;;0,0;;;0,0;;;;;0,0;;;;;No;No;No;No;No;No;No;No;No;No
203,0;Folarin Balogun;us USA;FW;Monaco;fr Ligue 1;24,0;2001,0;22,0;18,0;1548,0;17,2;8,0;4,0;12,0;7,0;1,0;1,0;4,0;1,0;0,64;52,0;23,0;44,2;3,02;1,34;0,13;0,3;11,0;6,0;3,0;29,0;0,0;30,0;0,0;;0,0;;;0,0;;;;;0,0;;;;;No;No;No;No;No;No;No;No;No;No
204,0;Abdoulaye Bamba;ci CIV;DF;Angers;fr Ligue 1;35,0;1990,0;3,0;1,0;101,0;1,1;0,0;0,0;0,0;0,0;0,0;0,0;0,0;0,0;0,0;1,0;1,0;100,0;0,89;0,89;0,0;0,0;1,0;1,0;2,0;1,0;0,0;1,0;0,0;;0,0;;;0,0;;;;;0,0;;;;;No;No;No;No;No;No;No;No;No;No
205,0;Aladji Bamba;fr FRA;MF;Monaco;fr Ligue 1;19,0;2006,0;11,0;6,0;450,0;5,0;0,0;0,0;0,0;0,0;0,0;0,0;2,0;0,0;0,0;0,0;0,0;0,0;0,0;0,0;0,0;0,0;3,0;15,0;4,0;9,0;0,0;13,0;0,0;;0,0;;;0,0;;;;;0,0;;;;;No;No;No;No;No;No;No;No;No;No
206,0;Mohamed Bamba;ci CIV;FW;Lorient;fr Ligue 1;24,0;2001,0;18,0;7,0;682,0;7,6;1,0;2,0;3,0;1,0;0,0;1,0;3,0;0,0;0,4;13,0;6,0;46,2;1,72;0,79;0,08;0,17;3,0;2,0;2,0;8,0;0,0;17,0;0,0;;0,0;;;0,0;;;;;0,0;;;;;No;No;No;No;No;No;No;No;No;No
207,0;Lameck Banda;zm ZAM;MF,FW;Lecce;it Serie A;25,0;2001,0;23,0;13,0;1148,0;12,8;3,0;3,0;6,0;3,0;0,0;0,0;6,0;1,0;0,47;23,0;7,0;30,4;1,8;0,55;0,13;0,43;52,0;14,0;6,0;34,0;0,0;39,0;0,0;;0,0;;;0,0;;;;;0,0;;;;;No;No;No;No;No;No;No;No;No;No
208,0;Noahkai Banks;us USA;DF;Augsburg;de Bundesliga;19,0;2006,0;21,0;19,0;1650,0;18,3;1,0;1,0;2,0;1,0;0,0;0,0;8,0;0,0;0,11;9,0;5,0;55,6;0,49;0,27;0,11;0,2;3,0;25,0;17,0;18,0;0,0;29,0;0,0;;0,0;;;0,0;;;;;0,0;;;;;No;No;No;No;No;No;No;No;No;No
209,0;Ezechiel Banzuzi;nl NED;MF;RB Leipzig;de Bundesliga;21,0;2005,0;22,0;2,0;537,0;6,0;0,0;1,0;1,0;0,0;0,0;0,0;3,0;0,0;0,17;12,0;3,0;25,0;2,01;0,5;0,0;0,0;5,0;10,0;6,0;5,0;0,0;13,0;0,0;;0,0;;;0,0;;;;;0,0;;;;;No;No;No;No;No;No;No;No;No;No
210,0;Tommaso Barbieri;it ITA;MF;Cremonese;it Serie A;23,0;2002,0;21,0;16,0;1444,0;16,0;0,0;1,0;1,0;0,0;0,0;0,0;5,0;0,0;0,06;12,0;1,0;8,3;0,75;0,06;0,0;0,0;65,0;22,0;13,0;23,0;0,0;32,0;0,0;;0,0;;;0,0;;;;;0,0;;;;;No;No;No;No;No;No;No;No;No;No
211,0;Valentín Barco;ar ARG;MF;Strasbourg;fr Ligue 1;21,0;2004,0;23,0;21,0;1898,0;21,1;1,0;4,0;5,0;1,0;0,0;0,0;4,0;1,0;0,24;21,0;6,0;28,6;1,0;0,28;0,05;0,17;94,0;32,0;12,0;57,0;0,0;21,0;0,0;;0,0;;;0,0;;;;;0,0;;;;;No;No;No;No;No;No;No;No;No;No
212,0;Bradley Barcola;fr FRA;FW;Paris Saint-Germain;fr Ligue 1;23,0;2002,0;22,0;15,0;1324,0;14,7;10,0;1,0;11,0;10,0;0,0;0,0;2,0;0,0;0,75;55,0;25,0;45,5;3,74;1,7;0,18;0,4;20,0;12,0;11,0;8,0;0,0;16,0;0,0;;0,0;;;0,0;;;;;0,0;;;;;No;No;No;No;No;No;No;No;No;No
213,0;Melvin Bard;fr FRA;DF,MF;Nice;fr Ligue 1;25,0;2000,0;22,0;19,0;1806,0;20,1;2,0;1,0;3,0;2,0;0,0;0,0;3,0;0,0;0,15;14,0;5,0;35,7;0,7;0,25;0,14;0,4;64,0;20,0;28,0;19,0;0,0;19,0;0,0;;0,0;;;0,0;;;;;0,0;;;;;No;No;No;No;No;No;No;No;No;No
214,0;Roony Bardghji;se SWE;MF,FW;Barcelona;es La Liga;20,0;2005,0;16,0;4,0;393,0;4,4;1,0;1,0;2,0;1,0;0,0;0,0;0,0;0,0;0,46;16,0;10,0;62,5;3,66;2,29;0,06;0,1;34,0;2,0;0,0;3,0;0,0;2,0;0,0;;0,0;;;0,0;;;;;0,0;;;;;No;No;No;No;No;No;No;No;No;No
215,0;Nicolò Barella;it ITA;MF;Inter;it Serie A;29,0;1997,0;26,0;23,0;1904,0;21,2;1,0;6,0;7,0;1,0;0,0;0,0;5,0;0,0;0,33;27,0;3,0;11,1;1,28;0,14;0,04;0,33;83,0;25,0;5,0;19,0;0,0;27,0;0,0;;0,0;;;0,0;;;;;0,0;;;;;No;No;No;No;No;No;No;No;No;No
216,0;Kike Barja;es ESP;MF;Osasuna;es La Liga;28,0;1997,0;18,0;1,0;245,0;2,7;1,0;1,0;2,0;1,0;0,0;0,0;2,0;0,0;0,73;3,0;1,0;33,3;1,1;0,37;0,33;1,0;36,0;2,0;0,0;4,0;0,0;6,0;0,0;;0,0;;;0,0;;;;;0,0;;;;;No;No;No;No;No;No;No;No;No;No
217,0;Ross Barkley;eng ENG;MF;Aston Villa;eng Premier League;32,0;1993,0;13,0;1,0;336,0;3,7;2,0;0,0;2,0;2,0;0,0;0,0;0,0;0,0;0,54;9,0;3,0;33,3;2,41;0,8;0,22;0,67;0,0;9,0;2,0;3,0;0,0;2,0;0,0;;0,0;;;0,0;;;;;0,0;;;;;No;No;No;No;No;No;No;No;No;No
218,0;Ashley Barnes;eng ENG;FW,MF;Burnley;eng Premier League;36,0;1989,0;5,0;0,0;27,0;0,3;0,0;0,0;0,0;0,0;0,0;0,0;1,0;0,0;0,0;1,0;0,0;0,0;3,33;0,0;0,0;0,0;0,0;0,0;0,0;0,0;0,0;2,0;0,0;;0,0;;;0,0;;;;;0,0;;;;;No;No;No;No;No;No;No;No;No;No
219,0;Harvey Barnes;eng ENG;FW,MF;Newcastle United;eng Premier League;28,0;1997,0;29,0;16,0;1584,0;17,6;5,0;0,0;5,0;5,0;0,0;0,0;1,0;0,0;0,28;49,0;18,0;36,7;2,78;1,02;0,1;0,28;66,0;5,0;3,0;18,0;0,0;14,0;0,0;;0,0;;;0,0;;;;;0,0;;;;;No;No;No;No;No;No;No;No;No;No
220,0;Ander Barrenetxea;es ESP;MF,FW;Real Sociedad;es La Liga;24,0;2001,0;22,0;15,0;1272,0;14,1;3,0;3,0;6,0;3,0;0,0;0,0;2,0;0,0;0,42;26,0;8,0;30,8;1,84;0,57;0,12;0,38;53,0;10,0;13,0;19,0;0,0;28,0;0,0;;0,0;;;0,0;;;;;0,0;;;;;Sí;No;No;No;No;No;No;No;No;No
221,0;Pablo Barrios;es ESP;MF;Atlético Madrid;es La Liga;22,0;2003,0;21,0;19,0;1575,0;17,5;1,0;1,0;2,0;1,0;0,0;0,0;0,0;0,0;0,11;21,0;6,0;28,6;1,2;0,34;0,05;0,17;27,0;15,0;23,0;21,0;0,0;12,0;0,0;;0,0;;;0,0;;;;;0,0;;;;;No;Sí;Sí;No;No;No;No;No;No;No
222,0;Thierno Barry;fr FRA;FW;Everton;eng Premier League;23,0;2002,0;30,0;19,0;1630,0;18,1;6,0;0,0;6,0;6,0;0,0;0,0;3,0;0,0;0,33;32,0;10,0;31,3;1,77;0,55;0,19;0,6;3,0;2,0;5,0;7,0;0,0;36,0;0,0;;0,0;;;0,0;;;;;0,0;;;;;No;No;No;No;No;No;No;No;No;No
223,0;Davide Bartesaghi;it ITA;MF,DF;Milan;it Serie A;20,0;2005,0;23,0;19,0;1777,0;19,7;2,0;0,0;2,0;2,0;0,0;0,0;2,0;0,0;0,1;16,0;6,0;37,5;0,81;0,3;0,13;0,33;120,0;30,0;9,0;12,0;0,0;13,0;0,0;;0,0;;;0,0;;;;;0,0;;;;;No;No;No;No;No;No;No;No;No;No
224,0;Marc Bartra;es ESP;DF;Real Betis;es La Liga;35,0;1991,0;22,0;18,0;1767,0;19,6;1,0;0,0;1,0;1,0;0,0;0,0;3,0;0,0;0,05;14,0;5,0;35,7;0,71;0,25;0,07;0,2;2,0;17,0;27,0;10,0;0,0;13,0;1,0;;0,0;;;0,0;;;;;0,0;;;;;No;No;No;No;No;No;No;No;No;No
225,0;Federico Baschirotto;it ITA;DF;Cremonese;it Serie A;29,0;1996,0;25,0;25,0;2250,0;25,0;2,0;0,0;2,0;2,0;0,0;0,0;2,0;0,0;0,08;12,0;5,0;41,7;0,48;0,2;0,17;0,4;5,0;13,0;20,0;9,0;0,0;40,0;0,0;;0,0;;;0,0;;;;;0,0;;;;;No;No;No;No;No;No;No;No;No;No
226,0;Toma Bašić;hr CRO;MF;Lazio;it Serie A;29,0;1996,0;16,0;16,0;1170,0;13,0;1,0;2,0;3,0;1,0;0,0;0,0;0,0;1,0;0,23;26,0;9,0;34,6;2,0;0,69;0,04;0,11;33,0;12,0;7,0;14,0;0,0;15,0;0,0;;0,0;;;0,0;;;;;0,0;;;;;No;No;No;No;No;No;No;No;No;No
227,0;Calvin Bassey;ng NGA;DF;Fulham;eng Premier League;26,0;1999,0;22,0;20,0;1814,0;20,2;1,0;0,0;1,0;1,0;0,0;0,0;5,0;0,0;0,05;9,0;1,0;11,1;0,45;0,05;0,11;1,0;9,0;20,0;15,0;29,0;0,0;22,0;0,0;;0,0;;;0,0;;;;;0,0;;;;;No;No;No;No;No;No;No;No;No;No
228,0;Alessandro Bastoni;it ITA;DF;Inter;it Serie A;26,0;1999,0;24,0;24,0;2009,0;22,3;1,0;4,0;5,0;1,0;0,0;0,0;6,0;0,0;0,22;16,0;7,0;43,8;0,72;0,31;0,06;0,14;76,0;34,0;20,0;18,0;0,0;40,0;0,0;;0,0;;;0,0;;;;;0,0;;;;;No;No;No;No;No;No;No;No;No;No
229,0;Augusto Batalla;ar ARG;GK;Rayo Vallecano;es La Liga;29,0;1996,0;28,0;28,0;2520,0;28,0;0,0;0,0;0,0;0,0;0,0;0,0;4,0;0,0;0,0;0,0;0,0;0,0;0,0;0,0;0,0;0,0;0,0;1,0;0,0;4,0;0,0;0,0;0,0;34,0;1,21;104,0;75,0;72,1;7,0;11,0;10,0;8,0;28,6;5,0;5,0;0,0;0,0;No;No;No;No;No;No;No;No;No;No
230,0;Michy Batshuayi;be BEL;FW;Eintracht Frankfurt;de Bundesliga;32,0;1993,0;6,0;1,0;139,0;1,5;1,0;0,0;1,0;0,0;1,0;1,0;0,0;0,0;0,0;5,0;1,0;20,0;3,24;0,65;0,0;0,0;0,0;1,0;0,0;1,0;0,0;2,0;0,0;;0,0;;;0,0;;;;;0,0;;;;;No;No;No;No;No;No;No;No;No;No
231,0;Martin Baturina;hr CRO;MF,FW;Como;it Serie A;23,0;2003,0;20,0;11,0;973,0;10,8;5,0;3,0;8,0;5,0;0,0;0,0;0,0;0,0;0,74;14,0;5,0;35,7;1,29;0,46;0,36;1,0;52,0;9,0;5,0;30,0;0,0;13,0;0,0;;0,0;;;0,0;;;;;0,0;;;;;No;No;No;No;No;No;No;No;No;No
232,0;Daniel Batz;de GER;GK;Mainz 05;de Bundesliga;35,0;1991,0;14,0;14,0;1260,0;14,0;0,0;0,0;0,0;0,0;0,0;0,0;1,0;0,0;0,0;0,0;0,0;0,0;0,0;0,0;0,0;0,0;0,0;0,0;0,0;0,0;0,0;0,0;0,0;18,0;1,29;67,0;50,0;74,6;5,0;6,0;3,0;3,0;21,4;1,0;1,0;0,0;0,0;No;No;No;No;No;No;No;No;No;No
233,0;Elias Baum;de GER;DF;Eintracht Frankfurt;de Bundesliga;20,0;2005,0;3,0;0,0;38,0;0,4;0,0;0,0;0,0;0,0;0,0;0,0;0,0;0,0;0,0;0,0;0,0;0,0;0,0;0,0;0,0;0,0;3,0;0,0;0,0;0,0;0,0;2,0;0,0;;0,0;;;0,0;;;;;0,0;;;;;No;No;No;No;No;No;No;No;No;No
234,0;Oliver Baumann;de GER;GK;Hoffenheim;de Bundesliga;35,0;1990,0;26,0;26,0;2340,0;26,0;0,0;0,0;0,0;0,0;0,0;0,0;1,0;0,0;0,0;0,0;0,0;0,0;0,0;0,0;0,0;0,0;0,0;0,0;0,0;5,0;0,0;0,0;0,0;34,0;1,31;106,0;76,0;71,7;15,0;5,0;6,0;6,0;23,1;5,0;4,0;0,0;1,0;No;No;No;No;No;No;No;No;No;No
235,0;Christoph Baumgartner;at AUT;MF;RB Leipzig;de Bundesliga;26,0;1999,0;25,0;24,0;2065,0;22,9;10,0;6,0;16,0;10,0;0,0;1,0;6,0;0,0;0,7;59,0;24,0;40,7;2,57;1,05;0,17;0,42;4,0;27,0;15,0;26,0;0,0;47,0;0,0;;0,0;;;0,0;;;;;0,0;;;;;No;No;No;No;No;No;No;No;No;No
236,0;Altay Bayındır;tr TUR;GK;Manchester Utd;eng Premier League;27,0;1998,0;6,0;6,0;540,0;6,0;0,0;0,0;0,0;0,0;0,0;0,0;0,0;0,0;0,0;0,0;0,0;0,0;0,0;0,0;0,0;0,0;0,0;0,0;0,0;3,0;0,0;0,0;0,0;11,0;1,83;24,0;13,0;54,2;2,0;1,0;3,0;0,0;0,0;0,0;0,0;0,0;0,0;No;No;No;No;No;No;No;No;No;No
237,0;Vakoun Bayo;ci CIV;FW;Udinese;it Serie A;29,0;1997,0;13,0;4,0;424,0;4,7;0,0;1,0;1,0;0,0;0,0;0,0;0,0;0,0;0,21;12,0;1,0;8,3;2,55;0,21;0,0;0,0;1,0;1,0;0,0;5,0;0,0;13,0;0,0;;0,0;;;0,0;;;;;0,0;;;;;No;No;No;No;No;No;No;No;No;No
238,0;Ihlas Bebou;tg TOG;FW,MF;Hoffenheim;de Bundesliga;31,0;1994,0;15,0;0,0;183,0;2,0;0,0;0,0;0,0;0,0;0,0;0,0;1,0;0,0;0,0;5,0;2,0;40,0;2,46;0,98;0,0;0,0;1,0;1,0;3,0;2,0;0,0;5,0;0,0;;0,0;;;0,0;;;;;0,0;;;;;No;No;No;No;No;No;No;No;No;No
239,0;Samu Becerra;es ESP;MF;Rayo Vallecano;es La Liga;20,0;2006,0;3,0;0,0;12,0;0,1;0,0;0,0;0,0;0,0;0,0;0,0;0,0;0,0;0,0;0,0;0,0;0,0;0,0;0,0;0,0;0,0;2,0;0,0;0,0;0,0;0,0;1,0;0,0;;0,0;;;0,0;;;;;0,0;;;;;No;No;No;No;No;No;No;No;No;No
240,0;Adrian Beck;de GER;MF;Heidenheim;de Bundesliga;28,0;1997,0;19,0;8,0;769,0;8,5;1,0;0,0;1,0;1,0;0,0;0,0;0,0;0,0;0,12;10,0;4,0;40,0;1,17;0,47;0,1;0,25;9,0;15,0;3,0;13,0;0,0;11,0;0,0;;0,0;;;0,0;;;;;0,0;;;;;No;No;No;No;No;No;No;No;No;No
241,0;Sheraldo Becker;sr SUR;FW,MF;Osasuna;es La Liga;31,0;1995,0;9,0;0,0;158,0;1,8;0,0;0,0;0,0;0,0;0,0;0,0;0,0;0,0;0,0;3,0;0,0;0,0;1,71;0,0;0,0;0,0;11,0;1,0;3,0;1,0;0,0;4,0;0,0;;0,0;;;0,0;;;;;0,0;;;;;No;No;No;No;No;No;No;No;No;No
242,0;Sheraldo Becker;sr SUR;FW;Mainz 05;de Bundesliga;31,0;1995,0;6,0;3,0;331,0;3,7;1,0;1,0;2,0;1,0;0,0;0,0;1,0;0,0;0,54;8,0;4,0;50,0;2,18;1,09;0,13;0,25;16,0;0,0;1,0;0,0;0,0;6,0;0,0;;0,0;;;0,0;;;;;0,0;;;;;No;No;No;No;No;No;No;No;No;No
243,0;Donny van de Beek;nl NED;MF;Girona;es La Liga;28,0;1997,0;2,0;1,0;41,0;0,5;0,0;0,0;0,0;0,0;0,0;0,0;0,0;0,0;0,0;2,0;1,0;50,0;4,39;2,2;0,0;0,0;0,0;0,0;0,0;0,0;0,0;0,0;0,0;;0,0;;;0,0;;;;;0,0;;;;;No;No;No;No;No;No;No;No;No;No
244,0;Tjaš Begić;si SVN;MF;Parma;it Serie A;22,0;2003,0;1,0;0,0;1,0;0,0;0,0;0,0;0,0;0,0;0,0;0,0;0,0;0,0;0,0;0,0;0,0;0,0;0,0;0,0;0,0;0,0;0,0;0,0;0,0;0,0;0,0;0,0;0,0;;0,0;;;0,0;;;;;0,0;;;;;No;No;No;No;No;No;No;No;No;No
245,0;Hannes Behrens;de GER;MF,DF;Heidenheim;de Bundesliga;21,0;2005,0;8,0;7,0;640,0;7,1;0,0;2,0;2,0;0,0;0,0;0,0;0,0;0,0;0,28;3,0;1,0;33,3;0,42;0,14;0,0;0,0;28,0;10,0;7,0;15,0;0,0;3,0;1,0;;0,0;;;0,0;;;;;0,0;;;;;No;No;No;No;No;No;No;No;No;No
246,0;Maximilian Beier;de GER;MF,FW;Dortmund;de Bundesliga;23,0;2002,0;24,0;17,0;1437,0;16,0;8,0;4,0;12,0;8,0;0,0;0,0;2,0;0,0;0,75;39,0;17,0;43,6;2,44;1,06;0,21;0,47;15,0;9,0;5,0;15,0;0,0;18,0;0,0;;0,0;;;0,0;;;;;0,0;;;;;No;No;No;No;No;No;No;No;No;No
247,0;Ismael Bekhoucha;ma MAR;DF;Getafe;es La Liga;21,0;2004,0;4,0;1,0;122,0;1,4;0,0;1,0;1,0;0,0;0,0;0,0;2,0;0,0;0,74;1,0;0,0;0,0;0,74;0,0;0,0;0,0;4,0;5,0;2,0;3,0;0,0;7,0;0,0;;0,0;;;0,0;;;;;0,0;;;;;No;No;No;No;No;No;No;No;No;No
248,0;Reda Belahyane;ma MAR;MF;Lazio;it Serie A;21,0;2004,0;12,0;4,0;519,0;5,8;0,0;1,0;1,0;0,0;0,0;0,0;1,0;1,0;0,17;1,0;1,0;100,0;0,17;0,17;0,0;0,0;1,0;5,0;2,0;3,0;0,0;11,0;0,0;;0,0;;;0,0;;;;;0,0;;;;;No;No;No;No;No;No;No;No;No;No
249,0;Rafik Belghali;dz ALG;MF;Hellas Verona;it Serie A;23,0;2002,0;17,0;13,0;1169,0;13,0;2,0;0,0;2,0;2,0;0,0;0,0;5,0;0,0;0,15;10,0;4,0;40,0;0,77;0,31;0,2;0,5;40,0;8,0;11,0;5,0;0,0;16,0;0,0;;0,0;;;0,0;;;;;0,0;;;;;No;No;No;No;No;No;No;No;No;No
250,0;Haris Belkebla;dz ALG;MF;Angers;fr Ligue 1;32,0;1994,0;25,0;25,0;2176,0;24,2;0,0;0,0;0,0;0,0;0,0;0,0;7,0;0,0;0,0;4,0;0,0;0,0;0,17;0,0;0,0;0,0;3,0;32,0;21,0;43,0;0,0;17,0;0,0;;0,0;;;0,0;;;;;0,0;;;;;No;No;No;No;No;No;No;No;No;No
251,0;Yassin Belkhdim;fr FRA;MF;Angers;fr Ligue 1;24,0;2002,0;25,0;24,0;1957,0;21,7;2,0;2,0;4,0;2,0;0,0;0,0;4,0;0,0;0,18;28,0;12,0;42,9;1,29;0,55;0,07;0,17;37,0;39,0;29,0;26,0;0,0;26,0;0,0;;0,0;;;0,0;;;;;0,0;;;;;No;No;No;No;No;No;No;No;No;No
252,0;Stefan Bell;de GER;DF;Mainz 05;de Bundesliga;34,0;1991,0;18,0;13,0;1039,0;11,5;2,0;1,0;3,0;2,0;0,0;0,0;4,0;0,0;0,26;12,0;5,0;41,7;1,04;0,43;0,17;0,4;1,0;6,0;19,0;8,0;0,0;15,0;0,0;;0,0;;;0,0;;;;;0,0;;;;;No;No;No;No;No;No;No;No;No;No
253,0;Armel Bella Kotchap;de GER;DF;Hellas Verona;it Serie A;24,0;2001,0;17,0;13,0;1264,0;14,0;0,0;0,0;0,0;0,0;0,0;0,0;3,0;0,0;0,0;3,0;0,0;0,0;0,21;0,0;0,0;0,0;1,0;10,0;29,0;15,0;0,0;22,0;0,0;;0,0;;;0,0;;;;;0,0;;;;;No;No;No;No;No;No;No;No;No;No
254,0;Raoul Bellanova;it ITA;MF;Atalanta;it Serie A;25,0;2000,0;18,0;12,0;1162,0;12,9;0,0;1,0;1,0;0,0;0,0;0,0;1,0;0,0;0,08;13,0;5,0;38,5;1,01;0,39;0,0;0,0;78,0;8,0;8,0;9,0;0,0;2,0;0,0;;0,0;;;0,0;;;;;0,0;;;;;No;No;No;No;No;No;No;No;No;No
255,0;Jean-Ricner Bellegarde;ht HAI;MF,FW;Wolves;eng Premier League;27,0;1998,0;22,0;13,0;1086,0;12,1;1,0;1,0;2,0;1,0;0,0;0,0;4,0;0,0;0,17;20,0;7,0;35,0;1,66;0,58;0,05;0,14;22,0;14,0;9,0;33,0;0,0;17,0;0,0;;0,0;;;0,0;;;;;0,0;;;;;No;No;No;No;No;No;No;No;No;No
256,0;Héctor Bellerín;es ESP;DF;Real Betis;es La Liga;30,0;1995,0;17,0;13,0;1171,0;13,0;1,0;2,0;3,0;1,0;0,0;0,0;1,0;0,0;0,23;4,0;4,0;100,0;0,31;0,31;0,25;0,25;23,0;7,0;8,0;2,0;0,0;11,0;0,0;;0,0;;;0,0;;;;;0,0;;;;;No;No;No;No;No;No;No;No;No;No
257,0;Jobe Bellingham;eng ENG;MF;Dortmund;de Bundesliga;20,0;2005,0;24,0;12,0;1124,0;12,5;0,0;1,0;1,0;0,0;0,0;0,0;1,0;1,0;0,08;13,0;4,0;30,8;1,04;0,32;0,0;0,0;5,0;14,0;35,0;17,0;0,0;9,0;0,0;;0,0;;;0,0;;;;;0,0;;;;;No;No;No;No;No;No;No;No;No;No
258,0;Jude Bellingham;eng ENG;MF;Real Madrid;es La Liga;22,0;2003,0;18,0;15,0;1291,0;14,3;4,0;3,0;7,0;4,0;0,0;0,0;1,0;0,0;0,49;36,0;19,0;52,8;2,51;1,32;0,11;0,21;9,0;31,0;12,0;34,0;0,0;27,0;0,0;;0,0;;;0,0;;;;;0,0;;;;;No;No;No;No;No;No;No;No;No;No
259,0;Jeanuël Belocian;fr FRA;DF,MF;Wolfsburg;de Bundesliga;21,0;2005,0;6,0;6,0;534,0;5,9;0,0;1,0;1,0;0,0;0,0;0,0;1,0;0,0;0,17;2,0;0,0;0,0;0,34;0,0;0,0;0,0;3,0;7,0;6,0;4,0;0,0;10,0;0,0;;0,0;;;0,0;;;;;0,0;;;;;No;No;No;No;No;No;No;No;No;No
260,0;Jeanuël Belocian;fr FRA;DF;Leverkusen;de Bundesliga;21,0;2005,0;8,0;3,0;292,0;3,2;0,0;0,0;0,0;0,0;0,0;0,0;0,0;0,0;0,0;1,0;0,0;0,0;0,31;0,0;0,0;0,0;4,0;2,0;2,0;5,0;0,0;5,0;0,0;;0,0;;;0,0;;;;;0,0;;;;;No;No;No;No;No;No;No;No;No;No
261,0;Andrea Belotti;it ITA;FW;Cagliari;it Serie A;32,0;1993,0;3,0;3,0;188,0;2,1;2,0;0,0;2,0;1,0;1,0;1,0;0,0;0,0;0,48;6,0;4,0;66,7;2,87;1,91;0,17;0,25;1,0;0,0;3,0;7,0;0,0;3,0;0,0;;0,0;;;0,0;;;;;0,0;;;;;No;No;No;No;No;No;No;No;No;No
262,0;Fran Beltrán;es ESP;MF;Girona;es La Liga;27,0;1999,0;8,0;6,0;506,0;5,6;1,0;0,0;1,0;1,0;0,0;0,0;2,0;0,0;0,18;6,0;2,0;33,3;1,07;0,36;0,17;0,5;3,0;7,0;3,0;5,0;0,0;5,0;0,0;;0,0;;;0,0;;;;;0,0;;;;;No;No;No;No;No;No;No;No;No;No
263,0;Fran Beltrán;es ESP;MF;Celta Vigo;es La Liga;27,0;1999,0;10,0;7,0;528,0;5,9;0,0;0,0;0,0;0,0;0,0;0,0;0,0;0,0;0,0;6,0;1,0;16,7;1,02;0,17;0,0;0,0;2,0;5,0;8,0;3,0;0,0;10,0;0,0;;0,0;;;0,0;;;;;0,0;;;;;No;No;No;No;No;No;No;No;No;No
264,0;Lucas Beltrán;ar ARG;FW;Valencia;es La Liga;24,0;2001,0;22,0;13,0;1109,0;12,3;1,0;2,0;3,0;1,0;0,0;0,0;0,0;0,0;0,24;28,0;8,0;28,6;2,27;0,65;0,04;0,13;10,0;8,0;4,0;35,0;0,0;21,0;0,0;;0,0;;;0,0;;;;;0,0;;;;;No;No;No;No;No;No;No;No;No;No
265,0;Eliesse Ben Seghir;ma MAR;MF;Monaco;fr Ligue 1;21,0;2005,0;2,0;0,0;45,0;0,5;0,0;0,0;0,0;0,0;0,0;0,0;0,0;0,0;0,0;1,0;0,0;0,0;2,0;0,0;0,0;0,0;1,0;0,0;0,0;1,0;0,0;1,0;0,0;;0,0;;;0,0;;;;;0,0;;;;;No;No;No;No;No;No;No;No;No;No
266,0;Eliesse Ben Seghir;ma MAR;MF;Leverkusen;de Bundesliga;21,0;2005,0;7,0;2,0;199,0;2,2;0,0;0,0;0,0;0,0;0,0;0,0;2,0;0,0;0,0;4,0;1,0;25,0;1,81;0,45;0,0;0,0;6,0;1,0;1,0;5,0;0,0;3,0;0,0;;0,0;;;0,0;;;;;0,0;;;;;No;No;No;No;No;No;No;No;No;No
267,0;Carlos Benavídez;uy URU;DF;Alavés;es La Liga;27,0;1998,0;9,0;3,0;242,0;2,7;0,0;0,0;0,0;0,0;0,0;0,0;2,0;1,0;0,0;3,0;2,0;66,7;1,12;0,74;0,0;0,0;0,0;5,0;3,0;2,0;1,0;7,0;0,0;;0,0;;;0,0;;;;;0,0;;;;;No;No;No;No;No;No;No;No;No;No
268,0;Adrian Benedyczak;pl POL;FW;Parma;it Serie A;25,0;2000,0;14,0;5,0;490,0;5,4;1,0;1,0;2,0;0,0;1,0;1,0;1,0;0,0;0,18;8,0;3,0;37,5;1,47;0,55;0,0;0,0;10,0;6,0;1,0;6,0;0,0;9,0;0,0;;0,0;;;0,0;;;;;0,0;;;;;No;No;No;No;No;No;No;No;No;No
269,0;Yassine Benhattab;fr FRA;MF,FW;Nantes;fr Ligue 1;23,0;2002,0;10,0;5,0;477,0;5,3;0,0;0,0;0,0;0,0;0,0;0,0;0,0;0,0;0,0;4,0;1,0;25,0;0,75;0,19;0,0;0,0;25,0;6,0;0,0;3,0;0,0;3,0;0,0;;0,0;;;0,0;;;;;0,0;;;;;No;No;No;No;No;No;No;No;No;No
270,0;Walter Benítez;ar ARG;GK;Crystal Palace;eng Premier League;33,0;1993,0;1,0;1,0;90,0;1,0;0,0;0,0;0,0;0,0;0,0;0,0;0,0;0,0;0,0;0,0;0,0;0,0;0,0;0,0;0,0;0,0;0,0;0,0;0,0;0,0;0,0;0,0;0,0;0,0;0,0;3,0;3,0;100,0;0,0;1,0;0,0;1,0;100,0;1,0;0,0;0,0;1,0;No;No;No;No;No;No;No;No;No;No
271,0;Iker Benito;es ESP;MF;Osasuna;es La Liga;23,0;2002,0;5,0;1,0;150,0;1,7;1,0;0,0;1,0;1,0;0,0;0,0;1,0;0,0;0,6;2,0;1,0;50,0;1,2;0,6;0,5;1,0;5,0;0,0;2,0;3,0;0,0;3,0;0,0;;0,0;;;0,0;;;;;0,0;;;;;No;No;No;No;No;No;No;No;No;No
272,0;Mohamed Benoit Dao;fr FRA;FW;Paris FC;fr Ligue 1;19,0;2007,0;1,0;0,0;2,0;0,0;0,0;0,0;0,0;0,0;0,0;0,0;0,0;0,0;0,0;0,0;0,0;0,0;0,0;0,0;0,0;0,0;1,0;0,0;0,0;0,0;0,0;0,0;0,0;;0,0;;;0,0;;;;;0,0;;;;;No;No;No;No;No;No;No;No;No;No
273,0;Ramy Bensebaini;dz ALG;DF;Dortmund;de Bundesliga;30,0;1995,0;16,0;12,0;1166,0;13,0;2,0;0,0;2,0;2,0;0,0;0,0;5,0;0,0;0,15;10,0;4,0;40,0;0,77;0,31;0,2;0,5;7,0;10,0;11,0;11,0;0,0;26,0;0,0;;0,0;;;0,0;;;;;0,0;;;;;No;No;No;No;No;No;No;No;No;No
274,0;Nabil Bentaleb;dz ALG;MF;Lille;fr Ligue 1;31,0;1994,0;21,0;9,0;927,0;10,3;2,0;2,0;4,0;1,0;1,0;1,0;3,0;0,0;0,29;16,0;5,0;31,3;1,55;0,49;0,06;0,2;16,0;4,0;7,0;15,0;0,0;9,0;0,0;;0,0;;;0,0;;;;;0,0;;;;;No;No;No;No;No;No;No;No;No;No
275,0;Rodrigo Bentancur;uy URU;MF;Tottenham Hotspur;eng Premier League;28,0;1997,0;20,0;17,0;1410,0;15,7;1,0;1,0;2,0;1,0;0,0;0,0;5,0;0,0;0,13;9,0;2,0;22,2;0,57;0,13;0,11;0,5;7,0;21,0;24,0;3,0;0,0;15,0;0,0;;0,0;;;0,0;;;;;0,0;;;;;No;No;No;No;No;No;No;No;No;No
276,0;Lucas Beraldo;br BRA;DF;Paris Saint-Germain;fr Ligue 1;22,0;2003,0;11,0;10,0;823,0;9,1;1,0;0,0;1,0;1,0;0,0;0,0;1,0;0,0;0,11;3,0;1,0;33,3;0,33;0,11;0,33;1,0;0,0;7,0;8,0;2,0;0,0;12,0;0,0;;0,0;;;0,0;;;;;0,0;;;;;No;No;No;No;No;No;No;No;No;No
277,0;Domenico Berardi;it ITA;FW;Sassuolo;it Serie A;31,0;1994,0;19,0;18,0;1488,0;16,5;7,0;3,0;10,0;5,0;2,0;3,0;2,0;0,0;0,48;29,0;15,0;51,7;1,75;0,91;0,17;0,33;44,0;17,0;17,0;30,0;0,0;25,0;0,0;;0,0;;;0,0;;;;;0,0;;;;;No;No;No;No;No;No;No;No;No;No
278,0;Yuri Berchiche;es ESP;DF;Athletic Club;es La Liga;36,0;1990,0;24,0;23,0;2023,0;22,5;0,0;3,0;3,0;0,0;0,0;0,0;3,0;0,0;0,13;15,0;3,0;20,0;0,67;0,13;0,0;0,0;45,0;22,0;28,0;28,0;0,0;19,0;0,0;;0,0;;;0,0;;;;;0,0;;;;;No;No;No;No;No;No;No;No;No;No
279,0;Álex Berenguer;es ESP;MF;Athletic Club;es La Liga;30,0;1995,0;23,0;20,0;1672,0;18,6;2,0;3,0;5,0;2,0;0,0;0,0;4,0;0,0;0,27;34,0;18,0;52,9;1,83;0,97;0,06;0,11;160,0;12,0;10,0;35,0;0,0;19,0;1,0;;0,0;;;0,0;;;;;0,0;;;;;No;No;No;No;No;No;No;No;No;No
280,0;Sander Berge;no NOR;MF;Fulham;eng Premier League;28,0;1998,0;30,0;29,0;2500,0;27,8;0,0;1,0;1,0;0,0;0,0;0,0;5,0;0,0;0,04;9,0;3,0;33,3;0,32;0,11;0,0;0,0;12,0;36,0;20,0;10,0;0,0;30,0;1,0;;0,0;;;0,0;;;;;0,0;;;;;No;No;No;No;No;No;No;No;No;No
281,0;Lucas Bergström;fi FIN;GK;Mallorca;es La Liga;23,0;2002,0;5,0;5,0;450,0;5,0;0,0;0,0;0,0;0,0;0,0;0,0;1,0;0,0;0,0;0,0;0,0;0,0;0,0;0,0;0,0;0,0;0,0;0,0;0,0;0,0;0,0;0,0;0,0;7,0;1,4;22,0;15,0;68,2;1,0;2,0;2,0;2,0;40,0;0,0;0,0;0,0;0,0;No;No;No;No;No;No;No;No;No;No
282,0;Lucas Bergvall;se SWE;MF;Tottenham Hotspur;eng Premier League;20,0;2006,0;17,0;10,0;805,0;8,9;1,0;2,0;3,0;1,0;0,0;0,0;2,0;0,0;0,34;10,0;5,0;50,0;1,12;0,56;0,1;0,2;17,0;12,0;2,0;5,0;0,0;18,0;0,0;;0,0;;;0,0;;;;;0,0;;;;;No;No;No;No;No;No;No;No;No;No
283,0;Medon Berisha;al ALB;MF;Lecce;it Serie A;22,0;2003,0;13,0;12,0;871,0;9,7;2,0;3,0;5,0;2,0;0,0;0,0;0,0;0,0;0,52;24,0;5,0;20,8;2,48;0,52;0,08;0,4;58,0;12,0;5,0;10,0;0,0;11,0;0,0;;0,0;;;0,0;;;;;0,0;;;;;No;No;No;No;No;No;No;No;No;No
284,0;Anthony Bermont;fr FRA;FW;Lens;fr Ligue 1;21,0;2005,0;9,0;0,0;92,0;1,0;0,0;0,0;0,0;0,0;0,0;0,0;0,0;0,0;0,0;3,0;1,0;33,3;2,93;0,98;0,0;0,0;11,0;0,0;3,0;0,0;0,0;2,0;0,0;;0,0;;;0,0;;;;;0,0;;;;;No;No;No;No;No;No;No;No;No;No
285,0;Adrian Bernabe;es ESP;MF;Parma;it Serie A;24,0;2001,0;27,0;26,0;2109,0;23,4;3,0;1,0;4,0;3,0;0,0;0,0;0,0;0,0;0,17;46,0;11,0;23,9;1,96;0,47;0,07;0,27;79,0;20,0;13,0;48,0;0,0;13,0;0,0;;0,0;;;0,0;;;;;0,0;;;;;No;No;No;No;No;No;No;No;No;No
286,0;Marc Bernal;es ESP;MF;Barcelona;es La Liga;18,0;2007,0;15,0;5,0;449,0;5,0;2,0;1,0;3,0;2,0;0,0;0,0;3,0;0,0;0,6;5,0;2,0;40,0;1,0;0,4;0,4;1,0;1,0;9,0;6,0;6,0;0,0;10,0;0,0;;0,0;;;0,0;;;;;0,0;;;;;No;No;No;No;No;No;No;No;No;No
287,0;Gabin Bernardeau;fr FRA;MF;Nice;fr Ligue 1;20,0;2006,0;4,0;1,0;95,0;1,1;0,0;0,0;0,0;0,0;0,0;0,0;0,0;0,0;0,0;3,0;1,0;33,3;2,84;0,95;0,0;0,0;5,0;4,0;0,0;3,0;0,0;1,0;0,0;;0,0;;;0,0;;;;;0,0;;;;;No;No;No;No;No;No;No;No;No;No
288,0;Federico Bernardeschi;it ITA;MF,FW;Bologna;it Serie A;32,0;1994,0;21,0;6,0;759,0;8,4;2,0;1,0;3,0;1,0;1,0;1,0;2,0;0,0;0,24;23,0;8,0;34,8;2,73;0,95;0,04;0,13;36,0;5,0;3,0;10,0;0,0;11,0;0,0;;0,0;;;0,0;;;;;0,0;;;;;No;No;No;No;No;No;No;No;No;No
289,0;Bernardo;br BRA;DF;Hoffenheim;de Bundesliga;30,0;1995,0;21,0;20,0;1773,0;19,7;0,0;0,0;0,0;0,0;0,0;0,0;6,0;0,0;0,0;7,0;0,0;0,0;0,36;0,0;0,0;0,0;14,0;33,0;29,0;9,0;0,0;34,0;0,0;;0,0;;;0,0;;;;;0,0;;;;;No;No;No;No;No;No;No;No;No;No
290,0;Lorenzo Bernasconi;it ITA;MF;Atalanta;it Serie A;22,0;2003,0;19,0;14,0;1265,0;14,1;0,0;3,0;3,0;0,0;0,0;0,0;3,0;0,0;0,21;9,0;1,0;11,1;0,64;0,07;0,0;0,0;95,0;15,0;10,0;4,0;0,0;8,0;0,0;;0,0;;;0,0;;;;;0,0;;;;;No;No;No;No;No;No;No;No;No;No
291,0;Antoine Bernede;fr FRA;MF;Hellas Verona;it Serie A;26,0;1999,0;24,0;22,0;1801,0;20,0;1,0;2,0;3,0;1,0;0,0;0,0;1,0;0,0;0,15;16,0;3,0;18,8;0,8;0,15;0,06;0,33;21,0;31,0;12,0;16,0;0,0;46,0;0,0;;0,0;;;0,0;;;;;0,0;;;;;No;No;No;No;No;No;No;No;No;No
292,0;Nicolò Bertola;it ITA;DF,MF;Udinese;it Serie A;22,0;2003,0;23,0;18,0;1640,0;18,2;0,0;1,0;1,0;0,0;0,0;0,0;3,0;0,0;0,05;12,0;4,0;33,3;0,66;0,22;0,0;0,0;8,0;20,0;21,0;11,0;0,0;17,0;0,0;;0,0;;;0,0;;;;;0,0;;;;;No;No;No;No;No;No;No;No;No;No
293,0;Jan-Niklas Beste;de GER;MF;Freiburg;de Bundesliga;27,0;1999,0;20,0;15,0;1301,0;14,5;1,0;2,0;3,0;1,0;0,0;0,0;5,0;0,0;0,21;20,0;11,0;55,0;1,38;0,76;0,05;0,09;87,0;16,0;14,0;26,0;0,0;13,0;0,0;;0,0;;;0,0;;;;;0,0;;;;;No;No;No;No;No;No;No;No;No;No
294,0;Beto;gw GNB;FW;Everton;eng Premier League;28,0;1998,0;30,0;11,0;1132,0;12,6;4,0;0,0;4,0;4,0;0,0;0,0;2,0;0,0;0,32;29,0;10,0;34,5;2,31;0,8;0,14;0,4;2,0;4,0;1,0;11,0;0,0;26,0;0,0;;0,0;;;0,0;;;;;0,0;;;;;No;No;No;No;No;No;No;No;No;No
295,0;Sam Beukema;nl NED;DF;Napoli;it Serie A;27,0;1998,0;17,0;14,0;1232,0;13,7;2,0;0,0;2,0;2,0;0,0;0,0;2,0;0,0;0,15;6,0;3,0;50,0;0,44;0,22;0,33;0,67;5,0;14,0;11,0;4,0;0,0;14,0;0,0;;0,0;;;0,0;;;;;0,0;;;;;No;No;No;No;No;No;No;No;No;No
296,0;Matteo Bianchetti;it ITA;DF;Cremonese;it Serie A;33,0;1993,0;21,0;20,0;1674,0;18,6;0,0;2,0;2,0;0,0;0,0;0,0;3,0;0,0;0,11;6,0;1,0;16,7;0,32;0,05;0,0;0,0;6,0;25,0;11,0;13,0;0,0;22,0;0,0;;0,0;;;0,0;;;;;0,0;;;;;No;No;No;No;No;No;No;No;No;No
297,0;Mika Biereth;dk DEN;FW;Monaco;fr Ligue 1;23,0;2003,0;24,0;12,0;1004,0;11,2;2,0;2,0;4,0;2,0;0,0;0,0;0,0;0,0;0,36;19,0;7,0;36,8;1,7;0,63;0,11;0,29;9,0;7,0;0,0;14,0;0,0;16,0;0,0;;0,0;;;0,0;;;;;0,0;;;;;No;No;No;No;No;No;No;No;No;No
298,0;Pedro Bigas;es ESP;DF;Elche;es La Liga;35,0;1990,0;20,0;18,0;1476,0;16,4;0,0;2,0;2,0;0,0;0,0;0,0;3,0;0,0;0,12;7,0;1,0;14,3;0,43;0,06;0,0;0,0;20,0;15,0;24,0;16,0;0,0;16,0;0,0;;0,0;;;0,0;;;;;0,0;;;;;No;No;No;No;No;No;No;No;No;No
299,0;Justin Bijlow;nl NED;GK;Genoa;it Serie A;28,0;1998,0;8,0;8,0;720,0;8,0;0,0;0,0;0,0;0,0;0,0;0,0;0,0;0,0;0,0;0,0;0,0;0,0;0,0;0,0;0,0;0,0;0,0;0,0;0,0;1,0;0,0;0,0;0,0;11,0;1,37;28,0;21,0;75,0;4,0;1,0;3,0;3,0;37,5;4,0;4,0;0,0;0,0;No;No;No;No;No;No;No;No;No;No
300,0;Jaka Bijol;si SVN;DF;Leeds United;eng Premier League;27,0;1999,0;17,0;13,0;1218,0;13,5;1,0;1,0;2,0;1,0;0,0;0,0;3,0;0,0;0,15;12,0;6,0;50,0;0,89;0,44;0,08;0,17;1,0;11,0;16,0;7,0;0,0;15,0;0,0;;0,0;;;0,0;;;;;0,0;;;;;No;No;No;No;No;No;No;No;No;No
301,0;Cristiano Biraghi;it ITA;MF,DF;Torino;it Serie A;33,0;1992,0;11,0;5,0;469,0;5,2;0,0;0,0;0,0;0,0;0,0;0,0;0,0;0,0;0,0;2,0;0,0;0,0;0,38;0,0;0,0;0,0;38,0;7,0;2,0;6,0;0,0;7,0;0,0;;0,0;;;0,0;;;;;0,0;;;;;No;No;No;No;No;No;No;No;No;No
302,0;Veljko Birmančević;rs SRB;FW,MF;Getafe;es La Liga;28,0;1998,0;2,0;0,0;60,0;0,7;0,0;0,0;0,0;0,0;0,0;0,0;0,0;0,0;0,0;1,0;0,0;0,0;1,5;0,0;0,0;0,0;1,0;0,0;1,0;1,0;0,0;1,0;0,0;;0,0;;;0,0;;;;;0,0;;;;;No;No;No;No;No;No;No;No;No;No
303,0;Tom Bischof;de GER;DF,MF;Bayern Munich;de Bundesliga;20,0;2005,0;21,0;10,0;912,0;10,1;0,0;3,0;3,0;0,0;0,0;0,0;2,0;0,0;0,3;21,0;3,0;14,3;2,07;0,3;0,0;0,0;22,0;12,0;9,0;6,0;0,0;10,0;0,0;;0,0;;;0,0;;;;;0,0;;;;;No;No;No;No;No;No;No;No;No;No
304,0;Yves Bissouma;ml MLI;MF;Tottenham Hotspur;eng Premier League;29,0;1996,0;8,0;5,0;462,0;5,1;0,0;0,0;0,0;0,0;0,0;0,0;3,0;0,0;0,0;5,0;2,0;40,0;0,97;0,39;0,0;0,0;1,0;11,0;8,0;5,0;0,0;4,0;0,0;;0,0;;;0,0;;;;;0,0;;;;;No;No;No;No;No;No;No;No;No;No
305,0;Leonardo Bittencourt;de GER;MF;Werder Bremen;de Bundesliga;32,0;1993,0;12,0;2,0;343,0;3,8;0,0;1,0;1,0;0,0;0,0;0,0;3,0;0,0;0,26;4,0;0,0;0,0;1,05;0,0;0,0;0,0;2,0;4,0;5,0;6,0;0,0;5,0;0,0;;0,0;;;0,0;;;;;0,0;;;;;No;No;No;No;No;No;No;No;No;No
306,0;Emmanuel Biumla;fr FRA;DF;Angers;fr Ligue 1;20,0;2005,0;5,0;2,0;234,0;2,6;0,0;0,0;0,0;0,0;0,0;0,0;0,0;0,0;0,0;0,0;0,0;0,0;0,0;0,0;0,0;0,0;0,0;3,0;2,0;4,0;0,0;2,0;0,0;;0,0;;;0,0;;;;;0,0;;;;;No;No;No;No;No;No;No;No;No;No
307,0;Marco Bizot;nl NED;GK;Aston Villa;eng Premier League;35,0;1991,0;5,0;4,0;405,0;4,5;0,0;0,0;0,0;0,0;0,0;0,0;2,0;0,0;0,0;0,0;0,0;0,0;0,0;0,0;0,0;0,0;0,0;0,0;0,0;1,0;0,0;1,0;0,0;8,0;1,78;20,0;13,0;65,0;2,0;1,0;1,0;2,0;50,0;1,0;1,0;0,0;0,0;No;No;No;No;No;No;No;No;No;No
308,0;Antonio Blanco;es ESP;MF;Alavés;es La Liga;25,0;2000,0;26,0;26,0;2226,0;24,7;1,0;1,0;2,0;1,0;0,0;0,0;6,0;0,0;0,08;29,0;11,0;37,9;1,17;0,44;0,03;0,09;24,0;42,0;42,0;27,0;0,0;51,0;0,0;;0,0;;;0,0;;;;;0,0;;;;;No;No;No;No;No;No;No;No;No;No
309,0;Ludovic Blas;fr FRA;MF,FW;Rennes;fr Ligue 1;28,0;1997,0;24,0;8,0;981,0;10,9;4,0;3,0;7,0;2,0;2,0;2,0;0,0;0,0;0,46;30,0;10,0;33,3;2,75;0,92;0,07;0,2;52,0;5,0;8,0;21,0;0,0;15,0;0,0;;0,0;;;0,0;;;;;0,0;;;;;No;No;No;No;No;No;No;No;No;No
310,0;Janis Blaswich;de GER;GK;Leverkusen;de Bundesliga;34,0;1991,0;10,0;9,0;841,0;9,3;0,0;0,0;0,0;0,0;0,0;0,0;0,0;0,0;0,0;0,0;0,0;0,0;0,0;0,0;0,0;0,0;0,0;0,0;0,0;0,0;0,0;0,0;0,0;8,0;0,86;41,0;33,0;80,5;4,0;4,0;1,0;3,0;33,3;0,0;0,0;0,0;0,0;No;No;No;No;No;No;No;No;No;No
311,0;Daley Blind;nl NED;DF;Girona;es La Liga;36,0;1990,0;26,0;25,0;2212,0;24,6;0,0;0,0;0,0;0,0;0,0;0,0;1,0;0,0;0,0;3,0;1,0;33,3;0,12;0,04;0,0;0,0;11,0;30,0;34,0;11,0;0,0;13,0;0,0;;0,0;;;0,0;;;;;0,0;;;;;No;No;No;No;No;No;No;No;No;No
312,0;Adam Boayar;ma MAR;MF;Elche;es La Liga;20,0;2005,0;7,0;0,0;104,0;1,2;1,0;0,0;1,0;1,0;0,0;0,0;0,0;0,0;0,87;5,0;2,0;40,0;4,33;1,73;0,2;0,5;2,0;2,0;1,0;1,0;0,0;0,0;0,0;;0,0;;;0,0;;;;;0,0;;;;;No;No;No;No;No;No;No;No;No;No
313,0;Oscar Bobb;no NOR;MF,FW;Manchester City;eng Premier League;22,0;2003,0;9,0;5,0;468,0;5,2;0,0;1,0;1,0;0,0;0,0;0,0;1,0;0,0;0,19;4,0;0,0;0,0;0,77;0,0;0,0;0,0;5,0;5,0;3,0;9,0;0,0;5,0;0,0;;0,0;;;0,0;;;;;0,0;;;;;No;No;No;No;No;No;No;No;No;No
314,0;Oscar Bobb;no NOR;MF;Fulham;eng Premier League;22,0;2003,0;6,0;2,0;236,0;2,6;0,0;0,0;0,0;0,0;0,0;0,0;0,0;0,0;0,0;2,0;0,0;0,0;0,76;0,0;0,0;0,0;3,0;2,0;4,0;1,0;0,0;3,0;0,0;;0,0;;;0,0;;;;;0,0;;;;;No;No;No;No;No;No;No;No;No;No
315,0;Ben Bobzien;de GER;FW;Mainz 05;de Bundesliga;22,0;2003,0;1,0;0,0;9,0;0,1;0,0;0,0;0,0;0,0;0,0;0,0;0,0;0,0;0,0;0,0;0,0;0,0;0,0;0,0;0,0;0,0;1,0;2,0;0,0;0,0;0,0;0,0;0,0;;0,0;;;0,0;;;;;0,0;;;;;No;No;No;No;No;No;No;No;No;No
316,0;Arnaud Bodart;be BEL;GK;Lille;fr Ligue 1;28,0;1998,0;2,0;2,0;180,0;2,0;0,0;0,0;0,0;0,0;0,0;0,0;0,0;0,0;0,0;0,0;0,0;0,0;0,0;0,0;0,0;0,0;0,0;0,0;0,0;0,0;0,0;1,0;0,0;3,0;1,5;5,0;3,0;60,0;0,0;0,0;2,0;0,0;0,0;1,0;1,0;0,0;0,0;No;No;No;No;No;No;No;No;No;No
317,0;Sacha Boey;fr FRA;DF;Bayern Munich;de Bundesliga;25,0;2000,0;9,0;5,0;463,0;5,1;0,0;0,0;0,0;0,0;0,0;0,0;1,0;0,0;0,0;6,0;0,0;0,0;1,17;0,0;0,0;0,0;6,0;4,0;7,0;8,0;0,0;10,0;0,0;;0,0;;;0,0;;;;;0,0;;;;;No;No;No;No;No;No;No;No;No;No
318,0;Jeremie Boga;ci CIV;MF,FW;Nice;fr Ligue 1;29,0;1997,0;14,0;7,0;646,0;7,2;2,0;2,0;4,0;2,0;0,0;0,0;0,0;0,0;0,56;15,0;5,0;33,3;2,09;0,7;0,13;0,4;12,0;5,0;3,0;11,0;0,0;2,0;0,0;;0,0;;;0,0;;;;;0,0;;;;;No;No;No;No;No;No;No;No;No;No
319,0;Jeremie Boga;ci CIV;MF;Juventus;it Serie A;29,0;1997,0;6,0;1,0;200,0;2,2;3,0;0,0;3,0;3,0;0,0;0,0;0,0;0,0;1,35;11,0;6,0;54,5;4,95;2,7;0,27;0,5;11,0;2,0;1,0;3,0;0,0;1,0;0,0;;0,0;;;0,0;;;;;0,0;;;;;No;No;No;No;No;No;No;No;No;No
320,0;Lamare Bogarde;nl NED;MF,DF;Aston Villa;eng Premier League;22,0;2004,0;24,0;8,0;807,0;9,0;0,0;0,0;0,0;0,0;0,0;0,0;5,0;0,0;0,0;0,0;0,0;0,0;0,0;0,0;0,0;0,0;2,0;14,0;3,0;17,0;0,0;14,0;0,0;;0,0;;;0,0;;;;;0,0;;;;;No;No;No;No;No;No;No;No;No;No
321,0;Jayden Bogle;eng ENG;DF,MF;Leeds United;eng Premier League;25,0;2000,0;28,0;26,0;2312,0;25,7;1,0;1,0;2,0;1,0;0,0;0,0;5,0;0,0;0,08;15,0;4,0;26,7;0,58;0,16;0,07;0,25;52,0;34,0;25,0;23,0;0,0;31,0;0,0;;0,0;;;0,0;;;;;0,0;;;;;No;No;No;No;No;No;No;No;No;No
322,0;Dmytro Bohdanov;ua UKR;MF;Union Berlin;de Bundesliga;19,0;2007,0;1,0;0,0;1,0;0,0;0,0;0,0;0,0;0,0;0,0;0,0;0,0;0,0;0,0;0,0;0,0;0,0;0,0;0,0;0,0;0,0;0,0;0,0;0,0;0,0;0,0;0,0;0,0;;0,0;;;0,0;;;;;0,0;;;;;No;No;No;No;No;No;No;No;No;No
323,0;Adama Boiro;es ESP;DF;Athletic Club;es La Liga;23,0;2002,0;9,0;6,0;595,0;6,6;0,0;0,0;0,0;0,0;0,0;0,0;1,0;0,0;0,0;1,0;0,0;0,0;0,15;0,0;0,0;0,0;15,0;7,0;14,0;7,0;0,0;4,0;0,0;;0,0;;;0,0;;;;;0,0;;;;;No;No;No;No;No;No;No;No;No;No
324,0;Morgan Bokelé Mputu;cm CMR;MF;Metz;fr Ligue 1;22,0;2004,0;10,0;1,0;227,0;2,5;0,0;0,0;0,0;0,0;0,0;0,0;0,0;0,0;0,0;3,0;1,0;33,3;1,19;0,4;0,0;0,0;5,0;4,0;1,0;8,0;0,0;2,0;0,0;;0,0;;;0,0;;;;;0,0;;;;;No;No;No;No;No;No;No;No;No;No
325,0;Hugo Bolin;se SWE;MF;Gladbach;de Bundesliga;22,0;2003,0;6,0;3,0;275,0;3,1;0,0;0,0;0,0;0,0;0,0;0,0;0,0;0,0;0,0;4,0;0,0;0,0;1,31;0,0;0,0;0,0;8,0;0,0;1,0;7,0;0,0;1,0;0,0;;0,0;;;0,0;;;;;0,0;;;;;No;No;No;No;No;No;No;No;No;No
326,0;Daniel Boloca;ro ROU;MF;Sassuolo;it Serie A;27,0;1998,0;2,0;2,0;135,0;1,5;0,0;0,0;0,0;0,0;0,0;0,0;0,0;0,0;0,0;2,0;0,0;0,0;1,33;0,0;0,0;0,0;1,0;2,0;2,0;1,0;0,0;0,0;0,0;;0,0;;;0,0;;;;;0,0;;;;;No;No;No;No;No;No;No;No;No;No
327,0;Moïse Bombito;ca CAN;DF;Nice;fr Ligue 1;25,0;2000,0;2,0;2,0;145,0;1,6;0,0;0,0;0,0;0,0;0,0;0,0;1,0;0,0;0,0;0,0;0,0;0,0;0,0;0,0;0,0;0,0;0,0;1,0;2,0;1,0;0,0;3,0;0,0;;0,0;;;0,0;;;;;0,0;;;;;No;No;No;No;No;No;No;No;No;No
328,0;Federico Bonazzoli;it ITA;FW;Cremonese;it Serie A;28,0;1997,0;26,0;22,0;1761,0;19,6;6,0;1,0;7,0;5,0;1,0;1,0;3,0;0,0;0,31;51,0;18,0;35,3;2,61;0,92;0,1;0,28;18,0;9,0;9,0;51,0;0,0;17,0;0,0;;0,0;;;0,0;;;;;0,0;;;;;No;No;No;No;No;No;No;No;No;No
329,0;Warren Bondo;fr FRA;MF;Cremonese;it Serie A;22,0;2003,0;22,0;19,0;1475,0;16,4;0,0;0,0;0,0;0,0;0,0;0,0;5,0;0,0;0,0;5,0;0,0;0,0;0,31;0,0;0,0;0,0;2,0;13,0;9,0;28,0;0,0;33,0;0,0;;0,0;;;0,0;;;;;0,0;;;;;No;No;No;No;No;No;No;No;No;No
330,0;Giovanni Bonfanti;it ITA;DF,MF;Pisa;it Serie A;23,0;2003,0;9,0;6,0;494,0;5,5;0,0;0,0;0,0;0,0;0,0;0,0;1,0;0,0;0,0;6,0;1,0;16,7;1,09;0,18;0,0;0,0;12,0;6,0;7,0;3,0;0,0;10,0;0,0;;0,0;;;0,0;;;;;0,0;;;;;No;No;No;No;No;No;No;No;No;No
331,0;Victor Boniface;ng NGA;FW;Werder Bremen;de Bundesliga;25,0;2000,0;11,0;2,0;333,0;3,7;0,0;2,0;2,0;0,0;0,0;0,0;1,0;0,0;0,54;16,0;6,0;37,5;4,32;1,62;0,0;0,0;2,0;1,0;0,0;6,0;0,0;1,0;0,0;;0,0;;;0,0;;;;;0,0;;;;;No;No;No;No;No;No;No;No;No;No
332,0;Rahim Bonkano;ne NIG;DF;Oviedo;es La Liga;24,0;2002,0;19,0;15,0;1414,0;15,7;0,0;0,0;0,0;0,0;0,0;0,0;1,0;0,0;0,0;2,0;0,0;0,0;0,13;0,0;0,0;0,0;56,0;15,0;20,0;6,0;0,0;7,0;0,0;;0,0;;;0,0;;;;;0,0;;;;;No;No;No;No;No;No;No;No;No;No
333,0;Ange-Yoan Bonny;fr FRA;FW;Inter;it Serie A;22,0;2003,0;24,0;8,0;786,0;8,7;5,0;3,0;8,0;5,0;0,0;0,0;0,0;0,0;0,92;19,0;8,0;42,1;2,18;0,92;0,26;0,63;1,0;6,0;1,0;17,0;0,0;14,0;0,0;;0,0;;;0,0;;;;;0,0;;;;;No;No;No;No;No;No;No;No;No;No
334,0;Thiago Borbas;uy URU;FW;Oviedo;es La Liga;23,0;2002,0;5,0;0,0;49,0;0,5;0,0;0,0;0,0;0,0;0,0;0,0;1,0;0,0;0,0;3,0;1,0;33,3;5,51;1,84;0,0;0,0;0,0;0,0;0,0;2,0;0,0;2,0;0,0;;0,0;;;0,0;;;;;0,0;;;;;No;No;No;No;No;No;No;No;No;No
335,0;Sebastiaan Bornauw;be BEL;DF;Leeds United;eng Premier League;26,0;1999,0;9,0;4,0;304,0;3,4;0,0;0,0;0,0;0,0;0,0;0,0;1,0;0,0;0,0;0,0;0,0;0,0;0,0;0,0;0,0;0,0;1,0;2,0;5,0;0,0;0,0;5,0;0,0;;0,0;;;0,0;;;;;0,0;;;;;No;No;No;No;No;No;No;No;No;No
336,0;Gennaro Borrelli;it ITA;FW;Cagliari;it Serie A;26,0;2000,0;22,0;10,0;1038,0;11,5;3,0;1,0;4,0;3,0;0,0;0,0;3,0;0,0;0,35;22,0;6,0;27,3;1,91;0,52;0,14;0,5;2,0;6,0;3,0;41,0;0,0;40,0;0,0;;0,0;;;0,0;;;;;0,0;;;;;No;No;No;No;No;No;No;No;No;No
337,0;Olivier Boscagli;fr FRA;DF;Brighton;eng Premier League;28,0;1997,0;8,0;5,0;442,0;4,9;0,0;1,0;1,0;0,0;0,0;0,0;2,0;0,0;0,2;1,0;0,0;0,0;0,2;0,0;0,0;0,0;11,0;5,0;7,0;5,0;0,0;7,0;0,0;;0,0;;;0,0;;;;;0,0;;;;;No;No;No;No;No;No;No;No;No;No
338,0;Sebastián Boselli;uy URU;DF;Getafe;es La Liga;22,0;2003,0;5,0;1,0;124,0;1,4;0,0;0,0;0,0;0,0;0,0;0,0;0,0;0,0;0,0;2,0;1,0;50,0;1,45;0,73;0,0;0,0;1,0;5,0;0,0;0,0;0,0;1,0;0,0;;0,0;;;0,0;;;;;0,0;;;;;No;No;No;No;No;No;No;No;No;No
339,0;Sven Botman;nl NED;DF;Newcastle United;eng Premier League;26,0;2000,0;17,0;13,0;1152,0;12,8;1,0;1,0;2,0;1,0;0,0;0,0;1,0;0,0;0,16;8,0;4,0;50,0;0,62;0,31;0,13;0,25;2,0;9,0;8,0;8,0;0,0;8,0;1,0;;0,0;;;0,0;;;;;0,0;;;;;No;No;No;No;No;No;No;No;No;No
340,0;Ayyoub Bouaddi;fr FRA;MF;Lille;fr Ligue 1;18,0;2007,0;23,0;21,0;1756,0;19,5;0,0;1,0;1,0;0,0;0,0;0,0;5,0;1,0;0,05;14,0;4,0;28,6;0,72;0,21;0,0;0,0;14,0;32,0;22,0;18,0;0,0;30,0;0,0;;0,0;;;0,0;;;;;0,0;;;;;No;No;No;No;No;No;No;No;No;No
341,0;Badredine Bouanani;dz ALG;MF;Nice;fr Ligue 1;21,0;2004,0;2,0;1,0;93,0;1,0;0,0;0,0;0,0;0,0;0,0;0,0;0,0;0,0;0,0;1,0;0,0;0,0;0,97;0,0;0,0;0,0;5,0;0,0;1,0;2,0;0,0;0,0;0,0;;0,0;;;0,0;;;;;0,0;;;;;No;No;No;No;No;No;No;No;No;No
342,0;Badredine Bouanani;dz ALG;MF;Stuttgart;de Bundesliga;21,0;2004,0;12,0;5,0;444,0;4,9;0,0;0,0;0,0;0,0;0,0;0,0;1,0;0,0;0,0;13,0;2,0;15,4;2,64;0,41;0,0;0,0;19,0;3,0;4,0;6,0;0,0;1,0;0,0;;0,0;;;0,0;;;;;0,0;;;;;No;No;No;No;No;No;No;No;No;No
343,0;Kaïl Boudache;fr FRA;FW;Nice;fr Ligue 1;19,0;2006,0;7,0;1,0;354,0;3,9;1,0;0,0;1,0;1,0;0,0;0,0;1,0;0,0;0,25;9,0;2,0;22,2;2,29;0,51;0,11;0,5;7,0;6,0;5,0;4,0;0,0;2,0;0,0;;0,0;;;0,0;;;;;0,0;;;;;No;No;No;No;No;No;No;No;No;No
344,0;Hicham Boudaoui;dz ALG;MF;Nice;fr Ligue 1;26,0;1999,0;18,0;12,0;1110,0;12,3;1,0;2,0;3,0;1,0;0,0;0,0;4,0;0,0;0,24;19,0;8,0;42,1;1,54;0,65;0,05;0,13;14,0;10,0;13,0;24,0;0,0;12,0;0,0;;0,0;;;0,0;;;;;0,0;;;;;No;No;No;No;No;No;No;No;No;No
345,0;Sofiane Boufal;ma MAR;FW,MF;Le Havre;fr Ligue 1;32,0;1993,0;9,0;7,0;544,0;6,0;0,0;2,0;2,0;0,0;0,0;0,0;1,0;0,0;0,33;8,0;2,0;25,0;1,32;0,33;0,0;0,0;36,0;8,0;2,0;16,0;0,0;11,0;0,0;;0,0;;;0,0;;;;;0,0;;;;;No;No;No;No;No;No;No;No;No;No
346,0;Justin Bourgault;fr FRA;FW;Brest;fr Ligue 1;20,0;2005,0;1,0;0,0;16,0;0,2;0,0;0,0;0,0;0,0;0,0;0,0;0,0;0,0;0,0;1,0;0,0;0,0;5,63;0,0;0,0;0,0;0,0;0,0;1,0;0,0;0,0;0,0;0,0;;0,0;;;0,0;;;;;0,0;;;;;No;No;No;No;No;No;No;No;No;No
347,0;Jarrod Bowen;eng ENG;MF,FW;West Ham United;eng Premier League;29,0;1996,0;30,0;30,0;2687,0;29,9;8,0;6,0;14,0;7,0;1,0;1,0;4,0;0,0;0,44;65,0;23,0;35,4;2,18;0,77;0,11;0,3;100,0;21,0;19,0;45,0;0,0;17,0;0,0;;0,0;;;0,0;;;;;0,0;;;;;No;No;No;No;No;No;No;No;No;No
348,0;Kieron Bowie;sct SCO;FW;Hellas Verona;it Serie A;23,0;2002,0;6,0;6,0;493,0;5,5;1,0;0,0;1,0;1,0;0,0;0,0;1,0;0,0;0,18;10,0;2,0;20,0;1,83;0,37;0,1;0,5;4,0;1,0;0,0;12,0;0,0;14,0;0,0;;0,0;;;0,0;;;;;0,0;;;;;No;No;No;No;No;No;No;No;No;No
349,0;Lucas Boyé;ar ARG;FW;Alavés;es La Liga;30,0;1996,0;22,0;18,0;1712,0;19,0;9,0;1,0;10,0;7,0;2,0;2,0;4,0;1,0;0,42;54,0;18,0;33,3;2,84;0,95;0,13;0,39;9,0;24,0;7,0;31,0;1,0;51,0;0,0;;0,0;;;0,0;;;;;0,0;;;;;No;No;No;No;No;No;No;No;No;No
350,0;Enzo Boyomo;cm CMR;DF;Osasuna;es La Liga;24,0;2001,0;21,0;20,0;1732,0;19,2;1,0;1,0;2,0;1,0;0,0;0,0;4,0;0,0;0,1;4,0;1,0;25,0;0,21;0,05;0,25;1,0;7,0;27,0;11,0;3,0;0,0;24,0;0,0;;0,0;;;0,0;;;;;0,0;;;;;No;No;No;No;No;No;No;No;No;No
351,0;Rosen Bozhinov;bg BUL;DF;Pisa;it Serie A;21,0;2005,0;5,0;4,0;339,0;3,8;0,0;0,0;0,0;0,0;0,0;0,0;1,0;0,0;0,0;1,0;1,0;100,0;0,27;0,27;0,0;0,0;1,0;2,0;8,0;1,0;0,0;8,0;0,0;;0,0;;;0,0;;;;;0,0;;;;;No;No;No;No;No;No;No;No;No;No
352,0;Domagoj Bradarić;hr CRO;MF;Hellas Verona;it Serie A;26,0;1999,0;23,0;21,0;1784,0;19,8;0,0;0,0;0,0;0,0;0,0;0,0;2,0;0,0;0,0;9,0;5,0;55,6;0,45;0,25;0,0;0,0;84,0;18,0;9,0;9,0;0,0;8,0;0,0;;0,0;;;0,0;;;;;0,0;;;;;No;No;No;No;No;No;No;No;No;No
353,0;Conor Bradley;nir NIR;DF;Liverpool;eng Premier League;22,0;2003,0;15,0;12,0;929,0;10,3;0,0;1,0;1,0;0,0;0,0;0,0;5,0;0,0;0,1;6,0;0,0;0,0;0,58;0,0;0,0;0,0;23,0;15,0;12,0;20,0;0,0;18,0;0,0;;0,0;;;0,0;;;;;0,0;;;;;No;No;No;No;No;No;No;No;No;No
354,0;Bilal Brahimi;dz ALG;FW,MF;Nice;fr Ligue 1;26,0;2000,0;1,0;0,0;1,0;0,0;0,0;0,0;0,0;0,0;0,0;0,0;0,0;0,0;0,0;0,0;0,0;0,0;0,0;0,0;0,0;0,0;2,0;0,0;0,0;0,0;0,0;0,0;0,0;;0,0;;;0,0;;;;;0,0;;;;;No;No;No;No;No;No;No;No;No;No
355,0;Julian Brandt;de GER;MF,FW;Dortmund;de Bundesliga;29,0;1996,0;21,0;13,0;1216,0;13,5;6,0;3,0;9,0;6,0;0,0;0,0;0,0;0,0;0,67;26,0;15,0;57,7;1,92;1,11;0,23;0,4;18,0;6,0;4,0;5,0;0,0;6,0;0,0;;0,0;;;0,0;;;;;0,0;;;;;No;No;No;No;No;No;No;No;No;No
356,0;Jarrad Branthwaite;eng ENG;DF;Everton;eng Premier League;23,0;2002,0;7,0;5,0;491,0;5,5;1,0;0,0;1,0;1,0;0,0;0,0;1,0;0,0;0,18;5,0;2,0;40,0;0,92;0,37;0,2;0,5;3,0;5,0;8,0;1,0;0,0;3,0;0,0;;0,0;;;0,0;;;;;0,0;;;;;No;No;No;No;No;No;No;No;No;No
357,0;Lilian Brassier;fr FRA;DF;Rennes;fr Ligue 1;26,0;1999,0;21,0;19,0;1710,0;19,0;0,0;1,0;1,0;0,0;0,0;0,0;1,0;0,0;0,05;6,0;0,0;0,0;0,32;0,0;0,0;0,0;23,0;11,0;31,0;16,0;0,0;21,0;0,0;;0,0;;;0,0;;;;;0,0;;;;;No;No;No;No;No;No;No;No;No;No
358,0;Iker Bravo;es ESP;FW;Udinese;it Serie A;21,0;2005,0;8,0;3,0;206,0;2,3;1,0;0,0;1,0;1,0;0,0;0,0;1,0;0,0;0,44;4,0;1,0;25,0;1,75;0,44;0,25;1,0;4,0;1,0;0,0;1,0;0,0;3,0;0,0;;0,0;;;0,0;;;;;0,0;;;;;No;No;No;No;No;No;No;No;No;No
359,0;Josip Brekalo;hr CRO;MF,FW;Oviedo;es La Liga;27,0;1998,0;14,0;6,0;486,0;5,4;0,0;0,0;0,0;0,0;0,0;0,0;1,0;0,0;0,0;9,0;3,0;33,3;1,67;0,56;0,0;0,0;26,0;7,0;2,0;6,0;0,0;7,0;0,0;;0,0;;;0,0;;;;;0,0;;;;;No;No;No;No;No;No;No;No;No;No
360,0;Gleison Bremer;br BRA;DF;Juventus;it Serie A;28,0;1997,0;18,0;17,0;1451,0;16,1;3,0;3,0;6,0;3,0;0,0;0,0;2,0;0,0;0,37;11,0;5,0;45,5;0,68;0,31;0,27;0,6;1,0;11,0;18,0;8,0;0,0;14,0;0,0;;0,0;;;0,0;;;;;0,0;;;;;No;No;No;No;No;No;No;No;No;No
361,0;Marco Brescianini;it ITA;MF;Fiorentina;it Serie A;26,0;2000,0;10,0;6,0;538,0;6,0;1,0;0,0;1,0;1,0;0,0;0,0;0,0;0,0;0,17;9,0;2,0;22,2;1,51;0,33;0,11;0,5;9,0;2,0;1,0;8,0;0,0;6,0;0,0;;0,0;;;0,0;;;;;0,0;;;;;No;No;No;No;No;No;No;No;No;No
362,0;Marco Brescianini;it ITA;MF;Atalanta;it Serie A;26,0;2000,0;9,0;0,0;182,0;2,0;1,0;0,0;1,0;1,0;0,0;0,0;1,0;0,0;0,49;3,0;2,0;66,7;1,48;0,99;0,33;0,5;6,0;8,0;2,0;2,0;0,0;4,0;0,0;;0,0;;;0,0;;;;;0,0;;;;;No;No;No;No;No;No;No;No;No;No
363,0;Abel Bretones;es ESP;MF,DF;Osasuna;es La Liga;25,0;2000,0;21,0;15,0;1409,0;15,7;1,0;0,0;1,0;1,0;0,0;0,0;5,0;1,0;0,06;11,0;3,0;27,3;0,7;0,19;0,09;0,33;24,0;11,0;13,0;17,0;0,0;14,0;0,0;;0,0;;;0,0;;;;;0,0;;;;;No;No;No;No;No;No;No;No;No;No
364,0;Sascha Britschgi;ch SUI;MF,DF;Parma;it Serie A;19,0;2006,0;24,0;19,0;1813,0;20,1;0,0;2,0;2,0;0,0;0,0;0,0;4,0;0,0;0,1;13,0;3,0;23,1;0,65;0,15;0,0;0,0;44,0;17,0;7,0;20,0;0,0;15,0;0,0;;0,0;;;0,0;;;;;0,0;;;;;No;No;No;No;No;No;No;No;No;No
365,0;Brian Brobbey;nl NED;FW;Sunderland;eng Premier League;24,0;2002,0;23,0;14,0;1279,0;14,2;5,0;1,0;6,0;5,0;0,0;0,0;3,0;0,0;0,42;21,0;10,0;47,6;1,48;0,7;0,24;0,5;1,0;1,0;0,0;25,0;0,0;16,0;0,0;;0,0;;;0,0;;;;;0,0;;;;;No;No;No;No;No;No;No;No;No;No
366,0;Marius Broholm;no NOR;MF;Lille;fr Ligue 1;21,0;2004,0;11,0;3,0;279,0;3,1;1,0;1,0;2,0;0,0;1,0;1,0;0,0;0,0;0,32;4,0;3,0;75,0;1,29;0,97;0,0;0,0;14,0;6,0;2,0;8,0;0,0;4,0;0,0;;0,0;;;0,0;;;;;0,0;;;;;No;No;No;No;No;No;No;No;No;No
367,0;Armando Broja;al ALB;FW;Burnley;eng Premier League;24,0;2001,0;20,0;8,0;819,0;9,1;1,0;1,0;2,0;1,0;0,0;0,0;0,0;0,0;0,22;16,0;6,0;37,5;1,76;0,66;0,06;0,17;2,0;3,0;3,0;14,0;0,0;12,0;0,0;;0,0;;;0,0;;;;;0,0;;;;;No;No;No;No;No;No;No;No;No;No
368,0;David Brooks;wls WAL;MF;Bournemouth;eng Premier League;28,0;1997,0;24,0;12,0;1033,0;11,5;1,0;2,0;3,0;1,0;0,0;0,0;7,0;0,0;0,26;42,0;12,0;28,6;3,66;1,05;0,02;0,08;52,0;9,0;3,0;12,0;0,0;11,0;0,0;;0,0;;;0,0;;;;;0,0;;;;;No;No;No;No;No;No;No;No;No;No
369,0;Nathaniel Brown;de GER;MF,DF;Eintracht Frankfurt;de Bundesliga;22,0;2003,0;25,0;21,0;1981,0;22,0;3,0;4,0;7,0;3,0;0,0;0,0;3,0;0,0;0,32;16,0;8,0;50,0;0,73;0,36;0,19;0,38;34,0;44,0;20,0;23,0;0,0;20,0;0,0;;0,0;;;0,0;;;;;0,0;;;;;No;No;No;No;No;No;No;No;No;No
370,0;Brugui;es ESP;MF,FW;Levante;es La Liga;29,0;1996,0;15,0;10,0;896,0;10,0;0,0;1,0;1,0;0,0;0,0;0,0;1,0;0,0;0,1;18,0;5,0;27,8;1,81;0,5;0,0;0,0;10,0;5,0;3,0;8,0;0,0;11,0;0,0;;0,0;;;0,0;;;;;0,0;;;;;No;No;No;No;No;No;No;No;No;No
371,0;Paris Brunner;de GER;FW;Monaco;fr Ligue 1;20,0;2006,0;6,0;1,0;117,0;1,3;0,0;0,0;0,0;0,0;0,0;0,0;1,0;0,0;0,0;2,0;0,0;0,0;1,54;0,0;0,0;0,0;1,0;2,0;1,0;1,0;0,0;8,0;0,0;;0,0;;;0,0;;;;;0,0;;;;;No;No;No;No;No;No;No;No;No;No
372,0;Jacob Bruun Larsen;dk DEN;MF,FW;Burnley;eng Premier League;27,0;1998,0;23,0;10,0;972,0;10,8;0,0;1,0;1,0;0,0;0,0;0,0;0,0;0,0;0,09;16,0;4,0;25,0;1,48;0,37;0,0;0,0;39,0;3,0;6,0;0,0;0,0;1,0;0,0;;0,0;;;0,0;;;;;0,0;;;;;No;No;No;No;No;No;No;No;No;No
373,0;Tajon Buchanan;ca CAN;MF;Villarreal;es La Liga;27,0;1999,0;26,0;17,0;1506,0;16,7;6,0;1,0;7,0;6,0;0,0;0,0;7,0;0,0;0,42;22,0;9,0;40,9;1,31;0,54;0,27;0,67;26,0;17,0;21,0;33,0;0,0;17,0;0,0;;0,0;;;0,0;;;;;0,0;;;;;No;No;No;No;No;No;No;No;No;No
374,0;Ante Budimir;hr CRO;FW;Osasuna;es La Liga;34,0;1991,0;27,0;25,0;2112,0;23,5;13,0;0,0;13,0;9,0;4,0;5,0;1,0;0,0;0,38;71,0;26,0;36,6;3,03;1,11;0,13;0,35;3,0;12,0;3,0;31,0;0,0;38,0;0,0;;0,0;;;0,0;;;;;0,0;;;;;No;No;No;No;No;No;No;No;No;No
375,0;Emi Buendía;ar ARG;MF;Aston Villa;eng Premier League;29,0;1996,0;28,0;18,0;1437,0;16,0;5,0;2,0;7,0;5,0;0,0;0,0;6,0;0,0;0,44;40,0;9,0;22,5;2,51;0,56;0,13;0,56;7,0;19,0;8,0;32,0;0,0;34,0;0,0;;0,0;;;0,0;;;;;0,0;;;;;No;No;No;No;No;No;No;No;No;No
376,0;Hugo Bueno;es ESP;MF,DF;Wolves;eng Premier League;23,0;2002,0;28,0;21,0;1952,0;21,7;1,0;1,0;2,0;1,0;0,0;0,0;1,0;0,0;0,09;10,0;5,0;50,0;0,46;0,23;0,1;0,2;140,0;29,0;29,0;20,0;0,0;14,0;0,0;;0,0;;;0,0;;;;;0,0;;;;;No;No;No;No;No;No;No;No;No;No
377,0;Manu Bueno;es ESP;MF;Sevilla;es La Liga;21,0;2004,0;5,0;0,0;94,0;1,0;0,0;0,0;0,0;0,0;0,0;0,0;0,0;0,0;0,0;1,0;0,0;0,0;0,96;0,0;0,0;0,0;1,0;1,0;0,0;1,0;0,0;1,0;0,0;;0,0;;;0,0;;;;;0,0;;;;;No;No;No;No;No;No;No;No;No;No
378,0;Santiago Bueno;uy URU;DF;Wolves;eng Premier League;27,0;1998,0;22,0;21,0;1923,0;21,4;2,0;1,0;3,0;2,0;0,0;0,0;4,0;0,0;0,14;6,0;5,0;83,3;0,28;0,23;0,33;0,4;5,0;22,0;20,0;9,0;0,0;21,0;0,0;;0,0;;;0,0;;;;;0,0;;;;;No;No;No;No;No;No;No;No;No;No
379,0;Louis Buffon;cz CZE;FW;Pisa;it Serie A;18,0;2007,0;4,0;0,0;32,0;0,4;0,0;0,0;0,0;0,0;0,0;0,0;0,0;0,0;0,0;0,0;0,0;0,0;0,0;0,0;0,0;0,0;0,0;0,0;0,0;1,0;0,0;1,0;0,0;;0,0;;;0,0;;;;;0,0;;;;;No;No;No;No;No;No;No;No;No;No
380,0;Adam Buksa;pl POL;FW;Udinese;it Serie A;29,0;1996,0;19,0;3,0;627,0;7,0;2,0;0,0;2,0;2,0;0,0;0,0;2,0;0,0;0,29;9,0;4,0;44,4;1,29;0,57;0,22;0,5;1,0;5,0;2,0;12,0;0,0;14,0;0,0;;0,0;;;0,0;;;;;0,0;;;;;No;No;No;No;No;No;No;No;No;No
381,0;Andrija Bulatović;me MNE;MF;Lens;fr Ligue 1;19,0;2006,0;13,0;4,0;519,0;5,8;0,0;1,0;1,0;0,0;0,0;0,0;1,0;0,0;0,17;6,0;4,0;66,7;1,04;0,69;0,0;0,0;29,0;15,0;6,0;16,0;0,0;15,0;0,0;;0,0;;;0,0;;;;;0,0;;;;;No;No;No;No;No;No;No;No;No;No
382,0;Marius Bülter;de GER;FW,MF;Köln;de Bundesliga;32,0;1993,0;24,0;14,0;1212,0;13,5;3,0;3,0;6,0;3,0;0,0;0,0;3,0;0,0;0,45;34,0;12,0;35,3;2,52;0,89;0,09;0,25;54,0;2,0;6,0;23,0;0,0;13,0;0,0;;0,0;;;0,0;;;;;0,0;;;;;No;No;No;No;No;No;No;No;No;No
383,0;Facundo Buonanotte;ar ARG;MF;Leeds United;eng Premier League;21,0;2004,0;2,0;0,0;26,0;0,3;0,0;0,0;0,0;0,0;0,0;0,0;1,0;0,0;0,0;1,0;0,0;0,0;3,46;0,0;0,0;0,0;0,0;0,0;1,0;0,0;0,0;1,0;0,0;;0,0;;;0,0;;;;;0,0;;;;;No;No;No;No;No;No;No;No;No;No
384,0;Facundo Buonanotte;ar ARG;MF;Chelsea;eng Premier League;21,0;2004,0;1,0;1,0;45,0;0,5;0,0;0,0;0,0;0,0;0,0;0,0;0,0;0,0;0,0;0,0;0,0;0,0;0,0;0,0;0,0;0,0;0,0;0,0;0,0;0,0;0,0;0,0;0,0;;0,0;;;0,0;;;;;0,0;;;;;No;No;No;No;No;No;No;No;No;No
385,0;Alessandro Buongiorno;it ITA;DF;Napoli;it Serie A;26,0;1999,0;25,0;20,0;1833,0;20,4;0,0;1,0;1,0;0,0;0,0;0,0;2,0;0,0;0,05;5,0;2,0;40,0;0,25;0,1;0,0;0,0;6,0;19,0;31,0;23,0;0,0;35,0;0,0;;0,0;;;0,0;;;;;0,0;;;;;No;No;No;No;No;No;No;No;No;No
386,0;Livan Burcu;tr TUR;MF,FW;Union Berlin;de Bundesliga;21,0;2004,0;11,0;3,0;396,0;4,4;0,0;0,0;0,0;0,0;0,0;0,0;3,0;0,0;0,0;12,0;1,0;8,3;2,73;0,23;0,0;0,0;11,0;5,0;1,0;7,0;0,0;5,0;0,0;;0,0;;;0,0;;;;;0,0;;;;;No;No;No;No;No;No;No;No;No;No
387,0;Jan Bürger;de GER;MF,DF;Wolfsburg;de Bundesliga;19,0;2007,0;7,0;2,0;247,0;2,7;0,0;0,0;0,0;0,0;0,0;0,0;0,0;0,0;0,0;2,0;1,0;50,0;0,73;0,36;0,0;0,0;6,0;3,0;0,0;5,0;0,0;4,0;0,0;;0,0;;;0,0;;;;;0,0;;;;;No;No;No;No;No;No;No;No;No;No
388,0;Wouter Burger;nl NED;MF;Hoffenheim;de Bundesliga;25,0;2001,0;23,0;23,0;1832,0;20,4;4,0;5,0;9,0;4,0;0,0;0,0;4,0;1,0;0,44;27,0;12,0;44,4;1,33;0,59;0,15;0,33;64,0;33,0;14,0;9,0;0,0;45,0;0,0;;0,0;;;0,0;;;;;0,0;;;;;No;No;No;No;No;No;No;No;No;No
389,0;Jonathan Burkardt;de GER;FW;Eintracht Frankfurt;de Bundesliga;25,0;2000,0;14,0;10,0;888,0;9,9;9,0;0,0;9,0;7,0;2,0;2,0;1,0;0,0;0,71;29,0;15,0;51,7;2,94;1,52;0,24;0,47;2,0;0,0;1,0;11,0;0,0;10,0;0,0;;0,0;;;0,0;;;;;0,0;;;;;No;No;No;No;No;No;No;No;No;No
390,0;Oliver Burke;sct SCO;MF,FW;Union Berlin;de Bundesliga;28,0;1997,0;22,0;14,0;1082,0;12,0;4,0;1,0;5,0;4,0;0,0;0,0;2,0;0,0;0,42;24,0;10,0;41,7;2,0;0,83;0,17;0,4;20,0;3,0;3,0;7,0;0,0;7,0;0,0;;0,0;;;0,0;;;;;0,0;;;;;No;No;No;No;No;No;No;No;No;No
391,0;Vincent Burlet;be BEL;DF;Lille;fr Ligue 1;20,0;2005,0;1,0;0,0;19,0;0,2;0,0;0,0;0,0;0,0;0,0;0,0;0,0;0,0;0,0;0,0;0,0;0,0;0,0;0,0;0,0;0,0;1,0;0,0;0,0;0,0;0,0;0,0;0,0;;0,0;;;0,0;;;;;0,0;;;;;No;No;No;No;No;No;No;No;No;No
392,0;Dan Burn;eng ENG;DF;Newcastle United;eng Premier League;33,0;1992,0;22,0;20,0;1723,0;19,1;0,0;2,0;2,0;0,0;0,0;0,0;9,0;1,0;0,1;4,0;0,0;0,0;0,21;0,0;0,0;0,0;11,0;21,0;16,0;9,0;1,0;33,0;0,0;;0,0;;;0,0;;;;;0,0;;;;;No;No;No;No;No;No;No;No;No;No
393,0;Bradley Burrowes;eng ENG;MF;Aston Villa;eng Premier League;18,0;2008,0;1,0;0,0;17,0;0,2;0,0;0,0;0,0;0,0;0,0;0,0;0,0;0,0;0,0;0,0;0,0;0,0;0,0;0,0;0,0;0,0;3,0;0,0;0,0;1,0;0,0;0,0;0,0;;0,0;;;0,0;;;;;0,0;;;;;No;No;No;No;No;No;No;No;No;No
394,0;Marnon Busch;de GER;DF,MF;Heidenheim;de Bundesliga;31,0;1994,0;22,0;13,0;1330,0;14,8;0,0;2,0;2,0;0,0;0,0;0,0;2,0;0,0;0,14;6,0;1,0;16,7;0,41;0,07;0,0;0,0;39,0;15,0;19,0;5,0;0,0;11,0;0,0;;0,0;;;0,0;;;;;0,0;;;;;No;No;No;No;No;No;No;No;No;No
395,0;Aurélio Buta;pt POR;DF;Eintracht Frankfurt;de Bundesliga;29,0;1997,0;4,0;1,0;144,0;1,6;0,0;0,0;0,0;0,0;0,0;0,0;1,0;0,0;0,0;1,0;0,0;0,0;0,62;0,0;0,0;0,0;2,0;5,0;0,0;2,0;0,0;3,0;0,0;;0,0;;;0,0;;;;;0,0;;;;;No;No;No;No;No;No;No;No;No;No
396,0;Jean Butez;fr FRA;GK;Como;it Serie A;30,0;1995,0;29,0;29,0;2610,0;29,0;0,0;0,0;0,0;0,0;0,0;0,0;3,0;0,0;0,0;0,0;0,0;0,0;0,0;0,0;0,0;0,0;0,0;1,0;0,0;8,0;0,0;0,0;0,0;22,0;0,76;89,0;71,0;79,8;15,0;9,0;5,0;13,0;44,8;5,0;4,0;1,0;0,0;No;No;No;No;No;No;No;No;No;No
397,0;Jun'ai Byfield;eng ENG;DF;Tottenham Hotspur;eng Premier League;17,0;2008,0;1,0;0,0;1,0;0,0;0,0;0,0;0,0;0,0;0,0;0,0;0,0;0,0;0,0;0,0;0,0;0,0;0,0;0,0;0,0;0,0;0,0;0,0;0,0;0,0;0,0;0,0;0,0;;0,0;;;0,0;;;;;0,0;;;;;No;No;No;No;No;No;No;No;No;No
398,0;Sam Byram;eng ENG;DF,MF;Leeds United;eng Premier League;32,0;1993,0;1,0;0,0;8,0;0,1;0,0;0,0;0,0;0,0;0,0;0,0;0,0;0,0;0,0;0,0;0,0;0,0;0,0;0,0;0,0;0,0;0,0;0,0;0,0;0,0;0,0;1,0;0,0;;0,0;;;0,0;;;;;0,0;;;;;No;No;No;No;No;No;No;No;No;No
399,0;William Bøving;dk DEN;MF;Mainz 05;de Bundesliga;23,0;2003,0;7,0;2,0;202,0;2,2;0,0;1,0;1,0;0,0;0,0;0,0;1,0;0,0;0,45;1,0;0,0;0,0;0,45;0,0;0,0;0,0;6,0;1,0;0,0;1,0;0,0;2,0;0,0;;0,0;;;0,0;;;;;0,0;;;;;No;No;No;No;No;No;No;No;No;No
400,0;Rémy Cabella;fr FRA;MF,FW;Nantes;fr Ligue 1;36,0;1990,0;8,0;5,0;490,0;5,4;1,0;0,0;1,0;0,0;1,0;1,0;1,0;0,0;0,0;6,0;3,0;50,0;1,1;0,55;0,0;0,0;28,0;6,0;4,0;10,0;0,0;7,0;0,0;;0,0;;;0,0;;;;;0,0;;;;;No;No;No;No;No;No;No;No;No;No
401,0;Jorge Cabello;es ESP;DF;Levante;es La Liga;21,0;2004,0;5,0;4,0;362,0;4,0;0,0;0,0;0,0;0,0;0,0;0,0;1,0;0,0;0,0;0,0;0,0;0,0;0,0;0,0;0,0;0,0;0,0;3,0;0,0;3,0;0,0;3,0;0,0;;0,0;;;0,0;;;;;0,0;;;;;No;No;No;No;No;No;No;No;No;No
402,0;Pape Cabral;fr FRA;MF;Monaco;fr Ligue 1;19,0;2007,0;4,0;0,0;77,0;0,9;0,0;0,0;0,0;0,0;0,0;0,0;0,0;0,0;0,0;3,0;2,0;66,7;3,51;2,34;0,0;0,0;0,0;1,0;1,0;1,0;0,0;1,0;0,0;;0,0;;;0,0;;;;;0,0;;;;;No;No;No;No;No;No;No;No;No;No
403,0;Leandro Cabrera;uy URU;DF;Espanyol;es La Liga;34,0;1991,0;27,0;27,0;2430,0;27,0;3,0;0,0;3,0;3,0;0,0;0,0;2,0;0,0;0,11;29,0;9,0;31,0;1,07;0,33;0,1;0,33;15,0;19,0;17,0;7,0;0,0;23,0;0,0;;0,0;;;0,0;;;;;0,0;;;;;No;No;No;No;No;No;No;No;No;No
404,0;Anthony Caci;fr FRA;MF;Mainz 05;de Bundesliga;28,0;1997,0;4,0;4,0;310,0;3,4;0,0;0,0;0,0;0,0;0,0;0,0;1,0;0,0;0,0;5,0;0,0;0,0;1,45;0,0;0,0;0,0;21,0;3,0;3,0;3,0;0,0;5,0;0,0;;0,0;;;0,0;;;;;0,0;;;;;No;No;No;No;No;No;No;No;No;No
405,0;Noah Cadiou;gp GLP;MF;Lorient;fr Ligue 1;27,0;1998,0;20,0;12,0;1159,0;12,9;1,0;1,0;2,0;1,0;0,0;0,0;0,0;0,0;0,16;11,0;6,0;54,5;0,85;0,47;0,09;0,17;3,0;12,0;15,0;11,0;0,0;18,0;0,0;;0,0;;;0,0;;;;;0,0;;;;;No;No;No;No;No;No;No;No;No;No
406,0;Mathieu Cafaro;fr FRA;FW;Paris FC;fr Ligue 1;28,0;1997,0;9,0;1,0;149,0;1,7;0,0;0,0;0,0;0,0;0,0;0,0;0,0;0,0;0,0;6,0;1,0;16,7;3,62;0,6;0,0;0,0;7,0;0,0;0,0;4,0;0,0;2,0;0,0;;0,0;;;0,0;;;;;0,0;;;;;No;No;No;No;No;No;No;No;No;No
407,0;Moisés Caicedo;ec ECU;MF;Chelsea;eng Premier League;24,0;2001,0;25,0;24,0;2104,0;23,4;3,0;1,0;4,0;3,0;0,0;0,0;9,0;1,0;0,17;20,0;7,0;35,0;0,86;0,3;0,15;0,43;8,0;43,0;51,0;38,0;0,0;40,0;0,0;;0,0;;;0,0;;;;;0,0;;;;;No;No;No;No;No;No;No;No;No;No
408,0;Tom Cairney;sct SCO;MF;Fulham;eng Premier League;35,0;1991,0;20,0;4,0;562,0;6,2;1,0;0,0;1,0;1,0;0,0;0,0;3,0;0,0;0,16;12,0;1,0;8,3;1,92;0,16;0,08;1,0;6,0;3,0;2,0;9,0;0,0;8,0;0,0;;0,0;;;0,0;;;;;0,0;;;;;No;No;No;No;No;No;No;No;No;No
409,0;Arturo Calabresi;it ITA;DF;Pisa;it Serie A;30,0;1996,0;20,0;12,0;1087,0;12,1;0,0;0,0;0,0;0,0;0,0;0,0;5,0;0,0;0,0;4,0;1,0;25,0;0,33;0,08;0,0;0,0;16,0;8,0;15,0;16,0;0,0;19,0;0,0;;0,0;;;0,0;;;;;0,0;;;;;No;No;No;No;No;No;No;No;No;No
410,0;Riccardo Calafiori;it ITA;DF;Arsenal;eng Premier League;23,0;2002,0;22,0;18,0;1448,0;16,1;1,0;2,0;3,0;1,0;0,0;0,0;5,0;0,0;0,19;28,0;6,0;21,4;1,74;0,37;0,04;0,17;21,0;18,0;13,0;9,0;0,0;25,0;0,0;;0,0;;;0,0;;;;;0,0;;;;;No;No;No;No;No;No;No;No;No;No
411,0;Calebe;br BRA;MF;Alavés;es La Liga;25,0;2000,0;17,0;13,0;717,0;8,0;0,0;0,0;0,0;0,0;0,0;0,0;2,0;0,0;0,0;5,0;1,0;20,0;0,63;0,13;0,0;0,0;16,0;14,0;7,0;18,0;0,0;18,0;0,0;;0,0;;;0,0;;;;;0,0;;;;;No;No;No;No;No;No;No;No;No;No
412,0;Fernando Calero;es ESP;DF;Espanyol;es La Liga;30,0;1995,0;21,0;18,0;1594,0;17,7;0,0;0,0;0,0;0,0;0,0;0,0;3,0;0,0;0,0;9,0;1,0;11,1;0,51;0,06;0,0;0,0;1,0;13,0;23,0;5,0;0,0;6,0;0,0;;0,0;;;0,0;;;;;0,0;;;;;No;No;No;No;No;No;No;No;No;No
413,0;Duje Ćaleta-Car;hr CRO;DF;Real Sociedad;es La Liga;29,0;1996,0;19,0;17,0;1505,0;16,7;1,0;0,0;1,0;1,0;0,0;0,0;4,0;1,0;0,06;10,0;2,0;20,0;0,6;0,12;0,1;0,5;1,0;11,0;23,0;6,0;0,0;21,0;0,0;;0,0;;;0,0;;;;;0,0;;;;;No;No;No;No;No;No;No;No;No;No
414,0;Hakan Çalhanoğlu;tr TUR;MF;Inter;it Serie A;32,0;1994,0;18,0;16,0;1331,0;14,8;8,0;2,0;10,0;4,0;4,0;5,0;6,0;0,0;0,41;45,0;15,0;33,3;3,04;1,01;0,09;0,27;74,0;13,0;11,0;11,0;0,0;21,0;0,0;;0,0;;;0,0;;;;;0,0;;;;;No;No;No;No;No;No;No;No;No;No
415,0;Dominic Calvert-Lewin;eng ENG;FW;Leeds United;eng Premier League;29,0;1997,0;27,0;22,0;2025,0;22,5;10,0;1,0;11,0;8,0;2,0;3,0;1,0;0,0;0,4;56,0;25,0;44,6;2,49;1,11;0,14;0,32;7,0;4,0;2,0;30,0;0,0;32,0;0,0;;0,0;;;0,0;;;;;0,0;;;;;No;No;No;No;No;No;No;No;No;No
416,0;Dani Calvo;es ESP;DF;Oviedo;es La Liga;31,0;1994,0;13,0;10,0;981,0;10,9;0,0;0,0;0,0;0,0;0,0;0,0;3,0;0,0;0,0;0,0;0,0;0,0;0,0;0,0;0,0;0,0;1,0;8,0;5,0;4,0;0,0;9,0;0,0;;0,0;;;0,0;;;;;0,0;;;;;No;No;No;No;No;No;No;No;No;No
417,0;Adama Camara;fr FRA;MF,DF;Paris FC;fr Ligue 1;29,0;1996,0;22,0;21,0;1728,0;19,2;1,0;0,0;1,0;1,0;0,0;0,0;6,0;0,0;0,05;16,0;4,0;25,0;0,83;0,21;0,06;0,25;8,0;21,0;25,0;17,0;0,0;21,0;0,0;;0,0;;;0,0;;;;;0,0;;;;;No;No;No;No;No;No;No;No;No;No
418,0;Amady Camara;ml MLI;FW;Nantes;fr Ligue 1;20,0;2005,0;10,0;1,0;171,0;1,9;0,0;0,0;0,0;0,0;0,0;0,0;0,0;0,0;0,0;6,0;0,0;0,0;3,16;0,0;0,0;0,0;17,0;3,0;1,0;2,0;0,0;3,0;0,0;;0,0;;;0,0;;;;;0,0;;;;;No;No;No;No;No;No;No;No;No;No
419,0;Dawda Camara;mr MTN;FW;Girona;es La Liga;23,0;2002,0;2,0;1,0;72,0;0,8;0,0;0,0;0,0;0,0;0,0;0,0;0,0;0,0;0,0;2,0;1,0;50,0;2,5;1,25;0,0;0,0;0,0;0,0;1,0;0,0;0,0;2,0;0,0;;0,0;;;0,0;;;;;0,0;;;;;No;No;No;No;No;No;No;No;No;No
420,0;Lamine Camara;sn SEN;MF;Monaco;fr Ligue 1;22,0;2004,0;17,0;15,0;1295,0;14,4;0,0;4,0;4,0;0,0;0,0;0,0;4,0;0,0;0,28;14,0;1,0;7,1;0,97;0,07;0,0;0,0;68,0;26,0;31,0;38,0;0,0;19,0;0,0;;0,0;;;0,0;;;;;0,0;;;;;No;No;No;No;No;No;No;No;No;No
421,0;Mahdi Camara;fr FRA;MF;Rennes;fr Ligue 1;27,0;1998,0;24,0;23,0;1952,0;21,7;3,0;1,0;4,0;3,0;0,0;0,0;4,0;1,0;0,18;19,0;8,0;42,1;0,88;0,37;0,16;0,38;24,0;24,0;20,0;23,0;0,0;28,0;0,0;;0,0;;;0,0;;;;;0,0;;;;;No;No;No;No;No;No;No;No;No;No
422,0;Ousmane Camara;ml MLI;DF;Angers;fr Ligue 1;23,0;2003,0;25,0;24,0;2133,0;23,7;1,0;0,0;1,0;1,0;0,0;0,0;2,0;0,0;0,04;6,0;2,0;33,3;0,25;0,08;0,17;0,5;3,0;27,0;27,0;6,0;0,0;17,0;0,0;;0,0;;;0,0;;;;;0,0;;;;;No;No;No;No;No;No;No;No;No;No
423,0;Francesco Camarda;it ITA;FW;Lecce;it Serie A;18,0;2008,0;17,0;7,0;639,0;7,1;1,0;0,0;1,0;1,0;0,0;1,0;1,0;0,0;0,14;13,0;3,0;23,1;1,83;0,42;0,08;0,33;1,0;1,0;0,0;4,0;0,0;12,0;0,0;;0,0;;;0,0;;;;;0,0;;;;;No;No;No;No;No;No;No;No;No;No
424,0;Eduardo Camavinga;fr FRA;MF;Real Madrid;es La Liga;23,0;2002,0;20,0;12,0;1142,0;12,7;1,0;0,0;1,0;1,0;0,0;0,0;1,0;0,0;0,08;10,0;2,0;20,0;0,79;0,16;0,1;0,5;2,0;29,0;12,0;25,0;0,0;27,0;0,0;;0,0;;;0,0;;;;;0,0;;;;;No;No;No;No;No;No;No;No;No;No
425,0;Nicolò Cambiaghi;it ITA;MF,FW;Bologna;it Serie A;25,0;2000,0;23,0;15,0;1331,0;14,8;3,0;4,0;7,0;3,0;0,0;0,0;3,0;1,0;0,47;24,0;6,0;25,0;1,62;0,41;0,13;0,5;58,0;18,0;5,0;60,0;0,0;28,0;0,0;;0,0;;;0,0;;;;;0,0;;;;;No;No;No;No;No;No;No;No;No;No
426,0;Andrea Cambiaso;it ITA;MF,DF;Juventus;it Serie A;26,0;2000,0;27,0;26,0;2113,0;23,5;3,0;3,0;6,0;3,0;0,0;0,0;1,0;1,0;0,26;21,0;11,0;52,4;0,89;0,47;0,14;0,27;98,0;32,0;15,0;15,0;0,0;22,0;2,0;;0,0;;;0,0;;;;;0,0;;;;;No;No;No;No;No;No;No;No;No;No
427,0;Axel Camblan;fr FRA;FW;Brest;fr Ligue 1;22,0;2003,0;1,0;0,0;12,0;0,1;0,0;0,0;0,0;0,0;0,0;0,0;0,0;0,0;0,0;0,0;0,0;0,0;0,0;0,0;0,0;0,0;0,0;0,0;0,0;0,0;0,0;0,0;0,0;;0,0;;;0,0;;;;;0,0;;;;;No;No;No;No;No;No;No;No;No;No
428,0;Sergio Camello;es ESP;FW;Rayo Vallecano;es La Liga;25,0;2001,0;13,0;4,0;458,0;5,1;0,0;0,0;0,0;0,0;0,0;0,0;2,0;1,0;0,0;9,0;4,0;44,4;1,77;0,79;0,0;0,0;1,0;2,0;2,0;9,0;0,0;3,0;0,0;;0,0;;;0,0;;;;;0,0;;;;;No;No;No;No;No;No;No;No;No;No
429,0;Cole Campbell;us USA;FW;Hoffenheim;de Bundesliga;20,0;2006,0;1,0;0,0;5,0;0,1;0,0;0,0;0,0;0,0;0,0;0,0;0,0;0,0;0,0;0,0;0,0;0,0;0,0;0,0;0,0;0,0;0,0;0,0;0,0;0,0;0,0;0,0;0,0;;0,0;;;0,0;;;;;0,0;;;;;No;No;No;No;No;No;No;No;No;No
430,0;Cole Campbell;us USA;FW;Dortmund;de Bundesliga;20,0;2006,0;1,0;0,0;17,0;0,2;0,0;0,0;0,0;0,0;0,0;0,0;0,0;0,0;0,0;1,0;0,0;0,0;5,29;0,0;0,0;0,0;1,0;0,0;0,0;0,0;0,0;0,0;0,0;;0,0;;;0,0;;;;;0,0;;;;;No;No;No;No;No;No;No;No;No;No
431,0;Emre Can;de GER;DF;Dortmund;de Bundesliga;32,0;1994,0;9,0;7,0;621,0;6,9;3,0;0,0;3,0;0,0;3,0;3,0;3,0;0,0;0,0;5,0;4,0;80,0;0,72;0,58;0,0;0,0;2,0;8,0;13,0;10,0;0,0;10,0;0,0;;0,0;;;0,0;;;;;0,0;;;;;No;No;No;No;No;No;No;No;No;No
432,0;Matteo Cancellieri;it ITA;FW,MF;Lazio;it Serie A;24,0;2002,0;22,0;15,0;1247,0;13,9;3,0;1,0;4,0;3,0;0,0;0,0;4,0;0,0;0,29;30,0;9,0;30,0;2,17;0,65;0,1;0,33;18,0;18,0;17,0;54,0;0,0;25,0;0,0;;0,0;;;0,0;;;;;0,0;;;;;No;No;No;No;No;No;No;No;No;No
433,0;João Cancelo;pt POR;DF;Barcelona;es La Liga;31,0;1994,0;6,0;4,0;346,0;3,8;1,0;1,0;2,0;1,0;0,0;0,0;0,0;0,0;0,52;4,0;1,0;25,0;1,04;0,26;0,25;1,0;8,0;3,0;8,0;4,0;0,0;3,0;0,0;;0,0;;;0,0;;;;;0,0;;;;;No;No;No;No;No;No;No;No;No;No
434,0;Fali Candé;gw GNB;DF;Sassuolo;it Serie A;28,0;1998,0;12,0;5,0;509,0;5,7;0,0;0,0;0,0;0,0;0,0;0,0;2,0;0,0;0,0;3,0;0,0;0,0;0,53;0,0;0,0;0,0;4,0;9,0;2,0;6,0;0,0;9,0;0,0;;0,0;;;0,0;;;;;0,0;;;;;No;No;No;No;No;No;No;No;No;No
435,0;Simone Canestrelli;it ITA;DF;Pisa;it Serie A;25,0;2000,0;28,0;27,0;2406,0;26,7;0,0;0,0;0,0;0,0;0,0;0,0;2,0;0,0;0,0;11,0;1,0;9,1;0,41;0,04;0,0;0,0;9,0;20,0;21,0;16,0;0,0;31,0;0,0;;0,0;;;0,0;;;;;0,0;;;;;No;No;No;No;No;No;No;No;No;No
436,0;Jaydee Canvot;fr FRA;MF,DF;Toulouse;fr Ligue 1;19,0;2006,0;2,0;2,0;180,0;2,0;0,0;0,0;0,0;0,0;0,0;0,0;1,0;0,0;0,0;2,0;0,0;0,0;1,0;0,0;0,0;0,0;0,0;1,0;0,0;0,0;0,0;1,0;0,0;;0,0;;;0,0;;;;;0,0;;;;;No;No;No;No;No;No;No;No;No;No
437,0;Jaydee Canvot;fr FRA;DF;Crystal Palace;eng Premier League;19,0;2006,0;13,0;7,0;706,0;7,8;0,0;0,0;0,0;0,0;0,0;0,0;2,0;0,0;0,0;3,0;0,0;0,0;0,38;0,0;0,0;0,0;3,0;13,0;6,0;3,0;0,0;9,0;0,0;;0,0;;;0,0;;;;;0,0;;;;;No;No;No;No;No;No;No;No;No;No
438,0;Nicolás Capaldo;ar ARG;DF,MF;Hamburger SV;de Bundesliga;28,0;1997,0;20,0;19,0;1540,0;17,1;1,0;1,0;2,0;1,0;0,0;0,0;6,0;0,0;0,12;16,0;4,0;25,0;0,94;0,23;0,06;0,25;18,0;33,0;32,0;40,0;0,0;21,0;0,0;;0,0;;;0,0;;;;;0,0;;;;;No;No;No;No;No;No;No;No;No;No
439,0;Pierrick Capelle;fr FRA;MF;Angers;fr Ligue 1;38,0;1987,0;8,0;1,0;239,0;2,7;0,0;0,0;0,0;0,0;0,0;0,0;0,0;0,0;0,0;3,0;0,0;0,0;1,13;0,0;0,0;0,0;7,0;7,0;3,0;9,0;0,0;6,0;0,0;;0,0;;;0,0;;;;;0,0;;;;;No;No;No;No;No;No;No;No;No;No
440,0;Elia Caprile;it ITA;GK;Cagliari;it Serie A;24,0;2001,0;29,0;29,0;2610,0;29,0;0,0;0,0;0,0;0,0;0,0;0,0;2,0;0,0;0,0;0,0;0,0;0,0;0,0;0,0;0,0;0,0;0,0;0,0;0,0;8,0;0,0;0,0;0,0;41,0;1,41;137,0;97,0;71,5;7,0;9,0;13,0;6,0;20,7;2,0;2,0;0,0;0,0;No;No;No;No;No;No;No;No;No;No
441,0;Maxence Caqueret;fr FRA;MF;Como;it Serie A;26,0;2000,0;23,0;14,0;1180,0;13,1;2,0;4,0;6,0;2,0;0,0;0,0;2,0;0,0;0,46;16,0;4,0;25,0;1,22;0,31;0,13;0,5;28,0;19,0;9,0;18,0;0,0;19,0;0,0;;0,0;;;0,0;;;;;0,0;;;;;No;No;No;No;No;No;No;No;No;No
442,0;Antonio Caracciolo;it ITA;DF;Pisa;it Serie A;35,0;1990,0;27,0;26,0;2353,0;26,1;2,0;0,0;2,0;2,0;0,0;0,0;7,0;0,0;0,08;19,0;5,0;26,3;0,73;0,19;0,11;0,4;2,0;33,0;41,0;10,0;0,0;28,0;1,0;;0,0;;;0,0;;;;;0,0;;;;;No;No;No;No;No;No;No;No;No;No
443,0;Franco Carboni;it ITA;MF;Parma;it Serie A;22,0;2003,0;2,0;0,0;5,0;0,1;0,0;0,0;0,0;0,0;0,0;0,0;0,0;0,0;0,0;0,0;0,0;0,0;0,0;0,0;0,0;0,0;0,0;0,0;0,0;0,0;0,0;0,0;0,0;;0,0;;;0,0;;;;;0,0;;;;;No;No;No;No;No;No;No;No;No;No
444,0;Valentin Carboni;ar ARG;MF;Genoa;it Serie A;21,0;2005,0;12,0;3,0;359,0;4,0;0,0;0,0;0,0;0,0;0,0;0,0;2,0;0,0;0,0;6,0;2,0;33,3;1,5;0,5;0,0;0,0;7,0;8,0;2,0;5,0;0,0;11,0;0,0;;0,0;;;0,0;;;;;0,0;;;;;No;No;No;No;No;No;No;No;No;No
445,0;Sergi Cardona;es ESP;DF;Villarreal;es La Liga;26,0;1999,0;23,0;16,0;1544,0;17,2;0,0;3,0;3,0;0,0;0,0;0,0;4,0;0,0;0,17;14,0;3,0;21,4;0,82;0,17;0,0;0,0;55,0;24,0;30,0;17,0;0,0;21,0;0,0;;0,0;;;0,0;;;;;0,0;;;;;No;No;No;No;No;No;No;No;No;No
446,0;Fábio Cardoso;pt POR;DF;Sevilla;es La Liga;31,0;1994,0;4,0;4,0;295,0;3,3;0,0;0,0;0,0;0,0;0,0;0,0;0,0;0,0;0,0;0,0;0,0;0,0;0,0;0,0;0,0;0,0;0,0;3,0;4,0;1,0;0,0;9,0;0,0;;0,0;;;0,0;;;;;0,0;;;;;No;No;No;No;No;No;No;No;No;No
447,0;Johnny Cardoso;us USA;MF;Atlético Madrid;es La Liga;24,0;2001,0;12,0;10,0;708,0;7,9;0,0;0,0;0,0;0,0;0,0;0,0;4,0;0,0;0,0;2,0;0,0;0,0;0,25;0,0;0,0;0,0;3,0;17,0;11,0;11,0;0,0;16,0;0,0;;0,0;;;0,0;;;;;0,0;;;;;No;No;No;No;No;No;No;No;No;No
448,0;Maycon Cardozo;br BRA;MF;Bayern Munich;de Bundesliga;17,0;2008,0;1,0;0,0;30,0;0,3;0,0;0,0;0,0;0,0;0,0;0,0;0,0;0,0;0,0;0,0;0,0;0,0;0,0;0,0;0,0;0,0;1,0;0,0;0,0;2,0;0,0;0,0;0,0;;0,0;;;0,0;;;;;0,0;;;;;No;No;No;No;No;No;No;No;No;No
449,0;Igor Carioca;br BRA;DF;Lorient;fr Ligue 1;29,0;1996,0;14,0;13,0;1197,0;13,3;1,0;0,0;1,0;1,0;0,0;0,0;1,0;0,0;0,08;7,0;1,0;14,3;0,53;0,08;0,14;1,0;20,0;19,0;13,0;18,0;0,0;9,0;0,0;;0,0;;;0,0;;;;;0,0;;;;;No;No;No;No;No;No;No;No;No;No
450,0;Patrik Carlgren;se SWE;GK;Nantes;fr Ligue 1;34,0;1992,0;2,0;1,0;92,0;1,0;0,0;0,0;0,0;0,0;0,0;0,0;0,0;0,0;0,0;0,0;0,0;0,0;0,0;0,0;0,0;0,0;0,0;0,0;0,0;0,0;0,0;0,0;0,0;2,0;1,96;5,0;3,0;60,0;0,0;1,0;0,0;0,0;0,0;0,0;0,0;0,0;0,0;No;No;No;No;No;No;No;No;No;No
451,0;Diego Carlos;br BRA;DF;Como;it Serie A;33,0;1993,0;20,0;15,0;1493,0;16,6;1,0;0,0;1,0;1,0;0,0;0,0;6,0;0,0;0,06;3,0;2,0;66,7;0,18;0,12;0,33;0,5;1,0;12,0;13,0;6,0;0,0;26,0;0,0;;0,0;;;0,0;;;;;0,0;;;;;No;No;No;No;No;No;No;No;No;No
452,0;Kevin Carlos;es ESP;FW;Nice;fr Ligue 1;24,0;2001,0;17,0;9,0;812,0;9,0;0,0;0,0;0,0;0,0;0,0;0,0;3,0;0,0;0,0;20,0;7,0;35,0;2,22;0,78;0,0;0,0;3,0;1,0;1,0;14,0;0,0;26,0;0,0;;0,0;;;0,0;;;;;0,0;;;;;No;No;No;No;No;No;No;No;No;No
453,0;David Carmo;ao ANG;DF;Oviedo;es La Liga;26,0;1999,0;21,0;19,0;1722,0;19,1;1,0;0,0;1,0;1,0;0,0;0,0;8,0;1,0;0,05;10,0;3,0;30,0;0,52;0,16;0,1;0,33;2,0;17,0;21,0;4,0;1,0;20,0;0,0;;0,0;;;0,0;;;;;0,0;;;;;No;No;No;No;No;No;No;No;No;No
454,0;Carmona;es ESP;DF,MF;Sevilla;es La Liga;24,0;2002,0;26,0;22,0;1957,0;21,7;1,0;3,0;4,0;1,0;0,0;0,0;9,0;0,0;0,18;17,0;3,0;17,6;0,78;0,14;0,06;0,33;25,0;32,0;33,0;36,0;0,0;37,0;0,0;;0,0;;;0,0;;;;;0,0;;;;;No;No;No;No;No;No;No;No;No;No
455,0;Marco Carnesecchi;it ITA;GK;Atalanta;it Serie A;25,0;2000,0;29,0;29,0;2610,0;29,0;0,0;0,0;0,0;0,0;0,0;0,0;0,0;0,0;0,0;0,0;0,0;0,0;0,0;0,0;0,0;0,0;1,0;0,0;0,0;5,0;0,0;1,0;0,0;27,0;0,93;110,0;85,0;76,4;12,0;11,0;6,0;10,0;34,5;3,0;1,0;2,0;0,0;No;No;No;No;No;No;No;No;No;No
456,0;Sergio Carreira;es ESP;MF;Celta Vigo;es La Liga;25,0;2000,0;24,0;21,0;1914,0;21,3;2,0;1,0;3,0;2,0;0,0;0,0;2,0;0,0;0,14;12,0;5,0;41,7;0,56;0,24;0,17;0,4;24,0;15,0;21,0;27,0;0,0;14,0;0,0;;0,0;;;0,0;;;;;0,0;;;;;No;No;No;No;No;No;No;No;No;No
457,0;Gorka Carrera;es ESP;FW;Real Sociedad;es La Liga;20,0;2005,0;1,0;0,0;14,0;0,2;0,0;0,0;0,0;0,0;0,0;0,0;0,0;0,0;0,0;0,0;0,0;0,0;0,0;0,0;0,0;0,0;0,0;0,0;0,0;1,0;0,0;0,0;0,0;;0,0;;;0,0;;;;;0,0;;;;;No;No;No;No;No;No;No;No;No;No
458,0;Álvaro Carreras;es ESP;DF;Real Madrid;es La Liga;22,0;2003,0;23,0;22,0;1968,0;21,9;2,0;2,0;4,0;2,0;0,0;0,0;5,0;1,0;0,18;8,0;2,0;25,0;0,37;0,09;0,25;1,0;28,0;16,0;33,0;26,0;0,0;16,0;0,0;;0,0;;;0,0;;;;;0,0;;;;;No;No;No;No;No;No;No;No;No;No
459,0;Dani Carvajal;es ESP;DF;Real Madrid;es La Liga;34,0;1992,0;11,0;6,0;596,0;6,6;0,0;0,0;0,0;0,0;0,0;0,0;0,0;0,0;0,0;3,0;0,0;0,0;0,45;0,0;0,0;0,0;5,0;9,0;4,0;7,0;0,0;5,0;0,0;;0,0;;;0,0;;;;;0,0;;;;;No;No;No;Sí;No;No;No;Sí;Sí;Sí
460,0;Fabio Carvalho;pt POR;MF;Brentford;eng Premier League;23,0;2002,0;6,0;1,0;102,0;1,1;1,0;0,0;1,0;1,0;0,0;0,0;0,0;0,0;0,88;2,0;1,0;50,0;1,76;0,88;0,5;1,0;5,0;2,0;0,0;0,0;0,0;0,0;0,0;;0,0;;;0,0;;;;;0,0;;;;;No;No;No;No;No;No;No;No;No;No
461,0;Cesare Casadei;it ITA;MF;Torino;it Serie A;23,0;2003,0;25,0;16,0;1614,0;17,9;4,0;0,0;4,0;4,0;0,0;0,0;5,0;0,0;0,22;29,0;14,0;48,3;1,62;0,78;0,14;0,29;2,0;12,0;8,0;13,0;0,0;44,0;0,0;;0,0;;;0,0;;;;;0,0;;;;;No;No;No;No;No;No;No;No;No;No
462,0;Marc Casado;es ESP;MF;Barcelona;es La Liga;22,0;2003,0;18,0;9,0;836,0;9,3;0,0;1,0;1,0;0,0;0,0;0,0;0,0;0,0;0,11;9,0;0,0;0,0;0,97;0,0;0,0;0,0;0,0;7,0;7,0;15,0;0,0;21,0;0,0;;0,0;;;0,0;;;;;0,0;;;;;No;No;No;No;No;Sí;Sí;No;No;No
463,0;Nicolò Casale;it ITA;DF;Bologna;it Serie A;28,0;1998,0;11,0;7,0;588,0;6,5;0,0;0,0;0,0;0,0;0,0;0,0;0,0;0,0;0,0;4,0;0,0;0,0;0,61;0,0;0,0;0,0;2,0;1,0;7,0;4,0;0,0;10,0;0,0;;0,0;;;0,0;;;;;0,0;;;;;No;No;No;No;No;No;No;No;No;No
464,0;Casemiro;br BRA;MF;Manchester Utd;eng Premier League;34,0;1992,0;28,0;27,0;2050,0;22,8;7,0;2,0;9,0;7,0;0,0;0,0;9,0;1,0;0,4;43,0;14,0;32,6;1,89;0,61;0,16;0,5;15,0;34,0;21,0;27,0;1,0;39,0;0,0;;0,0;;;0,0;;;;;0,0;;;;;No;No;No;No;No;No;No;No;No;No
465,0;Matty Cash;pl POL;DF;Aston Villa;eng Premier League;28,0;1997,0;27,0;27,0;2351,0;26,1;3,0;2,0;5,0;3,0;0,0;0,0;7,0;0,0;0,19;25,0;9,0;36,0;0,96;0,34;0,12;0,33;100,0;22,0;20,0;25,0;0,0;37,0;0,0;;0,0;;;0,0;;;;;0,0;;;;;No;No;No;No;No;No;No;No;No;No
466,0;Josué Casimir;ht HAI;MF,FW;Auxerre;fr Ligue 1;24,0;2001,0;24,0;16,0;1393,0;15,5;1,0;0,0;1,0;1,0;0,0;1,0;5,0;1,0;0,06;21,0;11,0;52,4;1,36;0,71;0,05;0,09;53,0;13,0;10,0;28,0;1,0;31,0;0,0;;0,0;;;0,0;;;;;0,0;;;;;No;No;No;No;No;No;No;No;No;No
467,0;Cristian Cásseres Jr.;ve VEN;MF;Toulouse;fr Ligue 1;26,0;2000,0;23,0;21,0;1873,0;20,8;1,0;0,0;1,0;1,0;0,0;1,0;5,0;0,0;0,05;21,0;5,0;23,8;1,01;0,24;0,05;0,2;85,0;33,0;28,0;34,0;0,0;28,0;0,0;;0,0;;;0,0;;;;;0,0;;;;;No;No;No;No;No;No;No;No;No;No
468,0;Timothy Castagne;be BEL;DF,MF;Fulham;eng Premier League;30,0;1995,0;22,0;12,0;1133,0;12,6;0,0;0,0;0,0;0,0;0,0;0,0;3,0;0,0;0,0;8,0;4,0;50,0;0,64;0,32;0,0;0,0;32,0;13,0;20,0;3,0;0,0;14,0;0,0;;0,0;;;0,0;;;;;0,0;;;;;No;No;No;No;No;No;No;No;No;No
469,0;Valentín Castellanos;ar ARG;FW;Lazio;it Serie A;27,0;1998,0;11,0;8,0;692,0;7,7;2,0;3,0;5,0;2,0;0,0;0,0;2,0;0,0;0,65;20,0;8,0;40,0;2,6;1,04;0,1;0,25;6,0;3,0;3,0;18,0;0,0;9,0;0,0;;0,0;;;0,0;;;;;0,0;;;;;No;No;No;No;No;No;No;No;No;No
470,0;Valentín Castellanos;ar ARG;FW;West Ham United;eng Premier League;27,0;1998,0;10,0;10,0;815,0;9,1;2,0;0,0;2,0;2,0;0,0;0,0;2,0;0,0;0,22;21,0;8,0;38,1;2,32;0,88;0,1;0,25;4,0;5,0;1,0;9,0;0,0;19,0;0,0;;0,0;;;0,0;;;;;0,0;;;;;No;No;No;No;No;No;No;No;No;No
471,0;Castrin;es ESP;DF;Sevilla;es La Liga;23,0;2003,0;10,0;7,0;669,0;7,4;0,0;0,0;0,0;0,0;0,0;0,0;3,0;0,0;0,0;5,0;1,0;20,0;0,67;0,13;0,0;0,0;0,0;10,0;12,0;7,0;0,0;7,0;0,0;;0,0;;;0,0;;;;;0,0;;;;;No;No;No;No;No;No;No;No;No;No
472,0;Jonny Castro;es ESP;DF;Alavés;es La Liga;32,0;1994,0;27,0;27,0;2364,0;26,3;0,0;0,0;0,0;0,0;0,0;0,0;5,0;0,0;0,0;7,0;2,0;28,6;0,27;0,08;0,0;0,0;19,0;35,0;33,0;23,0;0,0;28,0;0,0;;0,0;;;0,0;;;;;0,0;;;;;No;No;No;No;No;No;No;No;No;No
473,0;Santiago Castro;ar ARG;FW;Bologna;it Serie A;21,0;2004,0;26,0;18,0;1698,0;18,9;7,0;2,0;9,0;7,0;0,0;0,0;1,0;0,0;0,48;47,0;16,0;34,0;2,49;0,85;0,15;0,44;4,0;7,0;1,0;40,0;0,0;26,0;0,0;;0,0;;;0,0;;;;;0,0;;;;;No;No;No;No;No;No;No;No;No;No
474,0;Alessio Castro-Montes;be BEL;MF,DF;Köln;de Bundesliga;28,0;1997,0;8,0;5,0;429,0;4,8;0,0;3,0;3,0;0,0;0,0;0,0;2,0;0,0;0,63;3,0;0,0;0,0;0,63;0,0;0,0;0,0;38,0;13,0;3,0;6,0;0,0;9,0;0,0;;0,0;;;0,0;;;;;0,0;;;;;No;No;No;No;No;No;No;No;No;No
475,0;Danilo Cataldi;it ITA;MF;Lazio;it Serie A;31,0;1994,0;25,0;22,0;1835,0;20,4;3,0;3,0;6,0;1,0;2,0;2,0;5,0;0,0;0,2;26,0;7,0;26,9;1,28;0,34;0,04;0,14;42,0;22,0;21,0;11,0;0,0;18,0;0,0;;0,0;;;0,0;;;;;0,0;;;;;No;No;No;No;No;No;No;No;No;No
476,0;Catena;es ESP;DF;Osasuna;es La Liga;31,0;1994,0;26,0;26,0;2261,0;25,1;2,0;2,0;4,0;2,0;0,0;0,0;8,0;1,0;0,16;14,0;2,0;14,3;0,56;0,08;0,14;1,0;1,0;24,0;28,0;12,0;0,0;37,0;0,0;;0,0;;;0,0;;;;;0,0;;;;;No;No;No;No;No;No;No;No;No;No
477,0;Nicolò Cavuoti;it ITA;MF;Cagliari;it Serie A;22,0;2003,0;4,0;0,0;44,0;0,5;0,0;0,0;0,0;0,0;0,0;0,0;0,0;0,0;0,0;0,0;0,0;0,0;0,0;0,0;0,0;0,0;0,0;0,0;0,0;1,0;0,0;1,0;0,0;;0,0;;;0,0;;;;;0,0;;;;;No;No;No;No;No;No;No;No;No;No
478,0;Santi Cazorla;es ESP;MF;Oviedo;es La Liga;41,0;1984,0;19,0;4,0;590,0;6,6;0,0;1,0;1,0;0,0;0,0;0,0;0,0;1,0;0,15;5,0;0,0;0,0;0,76;0,0;0,0;0,0;41,0;6,0;1,0;12,0;0,0;4,0;0,0;;0,0;;;0,0;;;;;0,0;;;;;No;No;No;No;No;No;No;No;No;No
479,0;Dani Ceballos;es ESP;MF;Real Madrid;es La Liga;29,0;1996,0;15,0;4,0;469,0;5,2;0,0;0,0;0,0;0,0;0,0;0,0;1,0;0,0;0,0;3,0;0,0;0,0;0,58;0,0;0,0;0,0;3,0;10,0;7,0;15,0;0,0;6,0;0,0;;0,0;;;0,0;;;;;0,0;;;;;No;No;No;No;No;No;No;No;No;No
480,0;Federico Ceccherini;it ITA;DF;Cremonese;it Serie A;33,0;1992,0;9,0;6,0;476,0;5,3;0,0;1,0;1,0;0,0;0,0;0,0;1,0;1,0;0,19;5,0;2,0;40,0;0,95;0,38;0,0;0,0;3,0;2,0;7,0;9,0;0,0;10,0;0,0;;0,0;;;0,0;;;;;0,0;;;;;No;No;No;No;No;No;No;No;No;No
481,0;Abdoulie Ceesay;gm GAM;FW;St Pauli;de Bundesliga;22,0;2004,0;15,0;0,0;217,0;2,4;0,0;0,0;0,0;0,0;0,0;0,0;2,0;0,0;0,0;4,0;1,0;25,0;1,66;0,41;0,0;0,0;0,0;0,0;0,0;5,0;0,0;10,0;0,0;;0,0;;;0,0;;;;;0,0;;;;;No;No;No;No;No;No;No;No;No;No
482,0;Nidal Celik;ba BIH;DF;Lens;fr Ligue 1;19,0;2006,0;5,0;5,0;382,0;4,2;0,0;0,0;0,0;0,0;0,0;0,0;1,0;0,0;0,0;0,0;0,0;0,0;0,0;0,0;0,0;0,0;0,0;6,0;6,0;1,0;0,0;8,0;0,0;;0,0;;;0,0;;;;;0,0;;;;;No;No;No;No;No;No;No;No;No;No
483,0;Zeki Çelik;tr TUR;MF,DF;Roma;it Serie A;29,0;1997,0;26,0;24,0;2077,0;23,1;1,0;2,0;3,0;1,0;0,0;0,0;1,0;1,0;0,13;18,0;3,0;16,7;0,78;0,13;0,06;0,33;61,0;29,0;14,0;12,0;0,0;30,0;0,0;;0,0;;;0,0;;;;;0,0;;;;;No;No;No;No;No;No;No;No;No;No
484,0;Fabien Centonze;fr FRA;MF,DF;Nantes;fr Ligue 1;30,0;1996,0;13,0;8,0;674,0;7,5;3,0;0,0;3,0;3,0;0,0;0,0;3,0;0,0;0,4;7,0;3,0;42,9;0,93;0,4;0,43;1,0;24,0;18,0;20,0;7,0;0,0;12,0;0,0;;0,0;;;0,0;;;;;0,0;;;;;No;No;No;No;No;No;No;No;No;No
485,0;Lucas Cepeda;cl CHI;MF;Elche;es La Liga;23,0;2002,0;6,0;4,0;338,0;3,8;0,0;0,0;0,0;0,0;0,0;0,0;1,0;0,0;0,0;9,0;3,0;33,3;2,4;0,8;0,0;0,0;14,0;3,0;1,0;7,0;0,0;4,0;0,0;;0,0;;;0,0;;;;;0,0;;;;;No;No;No;No;No;No;No;No;No;No
486,0;Václav Černý;cz CZE;FW,MF;Wolfsburg;de Bundesliga;28,0;1997,0;2,0;0,0;47,0;0,5;0,0;0,0;0,0;0,0;0,0;0,0;0,0;0,0;0,0;1,0;0,0;0,0;1,91;0,0;0,0;0,0;2,0;0,0;0,0;2,0;0,0;0,0;0,0;;0,0;;;0,0;;;;;0,0;;;;;No;No;No;No;No;No;No;No;No;No
487,0;Jorge Cestero;es ESP;MF;Real Madrid;es La Liga;19,0;2006,0;2,0;0,0;13,0;0,1;0,0;0,0;0,0;0,0;0,0;0,0;0,0;0,0;0,0;0,0;0,0;0,0;0,0;0,0;0,0;0,0;0,0;0,0;0,0;0,0;0,0;0,0;0,0;;0,0;;;0,0;;;;;0,0;;;;;No;No;No;No;No;No;No;No;No;No
488,0;Julian Chabot;de GER;DF;Stuttgart;de Bundesliga;28,0;1998,0;20,0;19,0;1700,0;18,9;0,0;0,0;0,0;0,0;0,0;0,0;3,0;0,0;0,0;15,0;6,0;40,0;0,79;0,32;0,0;0,0;1,0;12,0;32,0;33,0;0,0;26,0;1,0;;0,0;;;0,0;;;;;0,0;;;;;No;No;No;No;No;No;No;No;No;No
489,0;El Chadaille Bitshiabu;fr FRA;DF;RB Leipzig;de Bundesliga;20,0;2005,0;7,0;4,0;340,0;3,8;0,0;0,0;0,0;0,0;0,0;0,0;0,0;0,0;0,0;1,0;0,0;0,0;0,26;0,0;0,0;0,0;0,0;2,0;3,0;0,0;0,0;3,0;0,0;;0,0;;;0,0;;;;;0,0;;;;;No;No;No;No;No;No;No;No;No;No
490,0;Fares Chaïbi;dz ALG;MF;Eintracht Frankfurt;de Bundesliga;23,0;2002,0;20,0;17,0;1370,0;15,2;2,0;8,0;10,0;2,0;0,0;0,0;1,0;0,0;0,66;22,0;7,0;31,8;1,45;0,46;0,09;0,29;67,0;15,0;10,0;15,0;0,0;10,0;0,0;;0,0;;;0,0;;;;;0,0;;;;;No;No;No;No;No;No;No;No;No;No
491,0;Ilyas Chaira;ma MAR;MF;Oviedo;es La Liga;25,0;2001,0;26,0;21,0;1665,0;18,5;3,0;1,0;4,0;3,0;0,0;0,0;1,0;1,0;0,22;50,0;22,0;44,0;2,7;1,19;0,06;0,14;43,0;26,0;4,0;20,0;0,0;37,0;0,0;;0,0;;;0,0;;;;;0,0;;;;;No;No;No;No;No;No;No;No;No;No
492,0;Trevoh Chalobah;eng ENG;DF;Chelsea;eng Premier League;26,0;1999,0;29,0;29,0;2550,0;28,3;3,0;0,0;3,0;3,0;0,0;0,0;3,0;1,0;0,11;14,0;5,0;35,7;0,49;0,18;0,21;0,6;5,0;22,0;35,0;18,0;0,0;20,0;0,0;;0,0;;;0,0;;;;;0,0;;;;;No;No;No;No;No;No;No;No;No;No
493,0;Fallou Cham;gm GAM;MF;Hellas Verona;it Serie A;20,0;2006,0;6,0;3,0;228,0;2,5;0,0;0,0;0,0;0,0;0,0;0,0;0,0;0,0;0,0;5,0;2,0;40,0;1,97;0,79;0,0;0,0;10,0;9,0;4,0;5,0;0,0;7,0;0,0;;0,0;;;0,0;;;;;0,0;;;;;No;No;No;No;No;No;No;No;No;No
494,0;Brendan Chardonnet;fr FRA;DF;Brest;fr Ligue 1;31,0;1994,0;24,0;24,0;2096,0;23,3;0,0;3,0;3,0;0,0;0,0;0,0;4,0;0,0;0,13;10,0;5,0;50,0;0,43;0,21;0,0;0,0;6,0;17,0;29,0;17,0;0,0;22,0;0,0;;0,0;;;0,0;;;;;0,0;;;;;No;No;No;No;No;No;No;No;No;No
495,0;Pep Chavarría;es ESP;DF;Rayo Vallecano;es La Liga;27,0;1998,0;24,0;22,0;2015,0;22,4;1,0;2,0;3,0;1,0;0,0;0,0;6,0;1,0;0,13;14,0;2,0;14,3;0,63;0,09;0,07;0,5;70,0;24,0;25,0;30,0;1,0;26,0;0,0;;0,0;;;0,0;;;;;0,0;;;;;No;No;No;No;No;No;No;No;No;No
496,0;Arthur Chaves;br BRA;DF;Hoffenheim;de Bundesliga;25,0;2001,0;4,0;2,0;240,0;2,7;0,0;0,0;0,0;0,0;0,0;0,0;1,0;0,0;0,0;1,0;0,0;0,0;0,37;0,0;0,0;0,0;2,0;5,0;3,0;3,0;0,0;5,0;0,0;;0,0;;;0,0;;;;;0,0;;;;;No;No;No;No;No;No;No;No;No;No
497,0;Arthur Chaves;br BRA;DF;Augsburg;de Bundesliga;25,0;2001,0;5,0;5,0;399,0;4,4;1,0;0,0;1,0;1,0;0,0;0,0;0,0;0,0;0,23;3,0;1,0;33,3;0,68;0,23;0,33;1,0;0,0;8,0;3,0;4,0;0,0;2,0;1,0;;0,0;;;0,0;;;;;0,0;;;;;No;No;No;No;No;No;No;No;No;No
498,0;Felipe Chávez;pe PER;MF;Bayern Munich;de Bundesliga;18,0;2007,0;2,0;0,0;14,0;0,2;0,0;0,0;0,0;0,0;0,0;0,0;0,0;0,0;0,0;1,0;0,0;0,0;6,43;0,0;0,0;0,0;1,0;0,0;0,0;0,0;0,0;0,0;0,0;;0,0;;;0,0;;;;;0,0;;;;;No;No;No;No;No;No;No;No;No;No
499,0;Felipe Chávez;pe PER;MF;Köln;de Bundesliga;18,0;2007,0;3,0;0,0;21,0;0,2;0,0;0,0;0,0;0,0;0,0;0,0;0,0;0,0;0,0;1,0;0,0;0,0;4,29;0,0;0,0;0,0;1,0;1,0;0,0;0,0;0,0;0,0;0,0;;0,0;;;0,0;;;;;0,0;;;;;No;No;No;No;No;No;No;No;No;No
500,0;Walid Cheddira;ma MAR;FW;Sassuolo;it Serie A;28,0;1998,0;16,0;1,0;221,0;2,5;1,0;0,0;1,0;1,0;0,0;0,0;1,0;0,0;0,41;8,0;2,0;25,0;3,26;0,81;0,13;0,5;4,0;0,0;0,0;9,0;0,0;7,0;0,0;;0,0;;;0,0;;;;;0,0;;;;;No;No;No;No;No;No;No;No;No;No
501,0;Walid Cheddira;ma MAR;FW;Lecce;it Serie A;28,0;1998,0;8,0;5,0;477,0;5,3;0,0;0,0;0,0;0,0;0,0;0,0;0,0;0,0;0,0;9,0;2,0;22,2;1,7;0,38;0,0;0,0;1,0;2,0;0,0;12,0;0,0;10,0;0,0;;0,0;;;0,0;;;;;0,0;;;;;No;No;No;No;No;No;No;No;No;No
502,0;Chema;es ESP;MF;Stuttgart;de Bundesliga;20,0;2005,0;18,0;9,0;875,0;9,7;1,0;0,0;1,0;1,0;0,0;0,0;2,0;0,0;0,1;10,0;3,0;30,0;1,03;0,31;0,1;0,33;0,0;13,0;23,0;7,0;0,0;12,0;0,0;;0,0;;;0,0;;;;;0,0;;;;;No;No;No;No;No;No;No;No;No;No
503,0;Samir Chergui;dz ALG;DF;Paris FC;fr Ligue 1;27,0;1999,0;12,0;11,0;973,0;10,8;1,0;0,0;1,0;1,0;0,0;0,0;1,0;0,0;0,09;11,0;3,0;27,3;1,02;0,28;0,09;0,33;6,0;10,0;8,0;4,0;0,0;12,0;0,0;;0,0;;;0,0;;;;;0,0;;;;;No;No;No;No;No;No;No;No;No;No
504,0;Sidiki Cherif;fr FRA;FW,MF;Angers;fr Ligue 1;19,0;2006,0;19,0;14,0;1157,0;12,9;4,0;0,0;4,0;4,0;0,0;0,0;3,0;0,0;0,31;28,0;12,0;42,9;2,18;0,93;0,14;0,33;6,0;3,0;6,0;16,0;0,0;15,0;0,0;;0,0;;;0,0;;;;;0,0;;;;;No;No;No;No;No;No;No;No;No;No
505,0;Rayan Cherki;fr FRA;MF;Manchester City;eng Premier League;22,0;2003,0;25,0;14,0;1308,0;14,5;3,0;8,0;11,0;3,0;0,0;0,0;1,0;0,0;0,76;33,0;8,0;24,2;2,27;0,55;0,09;0,38;58,0;15,0;7,0;30,0;0,0;14,0;0,0;;0,0;;;0,0;;;;;0,0;;;;;No;No;No;No;No;No;No;No;No;No
506,0;Lucas Chevalier;fr FRA;GK;Paris Saint-Germain;fr Ligue 1;24,0;2001,0;17,0;17,0;1530,0;17,0;0,0;0,0;0,0;0,0;0,0;0,0;0,0;0,0;0,0;0,0;0,0;0,0;0,0;0,0;0,0;0,0;0,0;0,0;0,0;1,0;0,0;0,0;0,0;13,0;0,76;43,0;32,0;72,1;12,0;3,0;2,0;9,0;52,9;3,0;1,0;1,0;1,0;No;No;No;No;No;No;No;No;No;No
507,0;Fabio Chiarodia;it ITA;DF;Gladbach;de Bundesliga;20,0;2005,0;10,0;5,0;410,0;4,6;0,0;0,0;0,0;0,0;0,0;0,0;0,0;0,0;0,0;3,0;1,0;33,3;0,66;0,22;0,0;0,0;0,0;6,0;9,0;0,0;0,0;5,0;0,0;;0,0;;;0,0;;;;;0,0;;;;;No;No;No;No;No;No;No;No;No;No
508,0;Federico Chiesa;it ITA;MF;Liverpool;eng Premier League;28,0;1997,0;22,0;1,0;282,0;3,1;2,0;1,0;3,0;2,0;0,0;0,0;2,0;0,0;0,96;15,0;4,0;26,7;4,79;1,28;0,13;0,5;14,0;5,0;4,0;5,0;0,0;8,0;0,0;;0,0;;;0,0;;;;;0,0;;;;;No;No;No;No;No;No;No;No;No;No
509,0;Ben Chilwell;eng ENG;DF,MF;Strasbourg;fr Ligue 1;29,0;1996,0;19,0;18,0;1541,0;17,1;0,0;2,0;2,0;0,0;0,0;0,0;4,0;0,0;0,12;5,0;3,0;60,0;0,29;0,18;0,0;0,0;30,0;17,0;22,0;21,0;0,0;14,0;0,0;;0,0;;;0,0;;;;;0,0;;;;;No;No;No;No;No;No;No;No;No;No
510,0;Tawanda Chirewa;zw ZIM;MF;Wolves;eng Premier League;22,0;2003,0;2,0;0,0;27,0;0,3;0,0;0,0;0,0;0,0;0,0;0,0;0,0;0,0;0,0;0,0;0,0;0,0;0,0;0,0;0,0;0,0;0,0;0,0;0,0;1,0;0,0;3,0;0,0;;0,0;;;0,0;;;;;0,0;;;;;No;No;No;No;No;No;No;No;No;No
511,0;Joris Chotard;fr FRA;MF;Brest;fr Ligue 1;24,0;2001,0;25,0;24,0;2157,0;24,0;2,0;0,0;2,0;2,0;0,0;0,0;1,0;0,0;0,08;22,0;7,0;31,8;0,92;0,29;0,09;0,29;35,0;28,0;32,0;11,0;0,0;25,0;0,0;;0,0;;;0,0;;;;;0,0;;;;;No;No;No;No;No;No;No;No;No;No
512,0;Andreas Christensen;dk DEN;DF;Barcelona;es La Liga;29,0;1996,0;12,0;3,0;380,0;4,2;0,0;0,0;0,0;0,0;0,0;0,0;1,0;0,0;0,0;2,0;0,0;0,0;0,47;0,0;0,0;0,0;0,0;3,0;2,0;3,0;0,0;4,0;0,0;;0,0;;;0,0;;;;;0,0;;;;;No;No;No;No;No;No;No;No;No;No
513,0;Ryan Christie;sct SCO;MF;Bournemouth;eng Premier League;31,0;1995,0;20,0;4,0;655,0;7,3;1,0;0,0;1,0;1,0;0,0;0,0;2,0;0,0;0,14;18,0;5,0;27,8;2,47;0,69;0,06;0,2;14,0;13,0;5,0;16,0;0,0;13,0;0,0;;0,0;;;0,0;;;;;0,0;;;;;No;No;No;No;No;No;No;No;No;No
514,0;Carney Chukwuemeka;eng ENG;MF,FW;Dortmund;de Bundesliga;22,0;2003,0;21,0;6,0;670,0;7,4;2,0;0,0;2,0;2,0;0,0;0,0;1,0;0,0;0,27;14,0;2,0;14,3;1,88;0,27;0,14;1,0;0,0;13,0;6,0;10,0;0,0;8,0;0,0;;0,0;;;0,0;;;;;0,0;;;;;No;No;No;No;No;No;No;No;No;No
515,0;Samuel Chukwueze;ng NGA;FW,MF;Milan;it Serie A;26,0;1999,0;1,0;0,0;26,0;0,3;0,0;0,0;0,0;0,0;0,0;0,0;0,0;0,0;0,0;0,0;0,0;0,0;0,0;0,0;0,0;0,0;3,0;0,0;0,0;3,0;0,0;0,0;0,0;;0,0;;;0,0;;;;;0,0;;;;;No;No;No;No;No;No;No;No;No;No
516,0;Samuel Chukwueze;ng NGA;MF;Fulham;eng Premier League;26,0;1999,0;16,0;7,0;779,0;8,7;3,0;4,0;7,0;3,0;0,0;0,0;0,0;0,0;0,81;18,0;6,0;33,3;2,08;0,69;0,17;0,5;28,0;4,0;5,0;10,0;0,0;5,0;0,0;;0,0;;;0,0;;;;;0,0;;;;;No;No;No;No;No;No;No;No;No;No
517,0;Víctor Chust;es ESP;DF;Elche;es La Liga;26,0;2000,0;22,0;18,0;1702,0;18,9;0,0;0,0;0,0;0,0;0,0;0,0;7,0;1,0;0,0;6,0;2,0;33,3;0,32;0,11;0,0;0,0;17,0;26,0;20,0;9,0;1,0;31,0;0,0;;0,0;;;0,0;;;;;0,0;;;;;No;No;No;No;No;No;No;No;No;No
518,0;Alessandro Circati;au AUS;DF;Parma;it Serie A;22,0;2003,0;22,0;22,0;1885,0;20,9;1,0;0,0;1,0;1,0;0,0;0,0;5,0;0,0;0,05;5,0;1,0;20,0;0,24;0,05;0,2;1,0;2,0;15,0;17,0;14,0;0,0;24,0;0,0;;0,0;;;0,0;;;;;0,0;;;;;No;No;No;No;No;No;No;No;No;No
519,0;Dennis Cirkin;eng ENG;DF;Sunderland;eng Premier League;23,0;2002,0;7,0;3,0;304,0;3,4;0,0;0,0;0,0;0,0;0,0;0,0;1,0;0,0;0,0;1,0;0,0;0,0;0,3;0,0;0,0;0,0;3,0;5,0;5,0;2,0;0,0;3,0;0,0;;0,0;;;0,0;;;;;0,0;;;;;No;No;No;No;No;No;No;No;No;No
520,0;Pathé Ciss;sn SEN;MF,DF;Rayo Vallecano;es La Liga;32,0;1994,0;20,0;14,0;1353,0;15,0;2,0;0,0;2,0;2,0;0,0;0,0;4,0;2,0;0,13;14,0;7,0;50,0;0,93;0,47;0,14;0,29;1,0;23,0;20,0;5,0;0,0;19,0;0,0;;0,0;;;0,0;;;;;0,0;;;;;No;No;No;No;No;No;No;No;No;No
521,0;Djaoui Cissé;fr FRA;MF;Rennes;fr Ligue 1;22,0;2004,0;20,0;12,0;926,0;10,3;0,0;0,0;0,0;0,0;0,0;0,0;3,0;0,0;0,0;23,0;6,0;26,1;2,24;0,58;0,0;0,0;27,0;19,0;5,0;10,0;0,0;17,0;0,0;;0,0;;;0,0;;;;;0,0;;;;;No;No;No;No;No;No;No;No;No;No
522,0;Mamoudou Cissokho;fr FRA;FW;Auxerre;fr Ligue 1;18,0;2007,0;1,0;0,0;1,0;0,0;0,0;0,0;0,0;0,0;0,0;0,0;0,0;0,0;0,0;0,0;0,0;0,0;0,0;0,0;0,0;0,0;0,0;0,0;0,0;0,0;0,0;0,0;0,0;;0,0;;;0,0;;;;;0,0;;;;;No;No;No;No;No;No;No;No;No;No
523,0;Alexis Claude-Maurice;fr FRA;MF,FW;Augsburg;de Bundesliga;27,0;1998,0;22,0;19,0;1584,0;17,6;4,0;4,0;8,0;3,0;1,0;1,0;3,0;0,0;0,4;55,0;21,0;38,2;3,12;1,19;0,05;0,14;45,0;17,0;4,0;36,0;0,0;21,0;0,0;;0,0;;;0,0;;;;;0,0;;;;;No;No;No;No;No;No;No;No;No;No
524,0;Jonathan Clauss;fr FRA;MF,DF;Nice;fr Ligue 1;33,0;1992,0;23,0;21,0;1921,0;21,3;1,0;6,0;7,0;1,0;0,0;0,0;0,0;0,0;0,33;17,0;4,0;23,5;0,8;0,19;0,06;0,25;175,0;30,0;31,0;15,0;0,0;16,0;0,0;;0,0;;;0,0;;;;;0,0;;;;;No;No;No;No;No;No;No;No;No;No
525,0;Nathaniel Clyne;eng ENG;MF;Crystal Palace;eng Premier League;34,0;1991,0;8,0;6,0;495,0;5,5;0,0;1,0;1,0;0,0;0,0;0,0;1,0;0,0;0,18;3,0;0,0;0,0;0,55;0,0;0,0;0,0;14,0;9,0;7,0;1,0;0,0;4,0;0,0;;0,0;;;0,0;;;;;0,0;;;;;No;No;No;No;No;No;No;No;No;No
526,0;Saúl Coco;gq EQG;DF;Torino;it Serie A;27,0;1999,0;26,0;26,0;2340,0;26,0;1,0;1,0;2,0;1,0;0,0;0,0;2,0;0,0;0,08;14,0;4,0;28,6;0,54;0,15;0,07;0,25;4,0;28,0;32,0;31,0;0,0;36,0;0,0;;0,0;;;0,0;;;;;0,0;;;;;No;No;No;No;No;No;No;No;No;No
527,0;Séamus Coleman;ie IRL;DF;Everton;eng Premier League;37,0;1988,0;3,0;1,0;11,0;0,1;0,0;0,0;0,0;0,0;0,0;0,0;0,0;0,0;0,0;0,0;0,0;0,0;0,0;0,0;0,0;0,0;1,0;0,0;0,0;1,0;0,0;0,0;0,0;;0,0;;;0,0;;;;;0,0;;;;;No;No;No;No;No;No;No;No;No;No
528,0;Maxime Colin;fr FRA;DF;Metz;fr Ligue 1;34,0;1991,0;18,0;14,0;1369,0;15,2;0,0;0,0;0,0;0,0;0,0;0,0;0,0;0,0;0,0;7,0;2,0;28,6;0,46;0,13;0,0;0,0;9,0;25,0;19,0;6,0;0,0;8,0;0,0;;0,0;;;0,0;;;;;0,0;;;;;No;No;No;No;No;No;No;No;No;No
529,0;Nathan Collins;ie IRL;DF;Brentford;eng Premier League;24,0;2001,0;27,0;24,0;2255,0;25,1;1,0;2,0;3,0;1,0;0,0;0,0;5,0;0,0;0,12;13,0;5,0;38,5;0,52;0,2;0,08;0,2;1,0;9,0;27,0;15,0;0,0;16,0;1,0;;0,0;;;0,0;;;;;0,0;;;;;No;No;No;No;No;No;No;No;No;No
530,0;Nnamdi Collins;de GER;DF;Eintracht Frankfurt;de Bundesliga;22,0;2004,0;22,0;15,0;1437,0;16,0;1,0;2,0;3,0;1,0;0,0;0,0;4,0;0,0;0,19;3,0;1,0;33,3;0,19;0,06;0,33;1,0;4,0;38,0;24,0;19,0;0,0;22,0;0,0;;0,0;;;0,0;;;;;0,0;;;;;No;No;No;No;No;No;No;No;No;No
531,0;Michele Collocolo;it ITA;MF;Cremonese;it Serie A;26,0;1999,0;6,0;5,0;308,0;3,4;0,0;0,0;0,0;0,0;0,0;0,0;1,0;0,0;0,0;2,0;1,0;50,0;0,58;0,29;0,0;0,0;5,0;3,0;1,0;2,0;0,0;2,0;0,0;;0,0;;;0,0;;;;;0,0;;;;;No;No;No;No;No;No;No;No;No;No
532,0;Santiago Colombatto;ar ARG;MF;Oviedo;es La Liga;29,0;1997,0;23,0;18,0;1609,0;17,9;0,0;1,0;1,0;0,0;0,0;0,0;6,0;0,0;0,06;12,0;2,0;16,7;0,67;0,11;0,0;0,0;53,0;15,0;13,0;33,0;0,0;35,0;0,0;;0,0;;;0,0;;;;;0,0;;;;;No;No;No;No;No;No;No;No;No;No
533,0;Lorenzo Colombo;it ITA;FW;Genoa;it Serie A;24,0;2002,0;29,0;22,0;1751,0;19,5;6,0;1,0;7,0;6,0;0,0;1,0;1,0;0,0;0,36;52,0;21,0;40,4;2,67;1,08;0,12;0,29;11,0;9,0;1,0;40,0;0,0;34,0;0,0;;0,0;;;0,0;;;;;0,0;;;;;No;No;No;No;No;No;No;No;No;No
534,0;Eray Cömert;ch SUI;DF;Valencia;es La Liga;28,0;1998,0;11,0;9,0;834,0;9,3;2,0;0,0;2,0;2,0;0,0;0,0;2,0;0,0;0,22;5,0;2,0;40,0;0,54;0,22;0,4;1,0;1,0;10,0;15,0;6,0;0,0;3,0;0,0;;0,0;;;0,0;;;;;0,0;;;;;No;No;No;No;No;No;No;No;No;No
535,0;Santi Comesaña;es ESP;MF;Villarreal;es La Liga;29,0;1996,0;26,0;21,0;1801,0;20,0;3,0;4,0;7,0;3,0;0,0;0,0;4,0;1,0;0,35;22,0;7,0;31,8;1,1;0,35;0,14;0,43;11,0;19,0;23,0;19,0;0,0;31,0;0,0;;0,0;;;0,0;;;;;0,0;;;;;No;No;No;No;No;No;No;No;No;No
536,0;Pietro Comuzzo;it ITA;DF;Fiorentina;it Serie A;21,0;2005,0;21,0;16,0;1428,0;15,9;1,0;0,0;1,0;1,0;0,0;0,0;2,0;0,0;0,06;9,0;2,0;22,2;0,57;0,13;0,11;0,5;1,0;14,0;19,0;3,0;0,0;20,0;0,0;;0,0;;;0,0;;;;;0,0;;;;;No;No;No;No;No;No;No;No;No;No
537,0;Francisco Conceição;pt POR;MF,FW;Juventus;it Serie A;23,0;2002,0;22,0;18,0;1383,0;15,4;3,0;2,0;5,0;3,0;0,0;0,0;2,0;0,0;0,33;48,0;15,0;31,3;3,12;0,98;0,06;0,2;59,0;14,0;6,0;25,0;0,0;23,0;0,0;;0,0;;;0,0;;;;;0,0;;;;;No;No;No;No;No;No;No;No;No;No
538,0;Christian Conteh;de GER;MF,FW;Heidenheim;de Bundesliga;26,0;1999,0;4,0;3,0;261,0;2,9;0,0;0,0;0,0;0,0;0,0;0,0;0,0;0,0;0,0;3,0;0,0;0,0;1,03;0,0;0,0;0,0;5,0;1,0;1,0;2,0;0,0;4,0;0,0;;0,0;;;0,0;;;;;0,0;;;;;No;No;No;No;No;No;No;No;No;No
539,0;Sirlord Conteh;de GER;MF,FW;Heidenheim;de Bundesliga;29,0;1996,0;14,0;3,0;598,0;6,6;2,0;1,0;3,0;2,0;0,0;0,0;1,0;0,0;0,45;10,0;3,0;30,0;1,51;0,45;0,2;0,67;17,0;7,0;3,0;8,0;0,0;6,0;0,0;;0,0;;;0,0;;;;;0,0;;;;;No;No;No;No;No;No;No;No;No;No
540,0;Lewis Cook;eng ENG;MF,DF;Bournemouth;eng Premier League;29,0;1997,0;16,0;8,0;872,0;9,7;0,0;1,0;1,0;0,0;0,0;0,0;1,0;1,0;0,1;3,0;0,0;0,0;0,31;0,0;0,0;0,0;44,0;17,0;21,0;5,0;0,0;8,0;0,0;;0,0;;;0,0;;;;;0,0;;;;;No;No;No;No;No;No;No;No;No;No
541,0;Copete;es ESP;DF;Valencia;es La Liga;26,0;1999,0;21,0;19,0;1759,0;19,5;0,0;0,0;0,0;0,0;0,0;0,0;5,0;0,0;0,0;13,0;0,0;0,0;0,67;0,0;0,0;0,0;4,0;15,0;25,0;11,0;0,0;20,0;1,0;;0,0;;;0,0;;;;;0,0;;;;;No;No;No;No;No;No;No;No;No;No
542,0;Diego Coppola;it ITA;DF;Paris FC;fr Ligue 1;22,0;2003,0;5,0;5,0;450,0;5,0;0,0;0,0;0,0;0,0;0,0;0,0;1,0;0,0;0,0;1,0;0,0;0,0;0,2;0,0;0,0;0,0;0,0;3,0;2,0;3,0;0,0;4,0;0,0;;0,0;;;0,0;;;;;0,0;;;;;No;No;No;No;No;No;No;No;No;No
543,0;Diego Coppola;it ITA;DF;Brighton;eng Premier League;22,0;2003,0;5,0;2,0;194,0;2,2;0,0;0,0;0,0;0,0;0,0;0,0;2,0;0,0;0,0;0,0;0,0;0,0;0,0;0,0;0,0;0,0;0,0;2,0;1,0;0,0;0,0;4,0;0,0;;0,0;;;0,0;;;;;0,0;;;;;No;No;No;No;No;No;No;No;No;No
544,0;Francesco Coppola;it ITA;DF;Pisa;it Serie A;20,0;2005,0;6,0;5,0;451,0;5,0;0,0;0,0;0,0;0,0;0,0;0,0;3,0;0,0;0,0;2,0;0,0;0,0;0,4;0,0;0,0;0,0;2,0;5,0;5,0;8,0;0,0;7,0;0,0;;0,0;;;0,0;;;;;0,0;;;;;No;No;No;No;No;No;No;No;No;No
545,0;Francis Coquelin;fr FRA;MF;Nantes;fr Ligue 1;34,0;1991,0;12,0;5,0;433,0;4,8;0,0;0,0;0,0;0,0;0,0;0,0;1,0;0,0;0,0;4,0;1,0;25,0;0,83;0,21;0,0;0,0;0,0;8,0;3,0;5,0;0,0;9,0;0,0;;0,0;;;0,0;;;;;0,0;;;;;No;No;No;No;No;No;No;No;No;No
546,0;Derek Cornelius;ca CAN;DF,FW;Marseille;fr Ligue 1;28,0;1997,0;2,0;0,0;58,0;0,6;0,0;0,0;0,0;0,0;0,0;0,0;0,0;0,0;0,0;0,0;0,0;0,0;0,0;0,0;0,0;0,0;0,0;0,0;1,0;2,0;0,0;0,0;0,0;;0,0;;;0,0;;;;;0,0;;;;;No;No;No;No;No;No;No;No;No;No
547,0;Maxwel Cornet;ci CIV;MF;Genoa;it Serie A;29,0;1996,0;7,0;1,0;108,0;1,2;0,0;0,0;0,0;0,0;0,0;1,0;0,0;0,0;0,0;4,0;2,0;50,0;3,33;1,67;0,0;0,0;12,0;3,0;0,0;1,0;0,0;6,0;0,0;;0,0;;;0,0;;;;;0,0;;;;;No;No;No;No;No;No;No;No;No;No
548,0;Iván Corralejo;es ESP;MF;Real Betis;es La Liga;18,0;2007,0;1,0;0,0;15,0;0,2;0,0;0,0;0,0;0,0;0,0;0,0;0,0;0,0;0,0;0,0;0,0;0,0;0,0;0,0;0,0;0,0;0,0;0,0;0,0;1,0;0,0;1,0;0,0;;0,0;;;0,0;;;;;0,0;;;;;No;No;No;No;No;No;No;No;No;No
549,0;Félix Correia;pt POR;MF;Lille;fr Ligue 1;25,0;2001,0;26,0;18,0;1493,0;16,6;3,0;5,0;8,0;3,0;0,0;0,0;2,0;0,0;0,48;25,0;5,0;20,0;1,51;0,3;0,12;0,6;69,0;7,0;18,0;20,0;0,0;9,0;0,0;;0,0;;;0,0;;;;;0,0;;;;;No;No;No;No;No;No;No;No;No;No
550,0;Thierry Correia;pt POR;DF,MF;Valencia;es La Liga;27,0;1999,0;19,0;15,0;1235,0;13,7;0,0;1,0;1,0;0,0;0,0;0,0;5,0;0,0;0,07;5,0;1,0;20,0;0,36;0,07;0,0;0,0;35,0;19,0;17,0;23,0;0,0;23,0;0,0;;0,0;;;0,0;;;;;0,0;;;;;No;No;No;No;No;No;No;No;No;No
551,0;Paco Cortés;es ESP;MF,FW;Levante;es La Liga;18,0;2007,0;10,0;3,0;397,0;4,4;0,0;0,0;0,0;0,0;0,0;0,0;2,0;0,0;0,0;10,0;3,0;30,0;2,27;0,68;0,0;0,0;18,0;1,0;2,0;5,0;0,0;6,0;0,0;;0,0;;;0,0;;;;;0,0;;;;;No;No;No;No;No;No;No;No;No;No
552,0;Edoardo Corvi;it ITA;GK;Parma;it Serie A;24,0;2001,0;16,0;16,0;1440,0;16,0;0,0;0,0;0,0;0,0;0,0;0,0;1,0;0,0;0,0;0,0;0,0;0,0;0,0;0,0;0,0;0,0;0,0;0,0;0,0;5,0;0,0;0,0;0,0;18,0;1,13;59,0;43,0;74,6;7,0;4,0;5,0;6,0;37,5;3,0;3,0;0,0;0,0;No;No;No;No;No;No;No;No;No;No
553,0;Coba da Costa;es ESP;MF;Getafe;es La Liga;23,0;2002,0;14,0;2,0;348,0;3,9;0,0;0,0;0,0;0,0;0,0;0,0;1,0;0,0;0,0;5,0;1,0;20,0;1,29;0,26;0,0;0,0;23,0;6,0;0,0;6,0;0,0;7,0;0,0;;0,0;;;0,0;;;;;0,0;;;;;No;No;No;No;No;No;No;No;No;No
554,0;Danny da Costa;de GER;DF,MF;Mainz 05;de Bundesliga;32,0;1993,0;26,0;23,0;2112,0;23,5;2,0;3,0;5,0;2,0;0,0;0,0;3,0;0,0;0,21;11,0;5,0;45,5;0,47;0,21;0,18;0,4;41,0;18,0;23,0;19,0;0,0;20,0;1,0;;0,0;;;0,0;;;;;0,0;;;;;No;No;No;No;No;No;No;No;No;No
555,0;Samu Costa;pt POR;MF;Mallorca;es La Liga;25,0;2000,0;25,0;22,0;1956,0;21,7;5,0;0,0;5,0;5,0;0,0;0,0;9,0;0,0;0,23;22,0;10,0;45,5;1,01;0,46;0,23;0,5;22,0;22,0;19,0;52,0;0,0;48,0;0,0;;0,0;;;0,0;;;;;0,0;;;;;No;No;No;No;No;No;No;No;No;No
556,0;David Costas;es ESP;DF;Oviedo;es La Liga;30,0;1995,0;18,0;17,0;1520,0;16,9;1,0;0,0;1,0;1,0;0,0;0,0;2,0;0,0;0,06;2,0;1,0;50,0;0,12;0,06;0,5;1,0;1,0;20,0;21,0;9,0;0,0;13,0;0,0;;0,0;;;0,0;;;;;0,0;;;;;No;No;No;No;No;No;No;No;No;No
557,0;Grégoire Coudert;fr FRA;GK;Brest;fr Ligue 1;26,0;1999,0;17,0;16,0;1472,0;16,4;0,0;0,0;0,0;0,0;0,0;0,0;0,0;0,0;0,0;0,0;0,0;0,0;0,0;0,0;0,0;0,0;0,0;0,0;0,0;6,0;0,0;0,0;0,0;21,0;1,28;69,0;50,0;71,0;9,0;2,0;5,0;6,0;37,5;2,0;1,0;1,0;0,0;No;No;No;No;No;No;No;No;No;No
558,0;Vladimír Coufal;cz CZE;DF,MF;Hoffenheim;de Bundesliga;33,0;1992,0;26,0;26,0;2324,0;25,8;1,0;6,0;7,0;1,0;0,0;0,0;3,0;0,0;0,27;20,0;4,0;20,0;0,77;0,15;0,05;0,25;149,0;29,0;32,0;27,0;0,0;23,0;0,0;;0,0;;;0,0;;;;;0,0;;;;;No;No;No;No;No;No;No;No;No;No
559,0;Abdoul Coulibaly;de GER;DF;Werder Bremen;de Bundesliga;18,0;2007,0;21,0;20,0;1730,0;19,2;1,0;0,0;1,0;1,0;0,0;0,0;5,0;1,0;0,05;6,0;1,0;16,7;0,31;0,05;0,17;1,0;11,0;12,0;21,0;6,0;1,0;16,0;1,0;;0,0;;;0,0;;;;;0,0;;;;;No;No;No;No;No;No;No;No;No;No
560,0;Djibril Coulibaly;fr FRA;MF;Nice;fr Ligue 1;17,0;2008,0;1,0;0,0;6,0;0,1;0,0;0,0;0,0;0,0;0,0;0,0;0,0;0,0;0,0;0,0;0,0;0,0;0,0;0,0;0,0;0,0;0,0;0,0;0,0;0,0;0,0;1,0;0,0;;0,0;;;0,0;;;;;0,0;;;;;No;No;No;No;No;No;No;No;No;No
561,0;Lassana Coulibaly;ml MLI;MF;Lecce;it Serie A;29,0;1996,0;25,0;24,0;2036,0;22,6;3,0;1,0;4,0;3,0;0,0;0,0;3,0;0,0;0,18;20,0;7,0;35,0;0,88;0,31;0,15;0,43;11,0;24,0;7,0;36,0;0,0;20,0;0,0;;0,0;;;0,0;;;;;0,0;;;;;No;No;No;No;No;No;No;No;No;No
562,0;Lasso Coulibaly;ci CIV;MF;Auxerre;fr Ligue 1;23,0;2002,0;14,0;1,0;290,0;3,2;0,0;0,0;0,0;0,0;0,0;0,0;1,0;0,0;0,0;3,0;0,0;0,0;0,93;0,0;0,0;0,0;16,0;5,0;6,0;10,0;0,0;8,0;0,0;;0,0;;;0,0;;;;;0,0;;;;;No;No;No;No;No;No;No;No;No;No
563,0;Mamadou Coulibaly;fr FRA;MF;Monaco;fr Ligue 1;21,0;2004,0;18,0;13,0;1100,0;12,2;3,0;3,0;6,0;3,0;0,0;0,0;5,0;1,0;0,49;7,0;4,0;57,1;0,57;0,33;0,43;0,75;8,0;17,0;17,0;12,0;0,0;26,0;0,0;;0,0;;;0,0;;;;;0,0;;;;;No;No;No;No;No;No;No;No;No;No
564,0;Soumaïla Coulibaly;fr FRA;DF;Brest;fr Ligue 1;22,0;2003,0;12,0;12,0;1063,0;11,8;0,0;0,0;0,0;0,0;0,0;0,0;3,0;0,0;0,0;6,0;2,0;33,3;0,51;0,17;0,0;0,0;1,0;9,0;11,0;14,0;0,0;19,0;1,0;;0,0;;;0,0;;;;;0,0;;;;;No;No;No;No;No;No;No;No;No;No
565,0;Woyo Coulibaly;ml MLI;DF;Sassuolo;it Serie A;26,0;1999,0;13,0;5,0;586,0;6,5;0,0;0,0;0,0;0,0;0,0;0,0;2,0;0,0;0,0;3,0;1,0;33,3;0,46;0,15;0,0;0,0;5,0;5,0;6,0;11,0;0,0;9,0;0,0;;0,0;;;0,0;;;;;0,0;;;;;No;No;No;No;No;No;No;No;No;No
566,0;Marius Courcoul;fr FRA;MF;Angers;fr Ligue 1;19,0;2007,0;17,0;3,0;353,0;3,9;0,0;0,0;0,0;0,0;0,0;0,0;0,0;0,0;0,0;2,0;1,0;50,0;0,51;0,25;0,0;0,0;0,0;8,0;3,0;3,0;0,0;5,0;0,0;;0,0;;;0,0;;;;;0,0;;;;;No;No;No;No;No;No;No;No;No;No
567,0;Thibaut Courtois;be BEL;GK;Real Madrid;es La Liga;33,0;1992,0;28,0;28,0;2520,0;28,0;0,0;0,0;0,0;0,0;0,0;0,0;1,0;0,0;0,0;0,0;0,0;0,0;0,0;0,0;0,0;0,0;0,0;1,0;0,0;2,0;0,0;1,0;0,0;24,0;0,86;78,0;58,0;74,4;21,0;3,0;4,0;11,0;39,3;4,0;4,0;0,0;0,0;No;No;No;No;No;No;No;No;No;No
568,0;Yan Couto;br BRA;MF;Dortmund;de Bundesliga;23,0;2002,0;17,0;11,0;987,0;11,0;1,0;2,0;3,0;1,0;0,0;0,0;4,0;0,0;0,27;8,0;3,0;37,5;0,73;0,27;0,13;0,33;54,0;15,0;9,0;13,0;0,0;14,0;0,0;;0,0;;;0,0;;;;;0,0;;;;;No;No;No;No;No;No;No;No;No;No
569,0;Patrice Čović;hr CRO;MF;Werder Bremen;de Bundesliga;18,0;2007,0;13,0;2,0;288,0;3,2;1,0;0,0;1,0;1,0;0,0;0,0;1,0;0,0;0,31;5,0;2,0;40,0;1,56;0,62;0,2;0,5;6,0;3,0;4,0;2,0;0,0;5,0;0,0;;0,0;;;0,0;;;;;0,0;;;;;No;No;No;No;No;No;No;No;No;No
570,0;Nicolas Cozza;fr FRA;DF;Nantes;fr Ligue 1;27,0;1999,0;21,0;17,0;1581,0;17,6;0,0;0,0;0,0;0,0;0,0;0,0;1,0;0,0;0,0;3,0;0,0;0,0;0,17;0,0;0,0;0,0;17,0;13,0;12,0;17,0;0,0;13,0;0,0;;0,0;;;0,0;;;;;0,0;;;;;No;No;No;No;No;No;No;No;No;No
571,0;Ben Cremaschi;us USA;MF;Parma;it Serie A;21,0;2005,0;8,0;2,0;132,0;1,5;0,0;0,0;0,0;0,0;0,0;0,0;0,0;0,0;0,0;1,0;0,0;0,0;0,68;0,0;0,0;0,0;6,0;1,0;0,0;0,0;0,0;2,0;0,0;;0,0;;;0,0;;;;;0,0;;;;;No;No;No;No;No;No;No;No;No;No
572,0;Charlie Cresswell;eng ENG;DF;Toulouse;fr Ligue 1;23,0;2002,0;24,0;24,0;2160,0;24,0;3,0;2,0;5,0;3,0;0,0;0,0;6,0;0,0;0,21;31,0;9,0;29,0;1,29;0,37;0,1;0,33;1,0;12,0;25,0;14,0;0,0;28,0;0,0;;0,0;;;0,0;;;;;0,0;;;;;No;No;No;No;No;No;No;No;No;No
573,0;Bryan Cristante;it ITA;MF;Roma;it Serie A;31,0;1995,0;28,0;27,0;2316,0;25,7;2,0;1,0;3,0;2,0;0,0;0,0;6,0;0,0;0,12;35,0;8,0;22,9;1,36;0,31;0,06;0,25;14,0;29,0;18,0;6,0;0,0;50,0;0,0;;0,0;;;0,0;;;;;0,0;;;;;No;No;No;No;No;No;No;No;No;No
574,0;Juan Cruz Armada;es ESP;DF;Osasuna;es La Liga;33,0;1992,0;14,0;7,0;604,0;6,7;0,0;0,0;0,0;0,0;0,0;0,0;0,0;0,0;0,0;1,0;0,0;0,0;0,15;0,0;0,0;0,0;5,0;3,0;3,0;2,0;0,0;4,0;0,0;;0,0;;;0,0;;;;;0,0;;;;;No;No;No;No;No;No;No;No;No;No
575,0;Juan Cuadrado;co COL;MF;Pisa;it Serie A;37,0;1988,0;13,0;2,0;409,0;4,5;1,0;0,0;1,0;0,0;1,0;1,0;3,0;0,0;0,0;8,0;2,0;25,0;1,76;0,44;0,0;0,0;31,0;8,0;4,0;11,0;0,0;8,0;0,0;;0,0;;;0,0;;;;;0,0;;;;;No;No;No;No;No;No;No;No;No;No
576,0;Pau Cubarsí;es ESP;DF;Barcelona;es La Liga;19,0;2007,0;23,0;23,0;2012,0;22,4;1,0;0,0;1,0;1,0;0,0;0,0;2,0;0,0;0,04;10,0;2,0;20,0;0,45;0,09;0,1;0,5;0,0;21,0;22,0;6,0;0,0;20,0;0,0;;0,0;;;0,0;;;;;0,0;;;;;Sí;Sí;Sí;Sí;Sí;Sí;No;Sí;No;Sí
577,0;Cucho;co COL;FW;Real Betis;es La Liga;26,0;1999,0;23,0;22,0;1912,0;21,2;8,0;3,0;11,0;7,0;1,0;1,0;3,0;0,0;0,47;67,0;17,0;25,4;3,15;0,8;0,1;0,41;16,0;13,0;9,0;26,0;0,0;19,0;0,0;;0,0;;;0,0;;;;;0,0;;;;;No;No;No;No;No;No;No;No;No;No
578,0;Marc Cucurella;es ESP;DF;Chelsea;eng Premier League;27,0;1998,0;26,0;23,0;1987,0;22,1;1,0;3,0;4,0;1,0;0,0;0,0;5,0;1,0;0,18;15,0;4,0;26,7;0,68;0,18;0,07;0,25;25,0;32,0;19,0;20,0;0,0;33,0;0,0;;0,0;;;0,0;;;;;0,0;;;;;Sí;Sí;Sí;Sí;Sí;Sí;Sí;Sí;Sí;Sí
579,0;Jorge Cuenca;es ESP;DF;Fulham;eng Premier League;26,0;1999,0;14,0;11,0;933,0;10,4;0,0;0,0;0,0;0,0;0,0;0,0;5,0;0,0;0,0;1,0;0,0;0,0;0,1;0,0;0,0;0,0;2,0;10,0;15,0;1,0;0,0;9,0;0,0;;0,0;;;0,0;;;;;0,0;;;;;No;No;No;No;No;No;No;No;No;No
580,0;Montrell Culbreath;de GER;MF;Leverkusen;de Bundesliga;18,0;2007,0;4,0;2,0;185,0;2,1;1,0;0,0;1,0;1,0;0,0;0,0;0,0;0,0;0,49;3,0;1,0;33,3;1,46;0,49;0,33;1,0;4,0;5,0;3,0;4,0;0,0;2,0;0,0;;0,0;;;0,0;;;;;0,0;;;;;No;No;No;No;No;No;No;No;No;No
581,0;Josh Cullen;ie IRL;MF;Burnley;eng Premier League;29,0;1996,0;18,0;18,0;1514,0;16,8;2,0;2,0;4,0;2,0;0,0;0,0;2,0;0,0;0,24;11,0;6,0;54,5;0,65;0,36;0,18;0,33;12,0;19,0;24,0;18,0;0,0;16,0;1,0;;0,0;;;0,0;;;;;0,0;;;;;No;No;No;No;No;No;No;No;No;No
582,0;Pablo Cuñat;es ESP;GK;Levante;es La Liga;23,0;2002,0;2,0;2,0;180,0;2,0;0,0;0,0;0,0;0,0;0,0;0,0;0,0;0,0;0,0;0,0;0,0;0,0;0,0;0,0;0,0;0,0;0,0;0,0;0,0;0,0;0,0;0,0;0,0;5,0;2,5;16,0;11,0;68,8;0,0;0,0;2,0;0,0;0,0;0,0;0,0;0,0;0,0;No;No;No;No;No;No;No;No;No;No
583,0;Jair Cunha;br BRA;DF;Nottingham Forest;eng Premier League;21,0;2005,0;3,0;2,0;215,0;2,4;0,0;0,0;0,0;0,0;0,0;0,0;0,0;0,0;0,0;2,0;0,0;0,0;0,84;0,0;0,0;0,0;0,0;3,0;3,0;1,0;0,0;0,0;0,0;;0,0;;;0,0;;;;;0,0;;;;;No;No;No;No;No;No;No;No;No;No
584,0;Matheus Cunha;br BRA;MF,FW;Manchester Utd;eng Premier League;26,0;1999,0;27,0;23,0;1988,0;22,1;7,0;2,0;9,0;7,0;0,0;0,0;1,0;0,0;0,41;70,0;28,0;40,0;3,17;1,27;0,1;0,25;40,0;19,0;15,0;47,0;0,0;17,0;0,0;;0,0;;;0,0;;;;;0,0;;;;;No;No;No;No;No;No;No;No;No;No
585,0;Patrick Cutrone;it ITA;FW;Parma;it Serie A;28,0;1998,0;15,0;11,0;888,0;9,9;1,0;0,0;1,0;1,0;0,0;0,0;0,0;0,0;0,1;25,0;7,0;28,0;2,53;0,71;0,04;0,14;12,0;1,0;3,0;16,0;0,0;7,0;0,0;;0,0;;;0,0;;;;;0,0;;;;;No;No;No;No;No;No;No;No;No;No
586,0;Lucas Da Cunha;fr FRA;MF;Como;it Serie A;24,0;2001,0;27,0;23,0;2030,0;22,6;3,0;3,0;6,0;1,0;2,0;2,0;4,0;0,0;0,18;29,0;10,0;34,5;1,29;0,44;0,03;0,1;63,0;22,0;13,0;16,0;0,0;28,0;0,0;;0,0;;;0,0;;;;;0,0;;;;;No;No;No;No;No;No;No;No;No;No
587,0;Adam Daghim;dk DEN;MF;Wolfsburg;de Bundesliga;20,0;2005,0;20,0;9,0;1060,0;11,8;2,0;2,0;4,0;2,0;0,0;0,0;1,0;0,0;0,34;18,0;5,0;27,8;1,53;0,42;0,11;0,4;15,0;17,0;8,0;20,0;0,0;14,0;0,0;;0,0;;;0,0;;;;;0,0;;;;;No;No;No;No;No;No;No;No;No;No
588,0;Finn Dahmen;de GER;GK;Augsburg;de Bundesliga;27,0;1998,0;26,0;26,0;2340,0;26,0;0,0;0,0;0,0;0,0;0,0;0,0;1,0;0,0;0,0;1,0;0,0;0,0;0,04;0,0;0,0;0,0;0,0;0,0;0,0;4,0;0,0;0,0;0,0;45,0;1,73;109,0;71,0;64,2;9,0;4,0;13,0;5,0;19,2;7,0;6,0;1,0;0,0;No;No;No;No;No;No;No;No;No;No
589,0;Mahmoud Dahoud;de GER;MF,FW;Eintracht Frankfurt;de Bundesliga;30,0;1996,0;13,0;7,0;629,0;7,0;2,0;2,0;4,0;2,0;0,0;0,0;0,0;0,0;0,57;15,0;2,0;13,3;2,15;0,29;0,13;1,0;7,0;7,0;9,0;1,0;0,0;15,0;0,0;;0,0;;;0,0;;;;;0,0;;;;;No;No;No;No;No;No;No;No;No;No
590,0;David Daiber;pt POR;FW;Bayern Munich;de Bundesliga;19,0;2007,0;2,0;0,0;29,0;0,3;0,0;0,0;0,0;0,0;0,0;0,0;0,0;0,0;0,0;1,0;0,0;0,0;3,1;0,0;0,0;0,0;0,0;0,0;0,0;0,0;0,0;2,0;0,0;;0,0;;;0,0;;;;;0,0;;;;;No;No;No;No;No;No;No;No;No;No
591,0;Ameen Al-Dakhil;be BEL;DF;Stuttgart;de Bundesliga;24,0;2002,0;8,0;3,0;380,0;4,2;0,0;0,0;0,0;0,0;0,0;0,0;1,0;0,0;0,0;1,0;0,0;0,0;0,24;0,0;0,0;0,0;0,0;3,0;5,0;0,0;0,0;1,0;0,0;;0,0;;;0,0;;;;;0,0;;;;;No;No;No;No;No;No;No;No;No;No
592,0;Thijs Dallinga;nl NED;FW;Bologna;it Serie A;25,0;2000,0;20,0;9,0;770,0;8,6;2,0;2,0;4,0;2,0;0,0;0,0;2,0;0,0;0,47;24,0;5,0;20,8;2,81;0,58;0,08;0,4;5,0;4,0;1,0;9,0;0,0;19,0;0,0;;0,0;;;0,0;;;;;0,0;;;;;No;No;No;No;No;No;No;No;No;No
593,0;Diogo Dalot;pt POR;MF,DF;Manchester Utd;eng Premier League;26,0;1999,0;28,0;24,0;2143,0;23,8;1,0;3,0;4,0;1,0;0,0;0,0;5,0;0,0;0,17;20,0;6,0;30,0;0,84;0,25;0,05;0,17;51,0;25,0;21,0;11,0;0,0;22,0;0,0;;0,0;;;0,0;;;;;0,0;;;;;No;No;No;No;No;No;No;No;No;No
594,0;Muhammed Damar;de GER;MF,FW;Hoffenheim;de Bundesliga;21,0;2004,0;12,0;2,0;259,0;2,9;0,0;0,0;0,0;0,0;0,0;0,0;0,0;0,0;0,0;11,0;7,0;63,6;3,82;2,43;0,0;0,0;32,0;3,0;1,0;2,0;0,0;3,0;0,0;;0,0;;;0,0;;;;;0,0;;;;;No;No;No;No;No;No;No;No;No;No
595,0;Mikkel Damsgaard;dk DEN;MF;Brentford;eng Premier League;25,0;2000,0;26,0;18,0;1575,0;17,5;3,0;4,0;7,0;3,0;0,0;0,0;0,0;0,0;0,4;20,0;9,0;45,0;1,14;0,51;0,15;0,33;83,0;25,0;18,0;18,0;0,0;15,0;0,0;;0,0;;;0,0;;;;;0,0;;;;;No;No;No;No;No;No;No;No;No;No
596,0;Arnaut Danjuma;nl NED;MF,FW;Valencia;es La Liga;29,0;1997,0;26,0;18,0;1556,0;17,3;3,0;2,0;5,0;3,0;0,0;1,0;0,0;0,0;0,29;35,0;14,0;40,0;2,02;0,81;0,09;0,21;39,0;10,0;1,0;22,0;0,0;20,0;0,0;;0,0;;;0,0;;;;;0,0;;;;;No;No;No;No;No;No;No;No;No;No
597,0;Kévin Danois;fr FRA;MF;Auxerre;fr Ligue 1;21,0;2004,0;25,0;24,0;2114,0;23,5;2,0;1,0;3,0;2,0;0,0;0,0;3,0;0,0;0,13;21,0;6,0;28,6;0,89;0,26;0,1;0,33;98,0;28,0;30,0;18,0;0,0;23,0;0,0;;0,0;;;0,0;;;;;0,0;;;;;No;No;No;No;No;No;No;No;No;No
598,0;Kevin Danso;at AUT;DF;Tottenham Hotspur;eng Premier League;27,0;1998,0;16,0;10,0;843,0;9,4;0,0;0,0;0,0;0,0;0,0;0,0;4,0;0,0;0,0;3,0;1,0;33,3;0,32;0,11;0,0;0,0;5,0;8,0;8,0;8,0;0,0;11,0;0,0;;0,0;;;0,0;;;;;0,0;;;;;No;No;No;No;No;No;No;No;No;No
599,0;Dante;br BRA;DF;Nice;fr Ligue 1;42,0;1983,0;9,0;7,0;644,0;7,2;0,0;0,0;0,0;0,0;0,0;0,0;1,0;0,0;0,0;4,0;1,0;25,0;0,56;0,14;0,0;0,0;0,0;4,0;10,0;2,0;0,0;6,0;0,0;;0,0;;;0,0;;;;;0,0;;;;;No;No;No;No;No;No;No;No;No;No
600,0;Bence Dárdai;hu HUN;MF;Wolfsburg;de Bundesliga;20,0;2006,0;1,0;0,0;35,0;0,4;0,0;0,0;0,0;0,0;0,0;0,0;0,0;0,0;0,0;0,0;0,0;0,0;0,0;0,0;0,0;0,0;0,0;1,0;1,0;0,0;0,0;1,0;0,0;;0,0;;;0,0;;;;;0,0;;;;;No;No;No;No;No;No;No;No;No;No
601,0;Aiman Dardari;lu LUX;MF;Augsburg;de Bundesliga;20,0;2005,0;3,0;0,0;34,0;0,4;0,0;0,0;0,0;0,0;0,0;0,0;1,0;0,0;0,0;1,0;0,0;0,0;2,65;0,0;0,0;0,0;0,0;0,0;0,0;1,0;0,0;1,0;0,0;;0,0;;;0,0;;;;;0,0;;;;;No;No;No;No;No;No;No;No;No;No
602,0;Sergi Darder;es ESP;MF;Mallorca;es La Liga;32,0;1993,0;28,0;21,0;1891,0;21,0;1,0;4,0;5,0;1,0;0,0;0,0;3,0;0,0;0,24;28,0;8,0;28,6;1,33;0,38;0,04;0,13;129,0;8,0;15,0;21,0;0,0;15,0;0,0;;0,0;;;0,0;;;;;0,0;;;;;No;No;No;No;No;No;No;No;No;No
603,0;Karl Darlow;wls WAL;GK;Leeds United;eng Premier League;35,0;1990,0;14,0;14,0;1260,0;14,0;0,0;0,0;0,0;0,0;0,0;0,0;1,0;0,0;0,0;0,0;0,0;0,0;0,0;0,0;0,0;0,0;0,0;0,0;0,0;5,0;0,0;0,0;0,0;19,0;1,36;51,0;34,0;66,7;3,0;5,0;6,0;2,0;14,3;2,0;2,0;0,0;0,0;No;No;No;No;No;No;No;No;No;No
604,0;Matteo Darmian;it ITA;DF,MF;Inter;it Serie A;36,0;1989,0;3,0;0,0;73,0;0,8;0,0;0,0;0,0;0,0;0,0;0,0;0,0;0,0;0,0;0,0;0,0;0,0;0,0;0,0;0,0;0,0;1,0;0,0;1,0;1,0;0,0;1,0;0,0;;0,0;;;0,0;;;;;0,0;;;;;No;No;No;No;No;No;No;No;No;No
605,0;David Datro Fofana;ci CIV;FW;Strasbourg;fr Ligue 1;23,0;2002,0;3,0;1,0;81,0;0,9;0,0;0,0;0,0;0,0;0,0;0,0;0,0;0,0;0,0;2,0;0,0;0,0;2,22;0,0;0,0;0,0;0,0;1,0;1,0;0,0;0,0;2,0;0,0;;0,0;;;0,0;;;;;0,0;;;;;No;No;No;No;No;No;No;No;No;No
606,0;Juan David Cabal;co COL;MF;Juventus;it Serie A;25,0;2001,0;12,0;2,0;296,0;3,3;2,0;0,0;2,0;2,0;0,0;0,0;1,0;0,0;0,61;5,0;2,0;40,0;1,52;0,61;0,4;1,0;4,0;5,0;4,0;1,0;0,0;4,0;0,0;;0,0;;;0,0;;;;;0,0;;;;;No;No;No;No;No;No;No;No;No;No
607,0;Jonathan David;ca CAN;FW;Juventus;it Serie A;26,0;2000,0;28,0;16,0;1420,0;15,8;5,0;4,0;9,0;5,0;0,0;1,0;0,0;0,0;0,57;35,0;15,0;42,9;2,22;0,95;0,14;0,33;8,0;7,0;6,0;20,0;0,0;22,0;0,0;;0,0;;;0,0;;;;;0,0;;;;;No;No;No;No;No;No;No;No;No;No
608,0;Alphonso Davies;ca CAN;DF;Bayern Munich;de Bundesliga;25,0;2000,0;8,0;4,0;358,0;4,0;0,0;1,0;1,0;0,0;0,0;0,0;1,0;0,0;0,25;2,0;0,0;0,0;0,5;0,0;0,0;0,0;5,0;6,0;2,0;4,0;0,0;2,0;0,0;;0,0;;;0,0;;;;;0,0;;;;;No;No;No;No;No;No;No;No;No;No
609,0;Ben Davies;wls WAL;DF;Tottenham Hotspur;eng Premier League;32,0;1993,0;3,0;2,0;137,0;1,5;1,0;0,0;1,0;1,0;0,0;0,0;1,0;0,0;0,66;2,0;2,0;100,0;1,31;1,31;0,5;0,5;3,0;4,0;1,0;0,0;0,0;2,0;0,0;;0,0;;;0,0;;;;;0,0;;;;;No;No;No;No;No;No;No;No;No;No
610,0;Davinchi;es ESP;DF;Getafe;es La Liga;18,0;2007,0;7,0;4,0;429,0;4,8;0,0;0,0;0,0;0,0;0,0;0,0;1,0;0,0;0,0;3,0;1,0;33,3;0,63;0,21;0,0;0,0;13,0;10,0;4,0;1,0;0,0;14,0;0,0;;0,0;;;0,0;;;;;0,0;;;;;No;No;No;No;No;No;No;No;No;No
611,0;Keinan Davis;eng ENG;FW;Udinese;it Serie A;28,0;1998,0;25,0;23,0;1725,0;19,2;9,0;3,0;12,0;5,0;4,0;4,0;4,0;0,0;0,42;42,0;19,0;45,2;2,19;0,99;0,12;0,26;3,0;4,0;0,0;45,0;0,0;36,0;0,0;;0,0;;;0,0;;;;;0,0;;;;;No;No;No;No;No;No;No;No;No;No
612,0;Kevin De Bruyne;be BEL;MF;Napoli;it Serie A;34,0;1991,0;10,0;7,0;623,0;6,9;4,0;0,0;4,0;1,0;3,0;3,0;1,0;0,0;0,14;18,0;7,0;38,9;2,6;1,01;0,06;0,14;29,0;3,0;5,0;4,0;0,0;6,0;0,0;;0,0;;;0,0;;;;;0,0;;;;;No;No;No;No;No;No;No;No;No;No
613,0;Mathys De Carvalho;fr FRA;MF;Lyon;fr Ligue 1;20,0;2005,0;10,0;3,0;288,0;3,2;0,0;0,0;0,0;0,0;0,0;0,0;1,0;0,0;0,0;7,0;2,0;28,6;2,19;0,62;0,0;0,0;2,0;5,0;3,0;5,0;0,0;2,0;0,0;;0,0;;;0,0;;;;;0,0;;;;;No;No;No;No;No;No;No;No;No;No
614,0;Maxim De Cuyper;be BEL;DF,MF;Brighton;eng Premier League;25,0;2000,0;24,0;14,0;1152,0;12,8;2,0;0,0;2,0;2,0;0,0;0,0;2,0;0,0;0,16;11,0;6,0;54,5;0,86;0,47;0,18;0,33;57,0;9,0;9,0;18,0;0,0;15,0;0,0;;0,0;;;0,0;;;;;0,0;;;;;No;No;No;No;No;No;No;No;No;No
615,0;Charles De Ketelaere;be BEL;MF,FW;Atalanta;it Serie A;25,0;2001,0;22,0;18,0;1555,0;17,3;3,0;3,0;6,0;3,0;0,0;0,0;3,0;0,0;0,35;35,0;14,0;40,0;2,03;0,81;0,09;0,21;38,0;9,0;2,0;26,0;0,0;16,0;0,0;;0,0;;;0,0;;;;;0,0;;;;;No;No;No;No;No;No;No;No;No;No
616,0;Jeffrey De Lange;nl NED;GK;Marseille;fr Ligue 1;27,0;1998,0;4,0;4,0;360,0;4,0;0,0;0,0;0,0;0,0;0,0;0,0;0,0;0,0;0,0;0,0;0,0;0,0;0,0;0,0;0,0;0,0;0,0;0,0;0,0;0,0;0,0;0,0;0,0;8,0;2,0;19,0;11,0;57,9;3,0;0,0;1,0;1,0;25,0;0,0;0,0;0,0;0,0;No;No;No;No;No;No;No;No;No;No
617,0;Manuel De Luca;it ITA;FW;Cremonese;it Serie A;27,0;1998,0;2,0;0,0;16,0;0,2;1,0;0,0;1,0;0,0;1,0;1,0;0,0;0,0;0,0;2,0;2,0;100,0;11,25;11,25;0,0;0,0;0,0;0,0;0,0;1,0;0,0;1,0;0,0;;0,0;;;0,0;;;;;0,0;;;;;No;No;No;No;No;No;No;No;No;No
618,0;Théo De Percin;mq MTQ;GK;Auxerre;fr Ligue 1;25,0;2001,0;3,0;2,0;226,0;2,5;0,0;0,0;0,0;0,0;0,0;0,0;0,0;0,0;0,0;0,0;0,0;0,0;0,0;0,0;0,0;0,0;0,0;0,0;0,0;1,0;0,0;0,0;0,0;4,0;1,59;11,0;7,0;63,6;0,0;0,0;2,0;0,0;0,0;0,0;0,0;0,0;0,0;No;No;No;No;No;No;No;No;No;No
619,0;Lorenzo De Silvestri;it ITA;DF;Bologna;it Serie A;37,0;1988,0;9,0;4,0;317,0;3,5;0,0;0,0;0,0;0,0;0,0;0,0;2,0;0,0;0,0;0,0;0,0;0,0;0,0;0,0;0,0;0,0;3,0;0,0;4,0;2,0;0,0;5,0;0,0;;0,0;;;0,0;;;;;0,0;;;;;No;No;No;No;No;No;No;No;No;No
620,0;Thibault De Smet;be BEL;DF;Paris FC;fr Ligue 1;27,0;1998,0;16,0;12,0;1057,0;11,7;0,0;1,0;1,0;0,0;0,0;0,0;6,0;2,0;0,09;4,0;0,0;0,0;0,34;0,0;0,0;0,0;24,0;11,0;10,0;13,0;2,0;11,0;0,0;;0,0;;;0,0;;;;;0,0;;;;;No;No;No;No;No;No;No;No;No;No
621,0;Koni De Winter;be BEL;DF;Milan;it Serie A;23,0;2002,0;21,0;15,0;1458,0;16,2;1,0;1,0;2,0;1,0;0,0;0,0;1,0;0,0;0,12;7,0;1,0;14,3;0,43;0,06;0,14;1,0;4,0;15,0;11,0;8,0;0,0;24,0;0,0;;0,0;;;0,0;;;;;0,0;;;;;No;No;No;No;No;No;No;No;No;No
622,0;Alessandro Deiola;it ITA;MF,DF;Cagliari;it Serie A;30,0;1995,0;12,0;11,0;958,0;10,6;0,0;2,0;2,0;0,0;0,0;0,0;3,0;0,0;0,19;6,0;3,0;50,0;0,56;0,28;0,0;0,0;1,0;17,0;12,0;9,0;0,0;17,0;0,0;;0,0;;;0,0;;;;;0,0;;;;;No;No;No;No;No;No;No;No;No;No
623,0;Romain Del Castillo;fr FRA;MF,FW;Brest;fr Ligue 1;29,0;1996,0;24,0;24,0;1971,0;21,9;8,0;2,0;10,0;2,0;6,0;8,0;1,0;1,0;0,18;26,0;11,0;42,3;1,19;0,5;0,08;0,18;164,0;31,0;18,0;29,0;0,0;23,0;0,0;;0,0;;;0,0;;;;;0,0;;;;;No;No;No;No;No;No;No;No;No;No
624,0;Enrico Del Prato;it ITA;DF;Parma;it Serie A;26,0;1999,0;28,0;27,0;2348,0;26,1;1,0;0,0;1,0;1,0;0,0;0,0;5,0;0,0;0,04;15,0;7,0;46,7;0,57;0,27;0,07;0,14;11,0;16,0;22,0;10,0;0,0;16,0;0,0;;0,0;;;0,0;;;;;0,0;;;;;No;No;No;No;No;No;No;No;No;No
625,0;Thomas Delaine;fr FRA;MF,DF;Le Havre;fr Ligue 1;33,0;1992,0;5,0;2,0;201,0;2,2;0,0;0,0;0,0;0,0;0,0;0,0;1,0;0,0;0,0;3,0;0,0;0,0;1,34;0,0;0,0;0,0;18,0;0,0;3,0;1,0;0,0;2,0;0,0;;0,0;;;0,0;;;;;0,0;;;;;No;No;No;No;No;No;No;No;No;No
626,0;Liam Delap;eng ENG;FW;Chelsea;eng Premier League;23,0;2003,0;21,0;9,0;783,0;8,7;1,0;0,0;1,0;1,0;0,0;0,0;2,0;0,0;0,11;31,0;11,0;35,5;3,56;1,26;0,03;0,09;6,0;3,0;1,0;14,0;0,0;17,0;0,0;;0,0;;;0,0;;;;;0,0;;;;;No;No;No;No;No;No;No;No;No;No
627,0;Fisayo Dele-Bashiru;ng NGA;MF;Lazio;it Serie A;25,0;2001,0;15,0;7,0;677,0;7,5;0,0;0,0;0,0;0,0;0,0;0,0;0,0;0,0;0,0;5,0;0,0;0,0;0,66;0,0;0,0;0,0;7,0;8,0;2,0;2,0;0,0;3,0;0,0;;0,0;;;0,0;;;;;0,0;;;;;No;No;No;No;No;No;No;No;No;No
628,0;Olivier Deman;be BEL;MF,DF;Werder Bremen;de Bundesliga;25,0;2000,0;8,0;6,0;534,0;5,9;1,0;1,0;2,0;1,0;0,0;0,0;2,0;0,0;0,34;6,0;2,0;33,3;1,01;0,34;0,17;0,5;33,0;10,0;4,0;4,0;0,0;11,0;0,0;;0,0;;;0,0;;;;;0,0;;;;;No;No;No;No;No;No;No;No;No;No
629,0;Pape Demba Diop;sn SEN;MF;Toulouse;fr Ligue 1;22,0;2003,0;9,0;9,0;778,0;8,6;1,0;2,0;3,0;1,0;0,0;0,0;2,0;0,0;0,35;21,0;10,0;47,6;2,43;1,16;0,05;0,1;13,0;14,0;18,0;12,0;0,0;11,0;0,0;;0,0;;;0,0;;;;;0,0;;;;;No;No;No;No;No;No;No;No;No;No
630,0;Ali Dembélé;fr FRA;DF;Torino;it Serie A;22,0;2004,0;2,0;0,0;21,0;0,2;0,0;0,0;0,0;0,0;0,0;0,0;0,0;0,0;0,0;1,0;0,0;0,0;4,29;0,0;0,0;0,0;0,0;0,0;0,0;0,0;0,0;0,0;0,0;;0,0;;;0,0;;;;;0,0;;;;;No;No;No;No;No;No;No;No;No;No
631,0;Ousmane Dembélé;fr FRA;FW;Paris Saint-Germain;fr Ligue 1;28,0;1997,0;15,0;7,0;719,0;8,0;8,0;4,0;12,0;6,0;2,0;3,0;0,0;0,0;1,25;30,0;13,0;43,3;3,76;1,63;0,2;0,46;41,0;2,0;0,0;2,0;0,0;2,0;0,0;;0,0;;;0,0;;;;;0,0;;;;;No;No;No;No;No;No;No;No;No;No
632,0;Jessy Deminguet;fr FRA;MF;Metz;fr Ligue 1;28,0;1998,0;24,0;18,0;1425,0;15,8;1,0;0,0;1,0;1,0;0,0;0,0;4,0;0,0;0,06;11,0;4,0;36,4;0,69;0,25;0,09;0,25;15,0;15,0;15,0;21,0;0,0;20,0;0,0;;0,0;;;0,0;;;;;0,0;;;;;No;No;No;No;No;No;No;No;No;No
633,0;Ermedin Demirović;ba BIH;FW;Stuttgart;de Bundesliga;27,0;1998,0;17,0;14,0;1155,0;12,8;8,0;2,0;10,0;7,0;1,0;1,0;4,0;0,0;0,7;28,0;14,0;50,0;2,18;1,09;0,25;0,5;1,0;8,0;2,0;19,0;0,0;26,0;0,0;;0,0;;;0,0;;;;;0,0;;;;;No;No;No;No;No;No;No;No;No;No
634,0;Rav van den Berg;nl NED;DF;Köln;de Bundesliga;21,0;2004,0;12,0;10,0;951,0;10,6;0,0;1,0;1,0;0,0;0,0;0,0;0,0;1,0;0,09;1,0;0,0;0,0;0,09;0,0;0,0;0,0;0,0;6,0;11,0;1,0;0,0;9,0;0,0;;0,0;;;0,0;;;;;0,0;;;;;No;No;No;No;No;No;No;No;No;No
635,0;Sepp van den Berg;nl NED;DF;Brentford;eng Premier League;24,0;2001,0;25,0;24,0;2214,0;24,6;0,0;1,0;1,0;0,0;0,0;0,0;1,0;0,0;0,04;20,0;6,0;30,0;0,81;0,24;0,0;0,0;0,0;6,0;24,0;9,0;0,0;12,0;0,0;;0,0;;;0,0;;;;;0,0;;;;;No;No;No;No;No;No;No;No;No;No
636,0;Branco van den Boomen;nl NED;MF;Angers;fr Ligue 1;30,0;1995,0;7,0;6,0;538,0;6,0;0,0;1,0;1,0;0,0;0,0;0,0;2,0;0,0;0,17;9,0;2,0;22,2;1,51;0,33;0,0;0,0;34,0;5,0;3,0;4,0;0,0;11,0;0,0;;0,0;;;0,0;;;;;0,0;;;;;No;No;No;No;No;No;No;No;No;No
637,0;Leander Dendoncker;be BEL;MF;Oviedo;es La Liga;30,0;1995,0;19,0;15,0;1330,0;14,8;1,0;0,0;1,0;1,0;0,0;0,0;2,0;0,0;0,07;9,0;4,0;44,4;0,61;0,27;0,11;0,25;5,0;25,0;11,0;3,0;0,0;12,0;0,0;;0,0;;;0,0;;;;;0,0;;;;;No;No;No;No;No;No;No;No;No;No
638,0;Daniel Denoon;ch SUI;DF;Pisa;it Serie A;22,0;2004,0;2,0;2,0;122,0;1,4;0,0;0,0;0,0;0,0;0,0;0,0;1,0;0,0;0,0;0,0;0,0;0,0;0,0;0,0;0,0;0,0;0,0;2,0;1,0;3,0;0,0;4,0;0,0;;0,0;;;0,0;;;;;0,0;;;;;No;No;No;No;No;No;No;No;No;No
639,0;Nelson Deossa;co COL;MF;Real Betis;es La Liga;26,0;2000,0;16,0;7,0;602,0;6,7;0,0;0,0;0,0;0,0;0,0;0,0;3,0;0,0;0,0;16,0;0,0;0,0;2,39;0,0;0,0;0,0;5,0;7,0;5,0;22,0;0,0;15,0;0,0;;0,0;;;0,0;;;;;0,0;;;;;No;No;No;No;No;No;No;No;No;No
640,0;Rémy Descamps;fr FRA;GK;Lyon;fr Ligue 1;29,0;1996,0;5,0;5,0;450,0;5,0;0,0;0,0;0,0;0,0;0,0;0,0;0,0;0,0;0,0;0,0;0,0;0,0;0,0;0,0;0,0;0,0;0,0;0,0;0,0;0,0;0,0;0,0;1,0;3,0;0,6;17,0;14,0;82,4;3,0;1,0;1,0;4,0;80,0;0,0;0,0;0,0;0,0;No;No;No;No;No;No;No;No;No;No
641,0;Bahmed Deuff;mr MTN;MF;Nantes;fr Ligue 1;20,0;2006,0;10,0;1,0;232,0;2,6;0,0;0,0;0,0;0,0;0,0;0,0;1,0;0,0;0,0;6,0;2,0;33,3;2,33;0,78;0,0;0,0;1,0;2,0;2,0;3,0;0,0;6,0;0,0;;0,0;;;0,0;;;;;0,0;;;;;No;No;No;No;No;No;No;No;No;No
642,0;Justin Devenny;nir NIR;MF,FW;Crystal Palace;eng Premier League;22,0;2003,0;18,0;5,0;603,0;6,7;1,0;0,0;1,0;0,0;1,0;1,0;0,0;0,0;0,0;13,0;4,0;30,8;1,94;0,6;0,0;0,0;9,0;8,0;0,0;6,0;0,0;10,0;0,0;;0,0;;;0,0;;;;;0,0;;;;;No;No;No;No;No;No;No;No;No;No
643,0;Tidiane Devernois;fr FRA;MF;Auxerre;fr Ligue 1;18,0;2007,0;2,0;0,0;10,0;0,1;0,0;0,0;0,0;0,0;0,0;0,0;0,0;0,0;0,0;0,0;0,0;0,0;0,0;0,0;0,0;0,0;3,0;0,0;0,0;0,0;0,0;0,0;0,0;;0,0;;;0,0;;;;;0,0;;;;;No;No;No;No;No;No;No;No;No;No
644,0;Kiernan Dewsbury-Hall;eng ENG;MF;Everton;eng Premier League;27,0;1998,0;23,0;22,0;1917,0;21,3;6,0;3,0;9,0;6,0;0,0;0,0;6,0;0,0;0,42;29,0;10,0;34,5;1,36;0,47;0,21;0,6;89,0;17,0;11,0;38,0;0,0;25,0;0,0;;0,0;;;0,0;;;;;0,0;;;;;No;No;No;No;No;No;No;No;No;No
645,0;Michele Di Gregorio;it ITA;GK;Juventus;it Serie A;28,0;1997,0;23,0;23,0;2070,0;23,0;0,0;0,0;0,0;0,0;0,0;0,0;1,0;0,0;0,0;0,0;0,0;0,0;0,0;0,0;0,0;0,0;0,0;0,0;0,0;5,0;0,0;0,0;0,0;22,0;0,96;67,0;46,0;68,7;12,0;7,0;4,0;9,0;39,1;2,0;1,0;0,0;1,0;No;No;No;No;No;No;No;No;No;No
646,0;Giovanni Di Lorenzo;it ITA;DF,MF;Napoli;it Serie A;32,0;1993,0;23,0;23,0;2009,0;22,3;1,0;1,0;2,0;1,0;0,0;0,0;1,0;0,0;0,09;23,0;8,0;34,8;1,03;0,36;0,04;0,13;34,0;26,0;9,0;21,0;0,0;31,0;0,0;;0,0;;;0,0;;;;;0,0;;;;;No;No;No;No;No;No;No;No;No;No
647,0;Alessandro Di Pardo;it ITA;DF,MF;Cagliari;it Serie A;26,0;1999,0;3,0;0,0;54,0;0,6;0,0;0,0;0,0;0,0;0,0;0,0;0,0;0,0;0,0;1,0;0,0;0,0;1,67;0,0;0,0;0,0;0,0;1,0;0,0;1,0;0,0;0,0;0,0;;0,0;;;0,0;;;;;0,0;;;;;No;No;No;No;No;No;No;No;No;No
648,0;Boulaye Dia;sn SEN;FW,MF;Lazio;it Serie A;29,0;1996,0;18,0;11,0;927,0;10,3;1,0;0,0;1,0;1,0;0,0;0,0;0,0;0,0;0,1;10,0;6,0;60,0;0,97;0,58;0,1;0,17;0,0;7,0;1,0;9,0;0,0;12,0;0,0;;0,0;;;0,0;;;;;0,0;;;;;No;No;No;No;No;No;No;No;No;No
649,0;Bambo Diaby;sn SEN;DF;Elche;es La Liga;28,0;1997,0;4,0;1,0;102,0;1,1;0,0;0,0;0,0;0,0;0,0;0,0;1,0;0,0;0,0;0,0;0,0;0,0;0,0;0,0;0,0;0,0;0,0;0,0;1,0;3,0;0,0;3,0;0,0;;0,0;;;0,0;;;;;0,0;;;;;No;No;No;No;No;No;No;No;No;No
650,0;Mouctar Diakhaby;gn GUI;DF;Valencia;es La Liga;29,0;1996,0;8,0;7,0;543,0;6,0;1,0;0,0;1,0;1,0;0,0;0,0;3,0;0,0;0,17;4,0;3,0;75,0;0,66;0,5;0,25;0,33;0,0;6,0;9,0;3,0;0,0;7,0;0,0;;0,0;;;0,0;;;;;0,0;;;;;No;No;No;No;No;No;No;No;No;No
651,0;Bafodé Diakité;fr FRA;DF;Bournemouth;eng Premier League;25,0;2001,0;18,0;15,0;1277,0;14,2;0,0;0,0;0,0;0,0;0,0;0,0;1,0;0,0;0,0;1,0;0,0;0,0;0,07;0,0;0,0;0,0;1,0;15,0;10,0;4,0;0,0;8,0;0,0;;0,0;;;0,0;;;;;0,0;;;;;No;No;No;No;No;No;No;No;No;No
652,0;Amad Diallo;ci CIV;MF;Manchester Utd;eng Premier League;23,0;2002,0;24,0;21,0;1828,0;20,3;2,0;2,0;4,0;2,0;0,0;0,0;2,0;0,0;0,2;41,0;16,0;39,0;2,02;0,79;0,05;0,13;40,0;18,0;12,0;33,0;0,0;18,0;0,0;;0,0;;;0,0;;;;;0,0;;;;;No;No;No;No;No;No;No;No;No;No
653,0;Habib Diallo;sn SEN;FW;Metz;fr Ligue 1;30,0;1995,0;19,0;17,0;1573,0;17,5;4,0;1,0;5,0;4,0;0,0;1,0;0,0;0,0;0,29;33,0;12,0;36,4;1,89;0,69;0,12;0,33;4,0;4,0;2,0;26,0;0,0;25,0;0,0;;0,0;;;0,0;;;;;0,0;;;;;No;No;No;No;No;No;No;No;No;No
654,0;Zoumana Diallo;fr FRA;FW;Nice;fr Ligue 1;21,0;2005,0;1,0;0,0;10,0;0,1;0,0;0,0;0,0;0,0;0,0;0,0;0,0;0,0;0,0;0,0;0,0;0,0;0,0;0,0;0,0;0,0;0,0;0,0;0,0;1,0;0,0;2,0;0,0;;0,0;;;0,0;;;;;0,0;;;;;No;No;No;No;No;No;No;No;No;No
655,0;Grady Diangana;cd COD;MF,FW;Elche;es La Liga;27,0;1998,0;16,0;10,0;700,0;7,8;1,0;0,0;1,0;1,0;0,0;0,0;2,0;0,0;0,13;13,0;2,0;15,4;1,67;0,26;0,08;0,5;10,0;3,0;4,0;16,0;0,0;11,0;0,0;;0,0;;;0,0;;;;;0,0;;;;;No;No;No;No;No;No;No;No;No;No
656,0;Assane Diao;sn SEN;MF;Como;it Serie A;20,0;2005,0;8,0;4,0;366,0;4,1;0,0;0,0;0,0;0,0;0,0;0,0;0,0;0,0;0,0;9,0;3,0;33,3;2,21;0,74;0,0;0,0;6,0;0,0;1,0;16,0;0,0;5,0;0,0;;0,0;;;0,0;;;;;0,0;;;;;No;No;No;No;No;No;No;No;No;No
657,0;Soriba Diaoune;fr FRA;MF;Lille;fr Ligue 1;18,0;2007,0;10,0;1,0;185,0;2,1;1,0;1,0;2,0;1,0;0,0;0,0;0,0;0,0;0,97;10,0;4,0;40,0;4,86;1,95;0,1;0,25;5,0;2,0;1,0;3,0;0,0;5,0;0,0;;0,0;;;0,0;;;;;0,0;;;;;No;No;No;No;No;No;No;No;No;No
658,0;Habib Diarra;sn SEN;MF;Sunderland;eng Premier League;22,0;2004,0;13,0;11,0;1014,0;11,3;2,0;0,0;2,0;1,0;1,0;1,0;4,0;0,0;0,09;16,0;6,0;37,5;1,42;0,53;0,06;0,17;17,0;3,0;3,0;17,0;0,0;13,0;0,0;;0,0;;;0,0;;;;;0,0;;;;;No;No;No;No;No;No;No;No;No;No
659,0;Moussa Diarra;ml MLI;DF;Alavés;es La Liga;25,0;2000,0;3,0;3,0;216,0;2,4;0,0;0,0;0,0;0,0;0,0;0,0;1,0;0,0;0,0;0,0;0,0;0,0;0,0;0,0;0,0;0,0;1,0;2,0;1,0;1,0;0,0;4,0;0,0;;0,0;;;0,0;;;;;0,0;;;;;No;No;No;No;No;No;No;No;No;No
660,0;Rúben Dias;pt POR;DF;Manchester City;eng Premier League;28,0;1997,0;25,0;23,0;2051,0;22,8;2,0;0,0;2,0;2,0;0,0;0,0;3,0;0,0;0,09;10,0;4,0;40,0;0,44;0,18;0,2;0,5;9,0;6,0;22,0;9,0;0,0;14,0;0,0;;0,0;;;0,0;;;;;0,0;;;;;No;No;No;No;No;No;No;No;No;No
661,0;Krépin Diatta;sn SEN;MF,DF;Monaco;fr Ligue 1;27,0;1999,0;14,0;9,0;846,0;9,4;0,0;1,0;1,0;0,0;0,0;0,0;1,0;0,0;0,11;5,0;1,0;20,0;0,53;0,11;0,0;0,0;33,0;15,0;15,0;8,0;0,0;7,0;0,0;;0,0;;;0,0;;;;;0,0;;;;;No;No;No;No;No;No;No;No;No;No
662,0;Mory Diaw;sn SEN;GK;Le Havre;fr Ligue 1;32,0;1993,0;22,0;22,0;1935,0;21,5;0,0;1,0;1,0;0,0;0,0;0,0;1,0;0,0;0,05;0,0;0,0;0,0;0,0;0,0;0,0;0,0;0,0;0,0;2,0;4,0;0,0;0,0;0,0;29,0;1,35;80,0;56,0;68,8;5,0;7,0;10,0;6,0;27,3;5,0;4,0;1,0;0,0;No;No;No;No;No;No;No;No;No;No
663,0;Brahim Díaz;ma MAR;FW,MF;Real Madrid;es La Liga;26,0;1999,0;20,0;5,0;613,0;6,8;0,0;4,0;4,0;0,0;0,0;0,0;1,0;0,0;0,59;8,0;2,0;25,0;1,17;0,29;0,0;0,0;10,0;7,0;1,0;16,0;0,0;10,0;0,0;;0,0;;;0,0;;;;;0,0;;;;;No;No;No;No;No;No;No;No;No;No
664,0;Daniel Díaz;es ESP;FW;Real Sociedad;es La Liga;19,0;2006,0;1,0;0,0;18,0;0,2;0,0;0,0;0,0;0,0;0,0;0,0;0,0;0,0;0,0;0,0;0,0;0,0;0,0;0,0;0,0;0,0;1,0;0,0;0,0;0,0;0,0;0,0;0,0;;0,0;;;0,0;;;;;0,0;;;;;No;No;No;No;No;No;No;No;No;No
665,0;Julio Diaz;es ESP;DF;Atlético Madrid;es La Liga;21,0;2005,0;1,0;1,0;90,0;1,0;0,0;0,0;0,0;0,0;0,0;0,0;0,0;0,0;0,0;1,0;0,0;0,0;1,0;0,0;0,0;0,0;2,0;1,0;0,0;2,0;0,0;1,0;0,0;;0,0;;;0,0;;;;;0,0;;;;;No;No;No;No;No;No;No;No;No;No
666,0;Junior Diaz;ci CIV;DF;Brest;fr Ligue 1;22,0;2003,0;15,0;13,0;1206,0;13,4;0,0;0,0;0,0;0,0;0,0;0,0;2,0;0,0;0,0;4,0;0,0;0,0;0,3;0,0;0,0;0,0;0,0;12,0;19,0;7,0;0,0;5,0;0,0;;0,0;;;0,0;;;;;0,0;;;;;No;No;No;No;No;No;No;No;No;No
667,0;Luis Díaz;co COL;MF;Bayern Munich;de Bundesliga;29,0;1997,0;25,0;23,0;2069,0;23,0;15,0;11,0;26,0;15,0;0,0;0,0;7,0;1,0;1,13;71,0;33,0;46,5;3,09;1,44;0,21;0,45;38,0;13,0;12,0;30,0;1,0;28,0;0,0;;0,0;;;0,0;;;;;0,0;;;;;No;No;No;No;No;No;No;No;No;No
668,0;Pedro Díaz;es ESP;MF,FW;Rayo Vallecano;es La Liga;27,0;1998,0;25,0;15,0;1328,0;14,8;0,0;0,0;0,0;0,0;0,0;0,0;1,0;0,0;0,0;32,0;5,0;15,6;2,17;0,34;0,0;0,0;31,0;18,0;3,0;7,0;0,0;11,0;0,0;;0,0;;;0,0;;;;;0,0;;;;;No;No;No;No;No;No;No;No;No;No
669,0;Tyler Dibling;eng ENG;MF;Everton;eng Premier League;20,0;2006,0;14,0;4,0;358,0;4,0;0,0;0,0;0,0;0,0;0,0;0,0;2,0;0,0;0,0;4,0;0,0;0,0;1,01;0,0;0,0;0,0;7,0;3,0;6,0;11,0;0,0;11,0;0,0;;0,0;;;0,0;;;;;0,0;;;;;No;No;No;No;No;No;No;No;No;No
670,0;Nouha Dicko;ml MLI;FW,MF;Paris FC;fr Ligue 1;33,0;1992,0;8,0;0,0;72,0;0,8;1,0;1,0;2,0;1,0;0,0;0,0;0,0;0,0;2,5;4,0;2,0;50,0;5,0;2,5;0,25;0,5;2,0;0,0;0,0;4,0;0,0;4,0;0,0;;0,0;;;0,0;;;;;0,0;;;;;No;No;No;No;No;No;No;No;No;No
671,0;Bamba Dieng;sn SEN;FW;Lorient;fr Ligue 1;25,0;2000,0;14,0;8,0;685,0;7,6;7,0;1,0;8,0;6,0;1,0;1,0;2,0;0,0;0,92;29,0;16,0;55,2;3,81;2,1;0,21;0,38;2,0;2,0;1,0;8,0;0,0;12,0;0,0;;0,0;;;0,0;;;;;0,0;;;;;No;No;No;No;No;No;No;No;No;No
672,0;Eric Dier;eng ENG;DF;Monaco;fr Ligue 1;32,0;1994,0;8,0;7,0;672,0;7,5;1,0;0,0;1,0;1,0;0,0;0,0;0,0;0,0;0,13;3,0;2,0;66,7;0,4;0,27;0,33;0,5;2,0;2,0;10,0;4,0;0,0;9,0;0,0;;0,0;;;0,0;;;;;0,0;;;;;No;No;No;No;No;No;No;No;No;No
673,0;Lucas Digne;fr FRA;DF;Aston Villa;eng Premier League;32,0;1993,0;25,0;17,0;1467,0;16,3;0,0;4,0;4,0;0,0;0,0;0,0;3,0;0,0;0,25;10,0;5,0;50,0;0,61;0,31;0,0;0,0;83,0;19,0;10,0;11,0;0,0;11,0;0,0;;0,0;;;0,0;;;;;0,0;;;;;No;No;No;No;No;No;No;No;No;No
674,0;Kevin Diks;id IDN;DF;Gladbach;de Bundesliga;29,0;1996,0;23,0;22,0;1952,0;21,7;4,0;0,0;4,0;0,0;4,0;4,0;5,0;0,0;0,0;19,0;10,0;52,6;0,88;0,46;0,0;0,0;4,0;28,0;19,0;16,0;0,0;12,0;0,0;;0,0;;;0,0;;;;;0,0;;;;;No;No;No;No;No;No;No;No;No;No
675,0;Federico Dimarco;it ITA;MF;Inter;it Serie A;28,0;1997,0;27,0;23,0;2139,0;23,8;6,0;13,0;19,0;6,0;0,0;0,0;2,0;0,0;0,8;56,0;18,0;32,1;2,36;0,76;0,11;0,33;244,0;30,0;22,0;17,0;0,0;32,0;0,0;;0,0;;;0,0;;;;;0,0;;;;;No;No;No;No;No;No;No;No;No;No
676,0;Stole Dimitrievski;mk MKD;GK;Valencia;es La Liga;32,0;1993,0;10,0;10,0;900,0;10,0;0,0;0,0;0,0;0,0;0,0;0,0;0,0;0,0;0,0;0,0;0,0;0,0;0,0;0,0;0,0;0,0;0,0;0,0;0,0;2,0;0,0;0,0;0,0;12,0;1,2;33,0;24,0;72,7;5,0;1,0;4,0;3,0;30,0;3,0;3,0;0,0;0,0;No;No;No;No;No;No;No;No;No;No
677,0;Junior Dina Ebimbe;cm CMR;MF,FW;Brest;fr Ligue 1;25,0;2000,0;20,0;9,0;710,0;7,9;2,0;0,0;2,0;2,0;0,0;0,0;1,0;0,0;0,25;18,0;5,0;27,8;2,28;0,63;0,11;0,4;2,0;8,0;3,0;10,0;0,0;16,0;0,0;;0,0;;;0,0;;;;;0,0;;;;;No;No;No;No;No;No;No;No;No;No
678,0;Eren Dinkçi;de GER;MF,FW;Heidenheim;de Bundesliga;24,0;2001,0;7,0;6,0;531,0;5,9;1,0;1,0;2,0;1,0;0,0;0,0;1,0;0,0;0,34;11,0;3,0;27,3;1,86;0,51;0,09;0,33;10,0;3,0;3,0;1,0;0,0;4,0;0,0;;0,0;;;0,0;;;;;0,0;;;;;No;No;No;No;No;No;No;No;No;No
679,0;Eren Dinkçi;de GER;MF;Freiburg;de Bundesliga;24,0;2001,0;8,0;3,0;248,0;2,8;0,0;0,0;0,0;0,0;0,0;0,0;1,0;0,0;0,0;4,0;0,0;0,0;1,45;0,0;0,0;0,0;10,0;4,0;4,0;1,0;0,0;2,0;0,0;;0,0;;;0,0;;;;;0,0;;;;;No;No;No;No;No;No;No;No;No;No
680,0;Sinaly Diomande;ci CIV;DF;Auxerre;fr Ligue 1;24,0;2001,0;16,0;16,0;1411,0;15,7;1,0;1,0;2,0;1,0;0,0;0,0;4,0;1,0;0,13;4,0;1,0;25,0;0,26;0,06;0,25;1,0;0,0;11,0;27,0;15,0;1,0;19,0;0,0;;0,0;;;0,0;;;;;0,0;;;;;No;No;No;No;No;No;No;No;No;No
681,0;Yan Diomandé;ci CIV;FW,MF;RB Leipzig;de Bundesliga;19,0;2006,0;25,0;20,0;1806,0;20,1;10,0;5,0;15,0;10,0;0,0;0,0;2,0;0,0;0,75;42,0;22,0;52,4;2,09;1,1;0,24;0,45;32,0;13,0;14,0;25,0;0,0;12,0;0,0;;0,0;;;0,0;;;;;0,0;;;;;No;No;No;No;No;No;No;No;No;No
682,0;Issa Diop;fr FRA;DF;Fulham;eng Premier League;29,0;1997,0;10,0;6,0;596,0;6,6;0,0;0,0;0,0;0,0;0,0;0,0;2,0;0,0;0,0;1,0;0,0;0,0;0,15;0,0;0,0;0,0;1,0;2,0;4,0;3,0;0,0;7,0;0,0;;0,0;;;0,0;;;;;0,0;;;;;No;No;No;No;No;No;No;No;No;No
683,0;Sérigné Diop;sn SEN;FW;Brest;fr Ligue 1;20,0;2005,0;2,0;0,0;12,0;0,1;0,0;0,0;0,0;0,0;0,0;0,0;0,0;0,0;0,0;1,0;0,0;0,0;7,5;0,0;0,0;0,0;1,0;0,0;0,0;0,0;0,0;0,0;0,0;;0,0;;;0,0;;;;;0,0;;;;;No;No;No;No;No;No;No;No;No;No
684,0;Sofiane Diop;ma MAR;MF,FW;Nice;fr Ligue 1;25,0;2000,0;25,0;20,0;1631,0;18,1;7,0;2,0;9,0;5,0;2,0;2,0;5,0;0,0;0,39;42,0;13,0;31,0;2,32;0,72;0,12;0,38;28,0;4,0;15,0;40,0;0,0;20,0;0,0;;0,0;;;0,0;;;;;0,0;;;;;No;No;No;No;No;No;No;No;No;No
685,0;Andy Diouf;fr FRA;MF;Inter;it Serie A;22,0;2003,0;14,0;1,0;238,0;2,6;0,0;0,0;0,0;0,0;0,0;0,0;0,0;0,0;0,0;5,0;2,0;40,0;1,89;0,76;0,0;0,0;4,0;3,0;1,0;1,0;0,0;1,0;0,0;;0,0;;;0,0;;;;;0,0;;;;;No;No;No;No;No;No;No;No;No;No
686,0;Andy Diouf;fr FRA;MF;Lens;fr Ligue 1;22,0;2003,0;1,0;1,0;90,0;1,0;0,0;0,0;0,0;0,0;0,0;0,0;0,0;0,0;0,0;3,0;1,0;33,3;3,0;1,0;0,0;0,0;0,0;0,0;0,0;1,0;0,0;0,0;0,0;;0,0;;;0,0;;;;;0,0;;;;;No;No;No;No;No;No;No;No;No;No
687,0;El Hadji Malick Diouf;sn SEN;DF,MF;West Ham United;eng Premier League;21,0;2004,0;24,0;22,0;2004,0;22,3;0,0;5,0;5,0;0,0;0,0;0,0;4,0;0,0;0,22;13,0;2,0;15,4;0,58;0,09;0,0;0,0;71,0;12,0;27,0;17,0;0,0;21,0;0,0;;0,0;;;0,0;;;;;0,0;;;;;No;No;No;No;No;No;No;No;No;No
688,0;Yehvann Diouf;sn SEN;GK;Nice;fr Ligue 1;26,0;1999,0;18,0;18,0;1620,0;18,0;0,0;0,0;0,0;0,0;0,0;0,0;1,0;0,0;0,0;0,0;0,0;0,0;0,0;0,0;0,0;0,0;0,0;0,0;0,0;3,0;0,0;0,0;0,0;33,0;1,83;91,0;63,0;68,1;6,0;2,0;10,0;3,0;16,7;6,0;4,0;1,0;1,0;No;No;No;No;No;No;No;No;No;No
689,0;Assane Dioussé;sn SEN;MF;Auxerre;fr Ligue 1;28,0;1997,0;14,0;1,0;215,0;2,4;0,0;0,0;0,0;0,0;0,0;0,0;3,0;0,0;0,0;4,0;1,0;25,0;1,67;0,42;0,0;0,0;6,0;1,0;6,0;3,0;0,0;7,0;0,0;;0,0;;;0,0;;;;;0,0;;;;;No;No;No;No;No;No;No;No;No;No
690,0;Axel Disasi;fr FRA;DF;West Ham United;eng Premier League;28,0;1998,0;6,0;6,0;540,0;6,0;0,0;0,0;0,0;0,0;0,0;0,0;0,0;0,0;0,0;3,0;2,0;66,7;0,5;0,33;0,0;0,0;0,0;2,0;4,0;3,0;0,0;4,0;1,0;;0,0;;;0,0;;;;;0,0;;;;;No;No;No;No;No;No;No;No;No;No
691,0;Matías Dituro;ar ARG;GK;Elche;es La Liga;38,0;1987,0;12,0;12,0;1080,0;12,0;0,0;0,0;0,0;0,0;0,0;0,0;1,0;0,0;0,0;0,0;0,0;0,0;0,0;0,0;0,0;0,0;0,0;0,0;0,0;5,0;0,0;0,0;0,0;17,0;1,42;48,0;34,0;70,8;2,0;7,0;3,0;2,0;16,7;3,0;3,0;0,0;0,0;No;No;No;No;No;No;No;No;No;No
692,0;Djené;tg TOG;DF,MF;Getafe;es La Liga;34,0;1991,0;26,0;24,0;1958,0;21,8;0,0;0,0;0,0;0,0;0,0;0,0;6,0;1,0;0,0;4,0;0,0;0,0;0,18;0,0;0,0;0,0;8,0;18,0;26,0;20,0;0,0;21,0;0,0;;0,0;;;0,0;;;;;0,0;;;;;No;No;No;No;No;No;No;No;No;No
693,0;Harouna Djibrin;cm CMR;MF;Angers;fr Ligue 1;19,0;2006,0;14,0;1,0;316,0;3,5;2,0;1,0;3,0;2,0;0,0;0,0;2,0;0,0;0,85;7,0;3,0;42,9;1,99;0,85;0,29;0,67;8,0;4,0;5,0;7,0;0,0;8,0;0,0;;0,0;;;0,0;;;;;0,0;;;;;No;No;No;No;No;No;No;No;No;No
694,0;Berat Djimsiti;al ALB;DF;Atalanta;it Serie A;33,0;1993,0;26,0;22,0;1926,0;21,4;0,0;0,0;0,0;0,0;0,0;0,0;2,0;0,0;0,0;10,0;1,0;10,0;0,47;0,05;0,0;0,0;2,0;20,0;20,0;5,0;0,0;12,0;0,0;;0,0;;;0,0;;;;;0,0;;;;;No;No;No;No;No;No;No;No;No;No
695,0;Marko Dmitrović;rs SRB;GK;Espanyol;es La Liga;34,0;1992,0;28,0;28,0;2520,0;28,0;0,0;0,0;0,0;0,0;0,0;0,0;0,0;0,0;0,0;0,0;0,0;0,0;0,0;0,0;0,0;0,0;0,0;2,0;0,0;4,0;0,0;0,0;0,0;42,0;1,5;131,0;94,0;71,8;10,0;7,0;11,0;7,0;25,0;5,0;5,0;0,0;0,0;No;No;No;No;No;No;No;No;No;No
696,0;Henrick Do Marcolino;fr FRA;FW;Rennes;fr Ligue 1;19,0;2006,0;1,0;0,0;3,0;0,0;0,0;0,0;0,0;0,0;0,0;0,0;0,0;0,0;0,0;0,0;0,0;0,0;0,0;0,0;0,0;0,0;0,0;1,0;2,0;0,0;0,0;0,0;0,0;;0,0;;;0,0;;;;;0,0;;;;;No;No;No;No;No;No;No;No;No;No
697,0;Ritsu Doan;jp JPN;MF;Eintracht Frankfurt;de Bundesliga;27,0;1998,0;26,0;24,0;2004,0;22,3;4,0;5,0;9,0;4,0;0,0;0,0;3,0;0,0;0,4;33,0;11,0;33,3;1,48;0,49;0,12;0,36;97,0;19,0;15,0;29,0;0,0;19,0;0,0;;0,0;;;0,0;;;;;0,0;;;;;No;No;No;No;No;No;No;No;No;No
698,0;Dodô;br BRA;MF,DF;Fiorentina;it Serie A;27,0;1998,0;28,0;28,0;2414,0;26,8;1,0;2,0;3,0;1,0;0,0;0,0;6,0;0,0;0,11;19,0;2,0;10,5;0,71;0,07;0,05;0,5;120,0;13,0;22,0;46,0;0,0;14,0;0,0;;0,0;;;0,0;;;;;0,0;;;;;No;No;No;No;No;No;No;No;No;No
699,0;Danilho Doekhi;nl NED;DF;Union Berlin;de Bundesliga;27,0;1998,0;26,0;26,0;2340,0;26,0;4,0;0,0;4,0;4,0;0,0;0,0;3,0;0,0;0,15;32,0;5,0;15,6;1,23;0,19;0,13;0,8;6,0;26,0;34,0;13,0;0,0;22,0;0,0;;0,0;;;0,0;;;;;0,0;;;;;No;No;No;No;No;No;No;No;No;No
700,0;Matt Doherty;ie IRL;DF,MF;Wolves;eng Premier League;34,0;1992,0;10,0;10,0;702,0;7,8;0,0;0,0;0,0;0,0;0,0;0,0;4,0;0,0;0,0;3,0;0,0;0,0;0,38;0,0;0,0;0,0;8,0;7,0;7,0;5,0;0,0;16,0;0,0;;0,0;;;0,0;;;;;0,0;;;;;No;No;No;No;No;No;No;No;No;No
701,0;Josh Doig;sct SCO;DF;Sassuolo;it Serie A;23,0;2002,0;27,0;20,0;1762,0;19,6;0,0;0,0;0,0;0,0;0,0;0,0;4,0;0,0;0,0;10,0;4,0;40,0;0,51;0,2;0,0;0,0;34,0;20,0;22,0;16,0;0,0;14,0;0,0;;0,0;;;0,0;;;;;0,0;;;;;No;No;No;No;No;No;No;No;No;No
702,0;Jeremy Doku;be BEL;MF,FW;Manchester City;eng Premier League;23,0;2002,0;22,0;13,0;1231,0;13,7;1,0;4,0;5,0;1,0;0,0;0,0;0,0;0,0;0,37;22,0;8,0;36,4;1,61;0,58;0,05;0,13;46,0;11,0;9,0;40,0;0,0;17,0;0,0;;0,0;;;0,0;;;;;0,0;;;;;No;No;No;No;No;No;No;No;No;No
703,0;Tyrhys Dolan;eng ENG;MF;Espanyol;es La Liga;24,0;2001,0;27,0;21,0;1824,0;20,3;1,0;4,0;5,0;1,0;0,0;0,0;6,0;1,0;0,25;29,0;9,0;31,0;1,43;0,44;0,03;0,11;85,0;29,0;12,0;39,0;1,0;29,0;0,0;;0,0;;;0,0;;;;;0,0;;;;;No;No;No;No;No;No;No;No;No;No
704,0;Marc Domenech;es ESP;MF;Mallorca;es La Liga;20,0;2006,0;7,0;2,0;214,0;2,4;0,0;1,0;1,0;0,0;0,0;0,0;0,0;0,0;0,42;3,0;0,0;0,0;1,26;0,0;0,0;0,0;7,0;2,0;0,0;3,0;0,0;3,0;0,0;;0,0;;;0,0;;;;;0,0;;;;;No;No;No;No;No;No;No;No;No;No
705,0;Benjamín Domínguez;ar ARG;MF;Bologna;it Serie A;22,0;2003,0;12,0;5,0;453,0;5,0;0,0;3,0;3,0;0,0;0,0;0,0;1,0;0,0;0,6;10,0;1,0;10,0;1,99;0,2;0,0;0,0;6,0;2,0;2,0;12,0;0,0;6,0;0,0;;0,0;;;0,0;;;;;0,0;;;;;No;No;No;No;No;No;No;No;No;No
706,0;Carlos Dominguez;es ESP;DF;Celta Vigo;es La Liga;25,0;2001,0;7,0;5,0;520,0;5,8;0,0;0,0;0,0;0,0;0,0;0,0;1,0;0,0;0,0;1,0;0,0;0,0;0,17;0,0;0,0;0,0;1,0;8,0;4,0;1,0;0,0;6,0;0,0;;0,0;;;0,0;;;;;0,0;;;;;No;No;No;No;No;No;No;No;No;No
707,0;Nicolás Domínguez;ar ARG;MF;Nottingham Forest;eng Premier League;27,0;1998,0;19,0;14,0;934,0;10,4;1,0;0,0;1,0;1,0;0,0;0,0;2,0;0,0;0,1;16,0;5,0;31,3;1,54;0,48;0,06;0,2;13,0;22,0;4,0;8,0;0,0;11,0;0,0;;0,0;;;0,0;;;;;0,0;;;;;No;No;No;No;No;No;No;No;No;No
708,0;Jean-Luc Dompé;fr FRA;FW,MF;Hamburger SV;de Bundesliga;30,0;1995,0;19,0;12,0;1137,0;12,6;3,0;0,0;3,0;2,0;1,0;1,0;0,0;0,0;0,16;25,0;12,0;48,0;1,98;0,95;0,08;0,17;81,0;5,0;0,0;9,0;0,0;2,0;0,0;;0,0;;;0,0;;;;;0,0;;;;;No;No;No;No;No;No;No;No;No;No
709,0;John Donald;es ESP;DF,MF;Elche;es La Liga;25,0;2000,0;14,0;5,0;458,0;5,1;1,0;0,0;1,0;1,0;0,0;0,0;2,0;0,0;0,2;5,0;2,0;40,0;0,98;0,39;0,2;0,5;0,0;8,0;5,0;4,0;0,0;10,0;0,0;;0,0;;;0,0;;;;;0,0;;;;;No;No;No;No;No;No;No;No;No;No
710,0;Gianluigi Donnarumma;it ITA;GK;Manchester City;eng Premier League;27,0;1999,0;27,0;27,0;2430,0;27,0;0,0;0,0;0,0;0,0;0,0;0,0;6,0;0,0;0,0;0,0;0,0;0,0;0,0;0,0;0,0;0,0;0,0;0,0;1,0;3,0;0,0;0,0;0,0;24,0;0,89;86,0;61,0;72,1;17,0;7,0;3,0;11,0;40,7;1,0;0,0;1,0;0,0;No;No;No;No;No;No;No;No;No;No
711,0;Romelle Donovan;eng ENG;FW;Brentford;eng Premier League;19,0;2006,0;4,0;0,0;41,0;0,5;0,0;0,0;0,0;0,0;0,0;0,0;0,0;0,0;0,0;3,0;1,0;33,3;6,59;2,2;0,0;0,0;2,0;0,0;0,0;3,0;0,0;2,0;0,0;;0,0;;;0,0;;;;;0,0;;;;;No;No;No;No;No;No;No;No;No;No
712,0;Patrick Dorgu;dk DEN;MF;Manchester Utd;eng Premier League;21,0;2004,0;22,0;14,0;1335,0;14,8;3,0;3,0;6,0;3,0;0,0;0,0;5,0;0,0;0,4;20,0;7,0;35,0;1,35;0,47;0,15;0,43;54,0;30,0;14,0;42,0;0,0;19,0;0,0;;0,0;;;0,0;;;;;0,0;;;;;No;No;No;No;No;No;No;No;No;No
713,0;Niklas Dorsch;de GER;MF;Heidenheim;de Bundesliga;28,0;1998,0;24,0;20,0;1664,0;18,5;0,0;0,0;0,0;0,0;0,0;0,0;2,0;0,0;0,0;13,0;3,0;23,1;0,7;0,16;0,0;0,0;18,0;24,0;13,0;19,0;0,0;26,0;0,0;;0,0;;;0,0;;;;;0,0;;;;;No;No;No;No;No;No;No;No;No;No
714,0;Alberto Dossena;it ITA;DF;Cagliari;it Serie A;27,0;1998,0;5,0;5,0;450,0;5,0;0,0;1,0;1,0;0,0;0,0;0,0;4,0;0,0;0,2;5,0;1,0;20,0;1,0;0,2;0,0;0,0;0,0;6,0;3,0;5,0;0,0;7,0;0,0;;0,0;;;0,0;;;;;0,0;;;;;No;No;No;No;No;No;No;No;No;No
715,0;Lohann Doucet;fr FRA;MF;Paris FC;fr Ligue 1;23,0;2002,0;5,0;1,0;121,0;1,3;1,0;0,0;1,0;1,0;0,0;0,0;2,0;0,0;0,74;2,0;1,0;50,0;1,49;0,74;0,5;1,0;0,0;0,0;0,0;1,0;0,0;4,0;0,0;;0,0;;;0,0;;;;;0,0;;;;;No;No;No;No;No;No;No;No;No;No
716,0;Fodé Doucouré;ml MLI;MF,FW;Le Havre;fr Ligue 1;25,0;2001,0;20,0;9,0;828,0;9,2;2,0;1,0;3,0;2,0;0,0;0,0;1,0;0,0;0,33;16,0;5,0;31,3;1,74;0,54;0,13;0,4;57,0;18,0;5,0;3,0;0,0;8,0;0,0;;0,0;;;0,0;;;;;0,0;;;;;No;No;No;No;No;No;No;No;No;No
717,0;Sékou Doucoure;fr FRA;DF;Nantes;fr Ligue 1;20,0;2005,0;1,0;0,0;45,0;0,5;0,0;0,0;0,0;0,0;0,0;0,0;0,0;0,0;0,0;0,0;0,0;0,0;0,0;0,0;0,0;0,0;0,0;0,0;3,0;0,0;0,0;1,0;0,0;;0,0;;;0,0;;;;;0,0;;;;;No;No;No;No;No;No;No;No;No;No
718,0;Désiré Doué;fr FRA;FW,MF;Paris Saint-Germain;fr Ligue 1;20,0;2005,0;16,0;10,0;837,0;9,3;4,0;2,0;6,0;4,0;0,0;1,0;0,0;0,0;0,65;34,0;14,0;41,2;3,66;1,51;0,12;0,29;37,0;14,0;6,0;21,0;0,0;17,0;0,0;;0,0;;;0,0;;;;;0,0;;;;;No;No;No;No;No;No;No;No;No;No
719,0;Guela Doué;ci CIV;DF,MF;Strasbourg;fr Ligue 1;23,0;2002,0;19,0;18,0;1611,0;17,9;2,0;5,0;7,0;2,0;0,0;0,0;3,0;0,0;0,39;10,0;5,0;50,0;0,56;0,28;0,2;0,4;42,0;31,0;19,0;19,0;0,0;35,0;0,0;;0,0;;;0,0;;;;;0,0;;;;;No;No;No;No;No;No;No;No;No;No
720,0;Ismaël Doukouré;fr FRA;DF,MF;Strasbourg;fr Ligue 1;22,0;2003,0;19,0;19,0;1578,0;17,5;0,0;1,0;1,0;0,0;0,0;0,0;3,0;2,0;0,06;6,0;3,0;50,0;0,34;0,17;0,0;0,0;3,0;9,0;21,0;13,0;0,0;14,0;1,0;;0,0;;;0,0;;;;;0,0;;;;;No;No;No;No;No;No;No;No;No;No
721,0;Kamory Doumbia;ml MLI;MF;Brest;fr Ligue 1;23,0;2003,0;20,0;19,0;1515,0;16,8;5,0;3,0;8,0;5,0;0,0;0,0;6,0;0,0;0,48;38,0;12,0;31,6;2,26;0,71;0,13;0,42;19,0;28,0;18,0;18,0;0,0;26,0;0,0;;0,0;;;0,0;;;;;0,0;;;;;No;No;No;No;No;No;No;No;No;No
722,0;Anastasios Douvikas;gr GRE;FW;Como;it Serie A;26,0;1999,0;29,0;17,0;1610,0;17,9;10,0;1,0;11,0;9,0;1,0;1,0;0,0;0,0;0,56;47,0;22,0;46,8;2,63;1,23;0,19;0,41;4,0;8,0;4,0;31,0;0,0;26,0;0,0;;0,0;;;0,0;;;;;0,0;;;;;No;No;No;No;No;No;No;No;No;No
723,0;Artem Dovbyk;ua UKR;FW;Roma;it Serie A;28,0;1997,0;13,0;3,0;390,0;4,3;3,0;1,0;4,0;3,0;0,0;0,0;0,0;0,0;0,92;10,0;5,0;50,0;2,31;1,15;0,3;0,6;1,0;3,0;0,0;6,0;0,0;11,0;0,0;;0,0;;;0,0;;;;;0,0;;;;;No;No;No;No;No;No;No;No;No;No
724,0;Max Dowman;eng ENG;MF;Arsenal;eng Premier League;16,0;2009,0;3,0;0,0;46,0;0,5;1,0;0,0;1,0;1,0;0,0;0,0;0,0;0,0;1,96;5,0;1,0;20,0;9,78;1,96;0,2;1,0;1,0;2,0;0,0;4,0;0,0;0,0;0,0;;0,0;;;0,0;;;;;0,0;;;;;No;No;No;No;No;No;No;No;No;No
725,0;Damion Downs;us USA;FW;Hamburger SV;de Bundesliga;21,0;2004,0;8,0;6,0;478,0;5,3;0,0;0,0;0,0;0,0;0,0;0,0;0,0;0,0;0,0;7,0;4,0;57,1;1,32;0,75;0,0;0,0;0,0;2,0;0,0;1,0;0,0;7,0;0,0;;0,0;;;0,0;;;;;0,0;;;;;No;No;No;No;No;No;No;No;No;No
726,0;Radu Drăgușin;ro ROU;DF;Tottenham Hotspur;eng Premier League;24,0;2002,0;8,0;5,0;515,0;5,7;0,0;0,0;0,0;0,0;0,0;0,0;0,0;0,0;0,0;4,0;0,0;0,0;0,7;0,0;0,0;0,0;3,0;3,0;15,0;1,0;0,0;9,0;0,0;;0,0;;;0,0;;;;;0,0;;;;;No;No;No;No;No;No;No;No;No;No
727,0;Joél Drakes-Thomas;eng ENG;MF;Crystal Palace;eng Premier League;16,0;2009,0;2,0;0,0;9,0;0,1;0,0;0,0;0,0;0,0;0,0;0,0;0,0;0,0;0,0;0,0;0,0;0,0;0,0;0,0;0,0;0,0;0,0;1,0;0,0;0,0;0,0;1,0;0,0;;0,0;;;0,0;;;;;0,0;;;;;No;No;No;No;No;No;No;No;No;No
728,0;Domingos Duarte;pt POR;DF;Getafe;es La Liga;31,0;1995,0;25,0;25,0;2132,0;23,7;0,0;0,0;0,0;0,0;0,0;0,0;8,0;0,0;0,0;10,0;3,0;30,0;0,42;0,13;0,0;0,0;0,0;10,0;24,0;21,0;0,0;25,0;1,0;;0,0;;;0,0;;;;;0,0;;;;;No;No;No;No;No;No;No;No;No;No
729,0;Martin Dúbravka;sk SVK;GK;Burnley;eng Premier League;37,0;1989,0;30,0;30,0;2700,0;30,0;0,0;0,0;0,0;0,0;0,0;0,0;1,0;0,0;0,0;0,0;0,0;0,0;0,0;0,0;0,0;0,0;0,0;1,0;0,0;5,0;0,0;0,0;0,0;58,0;1,93;161,0;108,0;67,1;4,0;8,0;18,0;4,0;13,3;6,0;5,0;0,0;1,0;No;No;No;No;No;No;No;No;No;No
730,0;Denzel Dumfries;nl NED;MF;Inter;it Serie A;29,0;1996,0;13,0;10,0;841,0;9,3;1,0;0,0;1,0;1,0;0,0;0,0;2,0;0,0;0,11;11,0;3,0;27,3;1,18;0,32;0,09;0,33;23,0;7,0;4,0;8,0;0,0;14,0;0,0;;0,0;;;0,0;;;;;0,0;;;;;No;No;No;No;No;No;No;No;No;No
731,0;Lewis Dunk;eng ENG;DF;Brighton;eng Premier League;34,0;1991,0;28,0;27,0;2475,0;27,5;0,0;0,0;0,0;0,0;0,0;0,0;9,0;0,0;0,0;19,0;2,0;10,5;0,69;0,07;0,0;0,0;5,0;20,0;29,0;8,0;0,0;13,0;0,0;;0,0;;;0,0;;;;;0,0;;;;;No;No;No;No;No;No;No;No;No;No
732,0;Maxime Dupé;fr FRA;GK;Nice;fr Ligue 1;33,0;1993,0;8,0;8,0;720,0;8,0;0,0;0,0;0,0;0,0;0,0;0,0;0,0;0,0;0,0;0,0;0,0;0,0;0,0;0,0;0,0;0,0;0,0;0,0;0,0;1,0;0,0;0,0;0,0;15,0;1,87;32,0;20,0;62,5;1,0;4,0;3,0;1,0;12,5;3,0;3,0;0,0;0,0;No;No;No;No;No;No;No;No;No;No
733,0;Pablo Durán;es ESP;FW,MF;Celta Vigo;es La Liga;24,0;2001,0;21,0;12,0;1042,0;11,6;2,0;2,0;4,0;2,0;0,0;0,0;0,0;0,0;0,35;26,0;10,0;38,5;2,25;0,86;0,08;0,2;11,0;8,0;3,0;8,0;0,0;13,0;0,0;;0,0;;;0,0;;;;;0,0;;;;;No;No;No;No;No;No;No;No;No;No
734,0;Hugo Duro;es ESP;FW;Valencia;es La Liga;26,0;1999,0;27,0;16,0;1489,0;16,5;8,0;0,0;8,0;7,0;1,0;1,0;4,0;0,0;0,42;27,0;11,0;40,7;1,63;0,66;0,26;0,64;0,0;6,0;3,0;28,0;0,0;16,0;0,0;;0,0;;;0,0;;;;;0,0;;;;;No;No;No;No;No;No;No;No;No;No
735,0;Rafiu Durosinmi;ng NGA;FW;Pisa;it Serie A;23,0;2003,0;9,0;4,0;384,0;4,3;1,0;1,0;2,0;1,0;0,0;0,0;0,0;1,0;0,47;6,0;3,0;50,0;1,41;0,7;0,17;0,33;0,0;0,0;1,0;2,0;0,0;13,0;0,0;;0,0;;;0,0;;;;;0,0;;;;;No;No;No;No;No;No;No;No;No;No
736,0;Paulo Dybala;ar ARG;FW,MF;Roma;it Serie A;32,0;1993,0;17,0;12,0;1054,0;11,7;2,0;2,0;4,0;2,0;0,0;1,0;0,0;0,0;0,34;36,0;14,0;38,9;3,07;1,2;0,06;0,14;73,0;5,0;3,0;25,0;0,0;11,0;0,0;;0,0;;;0,0;;;;;0,0;;;;;No;No;No;No;No;No;No;No;No;No
737,0;Edin Džeko;ba BIH;FW;Fiorentina;it Serie A;40,0;1986,0;11,0;2,0;244,0;2,7;0,0;0,0;0,0;0,0;0,0;0,0;1,0;0,0;0,0;4,0;1,0;25,0;1,48;0,37;0,0;0,0;1,0;1,0;1,0;5,0;0,0;2,0;0,0;;0,0;;;0,0;;;;;0,0;;;;;No;No;No;No;No;No;No;No;No;No
738,0;Adam Dźwigała;pl POL;DF;St Pauli;de Bundesliga;30,0;1995,0;16,0;12,0;1077,0;12,0;1,0;1,0;2,0;1,0;0,0;0,0;5,0;0,0;0,17;3,0;1,0;33,3;0,25;0,08;0,33;1,0;1,0;24,0;19,0;6,0;0,0;15,0;0,0;;0,0;;;0,0;;;;;0,0;;;;;No;No;No;No;No;No;No;No;No;No
739,0;Aron Dønnum;no NOR;MF;Toulouse;fr Ligue 1;27,0;1998,0;21,0;21,0;1859,0;20,7;4,0;4,0;8,0;1,0;3,0;3,0;6,0;0,0;0,24;31,0;12,0;38,7;1,5;0,58;0,03;0,08;123,0;23,0;22,0;32,0;0,0;25,0;0,0;;0,0;;;0,0;;;;;0,0;;;;;No;No;No;No;No;No;No;No;No;No
740,0;George Earthy;eng ENG;MF;West Ham United;eng Premier League;21,0;2004,0;1,0;0,0;9,0;0,1;0,0;0,0;0,0;0,0;0,0;0,0;0,0;0,0;0,0;0,0;0,0;0,0;0,0;0,0;0,0;0,0;0,0;0,0;0,0;0,0;0,0;0,0;0,0;;0,0;;;0,0;;;;;0,0;;;;;No;No;No;No;No;No;No;No;No;No
741,0;Younes Ebnoutalib;de GER;FW;Eintracht Frankfurt;de Bundesliga;22,0;2003,0;2,0;2,0;109,0;1,2;1,0;0,0;1,0;1,0;0,0;0,0;0,0;0,0;0,83;3,0;1,0;33,3;2,48;0,83;0,33;1,0;0,0;0,0;1,0;2,0;0,0;2,0;0,0;;0,0;;;0,0;;;;;0,0;;;;;No;No;No;No;No;No;No;No;No;No
742,0;Simon Ebonog;cm CMR;MF;Le Havre;fr Ligue 1;21,0;2004,0;22,0;16,0;1300,0;14,4;0,0;0,0;0,0;0,0;0,0;0,0;5,0;0,0;0,0;14,0;2,0;14,3;0,97;0,14;0,0;0,0;10,0;20,0;17,0;23,0;0,0;20,0;0,0;;0,0;;;0,0;;;;;0,0;;;;;No;No;No;No;No;No;No;No;No;No
743,0;Enzo Ebosse;cm CMR;DF;Hellas Verona;it Serie A;27,0;1999,0;4,0;3,0;214,0;2,4;0,0;0,0;0,0;0,0;0,0;0,0;1,0;0,0;0,0;1,0;0,0;0,0;0,42;0,0;0,0;0,0;0,0;1,0;0,0;1,0;0,0;5,0;0,0;;0,0;;;0,0;;;;;0,0;;;;;No;No;No;No;No;No;No;No;No;No
744,0;Enzo Ebosse;cm CMR;DF;Torino;it Serie A;27,0;1999,0;4,0;4,0;314,0;3,5;0,0;0,0;0,0;0,0;0,0;0,0;0,0;0,0;0,0;0,0;0,0;0,0;0,0;0,0;0,0;0,0;1,0;0,0;5,0;2,0;0,0;4,0;0,0;;0,0;;;0,0;;;;;0,0;;;;;No;No;No;No;No;No;No;No;No;No
745,0;Claudio Echeverri;ar ARG;MF;Girona;es La Liga;20,0;2006,0;8,0;1,0;235,0;2,6;1,0;1,0;2,0;1,0;0,0;0,0;3,0;0,0;0,77;8,0;3,0;37,5;3,06;1,15;0,13;0,33;9,0;5,0;0,0;5,0;0,0;4,0;0,0;;0,0;;;0,0;;;;;0,0;;;;;No;No;No;No;No;No;No;No;No;No
746,0;Claudio Echeverri;ar ARG;MF;Leverkusen;de Bundesliga;20,0;2006,0;6,0;1,0;134,0;1,5;0,0;0,0;0,0;0,0;0,0;0,0;0,0;0,0;0,0;1,0;0,0;0,0;0,67;0,0;0,0;0,0;6,0;1,0;1,0;2,0;0,0;0,0;0,0;;0,0;;;0,0;;;;;0,0;;;;;No;No;No;No;No;No;No;No;No;No
747,0;Éderson;br BRA;MF;Atalanta;it Serie A;26,0;1999,0;22,0;19,0;1621,0;18,0;1,0;0,0;1,0;0,0;1,0;1,0;1,0;0,0;0,0;25,0;6,0;24,0;1,39;0,33;0,0;0,0;10,0;25,0;19,0;28,0;0,0;25,0;0,0;;0,0;;;0,0;;;;;0,0;;;;;No;No;No;No;No;No;No;No;No;No
748,0;Noah Edjouma;fr FRA;FW;Toulouse;fr Ligue 1;20,0;2005,0;12,0;2,0;256,0;2,8;0,0;0,0;0,0;0,0;0,0;0,0;0,0;0,0;0,0;8,0;3,0;37,5;2,81;1,05;0,0;0,0;12,0;3,0;3,0;4,0;0,0;4,0;0,0;;0,0;;;0,0;;;;;0,0;;;;;No;No;No;No;No;No;No;No;No;No
749,0;Noah Edjouma;fr FRA;MF;Lille;fr Ligue 1;20,0;2005,0;3,0;1,0;92,0;1,0;0,0;0,0;0,0;0,0;0,0;0,0;0,0;0,0;0,0;2,0;0,0;0,0;1,96;0,0;0,0;0,0;6,0;4,0;0,0;2,0;0,0;1,0;0,0;;0,0;;;0,0;;;;;0,0;;;;;No;No;No;No;No;No;No;No;No;No
750,0;Andrias Edmundsson;fo FRO;DF;Hellas Verona;it Serie A;25,0;2000,0;6,0;6,0;540,0;6,0;0,0;0,0;0,0;0,0;0,0;0,0;1,0;0,0;0,0;1,0;0,0;0,0;0,17;0,0;0,0;0,0;4,0;8,0;11,0;6,0;0,0;6,0;0,0;;0,0;;;0,0;;;;;0,0;;;;;No;No;No;No;No;No;No;No;No;No
751,0;Odsonne Édouard;fr FRA;FW;Crystal Palace;eng Premier League;28,0;1998,0;1,0;0,0;3,0;0,0;0,0;0,0;0,0;0,0;0,0;0,0;0,0;0,0;0,0;0,0;0,0;0,0;0,0;0,0;0,0;0,0;0,0;1,0;0,0;1,0;0,0;0,0;0,0;;0,0;;;0,0;;;;;0,0;;;;;No;No;No;No;No;No;No;No;No;No
752,0;Odsonne Édouard;fr FRA;FW;Lens;fr Ligue 1;28,0;1998,0;22,0;21,0;1387,0;15,4;10,0;3,0;13,0;9,0;1,0;1,0;1,0;0,0;0,78;42,0;22,0;52,4;2,73;1,43;0,21;0,41;1,0;4,0;1,0;16,0;0,0;18,0;0,0;;0,0;;;0,0;;;;;0,0;;;;;No;No;No;No;No;No;No;No;No;No
753,0;Tom Edozie;eng ENG;MF;Wolves;eng Premier League;19,0;2006,0;1,0;0,0;7,0;0,1;1,0;0,0;1,0;1,0;0,0;0,0;0,0;0,0;12,86;1,0;1,0;100,0;12,86;12,86;1,0;1,0;0,0;0,0;0,0;0,0;0,0;0,0;0,0;;0,0;;;0,0;;;;;0,0;;;;;No;No;No;No;No;No;No;No;No;No
754,0;Yannick Eduardo;cz CZE;FW;Hoffenheim;de Bundesliga;20,0;2006,0;1,0;0,0;1,0;0,0;0,0;0,0;0,0;0,0;0,0;0,0;0,0;0,0;0,0;0,0;0,0;0,0;0,0;0,0;0,0;0,0;0,0;0,0;0,0;0,0;0,0;0,0;0,0;;0,0;;;0,0;;;;;0,0;;;;;No;No;No;No;No;No;No;No;No;No
755,0;Alysson Edward;br BRA;MF;Aston Villa;eng Premier League;19,0;2006,0;3,0;0,0;49,0;0,5;0,0;0,0;0,0;0,0;0,0;0,0;0,0;0,0;0,0;1,0;0,0;0,0;1,84;0,0;0,0;0,0;2,0;0,0;1,0;1,0;0,0;0,0;0,0;;0,0;;;0,0;;;;;0,0;;;;;No;No;No;No;No;No;No;No;No;No
756,0;Marcus Edwards;eng ENG;MF,FW;Burnley;eng Premier League;27,0;1998,0;18,0;9,0;897,0;10,0;1,0;3,0;4,0;1,0;0,0;0,0;0,0;0,0;0,4;21,0;5,0;23,8;2,11;0,5;0,05;0,2;15,0;5,0;3,0;12,0;0,0;7,0;0,0;;0,0;;;0,0;;;;;0,0;;;;;No;No;No;No;No;No;No;No;No;No
757,0;CJ Egan-Riley;eng ENG;DF,MF;Marseille;fr Ligue 1;23,0;2003,0;10,0;7,0;548,0;6,1;0,0;0,0;0,0;0,0;0,0;0,0;1,0;1,0;0,0;0,0;0,0;0,0;0,0;0,0;0,0;0,0;1,0;4,0;2,0;4,0;0,0;4,0;0,0;;0,0;;;0,0;;;;;0,0;;;;;No;No;No;No;No;No;No;No;No;No
758,0;Maximilian Eggestein;de GER;MF;Freiburg;de Bundesliga;29,0;1996,0;26,0;26,0;2340,0;26,0;2,0;0,0;2,0;2,0;0,0;0,0;3,0;0,0;0,08;39,0;12,0;30,8;1,5;0,46;0,05;0,17;12,0;31,0;25,0;14,0;0,0;16,0;0,0;;0,0;;;0,0;;;;;0,0;;;;;No;No;No;No;No;No;No;No;No;No
759,0;Kingsley Ehizibue;nl NED;MF,DF;Udinese;it Serie A;30,0;1995,0;24,0;12,0;1153,0;12,8;0,0;0,0;0,0;0,0;0,0;0,0;3,0;0,0;0,0;2,0;0,0;0,0;0,16;0,0;0,0;0,0;24,0;21,0;10,0;17,0;0,0;25,0;0,0;;0,0;;;0,0;;;;;0,0;;;;;No;No;No;No;No;No;No;No;No;No
760,0;Ovie Ejaria;eng ENG;MF;Oviedo;es La Liga;28,0;1997,0;7,0;2,0;180,0;2,0;0,0;0,0;0,0;0,0;0,0;0,0;1,0;0,0;0,0;3,0;1,0;33,3;1,5;0,5;0,0;0,0;0,0;2,0;2,0;5,0;0,0;3,0;0,0;;0,0;;;0,0;;;;;0,0;;;;;No;No;No;No;No;No;No;No;No;No
761,0;Chidera Ejuke;ng NGA;MF,FW;Sevilla;es La Liga;28,0;1998,0;21,0;4,0;684,0;7,6;1,0;1,0;2,0;1,0;0,0;0,0;0,0;0,0;0,26;17,0;2,0;11,8;2,24;0,26;0,06;0,5;16,0;9,0;5,0;11,0;0,0;3,0;0,0;;0,0;;;0,0;;;;;0,0;;;;;No;No;No;No;No;No;No;No;No;No
762,0;Hjalmar Ekdal;se SWE;DF;Burnley;eng Premier League;27,0;1998,0;15,0;13,0;1179,0;13,1;0,0;0,0;0,0;0,0;0,0;0,0;0,0;0,0;0,0;5,0;1,0;20,0;0,38;0,08;0,0;0,0;1,0;13,0;9,0;3,0;0,0;5,0;0,0;;0,0;;;0,0;;;;;0,0;;;;;No;No;No;No;No;No;No;No;No;No
763,0;Jeff Ekhator;it ITA;FW;Genoa;it Serie A;19,0;2006,0;23,0;5,0;630,0;7,0;2,0;0,0;2,0;2,0;0,0;0,0;3,0;0,0;0,29;15,0;3,0;20,0;2,14;0,43;0,13;0,67;6,0;6,0;1,0;17,0;0,0;16,0;0,0;;0,0;;;0,0;;;;;0,0;;;;;No;No;No;No;No;No;No;No;No;No
764,0;Hugo Ekitike;fr FRA;FW;Liverpool;eng Premier League;23,0;2002,0;27,0;20,0;1796,0;20,0;11,0;4,0;15,0;11,0;0,0;0,0;0,0;0,0;0,75;65,0;19,0;29,2;3,26;0,95;0,17;0,58;7,0;7,0;4,0;12,0;0,0;35,0;0,0;;0,0;;;0,0;;;;;0,0;;;;;No;No;No;No;No;No;No;No;No;No
765,0;Jurgen Ekkelenkamp;nl NED;MF;Udinese;it Serie A;25,0;2000,0;25,0;21,0;1717,0;19,1;3,0;1,0;4,0;3,0;0,0;0,0;1,0;0,0;0,21;25,0;11,0;44,0;1,31;0,58;0,12;0,27;27,0;20,0;12,0;12,0;0,0;17,0;0,0;;0,0;;;0,0;;;;;0,0;;;;;No;No;No;No;No;No;No;No;No;No
766,0;Jacques Ekomie;ga GAB;DF,MF;Angers;fr Ligue 1;22,0;2003,0;25,0;19,0;1673,0;18,6;0,0;0,0;0,0;0,0;0,0;0,0;3,0;0,0;0,0;8,0;3,0;37,5;0,43;0,16;0,0;0,0;45,0;27,0;26,0;21,0;0,0;22,0;0,0;;0,0;;;0,0;;;;;0,0;;;;;No;No;No;No;No;No;No;No;No;No
767,0;Caleb Ekuban;gh GHA;FW,MF;Genoa;it Serie A;31,0;1994,0;24,0;6,0;828,0;9,2;3,0;1,0;4,0;3,0;0,0;0,0;0,0;0,0;0,43;24,0;8,0;33,3;2,61;0,87;0,13;0,38;4,0;1,0;5,0;24,0;0,0;12,0;0,0;;0,0;;;0,0;;;;;0,0;;;;;No;No;No;No;No;No;No;No;No;No
768,0;Anthony Elanga;se SWE;FW;Newcastle United;eng Premier League;23,0;2002,0;26,0;12,0;1157,0;12,9;0,0;1,0;1,0;0,0;0,0;0,0;0,0;0,0;0,08;14,0;4,0;28,6;1,09;0,31;0,0;0,0;77,0;10,0;3,0;19,0;0,0;7,0;0,0;;0,0;;;0,0;;;;;0,0;;;;;No;No;No;No;No;No;No;No;No;No
769,0;Daniel Elfadli;ly LBY;DF;Hamburger SV;de Bundesliga;28,0;1997,0;19,0;14,0;1170,0;13,0;0,0;0,0;0,0;0,0;0,0;0,0;6,0;1,0;0,0;4,0;1,0;25,0;0,31;0,08;0,0;0,0;0,0;12,0;20,0;15,0;1,0;19,0;0,0;;0,0;;;0,0;;;;;0,0;;;;;No;No;No;No;No;No;No;No;No;No
770,0;Unai Elgezabal;es ESP;DF,MF;Levante;es La Liga;32,0;1993,0;12,0;11,0;958,0;10,6;1,0;0,0;1,0;1,0;0,0;0,0;2,0;0,0;0,09;3,0;1,0;33,3;0,28;0,09;0,33;1,0;0,0;4,0;4,0;6,0;0,0;11,0;1,0;;0,0;;;0,0;;;;;0,0;;;;;No;No;No;No;No;No;No;No;No;No
771,0;Melker Ellborg;se SWE;GK;Sunderland;eng Premier League;22,0;2003,0;2,0;2,0;180,0;2,0;0,0;0,0;0,0;0,0;0,0;0,0;0,0;0,0;0,0;0,0;0,0;0,0;0,0;0,0;0,0;0,0;0,0;0,0;0,0;0,0;0,0;0,0;0,0;1,0;0,5;8,0;7,0;87,5;1,0;0,0;1,0;1,0;50,0;0,0;0,0;0,0;0,0;No;No;No;No;No;No;No;No;No;No
772,0;Mikael Ellertsson;is ISL;MF;Genoa;it Serie A;24,0;2002,0;28,0;23,0;2093,0;23,3;1,0;1,0;2,0;1,0;0,0;0,0;1,0;0,0;0,09;21,0;6,0;28,6;0,9;0,26;0,05;0,17;25,0;22,0;13,0;31,0;0,0;22,0;0,0;;0,0;;;0,0;;;;;0,0;;;;;No;No;No;No;No;No;No;No;No;No
773,0;Harvey Elliott;eng ENG;FW,MF;Liverpool;eng Premier League;22,0;2003,0;1,0;0,0;1,0;0,0;0,0;0,0;0,0;0,0;0,0;0,0;0,0;0,0;0,0;0,0;0,0;0,0;0,0;0,0;0,0;0,0;0,0;0,0;0,0;0,0;0,0;0,0;0,0;;0,0;;;0,0;;;;;0,0;;;;;No;No;No;No;No;No;No;No;No;No
774,0;Harvey Elliott;eng ENG;MF;Aston Villa;eng Premier League;22,0;2003,0;4,0;1,0;112,0;1,2;0,0;0,0;0,0;0,0;0,0;0,0;0,0;0,0;0,0;5,0;0,0;0,0;4,02;0,0;0,0;0,0;3,0;0,0;0,0;2,0;0,0;0,0;0,0;;0,0;;;0,0;;;;;0,0;;;;;No;No;No;No;No;No;No;No;No;No
775,0;Elif Elmas;mk MKD;MF;Napoli;it Serie A;26,0;1999,0;26,0;18,0;1540,0;17,1;1,0;2,0;3,0;1,0;0,0;0,0;2,0;0,0;0,18;20,0;8,0;40,0;1,17;0,47;0,05;0,13;33,0;12,0;5,0;12,0;0,0;14,0;0,0;;0,0;;;0,0;;;;;0,0;;;;;No;No;No;No;No;No;No;No;No;No
776,0;Nesta Elphege;fr FRA;FW;Parma;it Serie A;25,0;2001,0;2,0;0,0;35,0;0,4;0,0;0,0;0,0;0,0;0,0;0,0;0,0;0,0;0,0;0,0;0,0;0,0;0,0;0,0;0,0;0,0;0,0;0,0;0,0;0,0;0,0;0,0;0,0;;0,0;;;0,0;;;;;0,0;;;;;No;No;No;No;No;No;No;No;No;No
777,0;Aritz Elustondo;es ESP;DF;Real Sociedad;es La Liga;31,0;1994,0;9,0;4,0;372,0;4,1;0,0;0,0;0,0;0,0;0,0;0,0;0,0;0,0;0,0;3,0;2,0;66,7;0,73;0,48;0,0;0,0;3,0;4,0;6,0;5,0;0,0;13,0;0,0;;0,0;;;0,0;;;;;0,0;;;;;No;No;No;No;No;No;No;No;No;No
778,0;Nico Elvedi;ch SUI;DF;Gladbach;de Bundesliga;29,0;1996,0;26,0;26,0;2336,0;26,0;0,0;0,0;0,0;0,0;0,0;0,0;2,0;0,0;0,0;8,0;0,0;0,0;0,31;0,0;0,0;0,0;0,0;28,0;25,0;11,0;0,0;14,0;0,0;;0,0;;;0,0;;;;;0,0;;;;;No;No;No;No;No;No;No;No;No;No
779,0;Breel Embolo;ch SUI;FW;Rennes;fr Ligue 1;29,0;1997,0;23,0;15,0;1387,0;15,4;6,0;3,0;9,0;6,0;0,0;0,0;3,0;0,0;0,58;23,0;11,0;47,8;1,49;0,71;0,26;0,55;4,0;10,0;4,0;42,0;0,0;37,0;0,0;;0,0;;;0,0;;;;;0,0;;;;;No;No;No;No;No;No;No;No;No;No
780,0;Emanuel Emegha;nl NED;FW;Strasbourg;fr Ligue 1;23,0;2003,0;7,0;4,0;414,0;4,6;4,0;2,0;6,0;4,0;0,0;0,0;3,0;0,0;1,3;16,0;8,0;50,0;3,48;1,74;0,25;0,5;0,0;0,0;0,0;9,0;0,0;10,0;0,0;;0,0;;;0,0;;;;;0,0;;;;;No;No;No;No;No;No;No;No;No;No
781,0;Emersonn;br BRA;FW;Toulouse;fr Ligue 1;21,0;2004,0;20,0;15,0;1182,0;13,1;3,0;2,0;5,0;3,0;0,0;0,0;4,0;1,0;0,38;41,0;14,0;34,1;3,12;1,07;0,07;0,21;7,0;6,0;5,0;8,0;0,0;32,0;0,0;;0,0;;;0,0;;;;;0,0;;;;;No;No;No;No;No;No;No;No;No;No
782,0;Julio Enciso;py PAR;MF;Strasbourg;fr Ligue 1;22,0;2004,0;19,0;17,0;1390,0;15,4;1,0;2,0;3,0;1,0;0,0;0,0;2,0;0,0;0,19;40,0;14,0;35,0;2,59;0,91;0,03;0,07;47,0;7,0;5,0;22,0;0,0;13,0;0,0;;0,0;;;0,0;;;;;0,0;;;;;No;No;No;No;No;No;No;No;No;No
783,0;Wataru Endo;jp JPN;DF;Liverpool;eng Premier League;33,0;1993,0;8,0;1,0;175,0;1,9;0,0;1,0;1,0;0,0;0,0;0,0;1,0;0,0;0,51;1,0;0,0;0,0;0,51;0,0;0,0;0,0;3,0;3,0;0,0;3,0;0,0;2,0;0,0;;0,0;;;0,0;;;;;0,0;;;;;No;No;No;No;No;No;No;No;No;No
784,0;Endrick;br BRA;FW;Real Madrid;es La Liga;19,0;2006,0;1,0;0,0;12,0;0,1;0,0;0,0;0,0;0,0;0,0;0,0;0,0;0,0;0,0;0,0;0,0;0,0;0,0;0,0;0,0;0,0;0,0;0,0;0,0;1,0;0,0;0,0;0,0;;0,0;;;0,0;;;;;0,0;;;;;No;No;No;No;No;No;No;No;No;No
785,0;Endrick;br BRA;FW;Lyon;fr Ligue 1;19,0;2006,0;8,0;7,0;611,0;6,8;3,0;3,0;6,0;2,0;1,0;1,0;2,0;1,0;0,74;26,0;16,0;61,5;3,83;2,36;0,08;0,13;18,0;3,0;2,0;13,0;0,0;8,0;0,0;;0,0;;;0,0;;;;;0,0;;;;;No;No;No;No;No;No;No;No;No;No
786,0;Yannik Engelhardt;de GER;MF;Gladbach;de Bundesliga;25,0;2001,0;23,0;21,0;1801,0;20,0;2,0;1,0;3,0;2,0;0,0;0,0;5,0;0,0;0,15;17,0;5,0;29,4;0,85;0,25;0,12;0,4;5,0;19,0;25,0;25,0;0,0;30,0;0,0;;0,0;;;0,0;;;;;0,0;;;;;No;No;No;No;No;No;No;No;No;No
787,0;Christian Eriksen;dk DEN;MF;Wolfsburg;de Bundesliga;34,0;1992,0;23,0;19,0;1749,0;19,4;2,0;6,0;8,0;0,0;2,0;2,0;4,0;0,0;0,31;26,0;8,0;30,8;1,34;0,41;0,0;0,0;75,0;15,0;12,0;3,0;0,0;11,0;0,0;;0,0;;;0,0;;;;;0,0;;;;;No;No;No;No;No;No;No;No;No;No
788,0;Aarón Escandell;es ESP;GK;Oviedo;es La Liga;30,0;1995,0;28,0;28,0;2520,0;28,0;0,0;0,0;0,0;0,0;0,0;0,0;2,0;0,0;0,0;0,0;0,0;0,0;0,0;0,0;0,0;0,0;0,0;0,0;0,0;7,0;0,0;1,0;0,0;44,0;1,57;158,0;120,0;74,7;4,0;9,0;15,0;7,0;25,0;6,0;4,0;2,0;0,0;No;No;No;No;No;No;No;No;No;No
789,0;Xavi Espart;es ESP;DF;Barcelona;es La Liga;18,0;2007,0;1,0;1,0;90,0;1,0;0,0;0,0;0,0;0,0;0,0;0,0;0,0;0,0;0,0;0,0;0,0;0,0;0,0;0,0;0,0;0,0;0,0;1,0;5,0;3,0;0,0;0,0;0,0;;0,0;;;0,0;;;;;0,0;;;;;No;No;No;No;No;No;No;No;No;No
790,0;Carlos Espí;es ESP;FW;Levante;es La Liga;20,0;2005,0;15,0;3,0;494,0;5,5;5,0;0,0;5,0;5,0;0,0;0,0;1,0;0,0;0,91;18,0;11,0;61,1;3,28;2,0;0,28;0,45;0,0;2,0;2,0;14,0;0,0;14,0;0,0;;0,0;;;0,0;;;;;0,0;;;;;No;No;No;No;No;No;No;No;No;No
791,0;Alfonso Espino;uy URU;DF,MF;Rayo Vallecano;es La Liga;34,0;1992,0;21,0;10,0;1007,0;11,2;2,0;0,0;2,0;2,0;0,0;0,0;2,0;0,0;0,18;13,0;7,0;53,8;1,16;0,63;0,15;0,29;30,0;19,0;11,0;21,0;0,0;16,0;0,0;;0,0;;;0,0;;;;;0,0;;;;;No;No;No;No;No;No;No;No;No;No
792,0;Francesco Esposito;it ITA;FW;Inter;it Serie A;20,0;2005,0;27,0;10,0;1119,0;12,4;5,0;3,0;8,0;5,0;0,0;0,0;1,0;0,0;0,64;45,0;17,0;37,8;3,62;1,37;0,11;0,29;2,0;3,0;4,0;39,0;0,0;22,0;0,0;;0,0;;;0,0;;;;;0,0;;;;;No;No;No;No;No;No;No;No;No;No
793,0;Sebastiano Esposito;it ITA;FW,MF;Cagliari;it Serie A;23,0;2002,0;27,0;25,0;1940,0;21,6;4,0;5,0;9,0;4,0;0,0;0,0;5,0;0,0;0,42;35,0;10,0;28,6;1,62;0,46;0,11;0,4;97,0;25,0;9,0;37,0;0,0;35,0;0,0;;0,0;;;0,0;;;;;0,0;;;;;No;No;No;No;No;No;No;No;No;No
794,0;Romain Esse;eng ENG;MF;Crystal Palace;eng Premier League;20,0;2005,0;4,0;0,0;44,0;0,5;0,0;0,0;0,0;0,0;0,0;0,0;0,0;0,0;0,0;0,0;0,0;0,0;0,0;0,0;0,0;0,0;2,0;1,0;0,0;2,0;0,0;2,0;0,0;;0,0;;;0,0;;;;;0,0;;;;;No;No;No;No;No;No;No;No;No;No
795,0;Samuel Essende;cd COD;MF,FW;Augsburg;de Bundesliga;28,0;1998,0;14,0;2,0;414,0;4,6;1,0;0,0;1,0;1,0;0,0;0,0;2,0;0,0;0,22;17,0;4,0;23,5;3,7;0,87;0,06;0,25;3,0;2,0;1,0;14,0;0,0;17,0;0,0;;0,0;;;0,0;;;;;0,0;;;;;No;No;No;No;No;No;No;No;No;No
796,0;Marco Esteban;es ESP;DF;Oviedo;es La Liga;20,0;2006,0;1,0;0,0;45,0;0,5;0,0;0,0;0,0;0,0;0,0;0,0;0,0;0,0;0,0;0,0;0,0;0,0;0,0;0,0;0,0;0,0;0,0;0,0;0,0;0,0;0,0;0,0;0,0;;0,0;;;0,0;;;;;0,0;;;;;No;No;No;No;No;No;No;No;No;No
797,0;Maxime Estève;fr FRA;DF;Burnley;eng Premier League;23,0;2002,0;27,0;27,0;2311,0;25,7;0,0;0,0;0,0;0,0;0,0;0,0;0,0;0,0;0,0;9,0;1,0;11,1;0,35;0,04;0,0;0,0;5,0;22,0;32,0;12,0;0,0;9,0;2,0;;0,0;;;0,0;;;;;0,0;;;;;No;No;No;No;No;No;No;No;No;No
798,0;Tomás Esteves;pt POR;DF,MF;Pisa;it Serie A;23,0;2002,0;1,0;0,0;14,0;0,2;0,0;0,0;0,0;0,0;0,0;0,0;0,0;0,0;0,0;0,0;0,0;0,0;0,0;0,0;0,0;0,0;0,0;0,0;0,0;0,0;0,0;0,0;0,0;;0,0;;;0,0;;;;;0,0;;;;;No;No;No;No;No;No;No;No;No;No
799,0;Nahuel Estévez;ar ARG;MF;Parma;it Serie A;30,0;1995,0;25,0;9,0;922,0;10,2;0,0;0,0;0,0;0,0;0,0;0,0;2,0;0,0;0,0;8,0;1,0;12,5;0,78;0,1;0,0;0,0;37,0;9,0;4,0;11,0;0,0;8,0;0,0;;0,0;;;0,0;;;;;0,0;;;;;No;No;No;No;No;No;No;No;No;No
800,0;Pervis Estupiñán;ec ECU;MF;Milan;it Serie A;28,0;1998,0;16,0;12,0;888,0;9,9;1,0;1,0;2,0;1,0;0,0;0,0;3,0;1,0;0,2;9,0;1,0;11,1;0,91;0,1;0,11;1,0;15,0;8,0;10,0;6,0;0,0;14,0;0,0;;0,0;;;0,0;;;;;0,0;;;;;No;No;No;No;No;No;No;No;No;No
801,0;Karl Etta Eyong;cm CMR;FW;Villarreal;es La Liga;22,0;2003,0;3,0;3,0;256,0;2,8;1,0;2,0;3,0;1,0;0,0;0,0;0,0;0,0;1,05;7,0;3,0;42,9;2,46;1,05;0,14;0,33;0,0;2,0;0,0;4,0;0,0;3,0;0,0;;0,0;;;0,0;;;;;0,0;;;;;No;No;No;No;No;No;No;No;No;No
802,0;Karl Etta Eyong;cm CMR;FW;Levante;es La Liga;22,0;2003,0;23,0;15,0;1335,0;14,8;5,0;2,0;7,0;5,0;0,0;1,0;2,0;0,0;0,47;34,0;14,0;41,2;2,29;0,94;0,15;0,36;13,0;11,0;4,0;30,0;0,0;24,0;0,0;;0,0;;;0,0;;;;;0,0;;;;;No;No;No;No;No;No;No;No;No;No
803,0;Evanilson;br BRA;FW;Bournemouth;eng Premier League;26,0;1999,0;28,0;24,0;2104,0;23,4;6,0;0,0;6,0;6,0;0,0;0,0;1,0;0,0;0,26;59,0;22,0;37,3;2,52;0,94;0,1;0,27;2,0;3,0;2,0;25,0;0,0;17,0;0,0;;0,0;;;0,0;;;;;0,0;;;;;No;No;No;No;No;No;No;No;No;No
804,0;Edu Expósito;es ESP;MF;Espanyol;es La Liga;29,0;1996,0;26,0;22,0;1722,0;19,1;1,0;6,0;7,0;1,0;0,0;0,0;5,0;0,0;0,37;29,0;9,0;31,0;1,52;0,47;0,03;0,11;183,0;20,0;16,0;28,0;0,0;18,0;0,0;;0,0;;;0,0;;;;;0,0;;;;;No;No;No;No;No;No;No;No;No;No
805,0;Eberechi Eze;eng ENG;MF,FW;Arsenal;eng Premier League;27,0;1998,0;25,0;16,0;1419,0;15,8;6,0;2,0;8,0;6,0;0,0;0,0;1,0;0,0;0,51;43,0;14,0;32,6;2,73;0,89;0,14;0,43;7,0;11,0;8,0;28,0;0,0;14,0;0,0;;0,0;;;0,0;;;;;0,0;;;;;No;No;No;No;No;No;No;No;No;No
806,0;Eberechi Eze;eng ENG;MF;Crystal Palace;eng Premier League;27,0;1998,0;1,0;1,0;83,0;0,9;0,0;0,0;0,0;0,0;0,0;0,0;0,0;0,0;0,0;6,0;2,0;33,3;6,51;2,17;0,0;0,0;4,0;1,0;0,0;1,0;0,0;2,0;0,0;;0,0;;;0,0;;;;;0,0;;;;;No;No;No;No;No;No;No;No;No;No
807,0;Abde Ezzalzouli;ma MAR;MF,FW;Real Betis;es La Liga;24,0;2001,0;19,0;17,0;1446,0;16,1;5,0;5,0;10,0;5,0;0,0;0,0;3,0;0,0;0,62;51,0;15,0;29,4;3,17;0,93;0,1;0,33;34,0;20,0;10,0;51,0;0,0;21,0;0,0;;0,0;;;0,0;;;;;0,0;;;;;No;No;No;No;No;No;No;No;No;No
808,0;Giovanni Fabbian;it ITA;MF;Bologna;it Serie A;23,0;2003,0;14,0;8,0;705,0;7,8;2,0;0,0;2,0;2,0;0,0;0,0;0,0;0,0;0,26;14,0;4,0;28,6;1,79;0,51;0,14;0,5;2,0;4,0;5,0;18,0;0,0;13,0;0,0;;0,0;;;0,0;;;;;0,0;;;;;No;No;No;No;No;No;No;No;No;No
809,0;Giovanni Fabbian;it ITA;MF;Fiorentina;it Serie A;23,0;2003,0;7,0;1,0;160,0;1,8;0,0;0,0;0,0;0,0;0,0;0,0;2,0;0,0;0,0;1,0;1,0;100,0;0,56;0,56;0,0;0,0;0,0;0,0;1,0;4,0;0,0;2,0;0,0;;0,0;;;0,0;;;;;0,0;;;;;No;No;No;No;No;No;No;No;No;No
810,0;Alieu Fadera;gm GAM;FW;Sassuolo;it Serie A;24,0;2001,0;25,0;8,0;936,0;10,4;2,0;1,0;3,0;2,0;0,0;0,0;4,0;0,0;0,29;13,0;4,0;30,8;1,25;0,38;0,15;0,5;24,0;19,0;5,0;36,0;0,0;32,0;0,0;;0,0;;;0,0;;;;;0,0;;;;;No;No;No;No;No;No;No;No;No;No
811,0;Wout Faes;be BEL;DF;Monaco;fr Ligue 1;27,0;1998,0;7,0;7,0;568,0;6,3;0,0;0,0;0,0;0,0;0,0;0,0;2,0;0,0;0,0;3,0;1,0;33,3;0,48;0,16;0,0;0,0;0,0;7,0;10,0;2,0;0,0;7,0;0,0;;0,0;;;0,0;;;;;0,0;;;;;No;No;No;No;No;No;No;No;No;No
812,0;Nicolò Fagioli;it ITA;MF;Fiorentina;it Serie A;25,0;2001,0;26,0;23,0;1980,0;22,0;1,0;3,0;4,0;1,0;0,0;0,0;4,0;0,0;0,18;25,0;6,0;24,0;1,14;0,27;0,04;0,17;78,0;22,0;14,0;33,0;0,0;18,0;0,0;;0,0;;;0,0;;;;;0,0;;;;;No;No;No;No;No;No;No;No;No;No
813,0;Romain Faivre;fr FRA;FW;Auxerre;fr Ligue 1;27,0;1998,0;5,0;2,0;188,0;2,1;0,0;0,0;0,0;0,0;0,0;0,0;0,0;0,0;0,0;6,0;2,0;33,3;2,87;0,96;0,0;0,0;3,0;2,0;1,0;3,0;0,0;3,0;0,0;;0,0;;;0,0;;;;;0,0;;;;;No;No;No;No;No;No;No;No;No;No
814,0;Omar Falah;es ESP;DF;Oviedo;es La Liga;22,0;2003,0;1,0;0,0;14,0;0,2;0,0;0,0;0,0;0,0;0,0;0,0;0,0;0,0;0,0;0,0;0,0;0,0;0,0;0,0;0,0;0,0;0,0;0,0;0,0;0,0;0,0;0,0;0,0;;0,0;;;0,0;;;;;0,0;;;;;No;No;No;No;No;No;No;No;No;No
815,0;Wladimiro Falcone;it ITA;GK;Lecce;it Serie A;30,0;1995,0;29,0;29,0;2610,0;29,0;0,0;0,0;0,0;0,0;0,0;0,0;2,0;0,0;0,0;0,0;0,0;0,0;0,0;0,0;0,0;0,0;0,0;2,0;0,0;7,0;0,0;0,0;0,0;39,0;1,34;114,0;81,0;69,3;7,0;6,0;16,0;8,0;27,6;6,0;4,0;2,0;0,0;No;No;No;No;No;No;No;No;No;No
816,0;Ansu Fati;es ESP;MF;Monaco;fr Ligue 1;23,0;2002,0;17,0;6,0;671,0;7,5;8,0;0,0;8,0;5,0;3,0;4,0;1,0;0,0;0,67;27,0;15,0;55,6;3,62;2,01;0,19;0,33;2,0;7,0;1,0;4,0;0,0;7,0;0,0;;0,0;;;0,0;;;;;0,0;;;;;No;No;No;No;No;No;No;No;No;No
817,0;Abdoulaye Faye;sn SEN;DF;Lorient;fr Ligue 1;21,0;2004,0;9,0;8,0;753,0;8,4;0,0;0,0;0,0;0,0;0,0;0,0;6,0;0,0;0,0;6,0;1,0;16,7;0,72;0,12;0,0;0,0;1,0;13,0;17,0;9,0;0,0;17,0;0,0;;0,0;;;0,0;;;;;0,0;;;;;No;No;No;No;No;No;No;No;No;No
818,0;Jacopo Fazzini;it ITA;MF,FW;Fiorentina;it Serie A;23,0;2003,0;15,0;4,0;434,0;4,8;0,0;0,0;0,0;0,0;0,0;0,0;1,0;0,0;0,0;9,0;1,0;11,1;1,87;0,21;0,0;0,0;7,0;6,0;5,0;11,0;0,0;7,0;0,0;;0,0;;;0,0;;;;;0,0;;;;;No;No;No;No;No;No;No;No;No;No
819,0;Aleix Febas;es ESP;MF;Elche;es La Liga;30,0;1996,0;27,0;27,0;2395,0;26,6;2,0;1,0;3,0;2,0;0,0;0,0;7,0;0,0;0,11;19,0;8,0;42,1;0,71;0,3;0,11;0,25;17,0;30,0;21,0;85,0;0,0;23,0;0,0;;0,0;;;0,0;;;;;0,0;;;;;No;No;No;No;No;No;No;No;No;No
820,0;Mattia Felici;it ITA;MF;Cagliari;it Serie A;24,0;2001,0;11,0;4,0;411,0;4,6;2,0;1,0;3,0;2,0;0,0;0,0;3,0;0,0;0,66;9,0;6,0;66,7;1,97;1,31;0,22;0,33;23,0;6,0;5,0;6,0;0,0;10,0;0,0;;0,0;;;0,0;;;;;0,0;;;;;No;No;No;No;No;No;No;No;No;No
821,0;Luiz Felipe;it ITA;DF;Rayo Vallecano;es La Liga;28,0;1997,0;9,0;6,0;380,0;4,2;0,0;0,0;0,0;0,0;0,0;0,0;1,0;0,0;0,0;3,0;1,0;33,3;0,71;0,24;0,0;0,0;0,0;5,0;4,0;1,0;0,0;4,0;0,0;;0,0;;;0,0;;;;;0,0;;;;;No;No;No;No;No;No;No;No;No;No
822,0;Pedro Felipe;br BRA;DF;Sassuolo;it Serie A;21,0;2004,0;1,0;0,0;2,0;0,0;0,0;0,0;0,0;0,0;0,0;0,0;0,0;0,0;0,0;0,0;0,0;0,0;0,0;0,0;0,0;0,0;0,0;0,0;0,0;0,0;0,0;0,0;0,0;;0,0;;;0,0;;;;;0,0;;;;;No;No;No;No;No;No;No;No;No;No
823,0;Frank Feller;de GER;GK;Heidenheim;de Bundesliga;22,0;2004,0;1,0;1,0;90,0;1,0;0,0;0,0;0,0;0,0;0,0;0,0;0,0;0,0;0,0;0,0;0,0;0,0;0,0;0,0;0,0;0,0;0,0;0,0;0,0;0,0;0,0;0,0;0,0;2,0;2,0;6,0;4,0;66,7;0,0;0,0;1,0;0,0;0,0;0,0;0,0;0,0;0,0;No;No;No;No;No;No;No;No;No;No
824,0;Robin Fellhauer;de GER;MF;Augsburg;de Bundesliga;28,0;1998,0;26,0;24,0;2131,0;23,7;2,0;1,0;3,0;2,0;0,0;0,0;2,0;0,0;0,13;24,0;6,0;25,0;1,01;0,25;0,08;0,33;68,0;37,0;17,0;29,0;0,0;21,0;0,0;;0,0;;;0,0;;;;;0,0;;;;;No;No;No;No;No;No;No;No;No;No
825,0;Kiko Femenía;es ESP;DF,MF;Getafe;es La Liga;35,0;1991,0;23,0;21,0;1664,0;18,5;1,0;1,0;2,0;1,0;0,0;0,0;4,0;0,0;0,11;7,0;3,0;42,9;0,38;0,16;0,14;0,33;38,0;20,0;33,0;11,0;0,0;19,0;0,0;;0,0;;;0,0;;;;;0,0;;;;;No;No;No;No;No;No;No;No;No;No
826,0;Evan Ferguson;ie IRL;FW;Roma;it Serie A;21,0;2004,0;16,0;10,0;773,0;8,6;3,0;2,0;5,0;3,0;0,0;0,0;1,0;0,0;0,58;27,0;15,0;55,6;3,14;1,75;0,11;0,2;2,0;4,0;1,0;9,0;0,0;11,0;0,0;;0,0;;;0,0;;;;;0,0;;;;;No;No;No;No;No;No;No;No;No;No
827,0;Lewis Ferguson;sct SCO;MF;Bologna;it Serie A;26,0;1999,0;19,0;13,0;1192,0;13,2;1,0;0,0;1,0;1,0;0,0;0,0;5,0;0,0;0,08;10,0;2,0;20,0;0,76;0,15;0,1;0,5;17,0;12,0;9,0;19,0;0,0;29,0;0,0;;0,0;;;0,0;;;;;0,0;;;;;No;No;No;No;No;No;No;No;No;No
828,0;Bruno Fernandes;pt POR;MF;Manchester Utd;eng Premier League;31,0;1994,0;27,0;27,0;2344,0;26,0;7,0;16,0;23,0;4,0;3,0;5,0;3,0;0,0;0,77;67,0;18,0;26,9;2,57;0,69;0,06;0,22;121,0;28,0;15,0;32,0;0,0;20,0;0,0;;0,0;;;0,0;;;;;0,0;;;;;No;No;No;No;No;No;No;No;No;No
829,0;Mateus Fernandes;pt POR;MF;West Ham United;eng Premier League;21,0;2004,0;28,0;27,0;2302,0;25,6;3,0;3,0;6,0;3,0;0,0;0,0;6,0;0,0;0,23;21,0;5,0;23,8;0,82;0,2;0,14;0,6;43,0;52,0;30,0;39,0;0,0;39,0;0,0;;0,0;;;0,0;;;;;0,0;;;;;No;No;No;No;No;No;No;No;No;No
830,0;Dro Fernández;es ESP;MF;Barcelona;es La Liga;18,0;2008,0;4,0;1,0;92,0;1,0;0,0;0,0;0,0;0,0;0,0;0,0;0,0;0,0;0,0;0,0;0,0;0,0;0,0;0,0;0,0;0,0;0,0;0,0;0,0;1,0;0,0;1,0;0,0;;0,0;;;0,0;;;;;0,0;;;;;No;No;No;No;No;No;No;No;No;No
831,0;Dro Fernández;es ESP;MF;Paris Saint-Germain;fr Ligue 1;18,0;2008,0;5,0;3,0;217,0;2,4;0,0;0,0;0,0;0,0;0,0;0,0;0,0;0,0;0,0;2,0;1,0;50,0;0,83;0,41;0,0;0,0;2,0;0,0;5,0;7,0;0,0;4,0;0,0;;0,0;;;0,0;;;;;0,0;;;;;No;No;No;No;No;No;No;No;No;No
832,0;Enzo Fernández;ar ARG;MF;Chelsea;eng Premier League;25,0;2001,0;29,0;28,0;2488,0;27,6;8,0;3,0;11,0;6,0;2,0;2,0;8,0;0,0;0,33;57,0;24,0;42,1;2,06;0,87;0,11;0,25;59,0;23,0;16,0;38,0;0,0;30,0;0,0;;0,0;;;0,0;;;;;0,0;;;;;No;No;No;No;No;No;No;No;No;No
833,0;Ezequiél Fernández;ar ARG;MF;Leverkusen;de Bundesliga;23,0;2002,0;16,0;11,0;905,0;10,1;0,0;0,0;0,0;0,0;0,0;0,0;4,0;1,0;0,0;10,0;1,0;10,0;0,99;0,1;0,0;0,0;4,0;16,0;11,0;21,0;1,0;12,0;0,0;;0,0;;;0,0;;;;;0,0;;;;;No;No;No;No;No;No;No;No;No;No
834,0;Manu Fernández;es ESP;DF;Celta Vigo;es La Liga;24,0;2001,0;13,0;9,0;713,0;7,9;0,0;0,0;0,0;0,0;0,0;0,0;2,0;0,0;0,0;2,0;0,0;0,0;0,25;0,0;0,0;0,0;0,0;9,0;6,0;7,0;0,0;7,0;0,0;;0,0;;;0,0;;;;;0,0;;;;;No;No;No;No;No;No;No;No;No;No
835,0;Pelayo Fernandez;es ESP;DF;Rayo Vallecano;es La Liga;22,0;2003,0;1,0;0,0;45,0;0,5;0,0;0,0;0,0;0,0;0,0;0,0;0,0;0,0;0,0;1,0;0,0;0,0;2,0;0,0;0,0;0,0;0,0;0,0;0,0;0,0;0,0;1,0;0,0;;0,0;;;0,0;;;;;0,0;;;;;No;No;No;No;No;No;No;No;No;No
836,0;Roberto Férnandez;es ESP;FW;Espanyol;es La Liga;23,0;2002,0;28,0;19,0;1806,0;20,1;5,0;2,0;7,0;4,0;1,0;1,0;3,0;0,0;0,3;44,0;17,0;38,6;2,19;0,85;0,09;0,24;7,0;2,0;5,0;35,0;0,0;28,0;0,0;;0,0;;;0,0;;;;;0,0;;;;;No;No;No;No;No;No;No;No;No;No
837,0;Thiago Fernández;ar ARG;MF;Oviedo;es La Liga;21,0;2004,0;7,0;2,0;264,0;2,9;0,0;3,0;3,0;0,0;0,0;0,0;2,0;0,0;1,02;5,0;2,0;40,0;1,7;0,68;0,0;0,0;10,0;1,0;3,0;3,0;0,0;3,0;0,0;;0,0;;;0,0;;;;;0,0;;;;;No;No;No;No;No;No;No;No;No;No
838,0;Toni Fernández;es ESP;FW;Barcelona;es La Liga;17,0;2008,0;1,0;1,0;45,0;0,5;0,0;0,0;0,0;0,0;0,0;0,0;0,0;0,0;0,0;0,0;0,0;0,0;0,0;0,0;0,0;0,0;0,0;0,0;0,0;0,0;0,0;0,0;0,0;;0,0;;;0,0;;;;;0,0;;;;;No;No;No;No;No;No;No;No;No;No
839,0;Matias Fernandez-Pardo;be BEL;MF,FW;Lille;fr Ligue 1;21,0;2005,0;21,0;19,0;1670,0;18,6;5,0;4,0;9,0;5,0;0,0;0,0;4,0;0,0;0,49;46,0;21,0;45,7;2,48;1,13;0,11;0,24;50,0;11,0;6,0;29,0;0,0;11,0;0,0;;0,0;;;0,0;;;;;0,0;;;;;No;No;No;No;No;No;No;No;No;No
840,0;Álvaro Fidalgo;es ESP;MF;Real Betis;es La Liga;28,0;1997,0;6,0;6,0;441,0;4,9;1,0;0,0;1,0;1,0;0,0;0,0;0,0;0,0;0,2;3,0;2,0;66,7;0,61;0,41;0,33;0,5;5,0;3,0;2,0;6,0;0,0;2,0;0,0;;0,0;;;0,0;;;;;0,0;;;;;No;No;No;No;No;No;No;No;No;No
841,0;Seydou Fini;it ITA;FW;Genoa;it Serie A;19,0;2006,0;1,0;0,0;32,0;0,4;0,0;0,0;0,0;0,0;0,0;0,0;0,0;0,0;0,0;0,0;0,0;0,0;0,0;0,0;0,0;0,0;1,0;0,0;0,0;0,0;0,0;1,0;0,0;;0,0;;;0,0;;;;;0,0;;;;;No;No;No;No;No;No;No;No;No;No
842,0;Max Finkgräfe;de GER;DF;RB Leipzig;de Bundesliga;21,0;2004,0;6,0;1,0;131,0;1,5;0,0;0,0;0,0;0,0;0,0;0,0;0,0;0,0;0,0;1,0;0,0;0,0;0,69;0,0;0,0;0,0;6,0;4,0;4,0;1,0;0,0;1,0;0,0;;0,0;;;0,0;;;;;0,0;;;;;No;No;No;No;No;No;No;No;No;No
843,0;Junior Firpo;do DOM;DF;Real Betis;es La Liga;29,0;1996,0;10,0;8,0;672,0;7,5;0,0;1,0;1,0;0,0;0,0;0,0;2,0;0,0;0,13;5,0;0,0;0,0;0,67;0,0;0,0;0,0;18,0;13,0;8,0;7,0;0,0;10,0;0,0;;0,0;;;0,0;;;;;0,0;;;;;No;No;No;No;No;No;No;No;No;No
844,0;Jonathan Fischer;dk DEN;GK;Metz;fr Ligue 1;24,0;2001,0;26,0;25,0;2264,0;25,2;0,0;0,0;0,0;0,0;0,0;0,0;0,0;0,0;0,0;0,0;0,0;0,0;0,0;0,0;0,0;0,0;0,0;0,0;0,0;4,0;0,0;0,0;0,0;56,0;2,23;137,0;88,0;63,5;3,0;4,0;18,0;4,0;16,0;7,0;6,0;1,0;0,0;No;No;No;No;No;No;No;No;No;No
845,0;Kilian Fischer;de GER;DF;Wolfsburg;de Bundesliga;25,0;2000,0;11,0;10,0;800,0;8,9;0,0;0,0;0,0;0,0;0,0;0,0;0,0;0,0;0,0;2,0;0,0;0,0;0,23;0,0;0,0;0,0;16,0;13,0;12,0;4,0;0,0;10,0;1,0;;0,0;;;0,0;;;;;0,0;;;;;No;No;No;No;No;No;No;No;No;No
846,0;Mark Flekken;nl NED;GK;Leverkusen;de Bundesliga;32,0;1993,0;17,0;17,0;1499,0;16,7;0,0;0,0;0,0;0,0;0,0;0,0;2,0;0,0;0,0;0,0;0,0;0,0;0,0;0,0;0,0;0,0;0,0;0,0;0,0;3,0;0,0;0,0;0,0;25,0;1,5;81,0;59,0;72,8;9,0;2,0;6,0;4,0;23,5;3,0;3,0;0,0;0,0;No;No;No;No;No;No;No;No;No;No
847,0;Zian Flemming;nl NED;FW;Burnley;eng Premier League;27,0;1998,0;21,0;13,0;1099,0;12,2;7,0;0,0;7,0;5,0;2,0;2,0;3,0;0,0;0,41;34,0;14,0;41,2;2,78;1,15;0,15;0,36;3,0;5,0;4,0;17,0;0,0;29,0;0,0;;0,0;;;0,0;;;;;0,0;;;;;No;No;No;No;No;No;No;No;No;No
848,0;Jack Fletcher;eng ENG;MF;Manchester Utd;eng Premier League;18,0;2007,0;3,0;0,0;108,0;1,2;0,0;0,0;0,0;0,0;0,0;0,0;0,0;0,0;0,0;1,0;0,0;0,0;0,83;0,0;0,0;0,0;0,0;1,0;1,0;1,0;0,0;2,0;0,0;;0,0;;;0,0;;;;;0,0;;;;;No;No;No;No;No;No;No;No;No;No
849,0;Tyler Fletcher;sct SCO;MF;Manchester Utd;eng Premier League;18,0;2007,0;1,0;0,0;1,0;0,0;0,0;0,0;0,0;0,0;0,0;0,0;0,0;0,0;0,0;0,0;0,0;0,0;0,0;0,0;0,0;0,0;0,0;0,0;0,0;0,0;0,0;0,0;0,0;;0,0;;;0,0;;;;;0,0;;;;;No;No;No;No;No;No;No;No;No;No
850,0;Romano Floriani;it ITA;MF,DF;Cremonese;it Serie A;23,0;2003,0;21,0;8,0;848,0;9,4;0,0;0,0;0,0;0,0;0,0;0,0;2,0;0,0;0,0;4,0;0,0;0,0;0,42;0,0;0,0;0,0;22,0;9,0;5,0;4,0;0,0;15,0;0,0;;0,0;;;0,0;;;;;0,0;;;;;No;No;No;No;No;No;No;No;No;No
851,0;Phil Foden;eng ENG;MF;Manchester City;eng Premier League;25,0;2000,0;26,0;21,0;1811,0;20,1;7,0;3,0;10,0;7,0;0,0;0,0;4,0;0,0;0,5;51,0;17,0;33,3;2,53;0,84;0,14;0,41;103,0;12,0;9,0;26,0;0,0;17,0;0,0;;0,0;;;0,0;;;;;0,0;;;;;No;No;No;No;No;No;No;No;No;No
852,0;Malick Fofana;be BEL;MF,FW;Lyon;fr Ligue 1;20,0;2005,0;9,0;9,0;721,0;8,0;2,0;1,0;3,0;2,0;0,0;0,0;1,0;0,0;0,37;18,0;9,0;50,0;2,25;1,12;0,11;0,22;26,0;5,0;3,0;21,0;0,0;11,0;0,0;;0,0;;;0,0;;;;;0,0;;;;;No;No;No;No;No;No;No;No;No;No
853,0;Rayan Fofana;fr FRA;FW;Lens;fr Ligue 1;20,0;2006,0;21,0;5,0;672,0;7,5;5,0;0,0;5,0;5,0;0,0;0,0;0,0;0,0;0,67;31,0;11,0;35,5;4,15;1,47;0,16;0,45;4,0;3,0;1,0;30,0;0,0;11,0;0,0;;0,0;;;0,0;;;;;0,0;;;;;No;No;No;No;No;No;No;No;No;No
854,0;Sadik Fofana;tg TOG;MF;Lecce;it Serie A;22,0;2003,0;3,0;0,0;9,0;0,1;0,0;0,0;0,0;0,0;0,0;0,0;0,0;0,0;0,0;0,0;0,0;0,0;0,0;0,0;0,0;0,0;0,0;0,0;0,0;0,0;0,0;1,0;0,0;;0,0;;;0,0;;;;;0,0;;;;;No;No;No;No;No;No;No;No;No;No
855,0;Seko Fofana;ci CIV;MF;Rennes;fr Ligue 1;30,0;1995,0;12,0;7,0;655,0;7,3;1,0;0,0;1,0;1,0;0,0;0,0;0,0;0,0;0,14;9,0;3,0;33,3;1,24;0,41;0,11;0,33;7,0;2,0;3,0;13,0;0,0;3,0;0,0;;0,0;;;0,0;;;;;0,0;;;;;No;No;No;No;No;No;No;No;No;No
856,0;Wesley Fofana;fr FRA;DF;Chelsea;eng Premier League;25,0;2000,0;18,0;13,0;1186,0;13,2;0,0;1,0;1,0;0,0;0,0;0,0;5,0;1,0;0,08;5,0;0,0;0,0;0,38;0,0;0,0;0,0;2,0;10,0;25,0;12,0;1,0;18,0;0,0;;0,0;;;0,0;;;;;0,0;;;;;No;No;No;No;No;No;No;No;No;No
857,0;Youssouf Fofana;fr FRA;MF;Milan;it Serie A;27,0;1999,0;24,0;21,0;1668,0;18,5;1,0;3,0;4,0;1,0;0,0;0,0;4,0;0,0;0,22;35,0;13,0;37,1;1,89;0,7;0,03;0,08;9,0;14,0;9,0;14,0;0,0;17,0;0,0;;0,0;;;0,0;;;;;0,0;;;;;No;No;No;No;No;No;No;No;No;No
858,0;Jonas Föhrenbach;de GER;DF,MF;Heidenheim;de Bundesliga;30,0;1996,0;19,0;18,0;1650,0;18,3;1,0;1,0;2,0;1,0;0,0;0,0;3,0;0,0;0,11;5,0;1,0;20,0;0,27;0,05;0,2;1,0;75,0;18,0;23,0;9,0;0,0;12,0;0,0;;0,0;;;0,0;;;;;0,0;;;;;No;No;No;No;No;No;No;No;No;No
859,0;Francesco Folino;it ITA;DF;Cremonese;it Serie A;24,0;2002,0;15,0;7,0;684,0;7,6;1,0;0,0;1,0;1,0;0,0;0,0;1,0;0,0;0,13;1,0;1,0;100,0;0,13;0,13;1,0;1,0;1,0;4,0;1,0;8,0;0,0;11,0;0,0;;0,0;;;0,0;;;;;0,0;;;;;No;No;No;No;No;No;No;No;No;No
860,0;Michael Folorunsho;it ITA;MF,FW;Cagliari;it Serie A;28,0;1998,0;19,0;18,0;1516,0;16,8;2,0;0,0;2,0;2,0;0,0;0,0;3,0;0,0;0,12;23,0;7,0;30,4;1,37;0,42;0,09;0,29;18,0;8,0;7,0;34,0;0,0;30,0;0,0;;0,0;;;0,0;;;;;0,0;;;;;No;No;No;No;No;No;No;No;No;No
861,0;Nicolas Fonseca;uy URU;MF;Oviedo;es La Liga;27,0;1998,0;11,0;4,0;450,0;5,0;0,0;0,0;0,0;0,0;0,0;0,0;3,0;0,0;0,0;5,0;1,0;20,0;1,0;0,2;0,0;0,0;1,0;16,0;8,0;4,0;0,0;11,0;0,0;;0,0;;;0,0;;;;;0,0;;;;;No;No;No;No;No;No;No;No;No;No
862,0;Álex Forés;es ESP;FW;Oviedo;es La Liga;24,0;2001,0;14,0;2,0;285,0;3,2;0,0;1,0;1,0;0,0;0,0;0,0;0,0;0,0;0,32;8,0;2,0;25,0;2,53;0,63;0,0;0,0;2,0;0,0;1,0;4,0;0,0;2,0;0,0;;0,0;;;0,0;;;;;0,0;;;;;No;No;No;No;No;No;No;No;No;No
863,0;Pablo Fornals;es ESP;MF;Real Betis;es La Liga;30,0;1996,0;28,0;26,0;2208,0;24,5;6,0;4,0;10,0;6,0;0,0;0,0;2,0;0,0;0,41;35,0;15,0;42,9;1,43;0,61;0,17;0,4;109,0;23,0;26,0;20,0;0,0;24,0;0,0;;0,0;;;0,0;;;;;0,0;;;;;Sí;Sí;No;No;No;No;No;No;No;No
864,0;Héctor Fort;es ESP;DF,MF;Elche;es La Liga;19,0;2006,0;9,0;5,0;327,0;3,6;1,0;2,0;3,0;1,0;0,0;0,0;0,0;0,0;0,83;10,0;4,0;40,0;2,75;1,1;0,1;0,25;6,0;2,0;4,0;0,0;0,0;4,0;0,0;;0,0;;;0,0;;;;;0,0;;;;;No;No;No;No;No;No;No;No;No;No
865,0;Niccolò Fortini;it ITA;MF;Fiorentina;it Serie A;20,0;2006,0;16,0;2,0;541,0;6,0;0,0;0,0;0,0;0,0;0,0;0,0;0,0;0,0;0,0;8,0;2,0;25,0;1,33;0,33;0,0;0,0;29,0;9,0;4,0;18,0;0,0;5,0;0,0;;0,0;;;0,0;;;;;0,0;;;;;No;No;No;No;No;No;No;No;No;No
866,0;Lyle Foster;za RSA;FW,MF;Burnley;eng Premier League;25,0;2000,0;22,0;14,0;1226,0;13,6;3,0;1,0;4,0;3,0;0,0;0,0;4,0;0,0;0,29;18,0;5,0;27,8;1,32;0,37;0,17;0,6;5,0;10,0;4,0;13,0;0,0;20,0;0,0;;0,0;;;0,0;;;;;0,0;;;;;No;No;No;No;No;No;No;No;No;No
867,0;Dimitri Foulquier;fr FRA;DF;Valencia;es La Liga;32,0;1993,0;15,0;12,0;1150,0;12,8;0,0;0,0;0,0;0,0;0,0;0,0;1,0;0,0;0,0;6,0;1,0;16,7;0,47;0,08;0,0;0,0;11,0;9,0;8,0;7,0;0,0;16,0;0,0;;0,0;;;0,0;;;;;0,0;;;;;No;No;No;No;No;No;No;No;No;No
868,0;Juan Foyth;ar ARG;DF;Villarreal;es La Liga;28,0;1998,0;13,0;12,0;934,0;10,4;0,0;0,0;0,0;0,0;0,0;0,0;2,0;0,0;0,0;2,0;0,0;0,0;0,19;0,0;0,0;0,0;0,0;13,0;15,0;1,0;0,0;8,0;0,0;;0,0;;;0,0;;;;;0,0;;;;;No;No;No;No;No;No;No;No;No;No
869,0;Alejandro Francés;es ESP;DF;Girona;es La Liga;23,0;2002,0;17,0;6,0;619,0;6,9;0,0;1,0;1,0;0,0;0,0;0,0;1,0;1,0;0,15;7,0;4,0;57,1;1,02;0,58;0,0;0,0;15,0;9,0;8,0;12,0;0,0;8,0;0,0;;0,0;;;0,0;;;;;0,0;;;;;No;No;No;No;No;No;No;No;No;No
870,0;Przemysław Frankowski;pl POL;MF;Rennes;fr Ligue 1;30,0;1995,0;17,0;14,0;1126,0;12,5;1,0;2,0;3,0;1,0;0,0;0,0;5,0;0,0;0,24;9,0;3,0;33,3;0,72;0,24;0,11;0,33;74,0;25,0;9,0;9,0;0,0;12,0;0,0;;0,0;;;0,0;;;;;0,0;;;;;No;No;No;No;No;No;No;No;No;No
871,0;Davide Frattesi;it ITA;MF;Inter;it Serie A;26,0;1999,0;17,0;3,0;490,0;5,4;0,0;0,0;0,0;0,0;0,0;0,0;0,0;0,0;0,0;12,0;3,0;25,0;2,2;0,55;0,0;0,0;0,0;6,0;3,0;10,0;0,0;8,0;0,0;;0,0;;;0,0;;;;;0,0;;;;;No;No;No;No;No;No;No;No;No;No
872,0;Oscar Fraulo;dk DEN;MF;Gladbach;de Bundesliga;22,0;2003,0;4,0;0,0;43,0;0,5;1,0;0,0;1,0;1,0;0,0;0,0;0,0;0,0;2,09;1,0;1,0;100,0;2,09;2,09;1,0;1,0;0,0;0,0;1,0;0,0;0,0;3,0;0,0;;0,0;;;0,0;;;;;0,0;;;;;No;No;No;No;No;No;No;No;No;No
873,0;Tyler Fredricson;eng ENG;DF;Manchester Utd;eng Premier League;21,0;2005,0;1,0;0,0;3,0;0,0;0,0;0,0;0,0;0,0;0,0;0,0;0,0;0,0;0,0;0,0;0,0;0,0;0,0;0,0;0,0;0,0;0,0;0,0;0,0;0,0;0,0;0,0;0,0;;0,0;;;0,0;;;;;0,0;;;;;No;No;No;No;No;No;No;No;No;No
874,0;Alex Freeman;us USA;DF;Villarreal;es La Liga;21,0;2004,0;4,0;0,0;42,0;0,5;0,0;0,0;0,0;0,0;0,0;0,0;0,0;0,0;0,0;0,0;0,0;0,0;0,0;0,0;0,0;0,0;1,0;0,0;1,0;0,0;0,0;1,0;0,0;;0,0;;;0,0;;;;;0,0;;;;;No;No;No;No;No;No;No;No;No;No
875,0;Morten Frendrup;dk DEN;MF;Genoa;it Serie A;24,0;2001,0;28,0;27,0;2376,0;26,4;1,0;0,0;1,0;1,0;0,0;0,0;3,0;0,0;0,04;8,0;3,0;37,5;0,3;0,11;0,13;0,33;3,0;56,0;33,0;33,0;0,0;34,0;0,0;;0,0;;;0,0;;;;;0,0;;;;;No;No;No;No;No;No;No;No;No;No
876,0;Martin Frese;dk DEN;MF,DF;Hellas Verona;it Serie A;28,0;1998,0;23,0;19,0;1771,0;19,7;2,0;0,0;2,0;2,0;0,0;0,0;5,0;0,0;0,1;16,0;8,0;50,0;0,81;0,41;0,13;0,25;52,0;33,0;20,0;14,0;0,0;35,0;1,0;;0,0;;;0,0;;;;;0,0;;;;;No;No;No;No;No;No;No;No;No;No
877,0;Remo Freuler;ch SUI;MF;Bologna;it Serie A;33,0;1992,0;21,0;18,0;1518,0;16,9;0,0;2,0;2,0;0,0;0,0;0,0;5,0;0,0;0,12;5,0;0,0;0,0;0,3;0,0;0,0;0,0;11,0;29,0;9,0;18,0;0,0;16,0;1,0;;0,0;;;0,0;;;;;0,0;;;;;No;No;No;No;No;No;No;No;No;No
878,0;Marco Friedl;at AUT;DF;Werder Bremen;de Bundesliga;28,0;1998,0;24,0;24,0;2118,0;23,5;1,0;0,0;1,0;1,0;0,0;0,0;7,0;0,0;0,04;8,0;2,0;25,0;0,34;0,08;0,13;0,5;15,0;19,0;28,0;15,0;0,0;13,0;0,0;;0,0;;;0,0;;;;;0,0;;;;;No;No;No;No;No;No;No;No;No;No
879,0;Marvin Friedrich;de GER;DF;Gladbach;de Bundesliga;30,0;1995,0;5,0;1,0;149,0;1,7;0,0;0,0;0,0;0,0;0,0;0,0;0,0;0,0;0,0;0,0;0,0;0,0;0,0;0,0;0,0;0,0;0,0;3,0;1,0;2,0;0,0;2,0;0,0;;0,0;;;0,0;;;;;0,0;;;;;No;No;No;No;No;No;No;No;No;No
880,0;Jeremie Frimpong;nl NED;DF,MF;Liverpool;eng Premier League;25,0;2000,0;14,0;8,0;690,0;7,7;0,0;1,0;1,0;0,0;0,0;0,0;0,0;0,0;0,13;8,0;1,0;12,5;1,04;0,13;0,0;0,0;41,0;7,0;5,0;12,0;0,0;3,0;0,0;;0,0;;;0,0;;;;;0,0;;;;;No;No;No;No;No;No;No;No;No;No
881,0;Jorge de Frutos;es ESP;FW,MF;Rayo Vallecano;es La Liga;29,0;1997,0;26,0;26,0;1880,0;20,9;10,0;1,0;11,0;9,0;1,0;1,0;3,0;0,0;0,48;43,0;20,0;46,5;2,06;0,96;0,21;0,45;30,0;12,0;5,0;29,0;0,0;27,0;0,0;;0,0;;;0,0;;;;;0,0;;;;;No;No;Sí;No;No;No;No;No;No;No
882,0;Chris Führich;de GER;MF;Stuttgart;de Bundesliga;28,0;1998,0;25,0;13,0;1146,0;12,7;4,0;5,0;9,0;4,0;0,0;0,0;1,0;0,0;0,71;24,0;13,0;54,2;1,88;1,02;0,17;0,31;51,0;7,0;1,0;4,0;0,0;4,0;0,0;;0,0;;;0,0;;;;;0,0;;;;;No;No;No;No;No;No;No;No;No;No
883,0;Joel Fujita;jp JPN;MF;St Pauli;de Bundesliga;24,0;2002,0;25,0;24,0;2123,0;23,6;1,0;3,0;4,0;1,0;0,0;0,0;4,0;0,0;0,17;26,0;5,0;19,2;1,1;0,21;0,04;0,2;25,0;26,0;28,0;12,0;0,0;28,0;0,0;;0,0;;;0,0;;;;;0,0;;;;;No;No;No;No;No;No;No;No;No;No
884,0;Niclas Füllkrug;de GER;FW;West Ham United;eng Premier League;33,0;1993,0;8,0;5,0;409,0;4,5;0,0;0,0;0,0;0,0;0,0;0,0;0,0;0,0;0,0;9,0;3,0;33,3;1,98;0,66;0,0;0,0;0,0;1,0;2,0;1,0;0,0;11,0;0,0;;0,0;;;0,0;;;;;0,0;;;;;No;No;No;No;No;No;No;No;No;No
885,0;Niclas Füllkrug;de GER;FW;Milan;it Serie A;33,0;1993,0;13,0;1,0;368,0;4,1;1,0;0,0;1,0;1,0;0,0;1,0;0,0;0,0;0,24;13,0;4,0;30,8;3,18;0,98;0,08;0,25;1,0;2,0;2,0;6,0;0,0;6,0;0,0;;0,0;;;0,0;;;;;0,0;;;;;No;No;No;No;No;No;No;No;No;No
886,0;Matteo Gabbia;it ITA;DF;Milan;it Serie A;26,0;1999,0;24,0;22,0;1990,0;22,1;0,0;0,0;0,0;0,0;0,0;0,0;3,0;0,0;0,0;18,0;3,0;16,7;0,81;0,14;0,0;0,0;1,0;10,0;12,0;5,0;0,0;18,0;0,0;;0,0;;;0,0;;;;;0,0;;;;;No;No;No;No;No;No;No;No;No;No
887,0;Tiago Gabriel;pt POR;DF;Lecce;it Serie A;21,0;2004,0;29,0;28,0;2499,0;27,8;1,0;0,0;1,0;1,0;0,0;0,0;4,0;0,0;0,04;17,0;3,0;17,6;0,61;0,11;0,06;0,33;1,0;31,0;35,0;35,0;0,0;23,0;1,0;;0,0;;;0,0;;;;;0,0;;;;;No;No;No;No;No;No;No;No;No;No
888,0;Gianluca Gaetano;it ITA;MF,FW;Cagliari;it Serie A;25,0;2000,0;24,0;12,0;1152,0;12,8;2,0;3,0;5,0;2,0;0,0;0,0;4,0;0,0;0,39;22,0;8,0;36,4;1,72;0,62;0,09;0,25;29,0;9,0;10,0;22,0;0,0;19,0;0,0;;0,0;;;0,0;;;;;0,0;;;;;No;No;No;No;No;No;No;No;No;No
889,0;Roberto Gagliardini;it ITA;MF;Hellas Verona;it Serie A;31,0;1994,0;21,0;17,0;1585,0;17,6;1,0;0,0;1,0;1,0;0,0;0,0;5,0;0,0;0,06;11,0;3,0;27,3;0,62;0,17;0,09;0,33;13,0;30,0;42,0;22,0;0,0;28,0;0,0;;0,0;;;0,0;;;;;0,0;;;;;No;No;No;No;No;No;No;No;No;No
890,0;Cody Gakpo;nl NED;MF,FW;Liverpool;eng Premier League;26,0;1999,0;28,0;24,0;2055,0;22,8;6,0;3,0;9,0;6,0;0,0;0,0;2,0;0,0;0,39;67,0;15,0;22,4;2,93;0,66;0,09;0,4;82,0;10,0;9,0;38,0;0,0;31,0;0,0;;0,0;;;0,0;;;;;0,0;;;;;No;No;No;No;No;No;No;No;No;No
891,0;Javi Galán;es ESP;DF;Osasuna;es La Liga;31,0;1994,0;11,0;11,0;960,0;10,7;0,0;1,0;1,0;0,0;0,0;0,0;1,0;0,0;0,09;4,0;1,0;25,0;0,37;0,09;0,0;0,0;40,0;21,0;17,0;24,0;0,0;13,0;0,0;;0,0;;;0,0;;;;;0,0;;;;;No;No;No;No;No;No;No;No;No;No
892,0;Javi Galán;es ESP;DF;Atlético Madrid;es La Liga;31,0;1994,0;5,0;1,0;134,0;1,5;0,0;0,0;0,0;0,0;0,0;0,0;0,0;0,0;0,0;0,0;0,0;0,0;0,0;0,0;0,0;0,0;5,0;2,0;1,0;3,0;0,0;2,0;0,0;;0,0;;;0,0;;;;;0,0;;;;;No;No;No;No;No;No;No;No;No;No
893,0;Iñigo Ruiz de Galarreta;es ESP;MF;Athletic Club;es La Liga;32,0;1993,0;25,0;23,0;1646,0;18,3;1,0;1,0;2,0;1,0;0,0;0,0;10,0;0,0;0,11;16,0;2,0;12,5;0,87;0,11;0,06;0,5;37,0;25,0;15,0;30,0;0,0;44,0;0,0;;0,0;;;0,0;;;;;0,0;;;;;No;No;No;No;No;No;No;No;No;No
894,0;Conor Gallagher;eng ENG;MF;Tottenham Hotspur;eng Premier League;26,0;2000,0;8,0;7,0;578,0;6,4;0,0;1,0;1,0;0,0;0,0;0,0;0,0;0,0;0,16;5,0;2,0;40,0;0,78;0,31;0,0;0,0;14,0;6,0;9,0;14,0;0,0;11,0;0,0;;0,0;;;0,0;;;;;0,0;;;;;No;No;No;No;No;No;No;No;No;No
895,0;Conor Gallagher;eng ENG;MF;Atlético Madrid;es La Liga;26,0;2000,0;19,0;4,0;679,0;7,5;2,0;0,0;2,0;2,0;0,0;0,0;2,0;0,0;0,27;13,0;5,0;38,5;1,72;0,66;0,15;0,4;11,0;12,0;11,0;9,0;0,0;18,0;0,0;;0,0;;;0,0;;;;;0,0;;;;;No;No;No;No;No;No;No;No;No;No
896,0;Antonino Gallo;it ITA;DF;Lecce;it Serie A;26,0;2000,0;29,0;27,0;2387,0;26,5;0,0;3,0;3,0;0,0;0,0;0,0;2,0;0,0;0,11;5,0;1,0;20,0;0,19;0,04;0,0;0,0;100,0;35,0;11,0;10,0;0,0;6,0;0,0;;0,0;;;0,0;;;;;0,0;;;;;No;No;No;No;No;No;No;No;No;No
897,0;Idrissa Gana Gueye;sn SEN;MF;Everton;eng Premier League;36,0;1989,0;21,0;21,0;1755,0;19,5;2,0;1,0;3,0;2,0;0,0;0,0;1,0;1,0;0,15;26,0;6,0;23,1;1,33;0,31;0,08;0,33;18,0;19,0;23,0;26,0;0,0;18,0;0,0;;0,0;;;0,0;;;;;0,0;;;;;No;No;No;No;No;No;No;No;No;No
898,0;Ignatius Ganago;cm CMR;FW;Nantes;fr Ligue 1;27,0;1999,0;5,0;3,0;242,0;2,7;1,0;0,0;1,0;0,0;1,0;1,0;0,0;0,0;0,0;5,0;2,0;40,0;1,86;0,74;0,0;0,0;2,0;0,0;0,0;2,0;0,0;3,0;0,0;;0,0;;;0,0;;;;;0,0;;;;;No;No;No;No;No;No;No;No;No;No
899,0;Omri Gandelman;il ISR;MF,FW;Lecce;it Serie A;25,0;2000,0;11,0;8,0;674,0;7,5;2,0;0,0;2,0;2,0;0,0;0,0;0,0;0,0;0,27;9,0;3,0;33,3;1,2;0,4;0,22;0,67;1,0;4,0;2,0;2,0;0,0;8,0;0,0;;0,0;;;0,0;;;;;0,0;;;;;No;No;No;No;No;No;No;No;No;No
900,0;Ismaëlo Ganiou;bf BFA;DF;Lens;fr Ligue 1;21,0;2005,0;15,0;15,0;1332,0;14,8;2,0;0,0;2,0;2,0;0,0;0,0;4,0;1,0;0,14;11,0;2,0;18,2;0,74;0,14;0,18;1,0;9,0;16,0;15,0;16,0;1,0;18,0;0,0;;0,0;;;0,0;;;;;0,0;;;;;No;No;No;No;No;No;No;No;No;No
901,0;Ben Gannon-Doak;sct SCO;MF;Bournemouth;eng Premier League;20,0;2005,0;4,0;0,0;57,0;0,6;0,0;1,0;1,0;0,0;0,0;0,0;0,0;0,0;1,58;1,0;0,0;0,0;1,58;0,0;0,0;0,0;2,0;0,0;1,0;1,0;0,0;1,0;0,0;;0,0;;;0,0;;;;;0,0;;;;;No;No;No;No;No;No;No;No;No;No
902,0;Facundo Garcés;my MAS;DF;Alavés;es La Liga;26,0;1999,0;10,0;8,0;793,0;8,8;0,0;0,0;0,0;0,0;0,0;0,0;3,0;0,0;0,0;8,0;4,0;50,0;0,91;0,45;0,0;0,0;1,0;8,0;7,0;3,0;0,0;13,0;0,0;;0,0;;;0,0;;;;;0,0;;;;;No;No;No;No;No;No;No;No;No;No
903,0;Aleix García;es ESP;MF;Leverkusen;de Bundesliga;28,0;1997,0;26,0;24,0;2104,0;23,4;2,0;5,0;7,0;2,0;0,0;0,0;4,0;0,0;0,3;23,0;4,0;17,4;0,98;0,17;0,09;0,5;95,0;14,0;19,0;17,0;0,0;7,0;0,0;;0,0;;;0,0;;;;;0,0;;;;;No;Sí;Sí;No;No;No;No;Sí;Sí;Sí
904,0;Álvaro García;es ESP;MF,FW;Rayo Vallecano;es La Liga;33,0;1992,0;28,0;20,0;1852,0;20,6;4,0;4,0;8,0;4,0;0,0;0,0;3,0;0,0;0,39;42,0;16,0;38,1;2,04;0,78;0,1;0,25;74,0;15,0;13,0;12,0;0,0;17,0;0,0;;0,0;;;0,0;;;;;0,0;;;;;No;No;No;No;No;No;No;No;No;No
905,0;Andrés García;es ESP;DF;Aston Villa;eng Premier League;23,0;2003,0;4,0;0,0;40,0;0,4;0,0;0,0;0,0;0,0;0,0;0,0;0,0;0,0;0,0;0,0;0,0;0,0;0,0;0,0;0,0;0,0;4,0;1,0;0,0;0,0;0,0;0,0;0,0;;0,0;;;0,0;;;;;0,0;;;;;No;No;No;No;No;No;No;No;No;No
906,0;Eder García;es ESP;FW;Athletic Club;es La Liga;22,0;2004,0;2,0;0,0;38,0;0,4;0,0;0,0;0,0;0,0;0,0;0,0;1,0;0,0;0,0;1,0;0,0;0,0;2,37;0,0;0,0;0,0;0,0;0,0;0,0;0,0;0,0;2,0;0,0;;0,0;;;0,0;;;;;0,0;;;;;No;No;No;No;No;No;No;No;No;No
907,0;Eric García;es ESP;DF,MF;Barcelona;es La Liga;25,0;2001,0;27,0;25,0;2170,0;24,1;1,0;1,0;2,0;1,0;0,0;0,0;3,0;0,0;0,08;23,0;6,0;26,1;0,95;0,25;0,04;0,17;9,0;37,0;41,0;19,0;0,0;26,0;0,0;;0,0;;;0,0;;;;;0,0;;;;;No;No;No;No;No;No;No;No;No;No
908,0;Fran Garcia;es ESP;DF,MF;Real Madrid;es La Liga;26,0;1999,0;8,0;6,0;504,0;5,6;1,0;1,0;2,0;1,0;0,0;0,0;2,0;1,0;0,36;4,0;2,0;50,0;0,71;0,36;0,25;0,5;20,0;5,0;4,0;6,0;1,0;4,0;0,0;;0,0;;;0,0;;;;;0,0;;;;;No;No;No;No;No;No;No;No;No;No
909,0;Gonzalo García;es ESP;FW;Real Madrid;es La Liga;21,0;2004,0;23,0;6,0;676,0;7,5;4,0;0,0;4,0;4,0;0,0;0,0;1,0;0,0;0,53;14,0;9,0;64,3;1,86;1,2;0,29;0,44;1,0;7,0;2,0;3,0;0,0;5,0;0,0;;0,0;;;0,0;;;;;0,0;;;;;No;No;No;No;No;No;No;No;No;No
910,0;Hugo García;es ESP;MF;Celta Vigo;es La Liga;19,0;2006,0;1,0;0,0;8,0;0,1;0,0;0,0;0,0;0,0;0,0;0,0;0,0;0,0;0,0;0,0;0,0;0,0;0,0;0,0;0,0;0,0;0,0;0,0;0,0;0,0;0,0;0,0;0,0;;0,0;;;0,0;;;;;0,0;;;;;No;No;No;No;No;No;No;No;No;No
911,0;Joan García;es ESP;GK;Barcelona;es La Liga;24,0;2001,0;22,0;22,0;1980,0;22,0;0,0;0,0;0,0;0,0;0,0;0,0;1,0;0,0;0,0;0,0;0,0;0,0;0,0;0,0;0,0;0,0;0,0;3,0;0,0;4,0;0,0;0,0;0,0;17,0;0,77;74,0;59,0;79,7;19,0;1,0;2,0;11,0;50,0;2,0;2,0;0,0;0,0;Sí;No;No;No;No;No;No;No;No;No
912,0;Pablo Garcia;es ESP;MF;Real Betis;es La Liga;19,0;2006,0;14,0;2,0;372,0;4,1;0,0;0,0;0,0;0,0;0,0;0,0;1,0;0,0;0,0;11,0;4,0;36,4;2,66;0,97;0,0;0,0;3,0;5,0;3,0;9,0;0,0;5,0;0,0;;0,0;;;0,0;;;;;0,0;;;;;No;No;No;No;No;No;No;No;No;No
913,0;Rubén García;es ESP;MF,FW;Osasuna;es La Liga;32,0;1993,0;25,0;19,0;1543,0;17,1;2,0;5,0;7,0;2,0;0,0;0,0;5,0;0,0;0,41;20,0;5,0;25,0;1,17;0,29;0,1;0,4;102,0;26,0;12,0;22,0;0,0;25,0;0,0;;0,0;;;0,0;;;;;0,0;;;;;No;No;No;No;No;No;No;No;No;No
914,0;Ulisses Garcia;ch SUI;MF,DF;Marseille;fr Ligue 1;30,0;1996,0;4,0;2,0;211,0;2,3;0,0;0,0;0,0;0,0;0,0;0,0;1,0;1,0;0,0;2,0;1,0;50,0;0,85;0,43;0,0;0,0;1,0;2,0;0,0;2,0;0,0;4,0;0,0;;0,0;;;0,0;;;;;0,0;;;;;No;No;No;No;No;No;No;No;No;No
915,0;Ulisses Garcia;ch SUI;DF;Sassuolo;it Serie A;30,0;1996,0;6,0;4,0;387,0;4,3;0,0;1,0;1,0;0,0;0,0;0,0;1,0;0,0;0,23;0,0;0,0;0,0;0,0;0,0;0,0;0,0;19,0;5,0;4,0;1,0;0,0;3,0;0,0;;0,0;;;0,0;;;;;0,0;;;;;No;No;No;No;No;No;No;No;No;No
916,0;Víctor García;es ESP;MF,FW;Levante;es La Liga;28,0;1997,0;14,0;7,0;606,0;6,7;0,0;1,0;1,0;0,0;0,0;0,0;0,0;0,0;0,15;10,0;3,0;30,0;1,49;0,45;0,0;0,0;43,0;6,0;5,0;9,0;0,0;8,0;0,0;;0,0;;;0,0;;;;;0,0;;;;;No;No;No;No;No;No;No;No;No;No
917,0;Alejandro Garnacho;ar ARG;MF;Chelsea;eng Premier League;21,0;2004,0;19,0;14,0;1077,0;12,0;1,0;4,0;5,0;1,0;0,0;0,0;1,0;0,0;0,42;28,0;7,0;25,0;2,34;0,58;0,04;0,14;54,0;11,0;4,0;19,0;0,0;8,0;0,0;;0,0;;;0,0;;;;;0,0;;;;;No;No;No;No;No;No;No;No;No;No
918,0;James Garner;eng ENG;MF,DF;Everton;eng Premier League;25,0;2001,0;30,0;30,0;2693,0;29,9;2,0;5,0;7,0;2,0;0,0;0,0;7,0;0,0;0,23;40,0;11,0;27,5;1,34;0,37;0,05;0,18;162,0;53,0;47,0;30,0;0,0;28,0;0,0;;0,0;;;0,0;;;;;0,0;;;;;No;No;No;No;No;No;No;No;No;No
919,0;Erawan Garnier;th THA;DF;Lens;fr Ligue 1;20,0;2006,0;1,0;0,0;7,0;0,1;0,0;0,0;0,0;0,0;0,0;0,0;0,0;0,0;0,0;0,0;0,0;0,0;0,0;0,0;0,0;0,0;2,0;1,0;0,0;0,0;0,0;0,0;0,0;;0,0;;;0,0;;;;;0,0;;;;;No;No;No;No;No;No;No;No;No;No
920,0;Federico Gatti;it ITA;DF;Juventus;it Serie A;27,0;1998,0;16,0;11,0;957,0;10,6;2,0;0,0;2,0;2,0;0,0;0,0;3,0;0,0;0,19;12,0;6,0;50,0;1,13;0,56;0,17;0,33;2,0;7,0;11,0;6,0;0,0;14,0;0,0;;0,0;;;0,0;;;;;0,0;;;;;No;No;No;No;No;No;No;No;No;No
921,0;Federico Gattoni;ar ARG;DF;Sevilla;es La Liga;27,0;1999,0;1,0;0,0;10,0;0,1;0,0;0,0;0,0;0,0;0,0;0,0;0,0;0,0;0,0;0,0;0,0;0,0;0,0;0,0;0,0;0,0;0,0;0,0;0,0;0,0;0,0;0,0;0,0;;0,0;;;0,0;;;;;0,0;;;;;No;No;No;No;No;No;No;No;No;No
922,0;Gavi;es ESP;FW,MF;Barcelona;es La Liga;21,0;2004,0;3,0;0,0;76,0;0,8;0,0;1,0;1,0;0,0;0,0;0,0;0,0;0,0;1,18;0,0;0,0;0,0;0,0;0,0;0,0;0,0;1,0;1,0;1,0;1,0;0,0;3,0;0,0;;0,0;;;0,0;;;;;0,0;;;;;No;No;No;Sí;Sí;No;No;No;No;No
923,0;Jusuf Gazibegović;ba BIH;DF;Köln;de Bundesliga;26,0;2000,0;1,0;0,0;23,0;0,3;0,0;0,0;0,0;0,0;0,0;0,0;0,0;0,0;0,0;0,0;0,0;0,0;0,0;0,0;0,0;0,0;1,0;0,0;0,0;0,0;0,0;0,0;0,0;;0,0;;;0,0;;;;;0,0;;;;;No;No;No;No;No;No;No;No;No;No
924,0;Paulo Gazzaniga;ar ARG;GK;Girona;es La Liga;34,0;1992,0;25,0;25,0;2202,0;24,5;0,0;0,0;0,0;0,0;0,0;0,0;4,0;1,0;0,0;0,0;0,0;0,0;0,0;0,0;0,0;0,0;0,0;0,0;0,0;5,0;0,0;1,0;0,0;35,0;1,43;118,0;87,0;73,7;8,0;9,0;8,0;5,0;20,0;5,0;4,0;0,0;1,0;No;No;No;No;No;No;No;No;No;No
925,0;Jean-Philippe Gbamin;ci CIV;DF,MF;Metz;fr Ligue 1;30,0;1995,0;23,0;23,0;1917,0;21,3;1,0;1,0;2,0;1,0;0,0;0,0;2,0;1,0;0,09;13,0;7,0;53,8;0,61;0,33;0,08;0,14;3,0;23,0;19,0;7,0;0,0;16,0;0,0;;0,0;;;0,0;;;;;0,0;;;;;No;No;No;No;No;No;No;No;No;No
926,0;Yann Gboho;fr FRA;MF,FW;Toulouse;fr Ligue 1;25,0;2001,0;25,0;24,0;2160,0;24,0;8,0;2,0;10,0;8,0;0,0;0,0;1,0;0,0;0,42;47,0;15,0;31,9;1,96;0,62;0,17;0,53;30,0;10,0;12,0;60,0;0,0;13,0;0,0;;0,0;;;0,0;;;;;0,0;;;;;No;No;No;No;No;No;No;No;No;No
927,0;David de Gea;es ESP;GK;Fiorentina;it Serie A;35,0;1990,0;29,0;29,0;2610,0;29,0;0,0;0,0;0,0;0,0;0,0;0,0;0,0;0,0;0,0;0,0;0,0;0,0;0,0;0,0;0,0;0,0;0,0;0,0;0,0;4,0;0,0;0,0;0,0;43,0;1,48;121,0;84,0;68,6;6,0;10,0;13,0;5,0;17,2;6,0;5,0;1,0;0,0;No;No;No;No;No;No;No;No;No;No
928,0;Lutsharel Geertruida;nl NED;DF,MF;Sunderland;eng Premier League;25,0;2000,0;24,0;13,0;1333,0;14,8;0,0;0,0;0,0;0,0;0,0;0,0;0,0;0,0;0,0;8,0;2,0;25,0;0,54;0,14;0,0;0,0;3,0;18,0;17,0;5,0;0,0;12,0;0,0;;0,0;;;0,0;;;;;0,0;;;;;No;No;No;No;No;No;No;No;No;No
929,0;Valentin Gendrey;fr FRA;DF;Hoffenheim;de Bundesliga;25,0;2000,0;8,0;0,0;59,0;0,7;1,0;1,0;2,0;1,0;0,0;0,0;0,0;0,0;3,05;2,0;1,0;50,0;3,05;1,53;0,5;1,0;2,0;0,0;1,0;1,0;0,0;2,0;0,0;;0,0;;;0,0;;;;;0,0;;;;;No;No;No;No;No;No;No;No;No;No
930,0;Tyrique George;eng ENG;FW;Chelsea;eng Premier League;20,0;2006,0;4,0;0,0;145,0;1,6;0,0;0,0;0,0;0,0;0,0;0,0;2,0;0,0;0,0;3,0;2,0;66,7;1,86;1,24;0,0;0,0;1,0;2,0;0,0;1,0;0,0;6,0;0,0;;0,0;;;0,0;;;;;0,0;;;;;No;No;No;No;No;No;No;No;No;No
931,0;Tyrique George;eng ENG;MF;Everton;eng Premier League;20,0;2006,0;5,0;1,0;106,0;1,2;0,0;0,0;0,0;0,0;0,0;0,0;0,0;0,0;0,0;2,0;1,0;50,0;1,7;0,85;0,0;0,0;2,0;0,0;1,0;0,0;0,0;2,0;0,0;;0,0;;;0,0;;;;;0,0;;;;;No;No;No;No;No;No;No;No;No;No
932,0;Yannick Gerhardt;de GER;MF;Wolfsburg;de Bundesliga;32,0;1994,0;15,0;12,0;1006,0;11,2;1,0;0,0;1,0;1,0;0,0;0,0;1,0;0,0;0,09;10,0;1,0;10,0;0,89;0,09;0,1;1,0;7,0;8,0;9,0;13,0;0,0;19,0;0,0;;0,0;;;0,0;;;;;0,0;;;;;No;No;No;No;No;No;No;No;No;No
933,0;Willem Geubbels;fr FRA;FW;Paris FC;fr Ligue 1;24,0;2001,0;18,0;8,0;725,0;8,1;3,0;0,0;3,0;2,0;1,0;1,0;0,0;0,0;0,25;23,0;6,0;26,1;2,86;0,74;0,09;0,33;7,0;1,0;4,0;2,0;0,0;15,0;0,0;;0,0;;;0,0;;;;;0,0;;;;;No;No;No;No;No;No;No;No;No;No
934,0;Ismaël Gharbi;tn TUN;MF;Augsburg;de Bundesliga;21,0;2004,0;5,0;0,0;92,0;1,0;0,0;0,0;0,0;0,0;0,0;0,0;0,0;0,0;0,0;3,0;0,0;0,0;2,93;0,0;0,0;0,0;4,0;1,0;0,0;8,0;0,0;2,0;0,0;;0,0;;;0,0;;;;;0,0;;;;;No;No;No;No;No;No;No;No;No;No
935,0;Mourad El Ghezouani;ma MAR;FW;Elche;es La Liga;27,0;1998,0;2,0;0,0;50,0;0,6;0,0;0,0;0,0;0,0;0,0;0,0;0,0;0,0;0,0;1,0;0,0;0,0;1,8;0,0;0,0;0,0;0,0;3,0;0,0;1,0;0,0;1,0;0,0;;0,0;;;0,0;;;;;0,0;;;;;No;No;No;No;No;No;No;No;No;No
936,0;Rachid Ghezzal;dz ALG;FW;Lyon;fr Ligue 1;33,0;1992,0;8,0;1,0;153,0;1,7;0,0;0,0;0,0;0,0;0,0;0,0;0,0;0,0;0,0;3,0;1,0;33,3;1,76;0,59;0,0;0,0;11,0;2,0;0,0;1,0;0,0;4,0;0,0;;0,0;;;0,0;;;;;0,0;;;;;No;No;No;No;No;No;No;No;No;No
937,0;Daniele Ghilardi;it ITA;DF;Roma;it Serie A;23,0;2003,0;15,0;7,0;754,0;8,4;0,0;0,0;0,0;0,0;0,0;0,0;1,0;0,0;0,0;1,0;0,0;0,0;0,12;0,0;0,0;0,0;2,0;11,0;11,0;12,0;0,0;17,0;0,0;;0,0;;;0,0;;;;;0,0;;;;;No;No;No;No;No;No;No;No;No;No
938,0;Andrea Ghion;it ITA;MF;Sassuolo;it Serie A;26,0;2000,0;1,0;0,0;10,0;0,1;0,0;0,0;0,0;0,0;0,0;0,0;0,0;0,0;0,0;0,0;0,0;0,0;0,0;0,0;0,0;0,0;1,0;1,0;0,0;0,0;0,0;0,0;0,0;;0,0;;;0,0;;;;;0,0;;;;;No;No;No;No;No;No;No;No;No;No
939,0;Dimitris Giannoulis;gr GRE;MF;Augsburg;de Bundesliga;30,0;1995,0;20,0;18,0;1365,0;15,2;2,0;3,0;5,0;2,0;0,0;0,0;6,0;0,0;0,33;9,0;5,0;55,6;0,59;0,33;0,22;0,4;64,0;17,0;16,0;14,0;0,0;12,0;0,0;;0,0;;;0,0;;;;;0,0;;;;;No;No;No;No;No;No;No;No;No;No
940,0;Morgan Gibbs-White;eng ENG;MF,FW;Nottingham Forest;eng Premier League;26,0;2000,0;30,0;29,0;2548,0;28,3;8,0;2,0;10,0;7,0;1,0;1,0;1,0;0,0;0,32;64,0;22,0;34,4;2,26;0,78;0,11;0,32;32,0;11,0;9,0;35,0;0,0;21,0;0,0;;0,0;;;0,0;;;;;0,0;;;;;No;No;No;No;No;No;No;No;No;No
941,0;Bryan Gil;es ESP;MF;Girona;es La Liga;25,0;2001,0;23,0;17,0;1349,0;15,0;0,0;3,0;3,0;0,0;0,0;0,0;4,0;0,0;0,2;20,0;5,0;25,0;1,33;0,33;0,0;0,0;41,0;17,0;9,0;33,0;0,0;16,0;0,0;;0,0;;;0,0;;;;;0,0;;;;;No;No;No;No;No;No;No;No;No;No
942,0;Mario Gila;es ESP;DF;Lazio;it Serie A;25,0;2000,0;26,0;26,0;2197,0;24,4;0,0;0,0;0,0;0,0;0,0;0,0;3,0;1,0;0,0;11,0;3,0;27,3;0,45;0,12;0,0;0,0;1,0;33,0;24,0;21,0;0,0;17,0;0,0;;0,0;;;0,0;;;;;0,0;;;;;No;No;No;No;No;No;No;No;No;No
943,0;Billy Gilmour;sct SCO;MF;Napoli;it Serie A;24,0;2001,0;13,0;7,0;623,0;6,9;1,0;0,0;1,0;1,0;0,0;0,0;1,0;0,0;0,14;8,0;2,0;25,0;1,16;0,29;0,13;0,5;4,0;5,0;10,0;6,0;0,0;8,0;0,0;;0,0;;;0,0;;;;;0,0;;;;;No;No;No;No;No;No;No;No;No;No
944,0;Benedikt Gimber;de GER;DF;Heidenheim;de Bundesliga;29,0;1997,0;19,0;17,0;1367,0;15,2;0,0;0,0;0,0;0,0;0,0;0,0;6,0;0,0;0,0;4,0;1,0;25,0;0,26;0,07;0,0;0,0;5,0;18,0;14,0;29,0;0,0;26,0;0,0;;0,0;;;0,0;;;;;0,0;;;;;No;No;No;No;No;No;No;No;No;No
945,0;Santiago Giménez;mx MEX;FW;Milan;it Serie A;24,0;2001,0;9,0;8,0;621,0;6,9;0,0;0,0;0,0;0,0;0,0;0,0;1,0;0,0;0,0;21,0;7,0;33,3;3,04;1,01;0,0;0,0;1,0;4,0;1,0;10,0;0,0;7,0;0,0;;0,0;;;0,0;;;;;0,0;;;;;No;No;No;No;No;No;No;No;No;No
946,0;Gvidas Gineitis;lt LTU;MF;Torino;it Serie A;21,0;2004,0;21,0;15,0;1146,0;12,7;0,0;1,0;1,0;0,0;0,0;0,0;4,0;0,0;0,08;11,0;2,0;18,2;0,86;0,16;0,0;0,0;51,0;21,0;17,0;21,0;0,0;31,0;0,0;;0,0;;;0,0;;;;;0,0;;;;;No;No;No;No;No;No;No;No;No;No
947,0;Matthias Ginter;de GER;DF;Freiburg;de Bundesliga;32,0;1994,0;25,0;25,0;2250,0;25,0;2,0;2,0;4,0;2,0;0,0;0,0;1,0;0,0;0,16;14,0;6,0;42,9;0,56;0,24;0,14;0,33;8,0;10,0;20,0;14,0;0,0;13,0;0,0;;0,0;;;0,0;;;;;0,0;;;;;No;No;No;No;No;No;No;No;No;No
948,0;Giovane;br BRA;FW,MF;Hellas Verona;it Serie A;22,0;2003,0;21,0;19,0;1533,0;17,0;3,0;4,0;7,0;3,0;0,0;0,0;2,0;0,0;0,41;47,0;25,0;53,2;2,76;1,47;0,06;0,12;56,0;9,0;5,0;15,0;0,0;21,0;0,0;;0,0;;;0,0;;;;;0,0;;;;;No;No;No;No;No;No;No;No;No;No
949,0;Giovane;br BRA;FW;Napoli;it Serie A;22,0;2003,0;7,0;0,0;111,0;1,2;0,0;1,0;1,0;0,0;0,0;0,0;0,0;0,0;0,81;2,0;0,0;0,0;1,62;0,0;0,0;0,0;5,0;0,0;0,0;5,0;0,0;3,0;0,0;;0,0;;;0,0;;;;;0,0;;;;;No;No;No;No;No;No;No;No;No;No
950,0;Olivier Giroud;fr FRA;FW;Lille;fr Ligue 1;39,0;1986,0;23,0;17,0;1458,0;16,2;5,0;1,0;6,0;3,0;2,0;3,0;2,0;0,0;0,25;38,0;13,0;34,2;2,35;0,8;0,08;0,23;2,0;6,0;4,0;27,0;0,0;26,0;0,0;;0,0;;;0,0;;;;;0,0;;;;;No;No;No;No;No;No;No;No;No;No
951,0;Jamie Gittens;eng ENG;MF;Chelsea;eng Premier League;21,0;2004,0;16,0;5,0;495,0;5,5;0,0;2,0;2,0;0,0;0,0;0,0;0,0;0,0;0,36;10,0;2,0;20,0;1,82;0,36;0,0;0,0;13,0;4,0;2,0;8,0;0,0;6,0;0,0;;0,0;;;0,0;;;;;0,0;;;;;No;No;No;No;No;No;No;No;No;No
952,0;Robert Glatzel;de GER;FW;Hamburger SV;de Bundesliga;32,0;1994,0;14,0;3,0;295,0;3,3;1,0;1,0;2,0;1,0;0,0;0,0;0,0;0,0;0,61;9,0;4,0;44,4;2,75;1,22;0,11;0,25;1,0;0,0;0,0;4,0;0,0;5,0;0,0;;0,0;;;0,0;;;;;0,0;;;;;No;No;No;No;No;No;No;No;No;No
953,0;Serge Gnabry;de GER;MF;Bayern Munich;de Bundesliga;30,0;1995,0;19,0;14,0;1069,0;11,9;6,0;6,0;12,0;6,0;0,0;0,0;1,0;0,0;1,01;40,0;15,0;37,5;3,37;1,26;0,15;0,4;19,0;8,0;4,0;3,0;0,0;8,0;0,0;;0,0;;;0,0;;;;;0,0;;;;;No;No;No;No;No;No;No;No;No;No
954,0;Wilfried Gnonto;it ITA;FW;Leeds United;eng Premier League;22,0;2003,0;16,0;4,0;387,0;4,3;0,0;1,0;1,0;0,0;0,0;0,0;3,0;0,0;0,23;8,0;0,0;0,0;1,86;0,0;0,0;0,0;15,0;10,0;3,0;8,0;0,0;7,0;0,0;;0,0;;;0,0;;;;;0,0;;;;;No;No;No;No;No;No;No;No;No;No
955,0;Giorgi Gocholeishvili;ge GEO;MF;Hamburger SV;de Bundesliga;25,0;2001,0;20,0;9,0;858,0;9,5;0,0;2,0;2,0;0,0;0,0;0,0;3,0;1,0;0,21;13,0;2,0;15,4;1,36;0,21;0,0;0,0;19,0;13,0;6,0;17,0;1,0;12,0;0,0;;0,0;;;0,0;;;;;0,0;;;;;No;No;No;No;No;No;No;No;No;No
956,0;Martial Godo;eng ENG;MF;Strasbourg;fr Ligue 1;23,0;2003,0;21,0;13,0;1088,0;12,1;7,0;1,0;8,0;7,0;0,0;0,0;2,0;0,0;0,66;28,0;13,0;46,4;2,32;1,08;0,25;0,54;21,0;8,0;12,0;22,0;0,0;13,0;0,0;;0,0;;;0,0;;;;;0,0;;;;;No;No;No;No;No;No;No;No;No;No
957,0;Maxima Goffi;fr FRA;DF;Lille;fr Ligue 1;18,0;2008,0;1,0;0,0;39,0;0,4;0,0;0,0;0,0;0,0;0,0;0,0;0,0;0,0;0,0;0,0;0,0;0,0;0,0;0,0;0,0;0,0;1,0;1,0;0,0;0,0;0,0;1,0;0,0;;0,0;;;0,0;;;;;0,0;;;;;No;No;No;No;No;No;No;No;No;No
958,0;Saba Goglichidze;ge GEO;DF;Udinese;it Serie A;21,0;2004,0;8,0;4,0;424,0;4,7;0,0;0,0;0,0;0,0;0,0;0,0;2,0;0,0;0,0;3,0;1,0;33,3;0,64;0,21;0,0;0,0;2,0;8,0;8,0;4,0;0,0;5,0;0,0;;0,0;;;0,0;;;;;0,0;;;;;No;No;No;No;No;No;No;No;No;No
959,0;Edoardo Goldaniga;it ITA;DF;Como;it Serie A;32,0;1993,0;1,0;0,0;1,0;0,0;0,0;0,0;0,0;0,0;0,0;0,0;0,0;0,0;0,0;0,0;0,0;0,0;0,0;0,0;0,0;0,0;0,0;0,0;0,0;0,0;0,0;0,0;0,0;;0,0;;;0,0;;;;;0,0;;;;;No;No;No;No;No;No;No;No;No;No
960,0;Aleksandr Golovin;ru RUS;MF;Monaco;fr Ligue 1;29,0;1996,0;19,0;17,0;1339,0;14,9;4,0;5,0;9,0;4,0;0,0;0,0;3,0;1,0;0,6;29,0;17,0;58,6;1,95;1,14;0,14;0,24;30,0;14,0;19,0;13,0;1,0;20,0;0,0;;0,0;;;0,0;;;;;0,0;;;;;No;No;No;No;No;No;No;No;No;No
961,0;André Gomes;pt POR;MF;Lille;fr Ligue 1;32,0;1993,0;2,0;0,0;8,0;0,1;0,0;0,0;0,0;0,0;0,0;0,0;0,0;0,0;0,0;0,0;0,0;0,0;0,0;0,0;0,0;0,0;0,0;0,0;0,0;0,0;0,0;2,0;0,0;;0,0;;;0,0;;;;;0,0;;;;;No;No;No;No;No;No;No;No;No;No
962,0;Angel Gomes;eng ENG;MF;Marseille;fr Ligue 1;25,0;2000,0;14,0;12,0;888,0;9,9;3,0;0,0;3,0;3,0;0,0;0,0;4,0;0,0;0,3;11,0;5,0;45,5;1,11;0,51;0,27;0,6;7,0;5,0;4,0;12,0;0,0;19,0;0,0;;0,0;;;0,0;;;;;0,0;;;;;No;No;No;No;No;No;No;No;No;No
963,0;Angel Gomes;eng ENG;MF,FW;Wolves;eng Premier League;25,0;2000,0;7,0;4,0;284,0;3,2;0,0;0,0;0,0;0,0;0,0;0,0;1,0;0,0;0,0;3,0;1,0;33,3;0,95;0,32;0,0;0,0;5,0;4,0;1,0;6,0;0,0;5,0;0,0;;0,0;;;0,0;;;;;0,0;;;;;No;No;No;No;No;No;No;No;No;No
964,0;João Gomes;br BRA;MF;Wolves;eng Premier League;25,0;2001,0;29,0;26,0;2297,0;25,5;1,0;1,0;2,0;1,0;0,0;0,0;9,0;0,0;0,08;16,0;6,0;37,5;0,63;0,24;0,06;0,17;25,0;57,0;31,0;39,0;0,0;56,0;0,0;;0,0;;;0,0;;;;;0,0;;;;;No;No;No;No;No;No;No;No;No;No
965,0;Rodrigo Gomes;pt POR;MF,FW;Wolves;eng Premier League;22,0;2003,0;15,0;6,0;602,0;6,7;3,0;0,0;3,0;3,0;0,0;0,0;0,0;0,0;0,45;14,0;6,0;42,9;2,09;0,9;0,21;0,5;20,0;13,0;8,0;7,0;0,0;4,0;0,0;;0,0;;;0,0;;;;;0,0;;;;;No;No;No;No;No;No;No;No;No;No
966,0;Toti Gomes;pt POR;DF;Wolves;eng Premier League;27,0;1999,0;14,0;13,0;1039,0;11,5;0,0;0,0;0,0;0,0;0,0;0,0;2,0;1,0;0,0;4,0;1,0;25,0;0,35;0,09;0,0;0,0;10,0;7,0;9,0;8,0;0,0;9,0;0,0;;0,0;;;0,0;;;;;0,0;;;;;No;No;No;No;No;No;No;No;No;No
967,0;Diego Gómez;py PAR;MF,FW;Brighton;eng Premier League;22,0;2003,0;27,0;22,0;1841,0;20,5;5,0;0,0;5,0;5,0;0,0;0,0;8,0;0,0;0,24;32,0;13,0;40,6;1,56;0,64;0,16;0,38;20,0;44,0;14,0;9,0;0,0;43,0;0,0;;0,0;;;0,0;;;;;0,0;;;;;No;No;No;No;No;No;No;No;No;No
968,0;Joe Gomez;eng ENG;DF;Liverpool;eng Premier League;28,0;1997,0;16,0;6,0;500,0;5,6;0,0;2,0;2,0;0,0;0,0;0,0;2,0;0,0;0,36;3,0;1,0;33,3;0,54;0,18;0,0;0,0;15,0;3,0;8,0;0,0;0,0;9,0;0,0;;0,0;;;0,0;;;;;0,0;;;;;No;No;No;No;No;No;No;No;No;No
969,0;Moi Gómez;es ESP;MF;Osasuna;es La Liga;31,0;1994,0;20,0;10,0;980,0;10,9;0,0;1,0;1,0;0,0;0,0;0,0;2,0;0,0;0,09;11,0;2,0;18,2;1,01;0,18;0,0;0,0;24,0;6,0;9,0;20,0;0,0;15,0;0,0;;0,0;;;0,0;;;;;0,0;;;;;No;No;No;No;No;No;No;No;No;No
970,0;Sergio Gómez;es ESP;DF;Real Sociedad;es La Liga;25,0;2000,0;26,0;22,0;1972,0;21,9;0,0;2,0;2,0;0,0;0,0;0,0;2,0;0,0;0,09;9,0;0,0;0,0;0,41;0,0;0,0;0,0;115,0;44,0;26,0;12,0;0,0;35,0;0,0;;0,0;;;0,0;;;;;0,0;;;;;No;No;No;No;No;No;No;No;No;No
971,0;Unai Gómez;es ESP;MF,FW;Athletic Club;es La Liga;22,0;2003,0;19,0;7,0;608,0;6,8;1,0;1,0;2,0;1,0;0,0;0,0;1,0;0,0;0,3;14,0;3,0;21,4;2,07;0,44;0,07;0,33;20,0;4,0;2,0;4,0;0,0;8,0;0,0;;0,0;;;0,0;;;;;0,0;;;;;No;No;No;No;No;No;No;No;No;No
972,0;Valentín Gómez;ar ARG;DF;Real Betis;es La Liga;22,0;2003,0;20,0;12,0;1240,0;13,8;1,0;0,0;1,0;1,0;0,0;0,0;5,0;0,0;0,07;9,0;3,0;33,3;0,65;0,22;0,11;0,33;10,0;21,0;18,0;7,0;0,0;18,0;0,0;;0,0;;;0,0;;;;;0,0;;;;;No;No;No;No;No;No;No;No;No;No
973,0;Tidiam Gomis;fr FRA;FW;RB Leipzig;de Bundesliga;19,0;2006,0;15,0;2,0;316,0;3,5;1,0;0,0;1,0;1,0;0,0;0,0;0,0;0,0;0,28;9,0;3,0;33,3;2,56;0,85;0,11;0,33;6,0;2,0;0,0;2,0;0,0;3,0;0,0;;0,0;;;0,0;;;;;0,0;;;;;No;No;No;No;No;No;No;No;No;No
974,0;Rafael Gonçalves;pt POR;MF;Strasbourg;fr Ligue 1;21,0;2005,0;8,0;3,0;273,0;3,0;0,0;0,0;0,0;0,0;0,0;0,0;0,0;0,0;0,0;1,0;1,0;100,0;0,33;0,33;0,0;0,0;1,0;7,0;2,0;1,0;0,0;4,0;0,0;;0,0;;;0,0;;;;;0,0;;;;;No;No;No;No;No;No;No;No;No;No
975,0;Nicolás González;es ESP;MF;Manchester City;eng Premier League;24,0;2002,0;21,0;15,0;1376,0;15,3;1,0;0,0;1,0;1,0;0,0;0,0;6,0;0,0;0,07;12,0;2,0;16,7;0,78;0,13;0,08;0,5;2,0;26,0;22,0;17,0;0,0;28,0;0,0;;0,0;;;0,0;;;;;0,0;;;;;No;No;No;No;No;No;No;No;No;No
976,0;Nicolás González;ar ARG;MF,DF;Atlético Madrid;es La Liga;27,0;1998,0;20,0;16,0;1252,0;13,9;3,0;0,0;3,0;3,0;0,0;0,0;3,0;0,0;0,22;40,0;19,0;47,5;2,88;1,37;0,08;0,16;25,0;13,0;11,0;19,0;0,0;24,0;0,0;;0,0;;;0,0;;;;;0,0;;;;;No;No;No;No;No;No;No;No;No;No
977,0;Nicolás González;ar ARG;FW,MF;Juventus;it Serie A;27,0;1998,0;2,0;0,0;19,0;0,2;0,0;0,0;0,0;0,0;0,0;0,0;0,0;0,0;0,0;2,0;0,0;0,0;9,47;0,0;0,0;0,0;0,0;0,0;0,0;3,0;0,0;0,0;0,0;;0,0;;;0,0;;;;;0,0;;;;;No;No;No;No;No;No;No;No;No;No
978,0;Urko González;es ESP;MF;Espanyol;es La Liga;24,0;2001,0;26,0;19,0;1820,0;20,2;0,0;1,0;1,0;0,0;0,0;0,0;4,0;0,0;0,05;13,0;1,0;7,7;0,64;0,05;0,0;0,0;8,0;25,0;19,0;26,0;0,0;27,0;0,0;;0,0;;;0,0;;;;;0,0;;;;;No;No;No;No;No;No;No;No;No;No
979,0;Urko González;es ESP;DF,MF;Real Sociedad;es La Liga;24,0;2001,0;1,0;0,0;11,0;0,1;0,0;0,0;0,0;0,0;0,0;0,0;0,0;0,0;0,0;0,0;0,0;0,0;0,0;0,0;0,0;0,0;0,0;0,0;0,0;0,0;0,0;0,0;0,0;;0,0;;;0,0;;;;;0,0;;;;;No;No;No;No;No;No;No;No;No;No
980,0;Anthony Gordon;eng ENG;FW;Newcastle United;eng Premier League;25,0;2001,0;24,0;22,0;1637,0;18,2;5,0;2,0;7,0;2,0;3,0;3,0;3,0;1,0;0,22;44,0;19,0;43,2;2,42;1,04;0,05;0,11;68,0;12,0;3,0;37,0;0,0;13,0;0,0;;0,0;;;0,0;;;;;0,0;;;;;No;No;No;No;No;No;No;No;No;No
981,0;Leon Goretzka;de GER;MF;Bayern Munich;de Bundesliga;31,0;1995,0;23,0;17,0;1319,0;14,7;2,0;1,0;3,0;2,0;0,0;0,0;4,0;0,0;0,2;16,0;5,0;31,3;1,09;0,34;0,13;0,4;3,0;13,0;21,0;12,0;0,0;11,0;0,0;;0,0;;;0,0;;;;;0,0;;;;;No;No;No;No;No;No;No;No;No;No
982,0;Andoni Gorosabel;es ESP;DF;Athletic Club;es La Liga;29,0;1996,0;16,0;10,0;818,0;9,1;0,0;1,0;1,0;0,0;0,0;0,0;2,0;0,0;0,11;5,0;1,0;20,0;0,55;0,11;0,0;0,0;28,0;16,0;8,0;9,0;0,0;9,0;0,0;;0,0;;;0,0;;;;;0,0;;;;;No;No;No;No;No;No;No;No;No;No
983,0;Jon Gorrotxategi;es ESP;MF;Real Sociedad;es La Liga;24,0;2002,0;24,0;21,0;1863,0;20,7;1,0;3,0;4,0;1,0;0,0;0,0;7,0;0,0;0,19;11,0;1,0;9,1;0,53;0,05;0,09;1,0;5,0;26,0;29,0;20,0;0,0;26,0;0,0;;0,0;;;0,0;;;;;0,0;;;;;No;No;No;No;No;No;No;No;No;No
984,0;Olaf Gorter;nl NED;MF;Lecce;it Serie A;21,0;2005,0;2,0;0,0;28,0;0,3;0,0;0,0;0,0;0,0;0,0;0,0;0,0;0,0;0,0;0,0;0,0;0,0;0,0;0,0;0,0;0,0;0,0;1,0;0,0;0,0;0,0;1,0;0,0;;0,0;;;0,0;;;;;0,0;;;;;No;No;No;No;No;No;No;No;No;No
985,0;Alimami Gory;ml MLI;MF,DF;Paris FC;fr Ligue 1;29,0;1996,0;17,0;7,0;718,0;8,0;1,0;1,0;2,0;1,0;0,0;0,0;0,0;0,0;0,25;9,0;1,0;11,1;1,13;0,13;0,11;1,0;7,0;7,0;8,0;12,0;0,0;9,0;0,0;;0,0;;;0,0;;;;;0,0;;;;;No;No;No;No;No;No;No;No;No;No
986,0;Robin Gosens;de GER;MF,DF;Fiorentina;it Serie A;31,0;1994,0;18,0;16,0;1299,0;14,4;2,0;1,0;3,0;2,0;0,0;0,0;2,0;0,0;0,21;14,0;6,0;42,9;0,97;0,42;0,14;0,33;32,0;11,0;11,0;17,0;0,0;15,0;0,0;;0,0;;;0,0;;;;;0,0;;;;;No;No;No;No;No;No;No;No;No;No
987,0;Mikel Goti;es ESP;MF;Real Sociedad;es La Liga;23,0;2002,0;4,0;1,0;76,0;0,8;0,0;0,0;0,0;0,0;0,0;0,0;0,0;0,0;0,0;3,0;0,0;0,0;3,55;0,0;0,0;0,0;3,0;1,0;0,0;0,0;0,0;6,0;0,0;;0,0;;;0,0;;;;;0,0;;;;;No;No;No;No;No;No;No;No;No;No
988,0;Mario Götze;de GER;MF;Eintracht Frankfurt;de Bundesliga;33,0;1992,0;18,0;7,0;769,0;8,5;0,0;0,0;0,0;0,0;0,0;0,0;1,0;0,0;0,0;5,0;0,0;0,0;0,59;0,0;0,0;0,0;21,0;6,0;4,0;12,0;0,0;6,0;0,0;;0,0;;;0,0;;;;;0,0;;;;;No;No;No;No;No;No;No;No;No;No
989,0;Amine Gouiri;dz ALG;FW,MF;Marseille;fr Ligue 1;26,0;2000,0;15,0;10,0;857,0;9,5;6,0;2,0;8,0;6,0;0,0;0,0;0,0;0,0;0,84;27,0;14,0;51,9;2,84;1,47;0,22;0,43;20,0;7,0;2,0;6,0;0,0;9,0;0,0;;0,0;;;0,0;;;;;0,0;;;;;No;No;No;No;No;No;No;No;No;No
990,0;Lucas Gourna-Douath;fr FRA;MF;Le Havre;fr Ligue 1;22,0;2003,0;8,0;8,0;713,0;7,9;0,0;0,0;0,0;0,0;0,0;0,0;3,0;0,0;0,0;5,0;1,0;20,0;0,63;0,13;0,0;0,0;2,0;5,0;10,0;17,0;0,0;11,0;0,0;;0,0;;;0,0;;;;;0,0;;;;;No;No;No;No;No;No;No;No;No;No
991,0;Tiago Gouveia;pt POR;MF;Nice;fr Ligue 1;24,0;2001,0;14,0;5,0;531,0;5,9;0,0;0,0;0,0;0,0;0,0;0,0;2,0;0,0;0,0;12,0;4,0;33,3;2,03;0,68;0,0;0,0;4,0;3,0;9,0;9,0;0,0;6,0;0,0;;0,0;;;0,0;;;;;0,0;;;;;No;No;No;No;No;No;No;No;No;No
992,0;Jeffrey Gouweleeuw;nl NED;DF;Augsburg;de Bundesliga;34,0;1991,0;5,0;4,0;365,0;4,1;0,0;0,0;0,0;0,0;0,0;0,0;2,0;0,0;0,0;2,0;1,0;50,0;0,49;0,25;0,0;0,0;3,0;6,0;7,0;0,0;0,0;3,0;0,0;;0,0;;;0,0;;;;;0,0;;;;;No;No;No;No;No;No;No;No;No;No
993,0;Kamil Grabara;pl POL;GK;Wolfsburg;de Bundesliga;27,0;1999,0;26,0;26,0;2340,0;26,0;0,0;0,0;0,0;0,0;0,0;0,0;1,0;0,0;0,0;1,0;0,0;0,0;0,04;0,0;0,0;0,0;0,0;1,0;0,0;1,0;0,0;0,0;0,0;56,0;2,15;140,0;92,0;63,6;5,0;6,0;15,0;1,0;3,8;9,0;5,0;3,0;1,0;No;No;No;No;No;No;No;No;No;No
994,0;Jonathan Gradit;fr FRA;DF;Lens;fr Ligue 1;33,0;1992,0;10,0;10,0;807,0;9,0;0,0;0,0;0,0;0,0;0,0;0,0;2,0;1,0;0,0;2,0;0,0;0,0;0,22;0,0;0,0;0,0;3,0;12,0;16,0;9,0;0,0;15,0;0,0;;0,0;;;0,0;;;;;0,0;;;;;No;No;No;No;No;No;No;No;No;No
995,0;Alberto Grassi;it ITA;MF;Cremonese;it Serie A;31,0;1995,0;21,0;10,0;1101,0;12,2;0,0;0,0;0,0;0,0;0,0;0,0;3,0;0,0;0,0;7,0;3,0;42,9;0,57;0,25;0,0;0,0;2,0;8,0;24,0;16,0;0,0;9,0;0,0;;0,0;;;0,0;;;;;0,0;;;;;No;No;No;No;No;No;No;No;No;No
996,0;Ryan Gravenberch;nl NED;MF;Liverpool;eng Premier League;23,0;2002,0;28,0;28,0;2428,0;27,0;4,0;3,0;7,0;4,0;0,0;0,0;5,0;0,0;0,26;31,0;9,0;29,0;1,15;0,33;0,13;0,44;6,0;29,0;38,0;34,0;0,0;29,0;0,0;;0,0;;;0,0;;;;;0,0;;;;;No;No;No;No;No;No;No;No;No;No
997,0;Archie Gray;eng ENG;MF,DF;Tottenham Hotspur;eng Premier League;20,0;2006,0;20,0;16,0;1291,0;14,3;2,0;2,0;4,0;2,0;0,0;0,0;5,0;0,0;0,28;8,0;4,0;50,0;0,56;0,28;0,25;0,5;12,0;7,0;14,0;2,0;0,0;10,0;0,0;;0,0;;;0,0;;;;;0,0;;;;;No;No;No;No;No;No;No;No;No;No
998,0;Jack Grealish;eng ENG;MF;Everton;eng Premier League;30,0;1995,0;20,0;18,0;1627,0;18,1;2,0;6,0;8,0;2,0;0,0;0,0;5,0;1,0;0,44;26,0;8,0;30,8;1,44;0,44;0,08;0,25;39,0;15,0;11,0;58,0;1,0;13,0;0,0;;0,0;;;0,0;;;;;0,0;;;;;No;No;No;No;No;No;No;No;No;No
999,0;Mason Greenwood;eng ENG;MF;Marseille;fr Ligue 1;24,0;2001,0;25,0;23,0;1980,0;22,0;15,0;4,0;19,0;10,0;5,0;7,0;3,0;0,0;0,64;95,0;38,0;40,0;4,32;1,73;0,11;0,26;95,0;9,0;3,0;21,0;0,0;17,0;0,0;;0,0;;;0,0;;;;;0,0;;;;;No;No;No;No;No;No;No;No;No;No
1000,0;Michael Gregoritsch;at AUT;FW;Augsburg;de Bundesliga;31,0;1994,0;10,0;5,0;437,0;4,9;3,0;1,0;4,0;2,0;1,0;1,0;2,0;0,0;0,62;11,0;4,0;36,4;2,27;0,82;0,18;0,5;4,0;3,0;2,0;8,0;0,0;4,0;0,0;;0,0;;;0,0;;;;;0,0;;;;;No;No;No;No;No;No;No;No;No;No
1001,0;Dominik Greif;sk SVK;GK;Lyon;fr Ligue 1;28,0;1997,0;21,0;21,0;1890,0;21,0;0,0;1,0;1,0;0,0;0,0;0,0;1,0;0,0;0,05;0,0;0,0;0,0;0,0;0,0;0,0;0,0;0,0;0,0;0,0;4,0;0,0;0,0;0,0;24,0;1,14;74,0;53,0;68,9;11,0;4,0;6,0;9,0;42,9;3,0;1,0;2,0;0,0;No;No;No;No;No;No;No;No;No;No
1002,0;Antoine Griezmann;fr FRA;FW;Atlético Madrid;es La Liga;34,0;1991,0;25,0;6,0;926,0;10,3;6,0;1,0;7,0;6,0;0,0;0,0;0,0;0,0;0,68;33,0;18,0;54,5;3,21;1,75;0,18;0,33;52,0;5,0;3,0;6,0;0,0;1,0;0,0;;0,0;;;0,0;;;;;0,0;;;;;No;No;No;No;No;No;No;No;No;No
1003,0;Vincenzo Grifo;it ITA;MF;Freiburg;de Bundesliga;32,0;1993,0;26,0;16,0;1279,0;14,2;7,0;1,0;8,0;3,0;4,0;4,0;0,0;0,0;0,28;23,0;9,0;39,1;1,62;0,63;0,13;0,33;97,0;4,0;11,0;9,0;0,0;8,0;0,0;;0,0;;;0,0;;;;;0,0;;;;;No;No;No;No;No;No;No;No;No;No
1004,0;Álex Grimaldo;es ESP;MF;Leverkusen;de Bundesliga;30,0;1995,0;21,0;21,0;1801,0;20,0;6,0;4,0;10,0;4,0;2,0;2,0;5,0;0,0;0,4;40,0;15,0;37,5;2,0;0,75;0,1;0,27;105,0;16,0;13,0;25,0;0,0;11,0;0,0;;0,0;;;0,0;;;;;0,0;;;;;Sí;Sí;Sí;Sí;Sí;Sí;Sí;Sí;Sí;Sí
1005,0;Pascal Groß;de GER;MF;Dortmund;de Bundesliga;34,0;1991,0;11,0;7,0;613,0;6,8;0,0;1,0;1,0;0,0;0,0;0,0;0,0;0,0;0,15;8,0;1,0;12,5;1,17;0,15;0,0;0,0;23,0;6,0;5,0;4,0;0,0;10,0;0,0;;0,0;;;0,0;;;;;0,0;;;;;No;No;No;No;No;No;No;No;No;No
1006,0;Pascal Groß;de GER;MF;Brighton;eng Premier League;34,0;1991,0;11,0;10,0;916,0;10,2;1,0;1,0;2,0;1,0;0,0;0,0;2,0;0,0;0,2;11,0;4,0;36,4;1,08;0,39;0,09;0,25;67,0;11,0;8,0;10,0;0,0;9,0;0,0;;0,0;;;0,0;;;;;0,0;;;;;No;No;No;No;No;No;No;No;No;No
1007,0;Brajan Gruda;de GER;MF,FW;RB Leipzig;de Bundesliga;21,0;2004,0;6,0;5,0;410,0;4,6;1,0;1,0;2,0;1,0;0,0;0,0;0,0;0,0;0,44;11,0;5,0;45,5;2,41;1,1;0,09;0,2;14,0;3,0;0,0;6,0;0,0;7,0;0,0;;0,0;;;0,0;;;;;0,0;;;;;No;No;No;No;No;No;No;No;No;No
1008,0;Brajan Gruda;de GER;MF;Brighton;eng Premier League;21,0;2004,0;18,0;8,0;719,0;8,0;1,0;1,0;2,0;1,0;0,0;0,0;2,0;0,0;0,25;16,0;6,0;37,5;2,0;0,75;0,06;0,17;14,0;5,0;2,0;14,0;0,0;11,0;0,0;;0,0;;;0,0;;;;;0,0;;;;;No;No;No;No;No;No;No;No;No;No
1009,0;Ilia Gruev;bg BUL;MF;Leeds United;eng Premier League;25,0;2000,0;21,0;15,0;1293,0;14,4;0,0;3,0;3,0;0,0;0,0;0,0;3,0;0,0;0,21;6,0;1,0;16,7;0,42;0,07;0,0;0,0;16,0;13,0;14,0;9,0;0,0;16,0;0,0;;0,0;;;0,0;;;;;0,0;;;;;No;No;No;No;No;No;No;No;No;No
1010,0;Marco Grüll;at AUT;MF,FW;Werder Bremen;de Bundesliga;27,0;1998,0;26,0;20,0;1710,0;19,0;3,0;1,0;4,0;3,0;0,0;0,0;4,0;0,0;0,21;38,0;12,0;31,6;2,0;0,63;0,08;0,25;57,0;14,0;10,0;22,0;0,0;24,0;0,0;;0,0;;;0,0;;;;;0,0;;;;;No;No;No;No;No;No;No;No;No;No
1011,0;Albert Grønbaek;dk DEN;MF;Genoa;it Serie A;24,0;2001,0;4,0;1,0;103,0;1,1;0,0;0,0;0,0;0,0;0,0;0,0;1,0;0,0;0,0;1,0;1,0;100,0;0,87;0,87;0,0;0,0;1,0;2,0;0,0;1,0;0,0;1,0;0,0;;0,0;;;0,0;;;;;0,0;;;;;No;No;No;No;No;No;No;No;No;No
1012,0;Nemanja Gudelj;rs SRB;DF,MF;Sevilla;es La Liga;34,0;1991,0;24,0;19,0;1770,0;19,7;1,0;0,0;1,0;1,0;0,0;0,0;7,0;0,0;0,05;18,0;5,0;27,8;0,92;0,25;0,06;0,2;6,0;21,0;16,0;9,0;0,0;29,0;0,0;;0,0;;;0,0;;;;;0,0;;;;;No;No;No;No;No;No;No;No;No;No
1013,0;Gabriel Gudmundsson;se SWE;DF,MF;Leeds United;eng Premier League;26,0;1999,0;29,0;28,0;2362,0;26,2;0,0;0,0;0,0;0,0;0,0;0,0;6,0;1,0;0,0;18,0;3,0;16,7;0,69;0,11;0,0;0,0;77,0;42,0;21,0;51,0;1,0;30,0;1,0;;0,0;;;0,0;;;;;0,0;;;;;No;No;No;No;No;No;No;No;No;No
1014,0;Gonçalo Guedes;pt POR;MF;Real Sociedad;es La Liga;29,0;1996,0;28,0;20,0;1592,0;17,7;8,0;4,0;12,0;8,0;0,0;0,0;1,0;0,0;0,68;38,0;16,0;42,1;2,15;0,9;0,21;0,5;61,0;14,0;3,0;25,0;0,0;15,0;0,0;;0,0;;;0,0;;;;;0,0;;;;;No;No;No;No;No;No;No;No;No;No
1015,0;Marc Guéhi;eng ENG;DF;Crystal Palace;eng Premier League;25,0;2000,0;20,0;20,0;1800,0;20,0;2,0;2,0;4,0;2,0;0,0;0,0;4,0;0,0;0,2;15,0;4,0;26,7;0,75;0,2;0,13;0,5;10,0;19,0;24,0;18,0;0,0;14,0;0,0;;0,0;;;0,0;;;;;0,0;;;;;No;No;No;No;No;No;No;No;No;No
1016,0;Marc Guéhi;eng ENG;DF;Manchester City;eng Premier League;25,0;2000,0;8,0;8,0;720,0;8,0;0,0;0,0;0,0;0,0;0,0;0,0;1,0;0,0;0,0;12,0;3,0;25,0;1,5;0,37;0,0;0,0;3,0;6,0;14,0;7,0;0,0;4,0;0,0;;0,0;;;0,0;;;;;0,0;;;;;No;No;No;No;No;No;No;No;No;No
1017,0;Mattéo Guendouzi;fr FRA;MF;Lazio;it Serie A;26,0;1999,0;16,0;16,0;1428,0;15,9;2,0;1,0;3,0;2,0;0,0;0,0;5,0;1,0;0,19;16,0;8,0;50,0;1,01;0,5;0,13;0,25;20,0;8,0;11,0;21,0;0,0;17,0;0,0;;0,0;;;0,0;;;;;0,0;;;;;No;No;No;No;No;No;No;No;No;No
1018,0;Javier Guerra;es ESP;MF;Valencia;es La Liga;23,0;2003,0;27,0;17,0;1405,0;15,6;1,0;3,0;4,0;1,0;0,0;0,0;3,0;0,0;0,26;18,0;6,0;33,3;1,15;0,38;0,06;0,17;27,0;10,0;19,0;11,0;0,0;23,0;0,0;;0,0;;;0,0;;;;;0,0;;;;;No;No;No;No;No;No;No;No;No;No
1019,0;Raphaël Guerreiro;pt POR;MF;Bayern Munich;de Bundesliga;32,0;1993,0;12,0;4,0;457,0;5,1;3,0;2,0;5,0;3,0;0,0;0,0;0,0;0,0;0,98;6,0;3,0;50,0;1,18;0,59;0,5;1,0;2,0;7,0;1,0;1,0;0,0;2,0;0,0;;0,0;;;0,0;;;;;0,0;;;;;No;No;No;No;No;No;No;No;No;No
1020,0;Daniel Guerrero;es ESP;MF;Real Betis;es La Liga;20,0;2005,0;1,0;0,0;1,0;0,0;0,0;0,0;0,0;0,0;0,0;0,0;0,0;0,0;0,0;0,0;0,0;0,0;0,0;0,0;0,0;0,0;0,0;0,0;0,0;1,0;0,0;0,0;0,0;;0,0;;;0,0;;;;;0,0;;;;;No;No;No;No;No;No;No;No;No;No
1021,0;Ismaël Guerti;fr FRA;FW;Metz;fr Ligue 1;21,0;2004,0;3,0;0,0;27,0;0,3;0,0;0,0;0,0;0,0;0,0;0,0;0,0;0,0;0,0;0,0;0,0;0,0;0,0;0,0;0,0;0,0;1,0;1,0;1,0;0,0;0,0;0,0;0,0;;0,0;;;0,0;;;;;0,0;;;;;No;No;No;No;No;No;No;No;No;No
1022,0;Evann Guessand;ci CIV;MF;Crystal Palace;eng Premier League;24,0;2001,0;6,0;3,0;300,0;3,3;1,0;1,0;2,0;1,0;0,0;0,0;0,0;0,0;0,6;3,0;1,0;33,3;0,9;0,3;0,33;1,0;1,0;2,0;2,0;8,0;0,0;4,0;0,0;;0,0;;;0,0;;;;;0,0;;;;;No;No;No;No;No;No;No;No;No;No
1023,0;Evann Guessand;ci CIV;MF;Aston Villa;eng Premier League;24,0;2001,0;13,0;6,0;588,0;6,5;0,0;1,0;1,0;0,0;0,0;0,0;0,0;0,0;0,15;8,0;5,0;62,5;1,22;0,77;0,0;0,0;10,0;9,0;3,0;12,0;0,0;11,0;0,0;;0,0;;;0,0;;;;;0,0;;;;;No;No;No;No;No;No;No;No;No;No
1024,0;Ander Guevara;es ESP;MF;Alavés;es La Liga;28,0;1997,0;19,0;2,0;550,0;6,1;1,0;0,0;1,0;1,0;0,0;0,0;4,0;1,0;0,16;4,0;1,0;25,0;0,65;0,16;0,25;1,0;4,0;8,0;8,0;5,0;1,0;10,0;0,0;;0,0;;;0,0;;;;;0,0;;;;;No;No;No;No;No;No;No;No;No;No
1025,0;Idrissa Guèye;sn SEN;FW;Udinese;it Serie A;19,0;2006,0;11,0;0,0;185,0;2,1;0,0;0,0;0,0;0,0;0,0;0,0;2,0;0,0;0,0;5,0;1,0;20,0;2,43;0,49;0,0;0,0;2,0;1,0;1,0;6,0;0,0;10,0;0,0;;0,0;;;0,0;;;;;0,0;;;;;No;No;No;No;No;No;No;No;No;No
1026,0;Idrissa Guèye;sn SEN;FW;Metz;fr Ligue 1;19,0;2006,0;3,0;1,0;132,0;1,5;0,0;0,0;0,0;0,0;0,0;0,0;0,0;0,0;0,0;2,0;0,0;0,0;1,36;0,0;0,0;0,0;0,0;2,0;0,0;2,0;0,0;3,0;0,0;;0,0;;;0,0;;;;;0,0;;;;;No;No;No;No;No;No;No;No;No;No
1027,0;Pape Gueye;sn SEN;MF;Villarreal;es La Liga;27,0;1999,0;22,0;18,0;1501,0;16,7;4,0;2,0;6,0;3,0;1,0;1,0;7,0;0,0;0,3;32,0;10,0;31,3;1,92;0,6;0,09;0,3;11,0;16,0;23,0;39,0;0,0;30,0;0,0;;0,0;;;0,0;;;;;0,0;;;;;No;No;No;No;No;No;No;No;No;No
1028,0;Morgan Guilavogui;gn GUI;MF;Lens;fr Ligue 1;28,0;1998,0;16,0;3,0;491,0;5,5;1,0;0,0;1,0;1,0;0,0;0,0;3,0;1,0;0,18;10,0;2,0;20,0;1,83;0,37;0,1;0,5;4,0;10,0;3,0;12,0;0,0;15,0;0,0;;0,0;;;0,0;;;;;0,0;;;;;No;No;No;No;No;No;No;No;No;No
1029,0;Frederic Guilbert;fr FRA;DF,MF;Nantes;fr Ligue 1;31,0;1994,0;1,0;0,0;16,0;0,2;0,0;0,0;0,0;0,0;0,0;0,0;0,0;0,0;0,0;0,0;0,0;0,0;0,0;0,0;0,0;0,0;2,0;0,0;1,0;0,0;0,0;0,0;0,0;;0,0;;;0,0;;;;;0,0;;;;;No;No;No;No;No;No;No;No;No;No
1030,0;Luis Guilherme;br BRA;FW;West Ham United;eng Premier League;20,0;2006,0;5,0;1,0;125,0;1,4;0,0;0,0;0,0;0,0;0,0;0,0;0,0;0,0;0,0;1,0;0,0;0,0;0,72;0,0;0,0;0,0;0,0;1,0;0,0;0,0;0,0;0,0;0,0;;0,0;;;0,0;;;;;0,0;;;;;No;No;No;No;No;No;No;No;No;No
1031,0;Bruno Guimarães;br BRA;MF;Newcastle United;eng Premier League;28,0;1997,0;23,0;22,0;2017,0;22,4;9,0;4,0;13,0;7,0;2,0;2,0;5,0;0,0;0,49;32,0;17,0;53,1;1,43;0,76;0,22;0,41;62,0;35,0;13,0;52,0;0,0;33,0;0,0;;0,0;;;0,0;;;;;0,0;;;;;No;No;No;No;No;No;No;No;No;No
1032,0;Daouda Guindo;ml MLI;DF;Brest;fr Ligue 1;23,0;2002,0;19,0;13,0;1197,0;13,3;0,0;0,0;0,0;0,0;0,0;0,0;3,0;1,0;0,0;16,0;4,0;25,0;1,2;0,3;0,0;0,0;23,0;24,0;19,0;12,0;0,0;22,0;0,0;;0,0;;;0,0;;;;;0,0;;;;;No;No;No;No;No;No;No;No;No;No
1033,0;Bahereba Guirassy;fr FRA;FW,MF;Nantes;fr Ligue 1;19,0;2006,0;17,0;9,0;770,0;8,6;2,0;1,0;3,0;2,0;0,0;0,0;1,0;0,0;0,35;12,0;5,0;41,7;1,4;0,58;0,17;0,4;21,0;11,0;4,0;8,0;0,0;13,0;0,0;;0,0;;;0,0;;;;;0,0;;;;;No;No;No;No;No;No;No;No;No;No
1034,0;Serhou Guirassy;gn GUI;FW;Dortmund;de Bundesliga;30,0;1996,0;25,0;21,0;1791,0;19,9;12,0;1,0;13,0;11,0;1,0;3,0;2,0;0,0;0,6;62,0;29,0;46,8;3,12;1,46;0,18;0,38;3,0;1,0;0,0;27,0;0,0;31,0;0,0;;0,0;;;0,0;;;;;0,0;;;;;No;No;No;No;No;No;No;No;No;No
1035,0;Marc Guiu;es ESP;FW;Sunderland;eng Premier League;20,0;2006,0;2,0;0,0;15,0;0,2;0,0;0,0;0,0;0,0;0,0;0,0;0,0;0,0;0,0;1,0;0,0;0,0;6,0;0,0;0,0;0,0;0,0;0,0;0,0;0,0;0,0;0,0;0,0;;0,0;;;0,0;;;;;0,0;;;;;No;No;No;No;No;No;No;No;No;No
1036,0;Marc Guiu;es ESP;FW;Chelsea;eng Premier League;20,0;2006,0;7,0;1,0;238,0;2,6;0,0;1,0;1,0;0,0;0,0;0,0;1,0;0,0;0,38;11,0;2,0;18,2;4,16;0,76;0,0;0,0;0,0;0,0;0,0;2,0;0,0;9,0;0,0;;0,0;;;0,0;;;;;0,0;;;;;No;No;No;No;No;No;No;No;No;No
1037,0;Péter Gulácsi;hu HUN;GK;RB Leipzig;de Bundesliga;35,0;1990,0;22,0;22,0;1918,0;21,3;0,0;0,0;0,0;0,0;0,0;0,0;1,0;0,0;0,0;0,0;0,0;0,0;0,0;0,0;0,0;0,0;0,0;0,0;0,0;0,0;0,0;0,0;0,0;28,0;1,31;78,0;51,0;66,7;12,0;4,0;6,0;9,0;40,9;2,0;2,0;0,0;0,0;No;No;No;No;No;No;No;No;No;No
1038,0;Arda Güler;tr TUR;MF;Real Madrid;es La Liga;21,0;2005,0;28,0;22,0;1769,0;19,7;4,0;8,0;12,0;4,0;0,0;0,0;1,0;0,0;0,61;44,0;17,0;38,6;2,24;0,86;0,09;0,24;113,0;26,0;7,0;27,0;0,0;21,0;0,0;;0,0;;;0,0;;;;;0,0;;;;;No;No;No;No;No;No;No;No;No;No
1039,0;Gerard Gumbau;es ESP;MF;Rayo Vallecano;es La Liga;31,0;1994,0;20,0;9,0;711,0;7,9;0,0;1,0;1,0;0,0;0,0;0,0;4,0;0,0;0,13;9,0;5,0;55,6;1,14;0,63;0,0;0,0;25,0;11,0;6,0;3,0;0,0;28,0;0,0;;0,0;;;0,0;;;;;0,0;;;;;No;No;No;No;No;No;No;No;No;No
1040,0;Angus Gunn;sct SCO;GK;Nottingham Forest;eng Premier League;30,0;1996,0;1,0;0,0;45,0;0,5;0,0;0,0;0,0;0,0;0,0;0,0;0,0;0,0;0,0;0,0;0,0;0,0;0,0;0,0;0,0;0,0;0,0;0,0;0,0;0,0;0,0;0,0;0,0;0,0;0,0;0,0;0,0;0,0;0,0;0,0;0,0;0,0;0,0;0,0;0,0;0,0;0,0;No;No;No;No;No;No;No;No;No;No
1041,0;Christian Günter;de GER;DF;Freiburg;de Bundesliga;33,0;1993,0;19,0;13,0;1155,0;12,8;0,0;3,0;3,0;0,0;0,0;0,0;2,0;0,0;0,23;8,0;0,0;0,0;0,62;0,0;0,0;0,0;61,0;9,0;7,0;6,0;0,0;7,0;0,0;;0,0;;;0,0;;;;;0,0;;;;;No;No;No;No;No;No;No;No;No;No
1042,0;Jon Guridi;es ESP;MF,FW;Alavés;es La Liga;31,0;1995,0;18,0;8,0;647,0;7,2;0,0;0,0;0,0;0,0;0,0;0,0;1,0;0,0;0,0;6,0;2,0;33,3;0,83;0,28;0,0;0,0;4,0;10,0;4,0;3,0;0,0;8,0;0,0;;0,0;;;0,0;;;;;0,0;;;;;No;No;No;No;No;No;No;No;No;No
1043,0;Gorka Guruzeta;es ESP;FW,MF;Athletic Club;es La Liga;29,0;1996,0;25,0;19,0;1625,0;18,1;6,0;1,0;7,0;5,0;1,0;1,0;4,0;1,0;0,33;60,0;23,0;38,3;3,32;1,27;0,08;0,22;6,0;3,0;7,0;26,0;1,0;36,0;0,0;;0,0;;;0,0;;;;;0,0;;;;;No;No;No;No;No;No;No;No;No;No
1044,0;Malo Gusto;fr FRA;DF,MF;Chelsea;eng Premier League;22,0;2003,0;27,0;19,0;1696,0;18,8;2,0;3,0;5,0;2,0;0,0;0,0;4,0;1,0;0,27;11,0;5,0;45,5;0,58;0,27;0,18;0,4;36,0;21,0;22,0;13,0;1,0;15,0;0,0;;0,0;;;0,0;;;;;0,0;;;;;No;No;No;No;No;No;No;No;No;No
1045,0;Miguel Gutiérrez;es ESP;MF,DF;Napoli;it Serie A;24,0;2001,0;19,0;9,0;900,0;10,0;1,0;1,0;2,0;1,0;0,0;0,0;0,0;0,0;0,2;11,0;4,0;36,4;1,1;0,4;0,09;0,25;29,0;15,0;5,0;23,0;0,0;12,0;0,0;;0,0;;;0,0;;;;;0,0;;;;;No;No;No;No;No;No;No;No;No;No
1046,0;Albert Guðmundsson;is ISL;FW,MF;Fiorentina;it Serie A;28,0;1997,0;25,0;21,0;1776,0;19,7;5,0;4,0;9,0;2,0;3,0;3,0;3,0;0,0;0,3;29,0;12,0;41,4;1,47;0,61;0,07;0,17;45,0;4,0;2,0;24,0;0,0;29,0;0,0;;0,0;;;0,0;;;;;0,0;;;;;No;No;No;No;No;No;No;No;No;No
1047,0;Joško Gvardiol;hr CRO;DF;Manchester City;eng Premier League;24,0;2002,0;16,0;15,0;1302,0;14,5;2,0;2,0;4,0;2,0;0,0;0,0;2,0;0,0;0,28;16,0;5,0;31,3;1,11;0,35;0,13;0,4;2,0;13,0;14,0;7,0;0,0;16,0;0,0;;0,0;;;0,0;;;;;0,0;;;;;No;No;No;No;No;No;No;No;No;No
1048,0;Viktor Gyökeres;se SWE;FW;Arsenal;eng Premier League;27,0;1998,0;29,0;23,0;1892,0;21,0;11,0;0,0;11,0;9,0;2,0;2,0;4,0;0,0;0,43;43,0;17,0;39,5;2,05;0,81;0,21;0,53;7,0;5,0;1,0;23,0;0,0;28,0;0,0;;0,0;;;0,0;;;;;0,0;;;;;No;No;No;No;No;No;No;No;No;No
1049,0;Erling Haaland;no NOR;FW;Manchester City;eng Premier League;25,0;2000,0;29,0;28,0;2413,0;26,8;22,0;7,0;29,0;19,0;3,0;4,0;1,0;0,0;0,97;102,0;49,0;48,0;3,8;1,83;0,19;0,39;3,0;6,0;3,0;23,0;0,0;19,0;0,0;;0,0;;;0,0;;;;;0,0;;;;;No;No;No;No;No;No;No;No;No;No
1050,0;Janik Haberer;de GER;MF;Union Berlin;de Bundesliga;31,0;1994,0;23,0;16,0;1314,0;14,6;0,0;1,0;1,0;0,0;0,0;0,0;8,0;0,0;0,07;11,0;1,0;9,1;0,75;0,07;0,0;0,0;55,0;15,0;9,0;20,0;0,0;21,0;0,0;;0,0;;;0,0;;;;;0,0;;;;;No;No;No;No;No;No;No;No;No;No
1051,0;Robin Hack;de GER;MF;Gladbach;de Bundesliga;27,0;1998,0;4,0;3,0;248,0;2,8;0,0;0,0;0,0;0,0;0,0;0,0;0,0;0,0;0,0;8,0;2,0;25,0;2,9;0,73;0,0;0,0;10,0;1,0;1,0;3,0;0,0;3,0;0,0;;0,0;;;0,0;;;;;0,0;;;;;No;No;No;No;No;No;No;No;No;No
1052,0;Amadou Haidara;ml MLI;MF;Lens;fr Ligue 1;28,0;1998,0;4,0;0,0;99,0;1,1;1,0;0,0;1,0;1,0;0,0;0,0;0,0;0,0;0,91;2,0;2,0;100,0;1,82;1,82;0,5;0,5;0,0;0,0;2,0;2,0;0,0;1,0;0,0;;0,0;;;0,0;;;;;0,0;;;;;No;No;No;No;No;No;No;No;No;No
1053,0;Albian Hajdari;xk KVX;DF;Hoffenheim;de Bundesliga;22,0;2003,0;22,0;21,0;1808,0;20,1;1,0;1,0;2,0;1,0;0,0;0,0;8,0;0,0;0,1;13,0;3,0;23,1;0,65;0,15;0,08;0,33;12,0;30,0;26,0;21,0;0,0;34,0;0,0;;0,0;;;0,0;;;;;0,0;;;;;No;No;No;No;No;No;No;No;No;No
1054,0;Achraf Hakimi;ma MAR;DF;Paris Saint-Germain;fr Ligue 1;27,0;1998,0;14,0;11,0;1091,0;12,1;2,0;1,0;3,0;2,0;0,0;0,0;3,0;1,0;0,25;21,0;7,0;33,3;1,73;0,58;0,1;0,29;33,0;10,0;9,0;13,0;0,0;8,0;0,0;;0,0;;;0,0;;;;;0,0;;;;;No;No;No;No;No;No;No;No;No;No
1055,0;Lewis Hall;eng ENG;DF;Newcastle United;eng Premier League;21,0;2004,0;23,0;18,0;1663,0;18,5;1,0;1,0;2,0;1,0;0,0;0,0;3,0;0,0;0,11;19,0;3,0;15,8;1,03;0,16;0,05;0,33;83,0;26,0;25,0;31,0;0,0;15,0;0,0;;0,0;;;0,0;;;;;0,0;;;;;No;No;No;No;No;No;No;No;No;No
1056,0;Adil Hamdani;fr FRA;MF;Lyon;fr Ligue 1;17,0;2009,0;4,0;0,0;27,0;0,3;0,0;0,0;0,0;0,0;0,0;0,0;0,0;0,0;0,0;2,0;0,0;0,0;6,67;0,0;0,0;0,0;4,0;0,0;0,0;0,0;0,0;1,0;0,0;;0,0;;;0,0;;;;;0,0;;;;;No;No;No;No;No;No;No;No;No;No
1057,0;Pierre-Yves Hamel;fr FRA;FW;Paris FC;fr Ligue 1;32,0;1994,0;2,0;1,0;78,0;0,9;0,0;0,0;0,0;0,0;0,0;0,0;0,0;0,0;0,0;0,0;0,0;0,0;0,0;0,0;0,0;0,0;0,0;0,0;1,0;0,0;0,0;2,0;0,0;;0,0;;;0,0;;;;;0,0;;;;;No;No;No;No;No;No;No;No;No;No
1058,0;Andreas Hanche-Olsen;no NOR;DF;Mainz 05;de Bundesliga;29,0;1997,0;13,0;8,0;851,0;9,5;0,0;1,0;1,0;0,0;0,0;0,0;3,0;0,0;0,11;6,0;3,0;50,0;0,63;0,32;0,0;0,0;0,0;5,0;13,0;6,0;0,0;13,0;1,0;;0,0;;;0,0;;;;;0,0;;;;;No;No;No;No;No;No;No;No;No;No
1059,0;Dávid Hancko;sk SVK;DF;Atlético Madrid;es La Liga;28,0;1997,0;25,0;22,0;2027,0;22,5;0,0;2,0;2,0;0,0;0,0;0,0;1,0;0,0;0,09;19,0;5,0;26,3;0,84;0,22;0,0;0,0;29,0;24,0;18,0;4,0;0,0;13,0;0,0;;0,0;;;0,0;;;;;0,0;;;;;No;No;No;No;No;No;No;No;No;No
1060,0;Florent Hanin;dz ALG;DF,MF;Angers;fr Ligue 1;36,0;1990,0;18,0;7,0;695,0;7,7;0,0;0,0;0,0;0,0;0,0;0,0;0,0;0,0;0,0;2,0;0,0;0,0;0,26;0,0;0,0;0,0;16,0;8,0;10,0;6,0;0,0;6,0;0,0;;0,0;;;0,0;;;;;0,0;;;;;No;No;No;No;No;No;No;No;No;No
1061,0;Isak Hansen-Aarøen;no NOR;MF;Werder Bremen;de Bundesliga;21,0;2004,0;1,0;0,0;2,0;0,0;0,0;0,0;0,0;0,0;0,0;0,0;0,0;0,0;0,0;0,0;0,0;0,0;0,0;0,0;0,0;0,0;0,0;2,0;0,0;0,0;0,0;0,0;0,0;;0,0;;;0,0;;;;;0,0;;;;;No;No;No;No;No;No;No;No;No;No
1062,0;Taichi Hara;jp JPN;FW;St Pauli;de Bundesliga;26,0;1999,0;2,0;0,0;23,0;0,3;0,0;0,0;0,0;0,0;0,0;0,0;0,0;0,0;0,0;1,0;0,0;0,0;3,91;0,0;0,0;0,0;0,0;0,0;0,0;0,0;0,0;0,0;0,0;;0,0;;;0,0;;;;;0,0;;;;;No;No;No;No;No;No;No;No;No;No
1063,0;Hákon Haraldsson;is ISL;MF;Lille;fr Ligue 1;22,0;2003,0;24,0;21,0;1783,0;19,8;6,0;1,0;7,0;6,0;0,0;0,0;4,0;0,0;0,35;34,0;8,0;23,5;1,72;0,4;0,18;0,75;58,0;10,0;11,0;28,0;0,0;21,0;0,0;;0,0;;;0,0;;;;;0,0;;;;;No;No;No;No;No;No;No;No;No;No
1064,0;Conrad Harder;dk DEN;FW;RB Leipzig;de Bundesliga;20,0;2005,0;23,0;7,0;771,0;8,6;2,0;3,0;5,0;2,0;0,0;0,0;3,0;0,0;0,58;36,0;11,0;30,6;4,2;1,28;0,06;0,18;12,0;4,0;6,0;16,0;0,0;16,0;0,0;;0,0;;;0,0;;;;;0,0;;;;;No;No;No;No;No;No;No;No;No;No
1065,0;Jack Harrison;eng ENG;MF,FW;Fiorentina;it Serie A;29,0;1996,0;7,0;4,0;441,0;4,9;0,0;1,0;1,0;0,0;0,0;0,0;0,0;0,0;0,2;2,0;0,0;0,0;0,41;0,0;0,0;0,0;38,0;1,0;1,0;4,0;0,0;5,0;0,0;;0,0;;;0,0;;;;;0,0;;;;;No;No;No;No;No;No;No;No;No;No
1066,0;Jack Harrison;eng ENG;FW;Leeds United;eng Premier League;29,0;1996,0;11,0;1,0;269,0;3,0;0,0;0,0;0,0;0,0;0,0;0,0;0,0;0,0;0,0;6,0;2,0;33,3;2,01;0,67;0,0;0,0;17,0;2,0;4,0;4,0;0,0;1,0;0,0;;0,0;;;0,0;;;;;0,0;;;;;No;No;No;No;No;No;No;No;No;No
1067,0;Abdou Harroui;nl NED;MF;Hellas Verona;it Serie A;28,0;1998,0;18,0;8,0;658,0;7,3;1,0;0,0;1,0;0,0;1,0;1,0;2,0;0,0;0,0;9,0;2,0;22,2;1,23;0,27;0,0;0,0;20,0;14,0;1,0;1,0;0,0;17,0;0,0;;0,0;;;0,0;;;;;0,0;;;;;No;No;No;No;No;No;No;No;No;No
1068,0;Quilindschy Hartman;nl NED;DF;Burnley;eng Premier League;24,0;2001,0;16,0;16,0;1410,0;15,7;0,0;4,0;4,0;0,0;0,0;0,0;1,0;0,0;0,26;6,0;2,0;33,3;0,38;0,13;0,0;0,0;65,0;21,0;21,0;3,0;0,0;9,0;0,0;;0,0;;;0,0;;;;;0,0;;;;;No;No;No;No;No;No;No;No;No;No
1069,0;Haissem Hassan;fr FRA;MF,FW;Oviedo;es La Liga;24,0;2002,0;27,0;17,0;1566,0;17,4;0,0;3,0;3,0;0,0;0,0;0,0;1,0;0,0;0,17;30,0;7,0;23,3;1,72;0,4;0,0;0,0;92,0;16,0;6,0;11,0;0,0;9,0;0,0;;0,0;;;0,0;;;;;0,0;;;;;No;No;No;No;No;No;No;No;No;No
1070,0;Hans Hateboer;nl NED;DF,MF;Rennes;fr Ligue 1;32,0;1994,0;1,0;0,0;22,0;0,2;0,0;0,0;0,0;0,0;0,0;0,0;0,0;0,0;0,0;0,0;0,0;0,0;0,0;0,0;0,0;0,0;0,0;0,0;0,0;0,0;0,0;2,0;0,0;;0,0;;;0,0;;;;;0,0;;;;;No;No;No;No;No;No;No;No;No;No
1071,0;Hans Hateboer;nl NED;DF,MF;Lyon;fr Ligue 1;32,0;1994,0;12,0;7,0;580,0;6,4;0,0;0,0;0,0;0,0;0,0;0,0;0,0;1,0;0,0;5,0;1,0;20,0;0,78;0,16;0,0;0,0;19,0;9,0;8,0;3,0;0,0;7,0;0,0;;0,0;;;0,0;;;;;0,0;;;;;No;No;No;No;No;No;No;No;No;No
1072,0;Jorrel Hato;nl NED;DF;Chelsea;eng Premier League;20,0;2006,0;15,0;5,0;557,0;6,2;0,0;0,0;0,0;0,0;0,0;0,0;4,0;0,0;0,0;4,0;0,0;0,0;0,65;0,0;0,0;0,0;6,0;10,0;9,0;1,0;0,0;10,0;0,0;;0,0;;;0,0;;;;;0,0;;;;;No;No;No;No;No;No;No;No;No;No
1073,0;Kjetil Haug;no NOR;GK;Toulouse;fr Ligue 1;27,0;1998,0;1,0;0,0;31,0;0,3;0,0;0,0;0,0;0,0;0,0;0,0;0,0;0,0;0,0;0,0;0,0;0,0;0,0;0,0;0,0;0,0;0,0;0,0;0,0;0,0;0,0;0,0;0,0;1,0;2,9;2,0;1,0;50,0;0,0;0,0;0,0;0,0;0,0;0,0;0,0;0,0;0,0;No;No;No;No;No;No;No;No;No;No
1074,0;Kai Havertz;de GER;MF,FW;Arsenal;eng Premier League;26,0;1999,0;6,0;3,0;264,0;2,9;0,0;1,0;1,0;0,0;0,0;0,0;0,0;0,0;0,34;5,0;1,0;20,0;1,7;0,34;0,0;0,0;1,0;2,0;0,0;7,0;0,0;1,0;0,0;;0,0;;;0,0;;;;;0,0;;;;;No;No;No;No;No;No;No;No;No;No
1075,0;Ayden Heaven;eng ENG;DF;Manchester Utd;eng Premier League;19,0;2006,0;13,0;8,0;645,0;7,2;0,0;1,0;1,0;0,0;0,0;0,0;2,0;0,0;0,14;3,0;0,0;0,0;0,42;0,0;0,0;0,0;1,0;9,0;1,0;5,0;0,0;5,0;1,0;;0,0;;;0,0;;;;;0,0;;;;;No;No;No;No;No;No;No;No;No;No
1076,0;Jan Paul van Hecke;nl NED;DF;Brighton;eng Premier League;25,0;2000,0;28,0;28,0;2490,0;27,7;3,0;2,0;5,0;3,0;0,0;0,0;7,0;0,0;0,18;18,0;8,0;44,4;0,65;0,29;0,17;0,38;18,0;23,0;31,0;33,0;0,0;22,0;1,0;;0,0;;;0,0;;;;;0,0;;;;;No;No;No;No;No;No;No;No;No;No
1077,0;Hwang Hee-chan;kr KOR;FW,MF;Wolves;eng Premier League;30,0;1996,0;20,0;15,0;1149,0;12,8;2,0;1,0;3,0;1,0;1,0;1,0;3,0;0,0;0,16;15,0;6,0;40,0;1,17;0,47;0,07;0,17;17,0;3,0;7,0;14,0;0,0;22,0;0,0;;0,0;;;0,0;;;;;0,0;;;;;No;No;No;No;No;No;No;No;No;No
1078,0;Torbjørn Heggem;no NOR;DF;Bologna;it Serie A;27,0;1999,0;21,0;20,0;1817,0;20,2;0,0;0,0;0,0;0,0;0,0;0,0;0,0;1,0;0,0;10,0;2,0;20,0;0,5;0,1;0,0;0,0;1,0;13,0;21,0;11,0;0,0;28,0;0,0;;0,0;;;0,0;;;;;0,0;;;;;No;No;No;No;No;No;No;No;No;No
1079,0;Gauthier Hein;fr FRA;MF,FW;Metz;fr Ligue 1;29,0;1996,0;22,0;19,0;1721,0;19,1;6,0;4,0;10,0;2,0;4,0;4,0;3,0;1,0;0,31;27,0;9,0;33,3;1,41;0,47;0,07;0,22;93,0;5,0;6,0;13,0;1,0;11,0;0,0;;0,0;;;0,0;;;;;0,0;;;;;No;No;No;No;No;No;No;No;No;No
1080,0;Dominique Heintz;de GER;DF;Köln;de Bundesliga;32,0;1993,0;8,0;5,0;380,0;4,2;0,0;0,0;0,0;0,0;0,0;0,0;0,0;0,0;0,0;0,0;0,0;0,0;0,0;0,0;0,0;0,0;1,0;1,0;5,0;4,0;0,0;2,0;0,0;;0,0;;;0,0;;;;;0,0;;;;;No;No;No;No;No;No;No;No;No;No
1081,0;George Hemmings;eng ENG;MF;Aston Villa;eng Premier League;19,0;2007,0;2,0;0,0;27,0;0,3;0,0;0,0;0,0;0,0;0,0;0,0;0,0;0,0;0,0;1,0;0,0;0,0;3,33;0,0;0,0;0,0;0,0;0,0;0,0;0,0;0,0;1,0;0,0;;0,0;;;0,0;;;;;0,0;;;;;No;No;No;No;No;No;No;No;No;No
1082,0;Dean Henderson;eng ENG;GK;Crystal Palace;eng Premier League;29,0;1997,0;29,0;29,0;2610,0;29,0;0,0;0,0;0,0;0,0;0,0;0,0;3,0;0,0;0,0;0,0;0,0;0,0;0,0;0,0;0,0;0,0;0,0;0,0;1,0;5,0;0,0;1,0;0,0;35,0;1,21;115,0;84,0;73,0;10,0;8,0;11,0;10,0;34,5;5,0;4,0;1,0;0,0;No;No;No;No;No;No;No;No;No;No
1083,0;Jordan Henderson;eng ENG;MF;Brentford;eng Premier League;35,0;1990,0;28,0;20,0;1730,0;19,2;1,0;3,0;4,0;1,0;0,0;0,0;4,0;0,0;0,21;6,0;1,0;16,7;0,31;0,05;0,17;1,0;44,0;13,0;16,0;7,0;0,0;13,0;0,0;;0,0;;;0,0;;;;;0,0;;;;;No;No;No;No;No;No;No;No;No;No
1084,0;Ramon Hendriks;nl NED;DF;Stuttgart;de Bundesliga;24,0;2001,0;23,0;16,0;1419,0;15,8;0,0;2,0;2,0;0,0;0,0;0,0;2,0;0,0;0,13;3,0;0,0;0,0;0,19;0,0;0,0;0,0;18,0;10,0;14,0;17,0;0,0;10,0;0,0;;0,0;;;0,0;;;;;0,0;;;;;No;No;No;No;No;No;No;No;No;No
1085,0;Benjamin Henrichs;de GER;DF;RB Leipzig;de Bundesliga;29,0;1997,0;9,0;2,0;189,0;2,1;0,0;0,0;0,0;0,0;0,0;0,0;0,0;0,0;0,0;3,0;1,0;33,3;1,43;0,48;0,0;0,0;0,0;4,0;4,0;0,0;0,0;1,0;0,0;;0,0;;;0,0;;;;;0,0;;;;;No;No;No;No;No;No;No;No;No;No
1086,0;Luis Henrique;br BRA;MF;Inter;it Serie A;24,0;2001,0;24,0;17,0;1414,0;15,7;1,0;2,0;3,0;1,0;0,0;0,0;1,0;0,0;0,19;14,0;6,0;42,9;0,89;0,38;0,07;0,17;39,0;14,0;7,0;0,0;0,0;5,0;0,0;;0,0;;;0,0;;;;;0,0;;;;;No;No;No;No;No;No;No;No;No;No
1087,0;Rico Henry;jm JAM;DF;Brentford;eng Premier League;28,0;1997,0;25,0;14,0;1328,0;14,8;0,0;1,0;1,0;0,0;0,0;0,0;2,0;0,0;0,07;5,0;0,0;0,0;0,34;0,0;0,0;0,0;26,0;11,0;7,0;17,0;0,0;15,0;0,0;;0,0;;;0,0;;;;;0,0;;;;;No;No;No;No;No;No;No;No;No;No
1088,0;Pharell Hensel;de GER;MF;Wolfsburg;de Bundesliga;19,0;2007,0;5,0;1,0;69,0;0,8;0,0;0,0;0,0;0,0;0,0;0,0;0,0;0,0;0,0;1,0;0,0;0,0;1,3;0,0;0,0;0,0;0,0;1,0;0,0;1,0;0,0;0,0;0,0;;0,0;;;0,0;;;;;0,0;;;;;No;No;No;No;No;No;No;No;No;No
1089,0;Mads Hermansen;dk DEN;GK;West Ham United;eng Premier League;25,0;2000,0;10,0;10,0;900,0;10,0;0,0;0,0;0,0;0,0;0,0;0,0;0,0;0,0;0,0;0,0;0,0;0,0;0,0;0,0;0,0;0,0;0,0;0,0;0,0;1,0;0,0;0,0;0,0;18,0;1,8;50,0;32,0;64,0;3,0;3,0;4,0;4,0;40,0;0,0;0,0;0,0;0,0;No;No;No;No;No;No;No;No;No;No
1090,0;Mario Hermoso;es ESP;DF;Roma;it Serie A;30,0;1995,0;18,0;16,0;1361,0;15,1;1,0;0,0;1,0;1,0;0,0;0,0;6,0;0,0;0,07;8,0;3,0;37,5;0,53;0,2;0,13;0,33;7,0;14,0;24,0;14,0;0,0;28,0;0,0;;0,0;;;0,0;;;;;0,0;;;;;No;No;No;No;No;No;No;No;No;No
1091,0;Lucas Hernández;fr FRA;DF;Paris Saint-Germain;fr Ligue 1;30,0;1996,0;17,0;13,0;1161,0;12,9;0,0;2,0;2,0;0,0;0,0;0,0;2,0;0,0;0,16;7,0;2,0;28,6;0,54;0,16;0,0;0,0;9,0;7,0;14,0;15,0;0,0;14,0;0,0;;0,0;;;0,0;;;;;0,0;;;;;No;No;No;No;No;No;No;No;No;No
1092,0;Hernani;br BRA;MF;Parma;it Serie A;31,0;1994,0;4,0;0,0;73,0;0,8;0,0;0,0;0,0;0,0;0,0;0,0;0,0;0,0;0,0;1,0;0,0;0,0;1,23;0,0;0,0;0,0;2,0;0,0;1,0;3,0;0,0;2,0;0,0;;0,0;;;0,0;;;;;0,0;;;;;No;No;No;No;No;No;No;No;No;No
1093,0;Jorge Herrando;es ESP;DF;Osasuna;es La Liga;25,0;2001,0;24,0;14,0;1399,0;15,5;0,0;1,0;1,0;0,0;0,0;0,0;2,0;0,0;0,06;3,0;0,0;0,0;0,19;0,0;0,0;0,0;2,0;13,0;20,0;8,0;0,0;22,0;0,0;;0,0;;;0,0;;;;;0,0;;;;;No;No;No;No;No;No;No;No;No;No
1094,0;Sergio Herrera;es ESP;GK;Osasuna;es La Liga;32,0;1993,0;28,0;28,0;2520,0;28,0;0,0;0,0;0,0;0,0;0,0;0,0;3,0;0,0;0,0;0,0;0,0;0,0;0,0;0,0;0,0;0,0;0,0;0,0;0,0;4,0;0,0;2,0;0,0;35,0;1,25;124,0;96,0;77,4;9,0;7,0;12,0;6,0;21,4;7,0;7,0;0,0;0,0;No;No;No;No;No;No;No;No;No;No
1095,0;Yangel Herrera;ve VEN;MF;Girona;es La Liga;28,0;1998,0;2,0;2,0;110,0;1,2;0,0;0,0;0,0;0,0;0,0;0,0;0,0;0,0;0,0;1,0;0,0;0,0;0,82;0,0;0,0;0,0;2,0;1,0;1,0;3,0;0,0;1,0;0,0;;0,0;;;0,0;;;;;0,0;;;;;No;No;No;No;No;No;No;No;No;No
1096,0;Yangel Herrera;ve VEN;MF;Real Sociedad;es La Liga;28,0;1998,0;8,0;4,0;304,0;3,4;0,0;0,0;0,0;0,0;0,0;0,0;1,0;0,0;0,0;5,0;1,0;20,0;1,48;0,3;0,0;0,0;0,0;3,0;1,0;11,0;0,0;10,0;0,0;;0,0;;;0,0;;;;;0,0;;;;;No;No;No;No;No;No;No;No;No;No
1097,0;Charles Herrmann;de GER;FW;Gladbach;de Bundesliga;20,0;2006,0;1,0;0,0;5,0;0,1;0,0;1,0;1,0;0,0;0,0;0,0;0,0;0,0;18,0;0,0;0,0;0,0;0,0;0,0;0,0;0,0;1,0;0,0;1,0;0,0;0,0;1,0;0,0;;0,0;;;0,0;;;;;0,0;;;;;No;No;No;No;No;No;No;No;No;No
1098,0;Daniel Heuer Fernandes;pt POR;GK;Hamburger SV;de Bundesliga;33,0;1992,0;26,0;26,0;2340,0;26,0;0,0;0,0;0,0;0,0;0,0;0,0;3,0;0,0;0,0;1,0;0,0;0,0;0,04;0,0;0,0;0,0;0,0;0,0;0,0;4,0;0,0;0,0;0,0;37,0;1,42;106,0;75,0;68,9;7,0;9,0;10,0;6,0;23,1;6,0;4,0;2,0;0,0;No;No;No;No;No;No;No;No;No;No
1099,0;Aaron Hickey;sct SCO;DF;Brentford;eng Premier League;23,0;2002,0;18,0;7,0;599,0;6,7;0,0;0,0;0,0;0,0;0,0;0,0;1,0;0,0;0,0;5,0;1,0;20,0;0,75;0,15;0,0;0,0;4,0;6,0;7,0;8,0;0,0;6,0;0,0;;0,0;;;0,0;;;;;0,0;;;;;No;No;No;No;No;No;No;No;No;No
1100,0;Santiago Hidalgo;ar ARG;FW,MF;Toulouse;fr Ligue 1;21,0;2005,0;22,0;9,0;946,0;10,5;4,0;4,0;8,0;4,0;0,0;0,0;3,0;0,0;0,76;24,0;10,0;41,7;2,28;0,95;0,17;0,4;9,0;13,0;5,0;22,0;0,0;27,0;0,0;;0,0;;;0,0;;;;;0,0;;;;;No;No;No;No;No;No;No;No;No;No
1101,0;Isak Hien;se SWE;DF;Atalanta;it Serie A;27,0;1999,0;24,0;18,0;1741,0;19,3;1,0;0,0;1,0;1,0;0,0;0,0;3,0;0,0;0,05;8,0;3,0;37,5;0,41;0,16;0,13;0,33;0,0;31,0;22,0;15,0;0,0;32,0;1,0;;0,0;;;0,0;;;;;0,0;;;;;No;No;No;No;No;No;No;No;No;No
1102,0;Asier Hierro;es ESP;FW;Athletic Club;es La Liga;20,0;2005,0;1,0;0,0;34,0;0,4;0,0;0,0;0,0;0,0;0,0;0,0;0,0;0,0;0,0;1,0;0,0;0,0;2,65;0,0;0,0;0,0;0,0;0,0;0,0;0,0;0,0;0,0;0,0;;0,0;;;0,0;;;;;0,0;;;;;No;No;No;No;No;No;No;No;No;No
1103,0;Omar El Hilali;ma MAR;DF;Espanyol;es La Liga;22,0;2003,0;26,0;23,0;2030,0;22,6;0,0;2,0;2,0;0,0;0,0;0,0;5,0;0,0;0,09;1,0;0,0;0,0;0,04;0,0;0,0;0,0;40,0;40,0;27,0;18,0;0,0;30,0;0,0;;0,0;;;0,0;;;;;0,0;;;;;No;No;No;No;No;No;No;No;No;No
1104,0;James Hill;eng ENG;DF;Bournemouth;eng Premier League;24,0;2002,0;21,0;14,0;1386,0;15,4;0,0;3,0;3,0;0,0;0,0;0,0;2,0;0,0;0,19;8,0;1,0;12,5;0,52;0,06;0,0;0,0;9,0;12,0;27,0;10,0;0,0;11,0;0,0;;0,0;;;0,0;;;;;0,0;;;;;No;No;No;No;No;No;No;No;No;No
1105,0;Rémi Himbert;fr FRA;FW;Lyon;fr Ligue 1;18,0;2008,0;6,0;1,0;131,0;1,5;1,0;0,0;1,0;1,0;0,0;0,0;0,0;0,0;0,69;10,0;1,0;10,0;6,87;0,69;0,1;1,0;2,0;3,0;0,0;4,0;0,0;2,0;0,0;;0,0;;;0,0;;;;;0,0;;;;;No;No;No;No;No;No;No;No;No;No
1106,0;Piero Hincapié;ec ECU;DF;Arsenal;eng Premier League;24,0;2002,0;21,0;17,0;1503,0;16,7;1,0;2,0;3,0;1,0;0,0;0,0;2,0;0,0;0,18;2,0;1,0;50,0;0,12;0,06;0,5;1,0;28,0;21,0;20,0;12,0;0,0;16,0;1,0;;0,0;;;0,0;;;;;0,0;;;;;No;No;No;No;No;No;No;No;No;No
1107,0;Piero Hincapié;ec ECU;DF;Leverkusen;de Bundesliga;24,0;2002,0;1,0;1,0;90,0;1,0;0,0;0,0;0,0;0,0;0,0;0,0;0,0;0,0;0,0;2,0;1,0;50,0;2,0;1,0;0,0;0,0;0,0;0,0;2,0;0,0;0,0;2,0;0,0;;0,0;;;0,0;;;;;0,0;;;;;No;No;No;No;No;No;No;No;No;No
1108,0;Jack Hinshelwood;eng ENG;MF;Brighton;eng Premier League;20,0;2005,0;19,0;12,0;1094,0;12,2;1,0;2,0;3,0;1,0;0,0;0,0;0,0;0,0;0,25;22,0;7,0;31,8;1,81;0,58;0,05;0,14;4,0;10,0;5,0;6,0;0,0;25,0;1,0;;0,0;;;0,0;;;;;0,0;;;;;No;No;No;No;No;No;No;No;No;No
1109,0;Adam Hložek;cz CZE;FW,MF;Hoffenheim;de Bundesliga;23,0;2002,0;3,0;0,0;24,0;0,3;0,0;0,0;0,0;0,0;0,0;0,0;0,0;0,0;0,0;1,0;1,0;100,0;3,75;3,75;0,0;0,0;0,0;0,0;0,0;0,0;0,0;0,0;0,0;;0,0;;;0,0;;;;;0,0;;;;;No;No;No;No;No;No;No;No;No;No
1110,0;Ki-Jana Hoever;nl NED;MF,DF;Wolves;eng Premier League;24,0;2002,0;8,0;6,0;425,0;4,7;0,0;0,0;0,0;0,0;0,0;0,0;0,0;0,0;0,0;1,0;1,0;100,0;0,21;0,21;0,0;0,0;22,0;11,0;5,0;3,0;0,0;3,0;0,0;;0,0;;;0,0;;;;;0,0;;;;;No;No;No;No;No;No;No;No;No;No
1111,0;Nicolas Höfler;de GER;MF;Freiburg;de Bundesliga;36,0;1990,0;7,0;0,0;82,0;0,9;0,0;0,0;0,0;0,0;0,0;0,0;0,0;0,0;0,0;2,0;1,0;50,0;2,2;1,1;0,0;0,0;0,0;1,0;1,0;1,0;0,0;2,0;0,0;;0,0;;;0,0;;;;;0,0;;;;;No;No;No;No;No;No;No;No;No;No
1112,0;Jonas Hofmann;de GER;MF;Leverkusen;de Bundesliga;33,0;1992,0;21,0;11,0;974,0;10,8;2,0;2,0;4,0;2,0;0,0;0,0;3,0;0,0;0,37;21,0;7,0;33,3;1,94;0,65;0,1;0,29;35,0;10,0;2,0;9,0;0,0;4,0;0,0;;0,0;;;0,0;;;;;0,0;;;;;No;No;No;No;No;No;No;No;No;No
1113,0;Malthe Hojholt;dk DEN;MF;Pisa;it Serie A;24,0;2001,0;11,0;5,0;471,0;5,2;0,0;0,0;0,0;0,0;0,0;0,0;1,0;0,0;0,0;3,0;1,0;33,3;0,57;0,19;0,0;0,0;4,0;5,0;6,0;3,0;0,0;9,0;0,0;;0,0;;;0,0;;;;;0,0;;;;;No;No;No;No;No;No;No;No;No;No
1114,0;Lucas Höler;de GER;FW,MF;Freiburg;de Bundesliga;31,0;1994,0;25,0;19,0;1508,0;16,8;1,0;1,0;2,0;1,0;0,0;0,0;1,0;0,0;0,12;20,0;10,0;50,0;1,19;0,6;0,05;0,1;8,0;7,0;7,0;23,0;0,0;20,0;0,0;;0,0;;;0,0;;;;;0,0;;;;;No;No;No;No;No;No;No;No;No;No
1115,0;Benedict Hollerbach;de GER;FW,MF;Mainz 05;de Bundesliga;24,0;2001,0;14,0;13,0;872,0;9,7;1,0;3,0;4,0;1,0;0,0;0,0;0,0;0,0;0,41;22,0;6,0;27,3;2,27;0,62;0,05;0,17;20,0;8,0;1,0;12,0;0,0;18,0;0,0;;0,0;;;0,0;;;;;0,0;;;;;No;No;No;No;No;No;No;No;No;No
1116,0;Emil Holm;se SWE;DF;Bologna;it Serie A;25,0;2000,0;11,0;8,0;655,0;7,3;1,0;4,0;5,0;1,0;0,0;0,0;3,0;1,0;0,69;8,0;1,0;12,5;1,1;0,14;0,13;1,0;23,0;13,0;7,0;14,0;1,0;11,0;0,0;;0,0;;;0,0;;;;;0,0;;;;;No;No;No;No;No;No;No;No;No;No
1117,0;Emil Holm;se SWE;DF,MF;Juventus;it Serie A;25,0;2000,0;1,0;0,0;45,0;0,5;0,0;0,0;0,0;0,0;0,0;0,0;0,0;0,0;0,0;1,0;0,0;0,0;2,0;0,0;0,0;0,0;2,0;0,0;0,0;0,0;0,0;0,0;0,0;;0,0;;;0,0;;;;;0,0;;;;;No;No;No;No;No;No;No;No;No;No
1118,0;Franck Honorat;fr FRA;MF,FW;Gladbach;de Bundesliga;29,0;1996,0;20,0;18,0;1456,0;16,2;1,0;5,0;6,0;1,0;0,0;0,0;0,0;0,0;0,37;15,0;4,0;26,7;0,93;0,25;0,07;0,25;104,0;8,0;4,0;5,0;0,0;9,0;0,0;;0,0;;;0,0;;;;;0,0;;;;;No;No;No;No;No;No;No;No;No;No
1119,0;Mathias Honsak;at AUT;MF,FW;Heidenheim;de Bundesliga;29,0;1996,0;22,0;12,0;1011,0;11,2;0,0;0,0;0,0;0,0;0,0;0,0;1,0;0,0;0,0;25,0;4,0;16,0;2,23;0,36;0,0;0,0;23,0;10,0;16,0;13,0;0,0;10,0;0,0;;0,0;;;0,0;;;;;0,0;;;;;No;No;No;No;No;No;No;No;No;No
1120,0;Ali Houary;ma MAR;MF;Elche;es La Liga;20,0;2005,0;2,0;2,0;123,0;1,4;0,0;0,0;0,0;0,0;0,0;0,0;0,0;0,0;0,0;2,0;0,0;0,0;1,46;0,0;0,0;0,0;0,0;2,0;1,0;2,0;0,0;7,0;0,0;;0,0;;;0,0;;;;;0,0;;;;;No;No;No;No;No;No;No;No;No;No
1121,0;Andreas Hountondji;bj BEN;FW,MF;St Pauli;de Bundesliga;23,0;2002,0;13,0;9,0;634,0;7,0;4,0;0,0;4,0;4,0;0,0;1,0;1,0;0,0;0,57;13,0;7,0;53,8;1,85;0,99;0,31;0,57;19,0;0,0;0,0;5,0;0,0;7,0;0,0;;0,0;;;0,0;;;;;0,0;;;;;No;No;No;No;No;No;No;No;No;No
1122,0;Harry Howell;eng ENG;MF;Brighton;eng Premier League;17,0;2008,0;3,0;1,0;94,0;1,0;0,0;0,0;0,0;0,0;0,0;0,0;0,0;0,0;0,0;0,0;0,0;0,0;0,0;0,0;0,0;0,0;4,0;0,0;0,0;0,0;0,0;0,0;0,0;;0,0;;;0,0;;;;;0,0;;;;;No;No;No;No;No;No;No;No;No;No
1123,0;Lukáš Hrádecký;fi FIN;GK;Monaco;fr Ligue 1;36,0;1989,0;9,0;9,0;719,0;8,0;0,0;0,0;0,0;0,0;0,0;0,0;0,0;0,0;0,0;0,0;0,0;0,0;0,0;0,0;0,0;0,0;0,0;1,0;0,0;0,0;0,0;0,0;0,0;10,0;1,25;30,0;22,0;73,3;4,0;0,0;5,0;2,0;22,2;3,0;2,0;0,0;1,0;No;No;No;No;No;No;No;No;No;No
1124,0;Robin Hranáč;cz CZE;DF;Hoffenheim;de Bundesliga;26,0;2000,0;24,0;23,0;2032,0;22,6;0,0;0,0;0,0;0,0;0,0;0,0;4,0;0,0;0,0;7,0;2,0;28,6;0,31;0,09;0,0;0,0;5,0;14,0;17,0;10,0;0,0;21,0;0,0;;0,0;;;0,0;;;;;0,0;;;;;No;No;No;No;No;No;No;No;No;No
1125,0;Timo Hübers;de GER;DF;Köln;de Bundesliga;29,0;1996,0;8,0;8,0;675,0;7,5;0,0;0,0;0,0;0,0;0,0;0,0;0,0;0,0;0,0;0,0;0,0;0,0;0,0;0,0;0,0;0,0;1,0;9,0;10,0;10,0;0,0;8,0;0,0;;0,0;;;0,0;;;;;0,0;;;;;No;No;No;No;No;No;No;No;No;No
1126,0;Callum Hudson-Odoi;eng ENG;MF;Nottingham Forest;eng Premier League;25,0;2000,0;28,0;19,0;1682,0;18,7;3,0;2,0;5,0;3,0;0,0;0,0;0,0;0,0;0,27;28,0;10,0;35,7;1,5;0,54;0,11;0,3;86,0;6,0;8,0;11,0;0,0;11,0;0,0;;0,0;;;0,0;;;;;0,0;;;;;No;No;No;No;No;No;No;No;No;No
1127,0;Will Hughes;eng ENG;MF;Crystal Palace;eng Premier League;30,0;1995,0;27,0;15,0;1301,0;14,5;0,0;0,0;0,0;0,0;0,0;0,0;7,0;0,0;0,0;17,0;0,0;0,0;1,18;0,0;0,0;0,0;38,0;15,0;11,0;19,0;0,0;20,0;0,0;;0,0;;;0,0;;;;;0,0;;;;;No;No;No;No;No;No;No;No;No;No
1128,0;Dean Huijsen;es ESP;DF;Real Madrid;es La Liga;20,0;2005,0;20,0;18,0;1496,0;16,6;2,0;2,0;4,0;2,0;0,0;0,0;5,0;1,0;0,24;17,0;4,0;23,5;1,02;0,24;0,12;0,5;1,0;11,0;16,0;9,0;0,0;17,0;0,0;;0,0;;;0,0;;;;;0,0;;;;;Sí;Sí;Sí;Sí;Sí;No;No;No;No;No
1129,0;Trai Hume;nir NIR;DF,MF;Sunderland;eng Premier League;23,0;2002,0;30,0;28,0;2491,0;27,7;0,0;1,0;1,0;0,0;0,0;0,0;7,0;0,0;0,04;26,0;5,0;19,2;0,94;0,18;0,0;0,0;78,0;39,0;21,0;31,0;0,0;21,0;0,0;;0,0;;;0,0;;;;;0,0;;;;;No;No;No;No;No;No;No;No;No;No
1130,0;Bashir Humphreys;eng ENG;DF,MF;Burnley;eng Premier League;23,0;2003,0;14,0;12,0;1152,0;12,8;0,0;0,0;0,0;0,0;0,0;0,0;5,0;0,0;0,0;7,0;1,0;14,3;0,55;0,08;0,0;0,0;14,0;14,0;7,0;6,0;0,0;13,0;0,0;;0,0;;;0,0;;;;;0,0;;;;;No;No;No;No;No;No;No;No;No;No
1131,0;Denis Huseinbasic;ba BIH;MF;Köln;de Bundesliga;24,0;2001,0;14,0;8,0;660,0;7,3;0,0;0,0;0,0;0,0;0,0;0,0;1,0;0,0;0,0;6,0;0,0;0,0;0,82;0,0;0,0;0,0;1,0;9,0;5,0;8,0;0,0;8,0;0,0;;0,0;;;0,0;;;;;0,0;;;;;No;No;No;No;No;No;No;No;No;No
1132,0;Omari Hutchinson;eng ENG;MF;Nottingham Forest;eng Premier League;22,0;2003,0;23,0;11,0;1208,0;13,4;1,0;3,0;4,0;1,0;0,0;0,0;0,0;0,0;0,3;21,0;9,0;42,9;1,56;0,67;0,05;0,11;113,0;8,0;7,0;16,0;0,0;17,0;0,0;;0,0;;;0,0;;;;;0,0;;;;;No;No;No;No;No;No;No;No;No;No
1133,0;Kwon Hyeokkyu;kr KOR;MF;Nantes;fr Ligue 1;25,0;2001,0;12,0;9,0;753,0;8,4;0,0;0,0;0,0;0,0;0,0;0,0;2,0;0,0;0,0;3,0;0,0;0,0;0,36;0,0;0,0;0,0;1,0;6,0;6,0;10,0;0,0;11,0;0,0;;0,0;;;0,0;;;;;0,0;;;;;No;No;No;No;No;No;No;No;No;No
1134,0;Elseid Hysaj;al ALB;DF;Lazio;it Serie A;32,0;1994,0;4,0;1,0;165,0;1,8;0,0;0,0;0,0;0,0;0,0;0,0;0,0;0,0;0,0;0,0;0,0;0,0;0,0;0,0;0,0;0,0;2,0;0,0;2,0;1,0;0,0;0,0;0,0;;0,0;;;0,0;;;;;0,0;;;;;No;No;No;No;No;No;No;No;No;No
1135,0;Hong Hyunseok;kr KOR;MF;Nantes;fr Ligue 1;26,0;1999,0;6,0;3,0;284,0;3,2;0,0;0,0;0,0;0,0;0,0;0,0;0,0;0,0;0,0;4,0;2,0;50,0;1,27;0,63;0,0;0,0;14,0;7,0;2,0;1,0;0,0;0,0;0,0;;0,0;;;0,0;;;;;0,0;;;;;No;No;No;No;No;No;No;No;No;No
1136,0;Lucas Høgsberg;dk DEN;DF;Strasbourg;fr Ligue 1;19,0;2006,0;16,0;15,0;1248,0;13,9;0,0;0,0;0,0;0,0;0,0;0,0;3,0;1,0;0,0;4,0;1,0;25,0;0,29;0,07;0,0;0,0;0,0;7,0;8,0;8,0;1,0;13,0;0,0;;0,0;;;0,0;;;;;0,0;;;;;No;No;No;No;No;No;No;No;No;No
1137,0;Pierre Højbjerg;dk DEN;MF;Marseille;fr Ligue 1;30,0;1995,0;24,0;22,0;2018,0;22,4;2,0;4,0;6,0;2,0;0,0;0,0;3,0;0,0;0,27;33,0;11,0;33,3;1,47;0,49;0,06;0,18;6,0;16,0;19,0;34,0;0,0;24,0;0,0;;0,0;;;0,0;;;;;0,0;;;;;No;No;No;No;No;No;No;No;No;No
1138,0;Oscar Højlund;dk DEN;MF;Eintracht Frankfurt;de Bundesliga;21,0;2005,0;19,0;7,0;741,0;8,2;0,0;1,0;1,0;0,0;0,0;0,0;3,0;1,0;0,12;2,0;0,0;0,0;0,24;0,0;0,0;0,0;1,0;15,0;5,0;3,0;1,0;19,0;0,0;;0,0;;;0,0;;;;;0,0;;;;;No;No;No;No;No;No;No;No;No;No
1139,0;Rasmus Højlund;dk DEN;FW;Napoli;it Serie A;23,0;2003,0;25,0;24,0;2085,0;23,2;10,0;2,0;12,0;9,0;1,0;1,0;1,0;0,0;0,47;45,0;22,0;48,9;1,94;0,95;0,2;0,41;3,0;1,0;0,0;43,0;0,0;30,0;0,0;;0,0;;;0,0;;;;;0,0;;;;;No;No;No;No;No;No;No;No;No;No
1140,0;Edoardo Iannoni;it ITA;MF;Sassuolo;it Serie A;24,0;2001,0;13,0;1,0;238,0;2,6;1,0;0,0;1,0;1,0;0,0;0,0;3,0;0,0;0,38;3,0;1,0;33,3;1,13;0,38;0,33;1,0;1,0;3,0;3,0;0,0;0,0;11,0;0,0;;0,0;;;0,0;;;;;0,0;;;;;No;No;No;No;No;No;No;No;No;No
1141,0;Pablo Ibáñez;es ESP;MF;Alavés;es La Liga;27,0;1998,0;27,0;21,0;1695,0;18,8;1,0;1,0;2,0;1,0;0,0;0,0;5,0;0,0;0,11;38,0;11,0;28,9;2,02;0,58;0,03;0,09;28,0;23,0;15,0;52,0;0,0;28,0;0,0;;0,0;;;0,0;;;;;0,0;;;;;No;No;No;No;No;No;No;No;No;No
1142,0;Arijon Ibrahimović;de GER;MF;Heidenheim;de Bundesliga;20,0;2005,0;25,0;21,0;1835,0;20,4;1,0;2,0;3,0;0,0;1,0;1,0;2,0;0,0;0,1;41,0;17,0;41,5;2,01;0,83;0,0;0,0;106,0;15,0;18,0;24,0;0,0;10,0;0,0;;0,0;;;0,0;;;;;0,0;;;;;No;No;No;No;No;No;No;No;No;No
1143,0;Riyad Idrissi;it ITA;MF,DF;Cagliari;it Serie A;20,0;2005,0;23,0;4,0;783,0;8,7;2,0;0,0;2,0;2,0;0,0;0,0;3,0;0,0;0,23;6,0;6,0;100,0;0,69;0,69;0,33;0,33;23,0;15,0;9,0;6,0;0,0;9,0;0,0;;0,0;;;0,0;;;;;0,0;;;;;No;No;No;No;No;No;No;No;No;No
1144,0;Stanis Idumbo;be BEL;MF;Sevilla;es La Liga;20,0;2005,0;1,0;1,0;45,0;0,5;0,0;0,0;0,0;0,0;0,0;0,0;0,0;0,0;0,0;1,0;0,0;0,0;2,0;0,0;0,0;0,0;0,0;0,0;0,0;0,0;0,0;0,0;0,0;;0,0;;;0,0;;;;;0,0;;;;;No;No;No;No;No;No;No;No;No;No
1145,0;Stanis Idumbo;be BEL;MF;Monaco;fr Ligue 1;20,0;2005,0;8,0;0,0;171,0;1,9;1,0;1,0;2,0;1,0;0,0;0,0;0,0;0,0;1,05;6,0;2,0;33,3;3,16;1,05;0,17;0,5;1,0;3,0;0,0;2,0;0,0;3,0;0,0;;0,0;;;0,0;;;;;0,0;;;;;No;No;No;No;No;No;No;No;No;No
1146,0;Jay Idzes;id IDN;DF;Sassuolo;it Serie A;25,0;2000,0;28,0;28,0;2519,0;28,0;0,0;0,0;0,0;0,0;0,0;0,0;2,0;0,0;0,0;4,0;0,0;0,0;0,14;0,0;0,0;0,0;1,0;13,0;33,0;11,0;0,0;29,0;0,0;;0,0;;;0,0;;;;;0,0;;;;;No;No;No;No;No;No;No;No;No;No
1147,0;Hamza Igamane;ma MAR;FW;Lille;fr Ligue 1;23,0;2002,0;13,0;4,0;432,0;4,8;5,0;1,0;6,0;5,0;0,0;0,0;2,0;0,0;1,25;24,0;9,0;37,5;5,0;1,87;0,21;0,56;5,0;4,0;2,0;3,0;0,0;6,0;0,0;;0,0;;;0,0;;;;;0,0;;;;;No;No;No;No;No;No;No;No;No;No
1148,0;Iglesias;es ESP;DF,MF;Getafe;es La Liga;27,0;1998,0;27,0;26,0;2290,0;25,4;1,0;2,0;3,0;1,0;0,0;0,0;3,0;0,0;0,12;19,0;3,0;15,8;0,75;0,12;0,05;0,33;67,0;55,0;19,0;51,0;0,0;48,0;1,0;;0,0;;;0,0;;;;;0,0;;;;;No;No;No;No;No;No;No;No;No;No
1149,0;Borja Iglesias;es ESP;FW;Celta Vigo;es La Liga;33,0;1993,0;25,0;16,0;1437,0;16,0;11,0;2,0;13,0;8,0;3,0;3,0;6,0;0,0;0,63;40,0;22,0;55,0;2,51;1,38;0,2;0,36;2,0;3,0;0,0;19,0;0,0;30,0;0,0;;0,0;;;0,0;;;;;0,0;;;;;Sí;Sí;No;No;No;No;No;No;No;No
1150,0;Igor;br BRA;DF;West Ham United;eng Premier League;28,0;1998,0;4,0;1,0;105,0;1,2;0,0;0,0;0,0;0,0;0,0;0,0;0,0;0,0;0,0;0,0;0,0;0,0;0,0;0,0;0,0;0,0;0,0;0,0;1,0;0,0;0,0;1,0;0,0;;0,0;;;0,0;;;;;0,0;;;;;No;No;No;No;No;No;No;No;No;No
1151,0;Jonathan Ikone;fr FRA;MF,FW;Paris FC;fr Ligue 1;27,0;1998,0;16,0;7,0;649,0;7,2;1,0;0,0;1,0;1,0;0,0;0,0;1,0;0,0;0,14;11,0;3,0;27,3;1,53;0,42;0,09;0,33;3,0;8,0;2,0;7,0;0,0;9,0;0,0;;0,0;;;0,0;;;;;0,0;;;;;No;No;No;No;No;No;No;No;No;No
1152,0;George Ilenikhena;ng NGA;FW;Monaco;fr Ligue 1;19,0;2006,0;15,0;3,0;385,0;4,3;2,0;0,0;2,0;2,0;0,0;0,0;0,0;0,0;0,47;15,0;7,0;46,7;3,51;1,64;0,13;0,29;0,0;0,0;0,0;6,0;0,0;2,0;0,0;;0,0;;;0,0;;;;;0,0;;;;;No;No;No;No;No;No;No;No;No;No
1153,0;Andrej Ilic;rs SRB;FW;Union Berlin;de Bundesliga;25,0;2000,0;24,0;18,0;1676,0;18,6;1,0;8,0;9,0;1,0;0,0;1,0;5,0;0,0;0,48;48,0;14,0;29,2;2,58;0,75;0,02;0,07;13,0;2,0;1,0;19,0;0,0;27,0;0,0;;0,0;;;0,0;;;;;0,0;;;;;No;No;No;No;No;No;No;No;No;No
1154,0;Ivan Ilić;rs SRB;MF;Torino;it Serie A;25,0;2001,0;8,0;5,0;416,0;4,6;0,0;0,0;0,0;0,0;0,0;0,0;2,0;0,0;0,0;0,0;0,0;0,0;0,0;0,0;0,0;0,0;2,0;5,0;5,0;4,0;0,0;9,0;0,0;;0,0;;;0,0;;;;;0,0;;;;;No;No;No;No;No;No;No;No;No;No
1155,0;Luka Ilić;rs SRB;MF,FW;Oviedo;es La Liga;26,0;1999,0;18,0;8,0;714,0;7,9;1,0;0,0;1,0;1,0;0,0;0,0;4,0;1,0;0,13;9,0;5,0;55,6;1,13;0,63;0,11;0,2;7,0;4,0;7,0;7,0;1,0;16,0;0,0;;0,0;;;0,0;;;;;0,0;;;;;No;No;No;No;No;No;No;No;No;No
1156,0;Samuel Iling-Junior;eng ENG;MF;Pisa;it Serie A;22,0;2003,0;4,0;1,0;95,0;1,1;0,0;0,0;0,0;0,0;0,0;0,0;0,0;0,0;0,0;0,0;0,0;0,0;0,0;0,0;0,0;0,0;5,0;1,0;0,0;0,0;0,0;1,0;0,0;;0,0;;;0,0;;;;;0,0;;;;;No;No;No;No;No;No;No;No;No;No
1157,0;Emirhan İlkhan;tr TUR;MF;Torino;it Serie A;21,0;2004,0;13,0;9,0;657,0;7,3;1,0;1,0;2,0;1,0;0,0;0,0;1,0;1,0;0,27;6,0;3,0;50,0;0,82;0,41;0,17;0,33;3,0;14,0;10,0;13,0;0,0;9,0;0,0;;0,0;;;0,0;;;;;0,0;;;;;No;No;No;No;No;No;No;No;No;No
1158,0;Ciro Immobile;it ITA;FW;Paris FC;fr Ligue 1;36,0;1990,0;6,0;5,0;380,0;4,2;0,0;0,0;0,0;0,0;0,0;0,0;1,0;0,0;0,0;5,0;2,0;40,0;1,18;0,47;0,0;0,0;2,0;0,0;0,0;0,0;0,0;4,0;0,0;;0,0;;;0,0;;;;;0,0;;;;;No;No;No;No;No;No;No;No;No;No
1159,0;Ciro Immobile;it ITA;FW;Bologna;it Serie A;36,0;1990,0;6,0;2,0;193,0;2,1;0,0;0,0;0,0;0,0;0,0;0,0;1,0;0,0;0,0;2,0;0,0;0,0;0,93;0,0;0,0;0,0;3,0;0,0;0,0;3,0;0,0;8,0;0,0;;0,0;;;0,0;;;;;0,0;;;;;No;No;No;No;No;No;No;No;No;No
1160,0;Samuele Inácio;it ITA;FW;Dortmund;de Bundesliga;17,0;2008,0;1,0;0,0;16,0;0,2;0,0;0,0;0,0;0,0;0,0;0,0;0,0;0,0;0,0;1,0;0,0;0,0;5,63;0,0;0,0;0,0;1,0;0,0;0,0;1,0;0,0;0,0;0,0;;0,0;;;0,0;;;;;0,0;;;;;No;No;No;No;No;No;No;No;No;No
1161,0;Cyriaque Irié;bf BFA;MF;Freiburg;de Bundesliga;20,0;2005,0;6,0;2,0;210,0;2,3;0,0;0,0;0,0;0,0;0,0;0,0;3,0;0,0;0,0;5,0;0,0;0,0;2,14;0,0;0,0;0,0;2,0;4,0;2,0;8,0;0,0;6,0;0,0;;0,0;;;0,0;;;;;0,0;;;;;No;No;No;No;No;No;No;No;No;No
1162,0;Tim Iroegbunam;eng ENG;MF;Everton;eng Premier League;22,0;2003,0;22,0;13,0;1108,0;12,3;0,0;2,0;2,0;0,0;0,0;0,0;8,0;0,0;0,16;8,0;0,0;0,0;0,65;0,0;0,0;0,0;2,0;36,0;19,0;19,0;0,0;22,0;0,0;;0,0;;;0,0;;;;;0,0;;;;;No;No;No;No;No;No;No;No;No;No
1163,0;Jackson Irvine;au AUS;MF;St Pauli;de Bundesliga;33,0;1993,0;17,0;11,0;1003,0;11,1;0,0;0,0;0,0;0,0;0,0;0,0;0,0;0,0;0,0;15,0;3,0;20,0;1,35;0,27;0,0;0,0;8,0;6,0;18,0;9,0;0,0;13,0;0,0;;0,0;;;0,0;;;;;0,0;;;;;No;No;No;No;No;No;No;No;No;No
1164,0;Andy Irving;sct SCO;MF;West Ham United;eng Premier League;25,0;2000,0;7,0;2,0;158,0;1,8;0,0;0,0;0,0;0,0;0,0;0,0;0,0;0,0;0,0;0,0;0,0;0,0;0,0;0,0;0,0;0,0;12,0;4,0;1,0;0,0;0,0;1,0;0,0;;0,0;;;0,0;;;;;0,0;;;;;No;No;No;No;No;No;No;No;No;No
1165,0;Isaac;br BRA;FW;Hellas Verona;it Serie A;21,0;2004,0;1,0;0,0;20,0;0,2;0,0;0,0;0,0;0,0;0,0;0,0;0,0;0,0;0,0;0,0;0,0;0,0;0,0;0,0;0,0;0,0;1,0;0,0;0,0;0,0;0,0;0,0;0,0;;0,0;;;0,0;;;;;0,0;;;;;No;No;No;No;No;No;No;No;No;No
1166,0;Alexander Isak;se SWE;FW;Liverpool;eng Premier League;26,0;1999,0;10,0;6,0;504,0;5,6;2,0;1,0;3,0;2,0;0,0;0,0;0,0;0,0;0,54;15,0;4,0;26,7;2,68;0,71;0,13;0,5;2,0;5,0;0,0;0,0;0,0;5,0;0,0;;0,0;;;0,0;;;;;0,0;;;;;No;No;No;No;No;No;No;No;No;No
1167,0;Gustav Isaksen;dk DEN;FW;Lazio;it Serie A;24,0;2001,0;23,0;15,0;1291,0;14,3;4,0;1,0;5,0;4,0;0,0;0,0;0,0;0,0;0,35;38,0;14,0;36,8;2,65;0,98;0,11;0,29;23,0;7,0;7,0;44,0;0,0;16,0;0,0;;0,0;;;0,0;;;;;0,0;;;;;No;No;No;No;No;No;No;No;No;No
1168,0;Isco;es ESP;FW,MF;Real Betis;es La Liga;33,0;1992,0;1,0;0,0;31,0;0,3;0,0;1,0;1,0;0,0;0,0;0,0;0,0;0,0;2,9;2,0;0,0;0,0;5,81;0,0;0,0;0,0;2,0;0,0;0,0;2,0;0,0;0,0;0,0;;0,0;;;0,0;;;;;0,0;;;;;No;No;No;No;Sí;No;No;No;No;No
1169,0;Wilson Isidor;fr FRA;FW;Sunderland;eng Premier League;25,0;2000,0;26,0;11,0;1068,0;11,9;4,0;0,0;4,0;4,0;0,0;0,0;1,0;0,0;0,34;38,0;14,0;36,8;3,2;1,18;0,11;0,29;0,0;6,0;0,0;4,0;0,0;13,0;0,0;;0,0;;;0,0;;;;;0,0;;;;;No;No;No;No;No;No;No;No;No;No
1170,0;Ardian Ismajli;al ALB;DF;Torino;it Serie A;29,0;1996,0;20,0;16,0;1456,0;16,2;0,0;1,0;1,0;0,0;0,0;0,0;4,0;0,0;0,06;5,0;3,0;60,0;0,31;0,19;0,0;0,0;8,0;10,0;28,0;12,0;0,0;20,0;0,0;;0,0;;;0,0;;;;;0,0;;;;;No;No;No;No;No;No;No;No;No;No
1171,0;Franco Israel;uy URU;GK;Torino;it Serie A;25,0;2000,0;9,0;9,0;810,0;9,0;0,0;0,0;0,0;0,0;0,0;0,0;1,0;0,0;0,0;0,0;0,0;0,0;0,0;0,0;0,0;0,0;0,0;0,0;0,0;3,0;0,0;0,0;0,0;18,0;2,0;40,0;24,0;60,0;2,0;2,0;5,0;3,0;33,3;2,0;2,0;0,0;0,0;No;No;No;No;No;No;No;No;No;No
1172,0;Hiroki Ito;jp JPN;DF;Bayern Munich;de Bundesliga;26,0;1999,0;10,0;5,0;481,0;5,3;1,0;2,0;3,0;1,0;0,0;0,0;0,0;0,0;0,56;9,0;3,0;33,3;1,68;0,56;0,11;0,33;4,0;0,0;8,0;1,0;0,0;6,0;0,0;;0,0;;;0,0;;;;;0,0;;;;;No;No;No;No;No;No;No;No;No;No
1173,0;Alex Iwobi;ng NGA;MF;Fulham;eng Premier League;29,0;1996,0;24,0;24,0;2041,0;22,7;4,0;3,0;7,0;4,0;0,0;0,0;2,0;0,0;0,31;27,0;11,0;40,7;1,19;0,49;0,15;0,36;71,0;14,0;11,0;8,0;0,0;5,0;0,0;;0,0;;;0,0;;;;;0,0;;;;;No;No;No;No;No;No;No;No;No;No
1174,0;Urko Izeta;es ESP;FW;Athletic Club;es La Liga;26,0;1999,0;11,0;1,0;171,0;1,9;0,0;0,0;0,0;0,0;0,0;0,0;2,0;0,0;0,0;8,0;4,0;50,0;4,21;2,11;0,0;0,0;2,0;0,0;0,0;1,0;0,0;4,0;0,0;;0,0;;;0,0;;;;;0,0;;;;;No;No;No;No;No;No;No;No;No;No
1175,0;Jairo Izquierdo;es ESP;DF,FW;Elche;es La Liga;32,0;1993,0;1,0;0,0;24,0;0,3;0,0;0,0;0,0;0,0;0,0;0,0;0,0;0,0;0,0;0,0;0,0;0,0;0,0;0,0;0,0;0,0;3,0;0,0;0,0;0,0;0,0;0,0;0,0;;0,0;;;0,0;;;;;0,0;;;;;No;No;No;No;No;No;No;No;No;No
1176,0;Nicolas Jackson;sn SEN;FW;Bayern Munich;de Bundesliga;24,0;2001,0;17,0;7,0;580,0;6,4;4,0;0,0;4,0;4,0;0,0;0,0;1,0;1,0;0,62;19,0;11,0;57,9;2,95;1,71;0,21;0,36;0,0;1,0;2,0;7,0;0,0;12,0;0,0;;0,0;;;0,0;;;;;0,0;;;;;No;No;No;No;No;No;No;No;No;No
1177,0;Jérémy Jacquet;fr FRA;DF;Rennes;fr Ligue 1;20,0;2005,0;19,0;19,0;1671,0;18,6;0,0;0,0;0,0;0,0;0,0;0,0;6,0;1,0;0,0;11,0;3,0;27,3;0,59;0,16;0,0;0,0;0,0;17,0;22,0;17,0;1,0;20,0;0,0;;0,0;;;0,0;;;;;0,0;;;;;No;No;No;No;No;No;No;No;No;No
1178,0;Ricky Jade-Jones;eng ENG;FW;St Pauli;de Bundesliga;24,0;2001,0;8,0;3,0;337,0;3,7;2,0;0,0;2,0;2,0;0,0;0,0;1,0;0,0;0,53;11,0;6,0;54,5;2,94;1,6;0,18;0,33;8,0;2,0;1,0;7,0;0,0;8,0;0,0;;0,0;;;0,0;;;;;0,0;;;;;No;No;No;No;No;No;No;No;No;No
1179,0;Lee Jae-sung;kr KOR;MF,FW;Mainz 05;de Bundesliga;33,0;1992,0;24,0;24,0;1986,0;22,1;4,0;2,0;6,0;4,0;0,0;0,0;3,0;0,0;0,27;29,0;8,0;27,6;1,31;0,36;0,14;0,5;25,0;19,0;22,0;21,0;0,0;16,0;0,0;;0,0;;;0,0;;;;;0,0;;;;;No;No;No;No;No;No;No;No;No;No
1180,0;Kristijan Jakić;hr CRO;MF,DF;Augsburg;de Bundesliga;28,0;1997,0;21,0;17,0;1466,0;16,3;1,0;1,0;2,0;1,0;0,0;0,0;4,0;0,0;0,12;14,0;4,0;28,6;0,86;0,25;0,07;0,25;4,0;23,0;14,0;16,0;0,0;16,0;0,0;;0,0;;;0,0;;;;;0,0;;;;;No;No;No;No;No;No;No;No;No;No
1181,0;Karl Jakob Hein;ee EST;GK;Werder Bremen;de Bundesliga;23,0;2002,0;2,0;2,0;180,0;2,0;0,0;0,0;0,0;0,0;0,0;0,0;0,0;0,0;0,0;0,0;0,0;0,0;0,0;0,0;0,0;0,0;0,0;0,0;0,0;0,0;0,0;0,0;0,0;4,0;2,0;14,0;11,0;78,6;1,0;0,0;1,0;1,0;50,0;1,0;1,0;0,0;0,0;No;No;No;No;No;No;No;No;No;No
1182,0;Daniel James;wls WAL;FW;Leeds United;eng Premier League;28,0;1997,0;14,0;4,0;408,0;4,5;0,0;0,0;0,0;0,0;0,0;0,0;0,0;0,0;0,0;10,0;2,0;20,0;2,21;0,44;0,0;0,0;35,0;3,0;1,0;6,0;0,0;1,0;0,0;;0,0;;;0,0;;;;;0,0;;;;;No;No;No;No;No;No;No;No;No;No
1183,0;Reece James;eng ENG;DF,MF;Chelsea;eng Premier League;26,0;1999,0;27,0;20,0;1896,0;21,1;2,0;4,0;6,0;2,0;0,0;0,0;4,0;0,0;0,28;21,0;6,0;28,6;1,0;0,28;0,1;0,33;123,0;32,0;31,0;20,0;0,0;26,0;0,0;;0,0;;;0,0;;;;;0,0;;;;;No;No;No;No;No;No;No;No;No;No
1184,0;Vitaly Janelt;de GER;MF;Brentford;eng Premier League;27,0;1998,0;22,0;13,0;1261,0;14,0;1,0;4,0;5,0;1,0;0,0;0,0;7,0;0,0;0,36;12,0;3,0;25,0;0,86;0,21;0,08;0,33;53,0;16,0;26,0;12,0;0,0;17,0;0,0;;0,0;;;0,0;;;;;0,0;;;;;No;No;No;No;No;No;No;No;No;No
1185,0;Mathis Jangeal;fr FRA;FW;Paris Saint-Germain;fr Ligue 1;17,0;2008,0;1,0;0,0;11,0;0,1;0,0;0,0;0,0;0,0;0,0;0,0;0,0;0,0;0,0;0,0;0,0;0,0;0,0;0,0;0,0;0,0;0,0;0,0;0,0;0,0;0,0;1,0;0,0;;0,0;;;0,0;;;;;0,0;;;;;No;No;No;No;No;No;No;No;No;No
1186,0;Isak Jansson;se SWE;MF,FW;Nice;fr Ligue 1;24,0;2002,0;16,0;6,0;541,0;6,0;1,0;0,0;1,0;1,0;0,0;0,0;2,0;0,0;0,17;14,0;9,0;64,3;2,33;1,5;0,07;0,11;10,0;6,0;4,0;5,0;0,0;6,0;0,0;;0,0;;;0,0;;;;;0,0;;;;;No;No;No;No;No;No;No;No;No;No
1187,0;Adnan Januzaj;be BEL;MF,FW;Sevilla;es La Liga;31,0;1995,0;12,0;2,0;321,0;3,6;0,0;0,0;0,0;0,0;0,0;0,0;1,0;0,0;0,0;7,0;0,0;0,0;1,96;0,0;0,0;0,0;30,0;4,0;1,0;10,0;0,0;8,0;0,0;;0,0;;;0,0;;;;;0,0;;;;;No;No;No;No;No;No;No;No;No;No
1188,0;Luca Jaquez;ch SUI;DF;Stuttgart;de Bundesliga;22,0;2003,0;9,0;8,0;642,0;7,1;0,0;1,0;1,0;0,0;0,0;0,0;1,0;0,0;0,14;2,0;0,0;0,0;0,28;0,0;0,0;0,0;0,0;5,0;8,0;2,0;0,0;2,0;0,0;;0,0;;;0,0;;;;;0,0;;;;;No;No;No;No;No;No;No;No;No;No
1189,0;Ardon Jashari;ch SUI;MF;Milan;it Serie A;23,0;2002,0;9,0;4,0;461,0;5,1;0,0;1,0;1,0;0,0;0,0;0,0;0,0;0,0;0,2;6,0;2,0;33,3;1,17;0,39;0,0;0,0;8,0;8,0;5,0;5,0;0,0;7,0;0,0;;0,0;;;0,0;;;;;0,0;;;;;No;No;No;No;No;No;No;No;No;No
1190,0;Bakery Jatta;gm GAM;MF;Hamburger SV;de Bundesliga;27,0;1998,0;11,0;9,0;690,0;7,7;0,0;1,0;1,0;0,0;0,0;0,0;0,0;0,0;0,13;6,0;2,0;33,3;0,78;0,26;0,0;0,0;18,0;6,0;5,0;5,0;0,0;10,0;0,0;;0,0;;;0,0;;;;;0,0;;;;;No;No;No;No;No;No;No;No;No;No
1191,0;Mikel Jauregizar;es ESP;MF;Athletic Club;es La Liga;22,0;2003,0;27,0;27,0;2243,0;24,9;2,0;0,0;2,0;2,0;0,0;0,0;3,0;0,0;0,08;31,0;8,0;25,8;1,24;0,32;0,06;0,25;53,0;38,0;40,0;30,0;0,0;33,0;0,0;;0,0;;;0,0;;;;;0,0;;;;;No;No;No;No;No;No;No;No;No;No
1192,0;Gaby Jean;fr FRA;DF;Lecce;it Serie A;26,0;2000,0;2,0;0,0;19,0;0,2;0,0;0,0;0,0;0,0;0,0;0,0;0,0;0,0;0,0;0,0;0,0;0,0;0,0;0,0;0,0;0,0;0,0;0,0;0,0;0,0;0,0;0,0;0,0;;0,0;;;0,0;;;;;0,0;;;;;No;No;No;No;No;No;No;No;No;No
1193,0;Finn Jeltsch;de GER;DF;Stuttgart;de Bundesliga;19,0;2006,0;19,0;14,0;1282,0;14,2;0,0;1,0;1,0;0,0;0,0;0,0;3,0;0,0;0,07;3,0;0,0;0,0;0,21;0,0;0,0;0,0;3,0;11,0;14,0;13,0;0,0;9,0;0,0;;0,0;;;0,0;;;;;0,0;;;;;No;No;No;No;No;No;No;No;No;No
1194,0;Castrop Jens;kr KOR;MF;Gladbach;de Bundesliga;22,0;2003,0;21,0;15,0;1166,0;13,0;1,0;0,0;1,0;1,0;0,0;0,0;1,0;1,0;0,08;18,0;8,0;44,4;1,39;0,62;0,06;0,13;18,0;25,0;12,0;21,0;0,0;27,0;0,0;;0,0;;;0,0;;;;;0,0;;;;;No;No;No;No;No;No;No;No;No;No
1195,0;Mathias Jensen;dk DEN;MF;Brentford;eng Premier League;30,0;1996,0;28,0;18,0;1563,0;17,4;2,0;1,0;3,0;2,0;0,0;0,0;3,0;0,0;0,17;22,0;6,0;27,3;1,27;0,35;0,09;0,33;90,0;19,0;11,0;7,0;0,0;15,0;0,0;;0,0;;;0,0;;;;;0,0;;;;;No;No;No;No;No;No;No;No;No;No
1196,0;Oliver Jensen;dk DEN;MF;Parma;it Serie A;24,0;2002,0;27,0;18,0;1679,0;18,7;1,0;0,0;1,0;1,0;0,0;0,0;2,0;0,0;0,05;14,0;3,0;21,4;0,75;0,16;0,07;0,33;14,0;7,0;17,0;19,0;0,0;13,0;0,0;;0,0;;;0,0;;;;;0,0;;;;;No;No;No;No;No;No;No;No;No;No
1197,0;Moritz Jenz;de GER;DF;Wolfsburg;de Bundesliga;26,0;1999,0;18,0;18,0;1606,0;17,8;1,0;0,0;1,0;1,0;0,0;0,0;6,0;0,0;0,06;5,0;1,0;20,0;0,28;0,06;0,2;1,0;1,0;21,0;12,0;7,0;0,0;27,0;1,0;;0,0;;;0,0;;;;;0,0;;;;;No;No;No;No;No;No;No;No;No;No
1198,0;Gabriel Jesus;br BRA;FW;Arsenal;eng Premier League;28,0;1997,0;11,0;2,0;313,0;3,5;2,0;0,0;2,0;2,0;0,0;0,0;2,0;0,0;0,58;14,0;9,0;64,3;4,03;2,59;0,14;0,22;0,0;0,0;1,0;1,0;0,0;6,0;0,0;;0,0;;;0,0;;;;;0,0;;;;;No;No;No;No;No;No;No;No;No;No
1199,0;Igor Jesus;br BRA;FW;Nottingham Forest;eng Premier League;25,0;2001,0;29,0;21,0;1730,0;19,2;2,0;3,0;5,0;2,0;0,0;0,0;0,0;0,0;0,26;53,0;11,0;20,8;2,76;0,57;0,04;0,18;8,0;11,0;1,0;33,0;0,0;32,0;0,0;;0,0;;;0,0;;;;;0,0;;;;;No;No;No;No;No;No;No;No;No;No
1200,0;Juan Jesus;br BRA;DF;Napoli;it Serie A;34,0;1991,0;20,0;17,0;1494,0;16,6;0,0;0,0;0,0;0,0;0,0;0,0;10,0;1,0;0,0;3,0;0,0;0,0;0,18;0,0;0,0;0,0;0,0;20,0;25,0;2,0;1,0;38,0;0,0;;0,0;;;0,0;;;;;0,0;;;;;No;No;No;No;No;No;No;No;No;No
1201,0;Álex Jiménez;es ESP;DF,MF;Bournemouth;eng Premier League;20,0;2005,0;26,0;21,0;1886,0;21,0;1,0;0,0;1,0;1,0;0,0;0,0;8,0;0,0;0,05;19,0;4,0;21,1;0,91;0,19;0,05;0,25;41,0;37,0;22,0;15,0;0,0;25,0;0,0;;0,0;;;0,0;;;;;0,0;;;;;No;No;No;No;No;No;No;No;No;No
1202,0;Álex Jiménez;es ESP;DF;Milan;it Serie A;20,0;2005,0;1,0;0,0;45,0;0,5;0,0;0,0;0,0;0,0;0,0;0,0;1,0;0,0;0,0;0,0;0,0;0,0;0,0;0,0;0,0;0,0;1,0;0,0;0,0;1,0;0,0;0,0;0,0;;0,0;;;0,0;;;;;0,0;;;;;No;No;No;No;No;No;No;No;No;No
1203,0;David Jiménez;es ESP;DF;Real Madrid;es La Liga;22,0;2004,0;2,0;1,0;76,0;0,8;0,0;0,0;0,0;0,0;0,0;0,0;0,0;0,0;0,0;1,0;1,0;100,0;1,18;1,18;0,0;0,0;3,0;1,0;0,0;0,0;0,0;0,0;0,0;;0,0;;;0,0;;;;;0,0;;;;;No;No;No;No;No;No;No;No;No;No
1204,0;Raúl Jiménez;mx MEX;FW;Fulham;eng Premier League;34,0;1991,0;29,0;25,0;1965,0;21,8;8,0;3,0;11,0;5,0;3,0;3,0;5,0;0,0;0,37;61,0;16,0;26,2;2,79;0,73;0,08;0,31;5,0;17,0;7,0;28,0;0,0;41,0;0,0;;0,0;;;0,0;;;;;0,0;;;;;No;No;No;No;No;No;No;No;No;No
1205,0;Jamaldeen Jimoh;eng ENG;MF;Aston Villa;eng Premier League;19,0;2006,0;1,0;0,0;9,0;0,1;0,0;0,0;0,0;0,0;0,0;0,0;0,0;0,0;0,0;0,0;0,0;0,0;0,0;0,0;0,0;0,0;0,0;0,0;0,0;1,0;0,0;0,0;0,0;;0,0;;;0,0;;;;;0,0;;;;;No;No;No;No;No;No;No;No;No;No
1206,0;João Pedro;br BRA;FW,MF;Chelsea;eng Premier League;24,0;2001,0;30,0;26,0;2234,0;24,8;14,0;5,0;19,0;14,0;0,0;0,0;4,0;0,0;0,77;61,0;26,0;42,6;2,46;1,05;0,23;0,54;14,0;15,0;5,0;46,0;0,0;30,0;0,0;;0,0;;;0,0;;;;;0,0;;;;;No;No;No;No;No;No;No;No;No;No
1207,0;Joelinton;br BRA;MF;Newcastle United;eng Premier League;29,0;1996,0;23,0;19,0;1598,0;17,8;2,0;1,0;3,0;2,0;0,0;0,0;8,0;0,0;0,17;27,0;10,0;37,0;1,52;0,56;0,07;0,2;10,0;18,0;19,0;27,0;0,0;36,0;0,0;;0,0;;;0,0;;;;;0,0;;;;;No;No;No;No;No;No;No;No;No;No
1208,0;Jofre;es ESP;MF;Espanyol;es La Liga;24,0;2001,0;20,0;8,0;771,0;8,6;1,0;0,0;1,0;1,0;0,0;0,0;1,0;0,0;0,12;19,0;5,0;26,3;2,22;0,58;0,05;0,2;30,0;5,0;5,0;20,0;0,0;12,0;0,0;;0,0;;;0,0;;;;;0,0;;;;;No;No;No;No;No;No;No;No;No;No
1209,0;Þórir Jóhann Helgason;is ISL;MF;Lecce;it Serie A;25,0;2000,0;6,0;1,0;120,0;1,3;0,0;0,0;0,0;0,0;0,0;0,0;0,0;0,0;0,0;2,0;1,0;50,0;1,5;0,75;0,0;0,0;4,0;0,0;1,0;0,0;0,0;0,0;0,0;;0,0;;;0,0;;;;;0,0;;;;;No;No;No;No;No;No;No;No;No;No
1210,0;Ísak Jóhannesson;is ISL;MF;Köln;de Bundesliga;22,0;2003,0;24,0;16,0;1365,0;15,2;1,0;1,0;2,0;1,0;0,0;0,0;3,0;0,0;0,13;8,0;2,0;25,0;0,53;0,13;0,13;0,5;57,0;11,0;3,0;4,0;0,0;8,0;0,0;;0,0;;;0,0;;;;;0,0;;;;;No;No;No;No;No;No;No;No;No;No
1211,0;John;br BRA;GK;Nottingham Forest;eng Premier League;30,0;1996,0;5,0;5,0;437,0;4,9;0,0;0,0;0,0;0,0;0,0;0,0;1,0;0,0;0,0;0,0;0,0;0,0;0,0;0,0;0,0;0,0;0,0;0,0;0,0;0,0;0,0;0,0;0,0;8,0;1,65;13,0;6,0;46,2;1,0;0,0;4,0;1,0;20,0;1,0;1,0;0,0;0,0;No;No;No;No;No;No;No;No;No;No
1212,0;Dennis Johnsen;no NOR;MF,FW;Cremonese;it Serie A;28,0;1998,0;11,0;5,0;390,0;4,3;1,0;1,0;2,0;1,0;0,0;0,0;0,0;0,0;0,46;5,0;2,0;40,0;1,15;0,46;0,2;0,5;12,0;2,0;0,0;4,0;0,0;2,0;0,0;;0,0;;;0,0;;;;;0,0;;;;;No;No;No;No;No;No;No;No;No;No
1213,0;Brennan Johnson;wls WAL;MF,FW;Tottenham Hotspur;eng Premier League;24,0;2001,0;16,0;6,0;610,0;6,8;2,0;0,0;2,0;2,0;0,0;0,0;2,0;0,0;0,3;6,0;2,0;33,3;0,89;0,3;0,33;1,0;23,0;9,0;2,0;4,0;0,0;2,0;0,0;;0,0;;;0,0;;;;;0,0;;;;;No;No;No;No;No;No;No;No;No;No
1214,0;Brennan Johnson;wls WAL;MF;Crystal Palace;eng Premier League;24,0;2001,0;11,0;7,0;626,0;7,0;0,0;1,0;1,0;0,0;0,0;0,0;3,0;0,0;0,14;11,0;3,0;27,3;1,58;0,43;0,0;0,0;27,0;4,0;1,0;5,0;0,0;11,0;0,0;;0,0;;;0,0;;;;;0,0;;;;;No;No;No;No;No;No;No;No;No;No
1215,0;Karl-Johan Johnsson;se SWE;GK;Strasbourg;fr Ligue 1;36,0;1990,0;1,0;1,0;90,0;1,0;0,0;0,0;0,0;0,0;0,0;0,0;0,0;0,0;0,0;0,0;0,0;0,0;0,0;0,0;0,0;0,0;0,0;0,0;0,0;0,0;0,0;0,0;0,0;0,0;0,0;2,0;2,0;100,0;1,0;0,0;0,0;1,0;100,0;0,0;0,0;0,0;0,0;No;No;No;No;No;No;No;No;No;No
1216,0;Sam Johnstone;eng ENG;GK;Wolves;eng Premier League;32,0;1993,0;12,0;12,0;1080,0;12,0;0,0;0,0;0,0;0,0;0,0;0,0;0,0;0,0;0,0;0,0;0,0;0,0;0,0;0,0;0,0;0,0;0,0;1,0;0,0;0,0;0,0;0,0;1,0;24,0;2,0;62,0;39,0;62,9;0,0;2,0;10,0;0,0;0,0;1,0;1,0;0,0;0,0;No;No;No;No;No;No;No;No;No;No
1217,0;Curtis Jones;eng ENG;MF;Liverpool;eng Premier League;25,0;2001,0;26,0;11,0;1273,0;14,1;0,0;1,0;1,0;0,0;0,0;0,0;1,0;0,0;0,07;18,0;5,0;27,8;1,27;0,35;0,0;0,0;8,0;15,0;7,0;19,0;0,0;10,0;0,0;;0,0;;;0,0;;;;;0,0;;;;;No;No;No;No;No;No;No;No;No;No
1218,0;Frenkie de Jong;nl NED;MF;Barcelona;es La Liga;28,0;1997,0;19,0;16,0;1495,0;16,6;1,0;4,0;5,0;1,0;0,0;0,0;4,0;1,0;0,3;7,0;2,0;28,6;0,42;0,12;0,14;0,5;4,0;16,0;17,0;24,0;1,0;10,0;0,0;;0,0;;;0,0;;;;;0,0;;;;;No;No;No;No;No;No;No;No;No;No
1219,0;Joan Jordán;es ESP;MF;Sevilla;es La Liga;31,0;1994,0;3,0;0,0;25,0;0,3;0,0;0,0;0,0;0,0;0,0;0,0;1,0;1,0;0,0;0,0;0,0;0,0;0,0;0,0;0,0;0,0;0,0;0,0;0,0;0,0;0,0;4,0;0,0;;0,0;;;0,0;;;;;0,0;;;;;No;No;No;No;No;No;No;No;No;No
1220,0;Josan;es ESP;MF,DF;Elche;es La Liga;36,0;1989,0;15,0;4,0;490,0;5,4;0,0;2,0;2,0;0,0;0,0;0,0;2,0;0,0;0,37;3,0;1,0;33,3;0,55;0,18;0,0;0,0;55,0;5,0;4,0;5,0;0,0;5,0;0,0;;0,0;;;0,0;;;;;0,0;;;;;No;No;No;No;No;No;No;No;No;No
1221,0;Mateo Joseph;es ESP;MF,FW;Mallorca;es La Liga;22,0;2003,0;27,0;18,0;1588,0;17,6;2,0;2,0;4,0;2,0;0,0;0,0;2,0;0,0;0,23;32,0;14,0;43,8;1,81;0,79;0,06;0,14;12,0;18,0;12,0;29,0;0,0;18,0;0,0;;0,0;;;0,0;;;;;0,0;;;;;No;No;No;No;No;No;No;No;No;No
1222,0;Lazar Jovanović;rs SRB;FW;Stuttgart;de Bundesliga;19,0;2006,0;3,0;0,0;40,0;0,4;0,0;0,0;0,0;0,0;0,0;0,0;0,0;0,0;0,0;1,0;0,0;0,0;2,25;0,0;0,0;0,0;0,0;0,0;0,0;1,0;0,0;1,0;0,0;;0,0;;;0,0;;;;;0,0;;;;;No;No;No;No;No;No;No;No;No;No
1223,0;Juanmi;es ESP;FW,MF;Getafe;es La Liga;32,0;1993,0;8,0;0,0;179,0;2,0;1,0;0,0;1,0;1,0;0,0;0,0;0,0;0,0;0,5;2,0;1,0;50,0;1,01;0,5;0,5;1,0;0,0;0,0;0,0;1,0;0,0;2,0;0,0;;0,0;;;0,0;;;;;0,0;;;;;No;No;No;No;No;No;No;No;No;No
1224,0;Abdulai Juma Bah;sl SLE;DF;Nice;fr Ligue 1;19,0;2006,0;20,0;16,0;1463,0;16,3;0,0;0,0;0,0;0,0;0,0;0,0;6,0;0,0;0,0;6,0;1,0;16,7;0,37;0,06;0,0;0,0;0,0;15,0;17,0;7,0;0,0;25,0;0,0;;0,0;;;0,0;;;;;0,0;;;;;No;No;No;No;No;No;No;No;No;No
1225,0;Anthony Jung;de GER;DF;Freiburg;de Bundesliga;34,0;1991,0;10,0;4,0;490,0;5,4;0,0;0,0;0,0;0,0;0,0;0,0;2,0;0,0;0,0;1,0;0,0;0,0;0,18;0,0;0,0;0,0;0,0;0,0;8,0;3,0;0,0;4,0;0,0;;0,0;;;0,0;;;;;0,0;;;;;No;No;No;No;No;No;No;No;No;No
1226,0;Eli Junior Kroupi;fr FRA;MF,FW;Bournemouth;eng Premier League;19,0;2006,0;25,0;14,0;1140,0;12,7;8,0;0,0;8,0;8,0;0,0;0,0;3,0;0,0;0,63;32,0;15,0;46,9;2,53;1,18;0,25;0,53;8,0;6,0;8,0;7,0;0,0;13,0;0,0;;0,0;;;0,0;;;;;0,0;;;;;No;No;No;No;No;No;No;No;No;No
1227,0;Luiz Lúcio Reis Júnior;br BRA;GK;Villarreal;es La Liga;25,0;2001,0;25,0;25,0;2250,0;25,0;0,0;0,0;0,0;0,0;0,0;0,0;3,0;0,0;0,0;0,0;0,0;0,0;0,0;0,0;0,0;0,0;0,0;0,0;1,0;4,0;0,0;2,0;0,0;27,0;1,08;83,0;62,0;73,5;16,0;3,0;6,0;8,0;32,0;6,0;5,0;1,0;0,0;No;No;No;No;No;No;No;No;No;No
1228,0;Hamed Junior Traorè;ci CIV;MF;Bournemouth;eng Premier League;26,0;2000,0;1,0;0,0;17,0;0,2;0,0;1,0;1,0;0,0;0,0;0,0;0,0;0,0;5,29;0,0;0,0;0,0;0,0;0,0;0,0;0,0;1,0;0,0;0,0;0,0;0,0;0,0;0,0;;0,0;;;0,0;;;;;0,0;;;;;No;No;No;No;No;No;No;No;No;No
1229,0;Hamed Junior Traorè;ci CIV;MF;Marseille;fr Ligue 1;26,0;2000,0;8,0;4,0;343,0;3,8;1,0;1,0;2,0;1,0;0,0;0,0;1,0;0,0;0,52;5,0;3,0;60,0;1,31;0,79;0,2;0,33;18,0;4,0;4,0;6,0;0,0;6,0;0,0;;0,0;;;0,0;;;;;0,0;;;;;No;No;No;No;No;No;No;No;No;No
1230,0;Vinicius Júnior;br BRA;FW,MF;Real Madrid;es La Liga;25,0;2000,0;27,0;24,0;2088,0;23,2;9,0;5,0;14,0;6,0;3,0;4,0;7,0;0,0;0,47;75,0;31,0;41,3;3,23;1,34;0,08;0,19;52,0;13,0;2,0;58,0;0,0;25,0;0,0;;0,0;;;0,0;;;;;0,0;;;;;No;No;No;No;No;No;No;No;No;No
1231,0;Josip Juranović;hr CRO;MF;Union Berlin;de Bundesliga;30,0;1995,0;6,0;2,0;191,0;2,1;0,0;0,0;0,0;0,0;0,0;0,0;1,0;0,0;0,0;3,0;0,0;0,0;1,41;0,0;0,0;0,0;29,0;3,0;0,0;3,0;0,0;0,0;0,0;;0,0;;;0,0;;;;;0,0;;;;;No;No;No;No;No;No;No;No;No;No
1232,0;James Justin;eng ENG;DF,MF;Leeds United;eng Premier League;28,0;1998,0;21,0;13,0;1181,0;13,1;1,0;1,0;2,0;1,0;0,0;0,0;2,0;0,0;0,15;14,0;4,0;28,6;1,07;0,3;0,07;0,25;22,0;21,0;19,0;21,0;0,0;8,0;0,0;;0,0;;;0,0;;;;;0,0;;;;;No;No;No;No;No;No;No;No;No;No
1233,0;Ferran Jutglà;es ESP;FW,MF;Celta Vigo;es La Liga;27,0;1999,0;20,0;15,0;1085,0;12,1;5,0;1,0;6,0;5,0;0,0;0,0;4,0;0,0;0,5;32,0;18,0;56,3;2,65;1,49;0,16;0,28;11,0;2,0;6,0;18,0;0,0;13,0;0,0;;0,0;;;0,0;;;;;0,0;;;;;No;No;No;No;No;No;No;No;No;No
1234,0;Filip Jørgensen;dk DEN;GK;Chelsea;eng Premier League;23,0;2002,0;3,0;2,0;264,0;2,9;0,0;0,0;0,0;0,0;0,0;0,0;0,0;0,0;0,0;0,0;0,0;0,0;0,0;0,0;0,0;0,0;0,0;0,0;1,0;0,0;0,0;0,0;0,0;4,0;1,36;10,0;6,0;60,0;1,0;1,0;0,0;0,0;0,0;0,0;0,0;0,0;0,0;No;No;No;No;No;No;No;No;No;No
1235,0;Martijn Kaars;nl NED;FW;St Pauli;de Bundesliga;27,0;1999,0;21,0;11,0;1018,0;11,3;3,0;0,0;3,0;2,0;1,0;1,0;1,0;0,0;0,18;20,0;9,0;45,0;1,77;0,8;0,1;0,22;10,0;2,0;0,0;6,0;0,0;6,0;0,0;;0,0;;;0,0;;;;;0,0;;;;;No;No;No;No;No;No;No;No;No;No
1236,0;Mohamed Kaba;fr FRA;MF;Nantes;fr Ligue 1;24,0;2001,0;6,0;5,0;443,0;4,9;0,0;1,0;1,0;0,0;0,0;0,0;2,0;0,0;0,2;3,0;0,0;0,0;0,61;0,0;0,0;0,0;0,0;9,0;6,0;11,0;0,0;7,0;0,0;;0,0;;;0,0;;;;;0,0;;;;;No;No;No;No;No;No;No;No;No;No
1237,0;Mohamed Kaba;fr FRA;MF;Lecce;it Serie A;24,0;2001,0;15,0;5,0;633,0;7,0;0,0;0,0;0,0;0,0;0,0;0,0;1,0;0,0;0,0;9,0;4,0;44,4;1,28;0,57;0,0;0,0;8,0;7,0;4,0;21,0;0,0;12,0;0,0;;0,0;;;0,0;;;;;0,0;;;;;No;No;No;No;No;No;No;No;No;No
1238,0;Ozan Kabak;tr TUR;DF;Hoffenheim;de Bundesliga;25,0;2000,0;17,0;10,0;1031,0;11,5;4,0;0,0;4,0;4,0;0,0;0,0;2,0;0,0;0,35;25,0;9,0;36,0;2,18;0,79;0,16;0,44;1,0;11,0;17,0;7,0;0,0;14,0;0,0;;0,0;;;0,0;;;;;0,0;;;;;No;No;No;No;No;No;No;No;No;No
1239,0;Christian Kabasele;be BEL;DF;Udinese;it Serie A;35,0;1991,0;22,0;20,0;1627,0;18,1;3,0;0,0;3,0;3,0;0,0;0,0;4,0;0,0;0,17;7,0;5,0;71,4;0,39;0,28;0,43;0,6;0,0;6,0;26,0;18,0;0,0;24,0;0,0;;0,0;;;0,0;;;;;0,0;;;;;No;No;No;No;No;No;No;No;No;No
1240,0;Anton Kade;de GER;MF,FW;Augsburg;de Bundesliga;22,0;2004,0;20,0;11,0;1090,0;12,1;2,0;0,0;2,0;2,0;0,0;0,0;3,0;0,0;0,17;26,0;12,0;46,2;2,15;0,99;0,08;0,17;20,0;9,0;7,0;8,0;0,0;13,0;0,0;;0,0;;;0,0;;;;;0,0;;;;;No;No;No;No;No;No;No;No;No;No
1241,0;Ferdi Kadioglu;tr TUR;DF,MF;Brighton;eng Premier League;26,0;1999,0;29,0;26,0;2413,0;26,8;0,0;0,0;0,0;0,0;0,0;0,0;6,0;0,0;0,0;20,0;8,0;40,0;0,75;0,3;0,0;0,0;93,0;34,0;17,0;31,0;0,0;15,0;0,0;;0,0;;;0,0;;;;;0,0;;;;;No;No;No;No;No;No;No;No;No;No
1242,0;Florian Kainz;at AUT;MF;Köln;de Bundesliga;33,0;1992,0;12,0;2,0;244,0;2,7;1,0;0,0;1,0;1,0;0,0;0,0;0,0;0,0;0,37;7,0;4,0;57,1;2,58;1,48;0,14;0,25;15,0;2,0;3,0;4,0;0,0;3,0;0,0;;0,0;;;0,0;;;;;0,0;;;;;No;No;No;No;No;No;No;No;No;No
1243,0;Sasa Kalajdzic;at AUT;FW,MF;Wolves;eng Premier League;28,0;1997,0;1,0;0,0;15,0;0,2;0,0;0,0;0,0;0,0;0,0;0,0;0,0;0,0;0,0;0,0;0,0;0,0;0,0;0,0;0,0;0,0;0,0;0,0;1,0;0,0;0,0;0,0;0,0;;0,0;;;0,0;;;;;0,0;;;;;No;No;No;No;No;No;No;No;No;No
1244,0;Arnaud Kalimuendo;fr FRA;FW;Nottingham Forest;eng Premier League;24,0;2002,0;9,0;0,0;96,0;1,1;0,0;0,0;0,0;0,0;0,0;0,0;0,0;0,0;0,0;4,0;1,0;25,0;3,75;0,94;0,0;0,0;2,0;1,0;0,0;0,0;0,0;2,0;0,0;;0,0;;;0,0;;;;;0,0;;;;;No;No;No;No;No;No;No;No;No;No
1245,0;Arnaud Kalimuendo;fr FRA;FW,MF;Eintracht Frankfurt;de Bundesliga;24,0;2002,0;11,0;9,0;757,0;8,4;4,0;1,0;5,0;4,0;0,0;0,0;3,0;0,0;0,59;19,0;10,0;52,6;2,26;1,19;0,21;0,4;6,0;2,0;1,0;12,0;0,0;7,0;0,0;;0,0;;;0,0;;;;;0,0;;;;;No;No;No;No;No;No;No;No;No;No
1246,0;Pierre Kalulu;fr FRA;DF,MF;Juventus;it Serie A;25,0;2000,0;28,0;28,0;2471,0;27,5;2,0;3,0;5,0;2,0;0,0;0,0;3,0;1,0;0,18;10,0;3,0;30,0;0,36;0,11;0,2;0,67;70,0;25,0;18,0;11,0;1,0;30,0;0,0;;0,0;;;0,0;;;;;0,0;;;;;No;No;No;No;No;No;No;No;No;No
1247,0;Justin-Noël Kalumba;fr FRA;FW;Mallorca;es La Liga;21,0;2004,0;1,0;0,0;34,0;0,4;0,0;0,0;0,0;0,0;0,0;0,0;0,0;0,0;0,0;0,0;0,0;0,0;0,0;0,0;0,0;0,0;1,0;0,0;0,0;1,0;0,0;0,0;0,0;;0,0;;;0,0;;;;;0,0;;;;;No;No;No;No;No;No;No;No;No;No
1248,0;Justin-Noël Kalumba;fr FRA;FW,MF;Angers;fr Ligue 1;21,0;2004,0;4,0;3,0;224,0;2,5;0,0;0,0;0,0;0,0;0,0;0,0;0,0;0,0;0,0;1,0;0,0;0,0;0,4;0,0;0,0;0,0;15,0;3,0;1,0;3,0;0,0;3,0;0,0;;0,0;;;0,0;;;;;0,0;;;;;No;No;No;No;No;No;No;No;No;No
1249,0;Daichi Kamada;jp JPN;MF;Crystal Palace;eng Premier League;29,0;1996,0;20,0;17,0;1479,0;16,4;0,0;0,0;0,0;0,0;0,0;0,0;2,0;0,0;0,0;16,0;4,0;25,0;0,97;0,24;0,0;0,0;31,0;28,0;10,0;20,0;0,0;26,0;0,0;;0,0;;;0,0;;;;;0,0;;;;;No;No;No;No;No;No;No;No;No;No
1250,0;Warren Kamanzi;no NOR;MF;Toulouse;fr Ligue 1;25,0;2000,0;17,0;6,0;653,0;7,3;0,0;1,0;1,0;0,0;0,0;0,0;1,0;0,0;0,14;9,0;1,0;11,1;1,24;0,14;0,0;0,0;10,0;9,0;5,0;6,0;0,0;7,0;0,0;;0,0;;;0,0;;;;;0,0;;;;;No;No;No;No;No;No;No;No;No;No
1251,0;Abu Kamara;eng ENG;MF;Getafe;es La Liga;22,0;2003,0;9,0;1,0;196,0;2,2;0,0;0,0;0,0;0,0;0,0;0,0;1,0;0,0;0,0;3,0;1,0;33,3;1,38;0,46;0,0;0,0;9,0;2,0;3,0;2,0;0,0;2,0;0,0;;0,0;;;0,0;;;;;0,0;;;;;No;No;No;No;No;No;No;No;No;No
1252,0;Bingourou Kamara;sn SEN;GK;Lorient;fr Ligue 1;29,0;1996,0;3,0;3,0;270,0;3,0;0,0;0,0;0,0;0,0;0,0;0,0;0,0;0,0;0,0;0,0;0,0;0,0;0,0;0,0;0,0;0,0;0,0;0,0;0,0;1,0;0,0;0,0;0,0;8,0;2,67;16,0;8,0;50,0;1,0;0,0;2,0;1,0;33,3;1,0;0,0;0,0;1,0;No;No;No;No;No;No;No;No;No;No
1253,0;Boubacar Kamara;fr FRA;MF;Aston Villa;eng Premier League;26,0;1999,0;18,0;17,0;1411,0;15,7;1,0;3,0;4,0;1,0;0,0;0,0;5,0;0,0;0,26;7,0;4,0;57,1;0,45;0,26;0,14;0,25;2,0;16,0;15,0;30,0;0,0;16,0;0,0;;0,0;;;0,0;;;;;0,0;;;;;No;No;No;No;No;No;No;No;No;No
1254,0;Glen Kamara;fi FIN;MF;Rennes;fr Ligue 1;30,0;1995,0;3,0;0,0;52,0;0,6;0,0;0,0;0,0;0,0;0,0;0,0;0,0;0,0;0,0;0,0;0,0;0,0;0,0;0,0;0,0;0,0;0,0;0,0;0,0;2,0;0,0;0,0;0,0;;0,0;;;0,0;;;;;0,0;;;;;No;No;No;No;No;No;No;No;No;No
1255,0;Hassane Kamara;ci CIV;MF,DF;Udinese;it Serie A;32,0;1994,0;18,0;14,0;1218,0;13,5;0,0;1,0;1,0;0,0;0,0;0,0;3,0;0,0;0,07;13,0;4,0;30,8;0,96;0,3;0,0;0,0;52,0;15,0;18,0;9,0;0,0;11,0;0,0;;0,0;;;0,0;;;;;0,0;;;;;No;No;No;No;No;No;No;No;No;No
1256,0;Noham Kamara;fr FRA;DF;Lyon;fr Ligue 1;19,0;2007,0;1,0;0,0;1,0;0,0;0,0;0,0;0,0;0,0;0,0;0,0;0,0;0,0;0,0;0,0;0,0;0,0;0,0;0,0;0,0;0,0;0,0;0,0;0,0;0,0;0,0;0,0;0,0;;0,0;;;0,0;;;;;0,0;;;;;No;No;No;No;No;No;No;No;No;No
1257,0;Jakub Kamiński;pl POL;MF,FW;Köln;de Bundesliga;23,0;2002,0;26,0;26,0;2317,0;25,7;6,0;2,0;8,0;6,0;0,0;0,0;2,0;0,0;0,31;43,0;16,0;37,2;1,67;0,62;0,14;0,38;89,0;24,0;18,0;20,0;0,0;11,0;0,0;;0,0;;;0,0;;;;;0,0;;;;;No;No;No;No;No;No;No;No;No;No
1258,0;Kevin Kampl;si SVN;MF;RB Leipzig;de Bundesliga;35,0;1990,0;3,0;0,0;3,0;0,0;0,0;0,0;0,0;0,0;0,0;0,0;0,0;0,0;0,0;0,0;0,0;0,0;0,0;0,0;0,0;0,0;0,0;0,0;0,0;0,0;0,0;0,0;0,0;;0,0;;;0,0;;;;;0,0;;;;;No;No;No;No;No;No;No;No;No;No
1259,0;Harry Kane;eng ENG;FW,MF;Bayern Munich;de Bundesliga;32,0;1993,0;25,0;22,0;1972,0;21,9;30,0;5,0;35,0;20,0;10,0;10,0;1,0;0,0;1,14;97,0;59,0;60,8;4,43;2,69;0,21;0,34;10,0;11,0;7,0;32,0;0,0;23,0;0,0;;0,0;;;0,0;;;;;0,0;;;;;No;No;No;No;No;No;No;No;No;No
1260,0;Lee Kang-in;kr KOR;MF,FW;Paris Saint-Germain;fr Ligue 1;25,0;2001,0;20,0;13,0;1101,0;12,2;2,0;3,0;5,0;2,0;0,0;0,0;2,0;0,0;0,41;32,0;12,0;37,5;2,62;0,98;0,06;0,17;65,0;6,0;1,0;15,0;0,0;14,0;0,0;;0,0;;;0,0;;;;;0,0;;;;;No;No;No;No;No;No;No;No;No;No
1261,0;Steeve Kango;fr FRA;DF;Lyon;fr Ligue 1;19,0;2006,0;1,0;0,0;11,0;0,1;0,0;0,0;0,0;0,0;0,0;0,0;0,0;0,0;0,0;0,0;0,0;0,0;0,0;0,0;0,0;0,0;2,0;0,0;0,0;0,0;0,0;1,0;0,0;;0,0;;;0,0;;;;;0,0;;;;;No;No;No;No;No;No;No;No;No;No
1262,0;Mohamadou Kanté;fr FRA;MF;West Ham United;eng Premier League;20,0;2005,0;7,0;0,0;29,0;0,3;0,0;0,0;0,0;0,0;0,0;0,0;1,0;0,0;0,0;1,0;0,0;0,0;3,1;0,0;0,0;0,0;0,0;3,0;0,0;0,0;0,0;1,0;0,0;;0,0;;;0,0;;;;;0,0;;;;;No;No;No;No;No;No;No;No;No;No
1263,0;Adam Karabec;cz CZE;MF,FW;Lyon;fr Ligue 1;22,0;2003,0;19,0;11,0;892,0;9,9;1,0;0,0;1,0;1,0;0,0;0,0;3,0;0,0;0,1;9,0;5,0;55,6;0,91;0,5;0,11;0,2;77,0;3,0;1,0;19,0;0,0;13,0;0,0;;0,0;;;0,0;;;;;0,0;;;;;No;No;No;No;No;No;No;No;No;No
1264,0;Atakan Karazor;tr TUR;MF;Stuttgart;de Bundesliga;29,0;1996,0;24,0;19,0;1615,0;17,9;0,0;0,0;0,0;0,0;0,0;0,0;4,0;0,0;0,0;7,0;2,0;28,6;0,39;0,11;0,0;0,0;7,0;21,0;11,0;29,0;0,0;16,0;0,0;;0,0;;;0,0;;;;;0,0;;;;;No;No;No;No;No;No;No;No;No;No
1265,0;Dermane Karim;tg TOG;MF;Lorient;fr Ligue 1;22,0;2003,0;24,0;13,0;1161,0;12,9;1,0;2,0;3,0;1,0;0,0;0,0;3,0;0,0;0,23;15,0;2,0;13,3;1,16;0,16;0,07;0,5;15,0;12,0;9,0;36,0;0,0;17,0;0,0;;0,0;;;0,0;;;;;0,0;;;;;No;No;No;No;No;No;No;No;No;No
1266,0;Lennart Karl;de GER;MF;Bayern Munich;de Bundesliga;18,0;2008,0;22,0;13,0;1056,0;11,7;4,0;3,0;7,0;4,0;0,0;0,0;0,0;0,0;0,6;34,0;16,0;47,1;2,9;1,36;0,12;0,25;25,0;13,0;9,0;11,0;0,0;4,0;0,0;;0,0;;;0,0;;;;;0,0;;;;;No;No;No;No;No;No;No;No;No;No
1267,0;Jesper Karlström;se SWE;MF;Udinese;it Serie A;30,0;1995,0;29,0;29,0;2548,0;28,3;1,0;0,0;1,0;1,0;0,0;0,0;4,0;0,0;0,04;15,0;2,0;13,3;0,53;0,07;0,07;0,5;9,0;28,0;31,0;24,0;0,0;30,0;0,0;;0,0;;;0,0;;;;;0,0;;;;;No;No;No;No;No;No;No;No;No;No
1268,0;Jon Karrikaburu;es ESP;FW;Real Sociedad;es La Liga;23,0;2002,0;6,0;0,0;132,0;1,5;0,0;0,0;0,0;0,0;0,0;0,0;0,0;0,0;0,0;6,0;2,0;33,3;4,09;1,36;0,0;0,0;1,0;1,0;0,0;4,0;0,0;3,0;0,0;;0,0;;;0,0;;;;;0,0;;;;;No;No;No;No;No;No;No;No;No;No
1269,0;Grigoris Kastanos;cy CYP;MF;Hellas Verona;it Serie A;28,0;1998,0;6,0;0,0;44,0;0,5;0,0;0,0;0,0;0,0;0,0;0,0;0,0;0,0;0,0;1,0;0,0;0,0;2,05;0,0;0,0;0,0;2,0;3,0;3,0;1,0;0,0;3,0;0,0;;0,0;;;0,0;;;;;0,0;;;;;No;No;No;No;No;No;No;No;No;No
1270,0;Silas Katompa;cd COD;FW;Mainz 05;de Bundesliga;27,0;1998,0;8,0;4,0;334,0;3,7;1,0;0,0;1,0;1,0;0,0;0,0;1,0;0,0;0,27;8,0;7,0;87,5;2,16;1,89;0,13;0,14;11,0;0,0;0,0;5,0;0,0;4,0;0,0;;0,0;;;0,0;;;;;0,0;;;;;No;No;No;No;No;No;No;No;No;No
1271,0;Panos Katseris;gr GRE;MF,DF;Lorient;fr Ligue 1;24,0;2001,0;8,0;3,0;234,0;2,6;0,0;0,0;0,0;0,0;0,0;0,0;2,0;0,0;0,0;5,0;2,0;40,0;1,92;0,77;0,0;0,0;14,0;3,0;6,0;8,0;0,0;5,0;0,0;;0,0;;;0,0;;;;;0,0;;;;;No;No;No;No;No;No;No;No;No;No
1272,0;Mikkel Kaufmann;dk DEN;FW;Heidenheim;de Bundesliga;25,0;2001,0;14,0;6,0;522,0;5,8;1,0;1,0;2,0;1,0;0,0;0,0;2,0;0,0;0,34;11,0;3,0;27,3;1,9;0,52;0,09;0,33;1,0;2,0;1,0;13,0;0,0;13,0;0,0;;0,0;;;0,0;;;;;0,0;;;;;No;No;No;No;No;No;No;No;No;No
1273,0;Sota Kawasaki;jp JPN;MF,DF;Mainz 05;de Bundesliga;24,0;2001,0;7,0;2,0;223,0;2,5;0,0;0,0;0,0;0,0;0,0;0,0;1,0;0,0;0,0;1,0;0,0;0,0;0,4;0,0;0,0;0,0;3,0;4,0;3,0;2,0;0,0;5,0;0,0;;0,0;;;0,0;;;;;0,0;;;;;No;No;No;No;No;No;No;No;No;No
1274,0;Michael Kayode;it ITA;DF;Brentford;eng Premier League;21,0;2004,0;29,0;29,0;2538,0;28,2;1,0;0,0;1,0;1,0;0,0;0,0;6,0;0,0;0,04;7,0;2,0;28,6;0,25;0,07;0,14;0,5;49,0;42,0;32,0;42,0;0,0;22,0;1,0;;0,0;;;0,0;;;;;0,0;;;;;No;No;No;No;No;No;No;No;No;No
1275,0;Moise Kean;it ITA;FW;Fiorentina;it Serie A;26,0;2000,0;24,0;21,0;1876,0;20,8;8,0;1,0;9,0;6,0;2,0;2,0;3,0;0,0;0,34;95,0;26,0;27,4;4,56;1,25;0,06;0,23;6,0;3,0;6,0;43,0;0,0;27,0;0,0;;0,0;;;0,0;;;;;0,0;;;;;No;No;No;No;No;No;No;No;No;No
1276,0;Michael Keane;eng ENG;DF;Everton;eng Premier League;33,0;1993,0;26,0;23,0;2047,0;22,7;3,0;0,0;3,0;3,0;0,0;0,0;0,0;1,0;0,13;21,0;6,0;28,6;0,92;0,26;0,14;0,5;1,0;20,0;34,0;6,0;0,0;14,0;0,0;;0,0;;;0,0;;;;;0,0;;;;;No;No;No;No;No;No;No;No;No;No
1277,0;Ilan Kebbal;dz ALG;MF,FW;Paris FC;fr Ligue 1;27,0;1998,0;23,0;23,0;1957,0;21,7;8,0;4,0;12,0;5,0;3,0;3,0;5,0;0,0;0,41;44,0;18,0;40,9;2,02;0,83;0,11;0,28;93,0;15,0;6,0;55,0;0,0;12,0;0,0;;0,0;;;0,0;;;;;0,0;;;;;No;No;No;No;No;No;No;No;No;No
1278,0;Yassine Kechta;ma MAR;MF;Le Havre;fr Ligue 1;24,0;2002,0;24,0;12,0;1083,0;12,0;1,0;1,0;2,0;1,0;0,0;0,0;3,0;0,0;0,17;17,0;7,0;41,2;1,41;0,58;0,06;0,14;23,0;16,0;16,0;15,0;0,0;31,0;0,0;;0,0;;;0,0;;;;;0,0;;;;;No;No;No;No;No;No;No;No;No;No
1279,0;Thilo Kehrer;de GER;DF;Monaco;fr Ligue 1;29,0;1996,0;20,0;20,0;1736,0;19,3;0,0;0,0;0,0;0,0;0,0;0,0;7,0;2,0;0,0;15,0;1,0;6,7;0,78;0,05;0,0;0,0;3,0;25,0;26,0;23,0;1,0;22,0;0,0;;0,0;;;0,0;;;;;0,0;;;;;No;No;No;No;No;No;No;No;No;No
1280,0;Mandela Keita;be BEL;MF;Parma;it Serie A;23,0;2002,0;28,0;27,0;2256,0;25,1;0,0;1,0;1,0;0,0;0,0;0,0;1,0;0,0;0,04;12,0;1,0;8,3;0,48;0,04;0,0;0,0;2,0;39,0;33,0;46,0;0,0;23,0;1,0;;0,0;;;0,0;;;;;0,0;;;;;No;No;No;No;No;No;No;No;No;No
1281,0;Yannik Keitel;de GER;DF;Augsburg;de Bundesliga;26,0;2000,0;4,0;1,0;165,0;1,8;0,0;0,0;0,0;0,0;0,0;0,0;2,0;0,0;0,0;0,0;0,0;0,0;0,0;0,0;0,0;0,0;0,0;3,0;1,0;1,0;0,0;1,0;0,0;;0,0;;;0,0;;;;;0,0;;;;;No;No;No;No;No;No;No;No;No;No
1282,0;Caoimhín Kelleher;ie IRL;GK;Brentford;eng Premier League;27,0;1998,0;29,0;29,0;2610,0;29,0;0,0;0,0;0,0;0,0;0,0;0,0;1,0;0,0;0,0;0,0;0,0;0,0;0,0;0,0;0,0;0,0;0,0;0,0;1,0;6,0;0,0;2,0;0,0;39,0;1,34;105,0;73,0;66,7;12,0;6,0;11,0;7,0;24,1;7,0;4,0;3,0;0,0;No;No;No;No;No;No;No;No;No;No
1283,0;Thomas Keller;de GER;DF;Heidenheim;de Bundesliga;26,0;1999,0;4,0;3,0;188,0;2,1;0,0;0,0;0,0;0,0;0,0;0,0;1,0;0,0;0,0;2,0;0,0;0,0;0,96;0,0;0,0;0,0;1,0;1,0;0,0;2,0;0,0;3,0;0,0;;0,0;;;0,0;;;;;0,0;;;;;No;No;No;No;No;No;No;No;No;No
1284,0;Lloyd Kelly;eng ENG;DF;Juventus;it Serie A;27,0;1998,0;26,0;24,0;2219,0;24,7;1,0;0,0;1,0;1,0;0,0;0,0;4,0;0,0;0,04;11,0;2,0;18,2;0,45;0,08;0,09;0,5;8,0;25,0;11,0;14,0;0,0;37,0;0,0;;0,0;;;0,0;;;;;0,0;;;;;No;No;No;No;No;No;No;No;No;No
1285,0;Aljoscha Kemlein;de GER;MF;Union Berlin;de Bundesliga;21,0;2004,0;24,0;18,0;1524,0;16,9;0,0;1,0;1,0;0,0;0,0;0,0;3,0;0,0;0,06;12,0;2,0;16,7;0,71;0,12;0,0;0,0;8,0;21,0;16,0;10,0;0,0;17,0;0,0;;0,0;;;0,0;;;;;0,0;;;;;No;No;No;No;No;No;No;No;No;No
1286,0;Marc-Oliver Kempf;de GER;DF;Como;it Serie A;31,0;1995,0;26,0;20,0;1671,0;18,6;4,0;0,0;4,0;4,0;0,0;0,0;2,0;0,0;0,22;15,0;6,0;40,0;0,81;0,32;0,27;0,67;0,0;7,0;4,0;15,0;0,0;21,0;0,0;;0,0;;;0,0;;;;;0,0;;;;;No;No;No;No;No;No;No;No;No;No
1287,0;Luca Kerber;de GER;MF;Heidenheim;de Bundesliga;24,0;2002,0;13,0;7,0;563,0;6,3;2,0;0,0;2,0;2,0;0,0;0,0;2,0;0,0;0,32;7,0;3,0;42,9;1,12;0,48;0,29;0,67;4,0;9,0;3,0;5,0;0,0;9,0;0,0;;0,0;;;0,0;;;;;0,0;;;;;No;No;No;No;No;No;No;No;No;No
1288,0;Milos Kerkez;hu HUN;DF;Liverpool;eng Premier League;22,0;2003,0;27,0;24,0;1953,0;21,7;1,0;1,0;2,0;1,0;0,0;0,0;4,0;0,0;0,09;7,0;1,0;14,3;0,32;0,05;0,14;1,0;74,0;26,0;11,0;23,0;0,0;18,0;0,0;;0,0;;;0,0;;;;;0,0;;;;;No;No;No;No;No;No;No;No;No;No
1289,0;Kevin;br BRA;MF;Fulham;eng Premier League;23,0;2003,0;23,0;8,0;908,0;10,1;1,0;1,0;2,0;1,0;0,0;0,0;1,0;0,0;0,2;22,0;9,0;40,9;2,18;0,89;0,05;0,11;40,0;8,0;9,0;15,0;0,0;12,0;0,0;;0,0;;;0,0;;;;;0,0;;;;;No;No;No;No;No;No;No;No;No;No
1290,0;Reda Khadra;de GER;FW;Le Havre;fr Ligue 1;24,0;2001,0;7,0;1,0;213,0;2,4;0,0;0,0;0,0;0,0;0,0;0,0;0,0;0,0;0,0;6,0;3,0;50,0;2,54;1,27;0,0;0,0;13,0;4,0;0,0;1,0;0,0;4,0;0,0;;0,0;;;0,0;;;;;0,0;;;;;No;No;No;No;No;No;No;No;No;No
1291,0;Bilal El Khannouss;ma MAR;MF,FW;Stuttgart;de Bundesliga;21,0;2004,0;19,0;16,0;1322,0;14,7;3,0;3,0;6,0;3,0;0,0;0,0;5,0;0,0;0,41;31,0;10,0;32,3;2,11;0,68;0,1;0,3;53,0;19,0;8,0;9,0;0,0;14,0;0,0;;0,0;;;0,0;;;;;0,0;;;;;No;No;No;No;No;No;No;No;No;No
1292,0;Rani Khedira;de GER;MF;Union Berlin;de Bundesliga;32,0;1994,0;25,0;25,0;2207,0;24,5;5,0;0,0;5,0;5,0;0,0;0,0;6,0;0,0;0,2;19,0;10,0;52,6;0,77;0,41;0,26;0,5;18,0;34,0;33,0;17,0;0,0;39,0;0,0;;0,0;;;0,0;;;;;0,0;;;;;No;No;No;No;No;No;No;No;No;No
1293,0;Abdukodir Khusanov;uz UZB;DF;Manchester City;eng Premier League;22,0;2004,0;15,0;9,0;892,0;9,9;0,0;0,0;0,0;0,0;0,0;0,0;2,0;0,0;0,0;2,0;0,0;0,0;0,2;0,0;0,0;0,0;0,0;15,0;19,0;5,0;0,0;8,0;0,0;;0,0;;;0,0;;;;;0,0;;;;;No;No;No;No;No;No;No;No;No;No
1294,0;Cassiano Kiala;de GER;DF;Bayern Munich;de Bundesliga;17,0;2009,0;1,0;0,0;1,0;0,0;0,0;0,0;0,0;0,0;0,0;0,0;0,0;0,0;0,0;0,0;0,0;0,0;0,0;0,0;0,0;0,0;0,0;0,0;0,0;0,0;0,0;0,0;0,0;;0,0;;;0,0;;;;;0,0;;;;;No;No;No;No;No;No;No;No;No;No
1295,0;Kialonda;ao ANG;DF;Lecce;it Serie A;28,0;1997,0;22,0;21,0;1828,0;20,3;0,0;0,0;0,0;0,0;0,0;0,0;6,0;1,0;0,0;9,0;1,0;11,1;0,44;0,05;0,0;0,0;1,0;9,0;19,0;22,0;0,0;12,0;0,0;;0,0;;;0,0;;;;;0,0;;;;;No;No;No;No;No;No;No;No;No;No
1296,0;Kiké;es ESP;FW;Espanyol;es La Liga;36,0;1989,0;27,0;12,0;1247,0;13,9;6,0;1,0;7,0;5,0;1,0;1,0;3,0;0,0;0,43;42,0;19,0;45,2;3,03;1,37;0,12;0,26;13,0;7,0;2,0;32,0;0,0;27,0;0,0;;0,0;;;0,0;;;;;0,0;;;;;No;No;No;No;No;No;No;No;No;No
1297,0;Semih Kılıçsoy;tr TUR;FW;Cagliari;it Serie A;20,0;2005,0;20,0;11,0;941,0;10,5;4,0;0,0;4,0;4,0;0,0;0,0;1,0;0,0;0,38;17,0;8,0;47,1;1,63;0,77;0,24;0,5;1,0;3,0;0,0;15,0;0,0;13,0;0,0;;0,0;;;0,0;;;;;0,0;;;;;No;No;No;No;No;No;No;No;No;No
1298,0;Max Kilman;eng ENG;DF;West Ham United;eng Premier League;28,0;1997,0;21,0;17,0;1561,0;17,3;0,0;0,0;0,0;0,0;0,0;0,0;4,0;0,0;0,0;7,0;1,0;14,3;0,4;0,06;0,0;0,0;2,0;8,0;6,0;2,0;0,0;16,0;0,0;;0,0;;;0,0;;;;;0,0;;;;;No;No;No;No;No;No;No;No;No;No
1299,0;Joshua Kimmich;de GER;MF;Bayern Munich;de Bundesliga;31,0;1995,0;22,0;18,0;1727,0;19,2;2,0;6,0;8,0;2,0;0,0;0,0;4,0;0,0;0,42;20,0;8,0;40,0;1,04;0,42;0,1;0,25;95,0;18,0;16,0;17,0;0,0;6,0;0,0;;0,0;;;0,0;;;;;0,0;;;;;No;No;No;No;No;No;No;No;No;No
1300,0;Joshua King;eng ENG;MF;Fulham;eng Premier League;19,0;2007,0;24,0;13,0;1058,0;11,8;0,0;1,0;1,0;0,0;0,0;0,0;3,0;0,0;0,09;21,0;8,0;38,1;1,79;0,68;0,0;0,0;10,0;9,0;2,0;23,0;0,0;11,0;0,0;;0,0;;;0,0;;;;;0,0;;;;;No;No;No;No;No;No;No;No;No;No
1301,0;Tim Kleindienst;de GER;FW;Gladbach;de Bundesliga;30,0;1995,0;2,0;0,0;2,0;0,0;0,0;0,0;0,0;0,0;0,0;0,0;0,0;0,0;0,0;0,0;0,0;0,0;0,0;0,0;0,0;0,0;0,0;0,0;1,0;0,0;0,0;0,0;0,0;;0,0;;;0,0;;;;;0,0;;;;;No;No;No;No;No;No;No;No;No;No
1302,0;Lukas Klostermann;de GER;DF,MF;RB Leipzig;de Bundesliga;29,0;1996,0;4,0;0,0;6,0;0,1;0,0;0,0;0,0;0,0;0,0;0,0;0,0;0,0;0,0;1,0;0,0;0,0;15,0;0,0;0,0;0,0;0,0;0,0;0,0;0,0;0,0;0,0;0,0;;0,0;;;0,0;;;;;0,0;;;;;No;No;No;No;No;No;No;No;No;No
1303,0;Justin Kluivert;nl NED;MF;Bournemouth;eng Premier League;26,0;1999,0;18,0;10,0;919,0;10,2;2,0;0,0;2,0;2,0;0,0;0,0;4,0;0,0;0,2;16,0;4,0;25,0;1,57;0,39;0,13;0,5;40,0;7,0;4,0;9,0;0,0;15,0;0,0;;0,0;;;0,0;;;;;0,0;;;;;No;No;No;No;No;No;No;No;No;No
1304,0;Ruben Kluivert;nl NED;DF;Lyon;fr Ligue 1;24,0;2001,0;11,0;7,0;642,0;7,1;1,0;2,0;3,0;1,0;0,0;0,0;2,0;0,0;0,42;1,0;1,0;100,0;0,14;0,14;1,0;1,0;1,0;7,0;7,0;3,0;0,0;7,0;0,0;;0,0;;;0,0;;;;;0,0;;;;;No;No;No;No;No;No;No;No;No;No
1305,0;Ansgar Knauff;de GER;MF,FW;Eintracht Frankfurt;de Bundesliga;24,0;2002,0;20,0;10,0;1005,0;11,2;4,0;1,0;5,0;4,0;0,0;0,0;2,0;0,0;0,45;26,0;13,0;50,0;2,33;1,16;0,15;0,31;29,0;8,0;8,0;10,0;0,0;20,0;0,0;;0,0;;;0,0;;;;;0,0;;;;;No;No;No;No;No;No;No;No;No;No
1306,0;Joe Knight;eng ENG;MF;Brighton;eng Premier League;20,0;2005,0;1,0;0,0;1,0;0,0;0,0;0,0;0,0;0,0;0,0;0,0;0,0;0,0;0,0;0,0;0,0;0,0;0,0;0,0;0,0;0,0;0,0;0,0;0,0;0,0;0,0;0,0;0,0;;0,0;;;0,0;;;;;0,0;;;;;No;No;No;No;No;No;No;No;No;No
1307,0;Gregor Kobel;ch SUI;GK;Dortmund;de Bundesliga;28,0;1997,0;26,0;26,0;2340,0;26,0;0,0;0,0;0,0;0,0;0,0;0,0;2,0;0,0;0,0;0,0;0,0;0,0;0,0;0,0;0,0;0,0;0,0;0,0;0,0;5,0;0,0;0,0;0,0;26,0;1,0;89,0;66,0;74,2;17,0;7,0;2,0;12,0;46,2;3,0;3,0;0,0;0,0;No;No;No;No;No;No;No;No;No;No
1308,0;Robin Koch;de GER;DF;Eintracht Frankfurt;de Bundesliga;29,0;1996,0;25,0;25,0;2203,0;24,5;3,0;1,0;4,0;3,0;0,0;0,0;3,0;1,0;0,16;13,0;5,0;38,5;0,53;0,2;0,23;0,6;2,0;18,0;33,0;8,0;1,0;22,0;0,0;;0,0;;;0,0;;;;;0,0;;;;;No;No;No;No;No;No;No;No;No;No
1309,0;Christian Kofane;cm CMR;FW,MF;Leverkusen;de Bundesliga;19,0;2006,0;23,0;9,0;998,0;11,1;5,0;3,0;8,0;5,0;0,0;0,0;3,0;0,0;0,72;36,0;17,0;47,2;3,25;1,53;0,14;0,29;0,0;6,0;2,0;13,0;0,0;26,0;0,0;;0,0;;;0,0;;;;;0,0;;;;;No;No;No;No;No;No;No;No;No;No
1310,0;Hervé Koffi;bf BFA;GK;Angers;fr Ligue 1;29,0;1996,0;23,0;23,0;2070,0;23,0;0,0;0,0;0,0;0,0;0,0;0,0;1,0;0,0;0,0;0,0;0,0;0,0;0,0;0,0;0,0;0,0;0,0;1,0;0,0;9,0;0,0;1,0;0,0;26,0;1,13;108,0;85,0;77,8;9,0;5,0;9,0;9,0;39,1;5,0;2,0;2,0;1,0;No;No;No;No;No;No;No;No;No;No
1311,0;Enzo Koffi Vinette;fr FRA;DF;Le Havre;fr Ligue 1;20,0;2006,0;10,0;2,0;272,0;3,0;0,0;0,0;0,0;0,0;0,0;0,0;1,0;0,0;0,0;3,0;1,0;33,3;0,99;0,33;0,0;0,0;18,0;9,0;7,0;8,0;0,0;7,0;0,0;;0,0;;;0,0;;;;;0,0;;;;;No;No;No;No;No;No;No;No;No;No
1312,0;Derrick Köhn;gh GHA;MF,DF;Union Berlin;de Bundesliga;27,0;1999,0;24,0;18,0;1615,0;17,9;1,0;1,0;2,0;0,0;1,0;1,0;4,0;1,0;0,06;21,0;4,0;19,0;1,17;0,22;0,0;0,0;88,0;19,0;8,0;14,0;0,0;27,0;0,0;;0,0;;;0,0;;;;;0,0;;;;;No;No;No;No;No;No;No;No;No;No
1313,0;Philipp Köhn;ch SUI;GK;Monaco;fr Ligue 1;27,0;1998,0;19,0;17,0;1621,0;18,0;0,0;0,0;0,0;0,0;0,0;0,0;1,0;0,0;0,0;0,0;0,0;0,0;0,0;0,0;0,0;0,0;0,0;0,0;1,0;3,0;0,0;0,0;0,0;27,0;1,5;73,0;48,0;65,8;9,0;4,0;4,0;5,0;29,4;2,0;2,0;0,0;0,0;No;No;No;No;No;No;No;No;No;No
1314,0;Dominik Kohr;de GER;DF;Mainz 05;de Bundesliga;32,0;1994,0;21,0;21,0;1753,0;19,5;1,0;0,0;1,0;1,0;0,0;0,0;8,0;2,0;0,05;9,0;2,0;22,2;0,46;0,1;0,11;0,5;10,0;25,0;34,0;34,0;1,0;30,0;0,0;;0,0;;;0,0;;;;;0,0;;;;;No;No;No;No;No;No;No;No;No;No
1315,0;Koke;es ESP;MF;Atlético Madrid;es La Liga;34,0;1992,0;26,0;17,0;1635,0;18,2;2,0;2,0;4,0;2,0;0,0;0,0;4,0;0,0;0,22;10,0;4,0;40,0;0,55;0,22;0,2;0,5;26,0;22,0;17,0;14,0;0,0;16,0;0,0;;0,0;;;0,0;;;;;0,0;;;;;No;No;No;No;No;No;No;No;No;No
1316,0;Sead Kolašinac;ba BIH;DF;Atalanta;it Serie A;32,0;1993,0;12,0;9,0;766,0;8,5;0,0;0,0;0,0;0,0;0,0;0,0;3,0;0,0;0,0;3,0;0,0;0,0;0,35;0,0;0,0;0,0;2,0;10,0;5,0;6,0;0,0;10,0;0,0;;0,0;;;0,0;;;;;0,0;;;;;No;No;No;No;No;No;No;No;No;No
1317,0;Luca Koleosho;it ITA;MF;Paris FC;fr Ligue 1;21,0;2004,0;8,0;1,0;241,0;2,7;1,0;0,0;1,0;1,0;0,0;0,0;0,0;0,0;0,37;7,0;4,0;57,1;2,61;1,49;0,14;0,25;5,0;7,0;0,0;2,0;0,0;6,0;0,0;;0,0;;;0,0;;;;;0,0;;;;;No;No;No;No;No;No;No;No;No;No
1318,0;Luca Koleosho;it ITA;MF;Espanyol;es La Liga;21,0;2004,0;3,0;0,0;63,0;0,7;0,0;0,0;0,0;0,0;0,0;0,0;0,0;0,0;0,0;1,0;0,0;0,0;1,43;0,0;0,0;0,0;5,0;1,0;1,0;0,0;0,0;3,0;0,0;;0,0;;;0,0;;;;;0,0;;;;;No;No;No;No;No;No;No;No;No;No
1319,0;Adam Kölle;de GER;DF;Heidenheim;de Bundesliga;19,0;2006,0;6,0;0,0;93,0;1,0;1,0;0,0;1,0;1,0;0,0;0,0;1,0;0,0;0,97;2,0;1,0;50,0;1,94;0,97;0,5;1,0;1,0;1,0;1,0;1,0;0,0;5,0;0,0;;0,0;;;0,0;;;;;0,0;;;;;No;No;No;No;No;No;No;No;No;No
1320,0;Randal Kolo Muani;fr FRA;FW,MF;Tottenham Hotspur;eng Premier League;27,0;1998,0;22,0;15,0;1207,0;13,4;1,0;1,0;2,0;1,0;0,0;0,0;2,0;0,0;0,15;14,0;3,0;21,4;1,04;0,22;0,07;0,33;7,0;14,0;2,0;12,0;0,0;32,0;0,0;;0,0;;;0,0;;;;;0,0;;;;;No;No;No;No;No;No;No;No;No;No
1321,0;Timothée Kolodziejczak;fr FRA;DF;Paris FC;fr Ligue 1;34,0;1991,0;11,0;7,0;662,0;7,4;0,0;0,0;0,0;0,0;0,0;0,0;2,0;0,0;0,0;1,0;1,0;100,0;0,14;0,14;0,0;0,0;0,0;6,0;7,0;1,0;0,0;8,0;0,0;;0,0;;;0,0;;;;;0,0;;;;;No;No;No;No;No;No;No;No;No;No
1322,0;Mert Kömür;de GER;MF,FW;Augsburg;de Bundesliga;20,0;2005,0;23,0;15,0;1316,0;14,6;2,0;3,0;5,0;2,0;0,0;0,0;1,0;0,0;0,34;36,0;12,0;33,3;2,46;0,82;0,06;0,17;55,0;11,0;7,0;17,0;0,0;24,0;0,0;;0,0;;;0,0;;;;;0,0;;;;;No;No;No;No;No;No;No;No;No;No
1323,0;Ibrahima Konaté;fr FRA;DF;Liverpool;eng Premier League;26,0;1999,0;28,0;28,0;2404,0;26,7;1,0;0,0;1,0;1,0;0,0;0,0;5,0;0,0;0,04;10,0;3,0;30,0;0,37;0,11;0,1;0,33;3,0;26,0;21,0;32,0;0,0;29,0;0,0;;0,0;;;0,0;;;;;0,0;;;;;No;No;No;No;No;No;No;No;No;No
1324,0;Samba Konaté;fr FRA;FW;RB Leipzig;de Bundesliga;17,0;2009,0;1,0;0,0;4,0;0,0;0,0;0,0;0,0;0,0;0,0;0,0;0,0;0,0;0,0;1,0;0,0;0,0;22,5;0,0;0,0;0,0;0,0;0,0;0,0;0,0;0,0;0,0;0,0;;0,0;;;0,0;;;;;0,0;;;;;No;No;No;No;No;No;No;No;No;No
1325,0;Geoffrey Kondogbia;cf CTA;MF,DF;Marseille;fr Ligue 1;33,0;1993,0;9,0;8,0;523,0;5,8;0,0;0,0;0,0;0,0;0,0;0,0;3,0;0,0;0,0;4,0;1,0;25,0;0,69;0,17;0,0;0,0;0,0;9,0;10,0;8,0;0,0;11,0;0,0;;0,0;;;0,0;;;;;0,0;;;;;No;No;No;No;No;No;No;No;No;No
1326,0;Ismaël Koné;ca CAN;MF;Sassuolo;it Serie A;23,0;2002,0;26,0;25,0;2077,0;23,1;5,0;0,0;5,0;5,0;0,0;0,0;4,0;1,0;0,22;17,0;9,0;52,9;0,74;0,39;0,29;0,56;4,0;10,0;7,0;40,0;1,0;18,0;0,0;;0,0;;;0,0;;;;;0,0;;;;;No;No;No;No;No;No;No;No;No;No
1327,0;Manu Koné;fr FRA;MF;Roma;it Serie A;24,0;2001,0;26,0;26,0;2300,0;25,6;2,0;2,0;4,0;2,0;0,0;0,0;2,0;0,0;0,16;21,0;5,0;23,8;0,82;0,2;0,1;0,4;1,0;26,0;19,0;48,0;0,0;44,0;0,0;;0,0;;;0,0;;;;;0,0;;;;;No;No;No;No;No;No;No;No;No;No
1328,0;Ransford Königsdörffer;gh GHA;FW,MF;Hamburger SV;de Bundesliga;24,0;2001,0;26,0;22,0;1751,0;19,5;4,0;1,0;5,0;4,0;0,0;1,0;1,0;0,0;0,26;52,0;17,0;32,7;2,67;0,87;0,08;0,24;17,0;1,0;3,0;24,0;0,0;19,0;0,0;;0,0;;;0,0;;;;;0,0;;;;;No;No;No;No;No;No;No;No;No;No
1329,0;Ezri Konsa;eng ENG;DF;Aston Villa;eng Premier League;28,0;1997,0;29,0;29,0;2585,0;28,7;0,0;0,0;0,0;0,0;0,0;0,0;0,0;1,0;0,0;9,0;2,0;22,2;0,31;0,07;0,0;0,0;5,0;7,0;22,0;33,0;0,0;11,0;0,0;;0,0;;;0,0;;;;;0,0;;;;;No;No;No;No;No;No;No;No;No;No
1330,0;Teun Koopmeiners;nl NED;DF,MF;Juventus;it Serie A;28,0;1998,0;26,0;16,0;1591,0;17,7;0,0;0,0;0,0;0,0;0,0;0,0;5,0;0,0;0,0;26,0;6,0;23,1;1,47;0,34;0,0;0,0;40,0;11,0;18,0;9,0;0,0;26,0;0,0;;0,0;;;0,0;;;;;0,0;;;;;No;No;No;No;No;No;No;No;No;No
1331,0;Ville Koski;fi FIN;DF;Alavés;es La Liga;24,0;2002,0;1,0;0,0;11,0;0,1;0,0;0,0;0,0;0,0;0,0;0,0;0,0;0,0;0,0;0,0;0,0;0,0;0,0;0,0;0,0;0,0;0,0;1,0;0,0;0,0;0,0;0,0;0,0;;0,0;;;0,0;;;;;0,0;;;;;No;No;No;No;No;No;No;No;No;No
1332,0;Odilon Kossounou;ci CIV;DF;Atalanta;it Serie A;25,0;2001,0;15,0;10,0;888,0;9,9;1,0;0,0;1,0;1,0;0,0;0,0;1,0;0,0;0,1;5,0;1,0;20,0;0,51;0,1;0,2;1,0;2,0;12,0;9,0;3,0;0,0;14,0;0,0;;0,0;;;0,0;;;;;0,0;;;;;No;No;No;No;No;No;No;No;No;No
1333,0;Filip Kostić;rs SRB;MF;Juventus;it Serie A;33,0;1992,0;17,0;4,0;467,0;5,2;3,0;1,0;4,0;3,0;0,0;0,0;0,0;0,0;0,77;9,0;4,0;44,4;1,73;0,77;0,33;0,75;49,0;10,0;4,0;5,0;0,0;7,0;0,0;;0,0;;;0,0;;;;;0,0;;;;;No;No;No;No;No;No;No;No;No;No
1334,0;Charalampos Kostoulas;gr GRE;FW;Brighton;eng Premier League;18,0;2007,0;16,0;2,0;305,0;3,4;2,0;1,0;3,0;2,0;0,0;0,0;2,0;0,0;0,89;15,0;6,0;40,0;4,43;1,77;0,13;0,33;5,0;6,0;1,0;7,0;0,0;6,0;0,0;;0,0;;;0,0;;;;;0,0;;;;;No;No;No;No;No;No;No;No;No;No
1335,0;Eddy Kouadio;ci CIV;DF;Fiorentina;it Serie A;19,0;2006,0;3,0;0,0;72,0;0,8;0,0;0,0;0,0;0,0;0,0;0,0;0,0;0,0;0,0;0,0;0,0;0,0;0,0;0,0;0,0;0,0;1,0;3,0;0,0;1,0;0,0;1,0;0,0;;0,0;;;0,0;;;;;0,0;;;;;No;No;No;No;No;No;No;No;No;No
1336,0;Christian Kouamé;ci CIV;FW,MF;Fiorentina;it Serie A;28,0;1997,0;2,0;0,0;27,0;0,3;0,0;0,0;0,0;0,0;0,0;0,0;0,0;0,0;0,0;0,0;0,0;0,0;0,0;0,0;0,0;0,0;2,0;1,0;1,0;0,0;0,0;0,0;0,0;;0,0;;;0,0;;;;;0,0;;;;;No;No;No;No;No;No;No;No;No;No
1337,0;Koffi Kouao;ci CIV;DF,MF;Metz;fr Ligue 1;27,0;1998,0;22,0;22,0;1841,0;20,5;2,0;1,0;3,0;2,0;0,0;0,0;8,0;0,0;0,15;20,0;8,0;40,0;0,98;0,39;0,1;0,25;52,0;37,0;19,0;27,0;0,0;26,0;1,0;;0,0;;;0,0;;;;;0,0;;;;;No;No;No;No;No;No;No;No;No;No
1338,0;Arsène Kouassi;bf BFA;MF;Lorient;fr Ligue 1;21,0;2004,0;24,0;23,0;1993,0;22,1;2,0;5,0;7,0;2,0;0,0;0,0;3,0;0,0;0,32;5,0;2,0;40,0;0,23;0,09;0,4;1,0;96,0;15,0;19,0;42,0;0,0;12,0;0,0;;0,0;;;0,0;;;;;0,0;;;;;No;No;No;No;No;No;No;No;No;No
1339,0;Christ-Owen Kouassi;fr FRA;DF;Lecce;it Serie A;22,0;2003,0;4,0;3,0;228,0;2,5;0,0;0,0;0,0;0,0;0,0;0,0;0,0;0,0;0,0;0,0;0,0;0,0;0,0;0,0;0,0;0,0;2,0;6,0;1,0;3,0;0,0;1,0;0,0;;0,0;;;0,0;;;;;0,0;;;;;No;No;No;No;No;No;No;No;No;No
1340,0;Konstantinos Koulierakis;gr GRE;DF;Wolfsburg;de Bundesliga;22,0;2003,0;22,0;20,0;1853,0;20,6;2,0;0,0;2,0;2,0;0,0;0,0;4,0;0,0;0,1;21,0;9,0;42,9;1,02;0,44;0,1;0,22;11,0;14,0;29,0;8,0;0,0;19,0;1,0;;0,0;;;0,0;;;;;0,0;;;;;No;No;No;No;No;No;No;No;No;No
1341,0;Seny Koumbassa;fr FRA;DF;Toulouse;fr Ligue 1;18,0;2007,0;4,0;0,0;83,0;0,9;0,0;0,0;0,0;0,0;0,0;0,0;0,0;0,0;0,0;1,0;0,0;0,0;1,08;0,0;0,0;0,0;0,0;3,0;1,0;0,0;0,0;1,0;0,0;;0,0;;;0,0;;;;;0,0;;;;;No;No;No;No;No;No;No;No;No;No
1342,0;Jules Koundé;fr FRA;DF;Barcelona;es La Liga;27,0;1998,0;25,0;20,0;1903,0;21,1;1,0;3,0;4,0;1,0;0,0;0,0;4,0;0,0;0,19;12,0;3,0;25,0;0,57;0,14;0,08;0,33;31,0;20,0;27,0;22,0;0,0;19,0;0,0;;0,0;;;0,0;;;;;0,0;;;;;No;No;No;No;No;No;No;No;No;No
1343,0;Lancinet Kourouma;gn GUI;FW;Girona;es La Liga;21,0;2004,0;5,0;0,0;43,0;0,5;0,0;0,0;0,0;0,0;0,0;0,0;0,0;1,0;0,0;0,0;0,0;0,0;0,0;0,0;0,0;0,0;0,0;0,0;1,0;1,0;0,0;2,0;0,0;;0,0;;;0,0;;;;;0,0;;;;;No;No;No;No;No;No;No;No;No;No
1344,0;Hamza Koutoune;ma MAR;DF;Nice;fr Ligue 1;19,0;2006,0;1,0;0,0;1,0;0,0;0,0;0,0;0,0;0,0;0,0;0,0;0,0;0,0;0,0;0,0;0,0;0,0;0,0;0,0;0,0;0,0;1,0;0,0;0,0;0,0;0,0;0,0;0,0;;0,0;;;0,0;;;;;0,0;;;;;No;No;No;No;No;No;No;No;No;No
1345,0;Mateo Kovačić;hr CRO;MF;Manchester City;eng Premier League;31,0;1994,0;1,0;0,0;5,0;0,1;0,0;0,0;0,0;0,0;0,0;0,0;0,0;0,0;0,0;0,0;0,0;0,0;0,0;0,0;0,0;0,0;0,0;0,0;0,0;0,0;0,0;0,0;0,0;;0,0;;;0,0;;;;;0,0;;;;;No;No;No;No;No;No;No;No;No;No
1346,0;Goduine Koyalipou;cf CTA;FW;Angers;fr Ligue 1;26,0;2000,0;7,0;6,0;482,0;5,4;0,0;0,0;0,0;0,0;0,0;0,0;0,0;0,0;0,0;15,0;5,0;33,3;2,8;0,93;0,0;0,0;1,0;2,0;1,0;3,0;0,0;4,0;0,0;;0,0;;;0,0;;;;;0,0;;;;;No;No;No;No;No;No;No;No;No;No
1347,0;Goduine Koyalipou;cf CTA;FW;Levante;es La Liga;26,0;2000,0;11,0;2,0;247,0;2,7;1,0;0,0;1,0;1,0;0,0;0,0;1,0;0,0;0,36;10,0;4,0;40,0;3,64;1,46;0,1;0,25;1,0;3,0;1,0;1,0;0,0;2,0;0,0;;0,0;;;0,0;;;;;0,0;;;;;No;No;No;No;No;No;No;No;No;No
1348,0;Emil Krafth;se SWE;DF;Newcastle United;eng Premier League;31,0;1994,0;1,0;1,0;45,0;0,5;0,0;0,0;0,0;0,0;0,0;0,0;0,0;0,0;0,0;0,0;0,0;0,0;0,0;0,0;0,0;0,0;1,0;0,0;0,0;0,0;0,0;1,0;0,0;;0,0;;;0,0;;;;;0,0;;;;;No;No;No;No;No;No;No;No;No;No
1349,0;Alex Král;cz CZE;MF;Union Berlin;de Bundesliga;27,0;1998,0;16,0;1,0;325,0;3,6;0,0;0,0;0,0;0,0;0,0;0,0;1,0;0,0;0,0;5,0;3,0;60,0;1,38;0,83;0,0;0,0;9,0;4,0;1,0;8,0;0,0;4,0;0,0;;0,0;;;0,0;;;;;0,0;;;;;No;No;No;No;No;No;No;No;No;No
1350,0;Andrej Kramarić;hr CRO;MF,FW;Hoffenheim;de Bundesliga;34,0;1991,0;26,0;20,0;1665,0;18,5;10,0;5,0;15,0;7,0;3,0;3,0;1,0;0,0;0,65;51,0;25,0;49,0;2,76;1,35;0,14;0,28;68,0;4,0;5,0;10,0;0,0;3,0;0,0;;0,0;;;0,0;;;;;0,0;;;;;No;No;No;No;No;No;No;No;No;No
1351,0;Vladyslav Krapyvtsov;ua UKR;GK;Girona;es La Liga;20,0;2005,0;2,0;1,0;136,0;1,5;0,0;0,0;0,0;0,0;0,0;0,0;0,0;0,0;0,0;0,0;0,0;0,0;0,0;0,0;0,0;0,0;0,0;0,0;0,0;1,0;0,0;0,0;0,0;6,0;3,97;9,0;4,0;44,4;0,0;0,0;1,0;0,0;0,0;1,0;1,0;0,0;0,0;No;No;No;No;No;No;No;No;No;No
1352,0;Jean-Philippe Krasso;ci CIV;FW;Paris FC;fr Ligue 1;28,0;1997,0;25,0;12,0;1092,0;12,1;2,0;2,0;4,0;1,0;1,0;1,0;0,0;0,0;0,25;27,0;10,0;37,0;2,23;0,82;0,04;0,1;4,0;8,0;1,0;19,0;0,0;20,0;0,0;;0,0;;;0,0;;;;;0,0;;;;;No;No;No;No;No;No;No;No;No;No
1353,0;Tom Krauß;de GER;MF,DF;Köln;de Bundesliga;24,0;2001,0;22,0;16,0;1547,0;17,2;0,0;1,0;1,0;0,0;0,0;0,0;4,0;0,0;0,06;8,0;1,0;12,5;0,47;0,06;0,0;0,0;13,0;37,0;23,0;20,0;0,0;20,0;0,0;;0,0;;;0,0;;;;;0,0;;;;;No;No;No;No;No;No;No;No;No;No
1354,0;Ladislav Krejčí;cz CZE;DF,MF;Wolves;eng Premier League;26,0;1999,0;24,0;23,0;2037,0;22,6;2,0;1,0;3,0;2,0;0,0;0,0;5,0;1,0;0,13;16,0;8,0;50,0;0,71;0,35;0,13;0,25;11,0;15,0;27,0;7,0;1,0;30,0;1,0;;0,0;;;0,0;;;;;0,0;;;;;No;No;No;No;No;No;No;No;No;No
1355,0;Ladislav Krejčí;cz CZE;DF;Girona;es La Liga;26,0;1999,0;2,0;2,0;180,0;2,0;0,0;0,0;0,0;0,0;0,0;0,0;1,0;0,0;0,0;1,0;0,0;0,0;0,5;0,0;0,0;0,0;0,0;0,0;1,0;0,0;0,0;2,0;0,0;;0,0;;;0,0;;;;;0,0;;;;;No;No;No;No;No;No;No;No;No;No
1356,0;Rasmus Kristensen;dk DEN;DF,MF;Eintracht Frankfurt;de Bundesliga;28,0;1997,0;19,0;18,0;1421,0;15,8;2,0;0,0;2,0;2,0;0,0;0,0;4,0;0,0;0,13;14,0;5,0;35,7;0,89;0,32;0,14;0,4;31,0;32,0;18,0;10,0;0,0;21,0;0,0;;0,0;;;0,0;;;;;0,0;;;;;No;No;No;No;No;No;No;No;No;No
1357,0;Thomas Kristensen;dk DEN;DF;Udinese;it Serie A;24,0;2002,0;19,0;19,0;1704,0;18,9;2,0;0,0;2,0;2,0;0,0;0,0;2,0;0,0;0,11;7,0;4,0;57,1;0,37;0,21;0,29;0,5;3,0;10,0;18,0;6,0;0,0;19,0;0,0;;0,0;;;0,0;;;;;0,0;;;;;No;No;No;No;No;No;No;No;No;No
1358,0;Nikola Krstović;me MNE;FW;Atalanta;it Serie A;25,0;2000,0;25,0;11,0;1156,0;12,8;8,0;4,0;12,0;8,0;0,0;0,0;2,0;0,0;0,93;71,0;24,0;33,8;5,53;1,87;0,11;0,33;4,0;6,0;2,0;23,0;0,0;24,0;0,0;;0,0;;;0,0;;;;;0,0;;;;;No;No;No;No;No;No;No;No;No;No
1359,0;Lukas Kübler;de GER;DF;Freiburg;de Bundesliga;33,0;1992,0;16,0;15,0;1207,0;13,4;2,0;1,0;3,0;2,0;0,0;0,0;2,0;0,0;0,22;18,0;4,0;22,2;1,34;0,3;0,11;0,5;21,0;21,0;20,0;8,0;0,0;15,0;0,0;;0,0;;;0,0;;;;;0,0;;;;;No;No;No;No;No;No;No;No;No;No
1360,0;Takefusa Kubo;jp JPN;MF;Real Sociedad;es La Liga;24,0;2001,0;18,0;13,0;1179,0;13,1;2,0;3,0;5,0;2,0;0,0;0,0;0,0;0,0;0,38;25,0;12,0;48,0;1,91;0,92;0,08;0,17;31,0;15,0;7,0;38,0;0,0;6,0;0,0;;0,0;;;0,0;;;;;0,0;;;;;No;No;No;No;No;No;No;No;No;No
1361,0;Mohammed Kudus;gh GHA;MF,FW;Tottenham Hotspur;eng Premier League;25,0;2000,0;19,0;19,0;1535,0;17,1;2,0;5,0;7,0;2,0;0,0;0,0;3,0;0,0;0,41;26,0;9,0;34,6;1,52;0,53;0,08;0,22;122,0;17,0;3,0;15,0;0,0;23,0;0,0;;0,0;;;0,0;;;;;0,0;;;;;No;No;No;No;No;No;No;No;No;No
1362,0;Nicolas-Gerrit Kühn;de GER;MF;Como;it Serie A;26,0;2000,0;20,0;6,0;631,0;7,0;1,0;0,0;1,0;1,0;0,0;0,0;0,0;0,0;0,14;8,0;3,0;37,5;1,14;0,43;0,13;0,33;13,0;6,0;3,0;2,0;0,0;6,0;0,0;;0,0;;;0,0;;;;;0,0;;;;;No;No;No;No;No;No;No;No;No;No
1363,0;Sandro Kulenović;hr CRO;FW;Torino;it Serie A;26,0;1999,0;6,0;2,0;175,0;1,9;0,0;1,0;1,0;0,0;0,0;0,0;2,0;0,0;0,51;4,0;1,0;25,0;2,06;0,51;0,0;0,0;0,0;0,0;1,0;2,0;0,0;7,0;0,0;;0,0;;;0,0;;;;;0,0;;;;;No;No;No;No;No;No;No;No;No;No
1364,0;Sael Kumbedi;fr FRA;DF;Wolfsburg;de Bundesliga;20,0;2005,0;18,0;15,0;1343,0;14,9;0,0;5,0;5,0;0,0;0,0;0,0;2,0;0,0;0,34;3,0;0,0;0,0;0,2;0,0;0,0;0,0;28,0;23,0;10,0;15,0;0,0;18,0;0,0;;0,0;;;0,0;;;;;0,0;;;;;No;No;No;No;No;No;No;No;No;No
1365,0;Sael Kumbedi;fr FRA;DF;Lyon;fr Ligue 1;20,0;2005,0;1,0;1,0;65,0;0,7;0,0;0,0;0,0;0,0;0,0;0,0;1,0;0,0;0,0;1,0;0,0;0,0;1,38;0,0;0,0;0,0;1,0;0,0;1,0;2,0;0,0;4,0;0,0;;0,0;;;0,0;;;;;0,0;;;;;No;No;No;No;No;No;No;No;No;No
1366,0;Marash Kumbulla;al ALB;DF;Mallorca;es La Liga;26,0;2000,0;7,0;5,0;420,0;4,7;0,0;0,0;0,0;0,0;0,0;0,0;1,0;0,0;0,0;3,0;0,0;0,0;0,64;0,0;0,0;0,0;2,0;2,0;2,0;5,0;0,0;1,0;0,0;;0,0;;;0,0;;;;;0,0;;;;;No;No;No;No;No;No;No;No;No;No
1367,0;Jonah Kusi-Asare;se SWE;FW;Bayern Munich;de Bundesliga;18,0;2007,0;1,0;0,0;5,0;0,1;0,0;0,0;0,0;0,0;0,0;0,0;0,0;0,0;0,0;0,0;0,0;0,0;0,0;0,0;0,0;0,0;0,0;0,0;0,0;0,0;0,0;1,0;0,0;;0,0;;;0,0;;;;;0,0;;;;;No;No;No;No;No;No;No;No;No;No
1368,0;Jonah Kusi-Asare;se SWE;FW;Fulham;eng Premier League;18,0;2007,0;5,0;0,0;34,0;0,4;0,0;0,0;0,0;0,0;0,0;0,0;1,0;0,0;0,0;0,0;0,0;0,0;0,0;0,0;0,0;0,0;0,0;0,0;0,0;1,0;0,0;3,0;0,0;;0,0;;;0,0;;;;;0,0;;;;;No;No;No;No;No;No;No;No;No;No
1369,0;Khvicha Kvaratskhelia;ge GEO;FW;Paris Saint-Germain;fr Ligue 1;25,0;2001,0;21,0;13,0;1083,0;12,0;4,0;3,0;7,0;4,0;0,0;0,0;1,0;0,0;0,58;47,0;18,0;38,3;3,91;1,5;0,09;0,22;37,0;8,0;8,0;21,0;0,0;16,0;0,0;;0,0;;;0,0;;;;;0,0;;;;;No;No;No;No;No;No;No;No;No;No
1370,0;Giorgi Kvilitaia;ge GEO;FW;Metz;fr Ligue 1;32,0;1993,0;5,0;1,0;120,0;1,3;0,0;0,0;0,0;0,0;0,0;0,0;0,0;0,0;0,0;3,0;1,0;33,3;2,25;0,75;0,0;0,0;0,0;2,0;0,0;2,0;0,0;3,0;0,0;;0,0;;;0,0;;;;;0,0;;;;;No;No;No;No;No;No;No;No;No;No
1371,0;Godson Kyeremeh;fr FRA;FW;Le Havre;fr Ligue 1;25,0;2000,0;10,0;3,0;344,0;3,8;0,0;1,0;1,0;0,0;0,0;0,0;0,0;0,0;0,26;4,0;1,0;25,0;1,05;0,26;0,0;0,0;15,0;5,0;0,0;17,0;0,0;7,0;0,0;;0,0;;;0,0;;;;;0,0;;;;;No;No;No;No;No;No;No;No;No;No
1372,0;Adrián de la Fuente;es ESP;DF;Levante;es La Liga;27,0;1999,0;24,0;21,0;1916,0;21,3;2,0;1,0;3,0;1,0;1,0;1,0;5,0;0,0;0,09;25,0;4,0;16,0;1,17;0,19;0,04;0,25;21,0;14,0;34,0;14,0;0,0;20,0;1,0;;0,0;;;0,0;;;;;0,0;;;;;No;No;No;No;No;No;No;No;No;No
1373,0;Rémy Labeau Lascary;gp GLP;MF,FW;Brest;fr Ligue 1;23,0;2003,0;20,0;8,0;793,0;8,8;4,0;1,0;5,0;4,0;0,0;0,0;2,0;0,0;0,57;22,0;11,0;50,0;2,5;1,25;0,18;0,36;10,0;9,0;3,0;10,0;0,0;20,0;0,0;;0,0;;;0,0;;;;;0,0;;;;;No;No;No;No;No;No;No;No;No;No
1374,0;Shea Lacey;eng ENG;FW;Manchester Utd;eng Premier League;18,0;2007,0;2,0;0,0;14,0;0,2;0,0;0,0;0,0;0,0;0,0;0,0;0,0;0,0;0,0;3,0;1,0;33,3;19,29;6,43;0,0;0,0;0,0;0,0;0,0;0,0;0,0;0,0;0,0;;0,0;;;0,0;;;;;0,0;;;;;No;No;No;No;No;No;No;No;No;No
1375,0;Maxence Lacroix;fr FRA;DF;Crystal Palace;eng Premier League;25,0;2000,0;28,0;28,0;2485,0;27,6;1,0;2,0;3,0;1,0;0,0;0,0;3,0;1,0;0,11;21,0;4,0;19,0;0,76;0,14;0,05;0,25;5,0;32,0;35,0;16,0;0,0;26,0;0,0;;0,0;;;0,0;;;;;0,0;;;;;No;No;No;No;No;No;No;No;No;No
1376,0;Yoel Lago;es ESP;DF;Celta Vigo;es La Liga;21,0;2004,0;4,0;4,0;333,0;3,7;0,0;0,0;0,0;0,0;0,0;0,0;2,0;0,0;0,0;0,0;0,0;0,0;0,0;0,0;0,0;0,0;0,0;3,0;3,0;3,0;0,0;6,0;0,0;;0,0;;;0,0;;;;;0,0;;;;;No;No;No;No;No;No;No;No;No;No
1377,0;Mayckel Lahdo;se SWE;FW,MF;Nantes;fr Ligue 1;23,0;2002,0;8,0;5,0;415,0;4,6;1,0;1,0;2,0;1,0;0,0;0,0;0,0;0,0;0,43;3,0;1,0;33,3;0,65;0,22;0,33;1,0;1,0;2,0;0,0;6,0;0,0;5,0;0,0;;0,0;;;0,0;;;;;0,0;;;;;No;No;No;No;No;No;No;No;No;No
1378,0;Konrad Laimer;at AUT;DF;Bayern Munich;de Bundesliga;28,0;1997,0;21,0;17,0;1513,0;16,8;3,0;4,0;7,0;3,0;0,0;0,0;5,0;0,0;0,42;15,0;8,0;53,3;0,89;0,48;0,2;0,38;24,0;17,0;16,0;6,0;0,0;21,0;0,0;;0,0;;;0,0;;;;;0,0;;;;;No;No;No;No;No;No;No;No;No;No
1379,0;Kenny Lala;mg MAD;DF;Brest;fr Ligue 1;34,0;1991,0;25,0;25,0;2227,0;24,7;0,0;2,0;2,0;0,0;0,0;0,0;3,0;0,0;0,08;8,0;1,0;12,5;0,32;0,04;0,0;0,0;80,0;21,0;19,0;20,0;0,0;11,0;0,0;;0,0;;;0,0;;;;;0,0;;;;;No;No;No;No;No;No;No;No;No;No
1380,0;Senne Lammens;be BEL;GK;Manchester Utd;eng Premier League;23,0;2002,0;24,0;24,0;2160,0;24,0;0,0;0,0;0,0;0,0;0,0;0,0;0,0;0,0;0,0;0,0;0,0;0,0;0,0;0,0;0,0;0,0;0,0;1,0;0,0;2,0;0,0;0,0;0,0;30,0;1,25;81,0;54,0;66,7;13,0;8,0;3,0;5,0;20,8;3,0;3,0;0,0;0,0;No;No;No;No;No;No;No;No;No;No
1381,0;Tariq Lamptey;gh GHA;MF;Fiorentina;it Serie A;25,0;2000,0;2,0;1,0;25,0;0,3;0,0;0,0;0,0;0,0;0,0;0,0;0,0;0,0;0,0;0,0;0,0;0,0;0,0;0,0;0,0;0,0;1,0;2,0;0,0;0,0;0,0;0,0;0,0;;0,0;;;0,0;;;;;0,0;;;;;No;No;No;No;No;No;No;No;No;No
1382,0;Noa Lang;nl NED;FW,MF;Napoli;it Serie A;26,0;1999,0;18,0;7,0;666,0;7,4;1,0;2,0;3,0;1,0;0,0;0,0;2,0;0,0;0,41;9,0;4,0;44,4;1,22;0,54;0,11;0,25;44,0;8,0;2,0;11,0;0,0;5,0;0,0;;0,0;;;0,0;;;;;0,0;;;;;No;No;No;No;No;No;No;No;No;No
1383,0;Aymeric Laporte;es ESP;DF;Athletic Club;es La Liga;31,0;1994,0;17,0;16,0;1399,0;15,5;0,0;1,0;1,0;0,0;0,0;0,0;2,0;0,0;0,06;12,0;4,0;33,3;0,77;0,26;0,0;0,0;1,0;11,0;19,0;9,0;0,0;6,0;0,0;;0,0;;;0,0;;;;;0,0;;;;;Sí;Sí;No;No;No;No;Sí;Sí;Sí;Sí
1384,0;Hugo Larsson;se SWE;MF;Eintracht Frankfurt;de Bundesliga;21,0;2004,0;19,0;15,0;1310,0;14,6;1,0;2,0;3,0;1,0;0,0;0,0;0,0;0,0;0,21;8,0;4,0;50,0;0,55;0,27;0,13;0,25;7,0;8,0;18,0;1,0;0,0;6,0;0,0;;0,0;;;0,0;;;;;0,0;;;;;No;No;No;No;No;No;No;No;No;No
1385,0;Jamaal Lascelles;eng ENG;DF;Newcastle United;eng Premier League;32,0;1993,0;2,0;0,0;21,0;0,2;0,0;0,0;0,0;0,0;0,0;0,0;0,0;0,0;0,0;1,0;0,0;0,0;4,29;0,0;0,0;0,0;0,0;0,0;0,0;0,0;0,0;0,0;0,0;;0,0;;;0,0;;;;;0,0;;;;;No;No;No;No;No;No;No;No;No;No
1386,0;Toni Lato;es ESP;DF,MF;Mallorca;es La Liga;28,0;1997,0;8,0;5,0;375,0;4,2;0,0;1,0;1,0;0,0;0,0;0,0;2,0;0,0;0,24;0,0;0,0;0,0;0,0;0,0;0,0;0,0;7,0;6,0;4,0;1,0;0,0;4,0;0,0;;0,0;;;0,0;;;;;0,0;;;;;No;No;No;No;No;No;No;No;No;No
1387,0;Josh Laurent;eng ENG;DF,MF;Burnley;eng Premier League;30,0;1995,0;27,0;15,0;1496,0;16,6;1,0;0,0;1,0;1,0;0,0;0,0;6,0;0,0;0,06;13,0;4,0;30,8;0,78;0,24;0,08;0,25;14,0;20,0;24,0;9,0;0,0;23,0;0,0;;0,0;;;0,0;;;;;0,0;;;;;No;No;No;No;No;No;No;No;No;No
1388,0;Armand Lauriente;fr FRA;FW;Sassuolo;it Serie A;27,0;1998,0;29,0;25,0;1910,0;21,2;5,0;7,0;12,0;5,0;0,0;0,0;3,0;0,0;0,57;52,0;20,0;38,5;2,45;0,94;0,1;0,25;90,0;8,0;5,0;30,0;0,0;28,0;0,0;;0,0;;;0,0;;;;;0,0;;;;;No;No;No;No;No;No;No;No;No;No
1389,0;Matteo Lavelli;it ITA;FW;Inter;it Serie A;19,0;2006,0;1,0;0,0;8,0;0,1;0,0;0,0;0,0;0,0;0,0;0,0;0,0;0,0;0,0;0,0;0,0;0,0;0,0;0,0;0,0;0,0;1,0;0,0;0,0;0,0;0,0;0,0;0,0;;0,0;;;0,0;;;;;0,0;;;;;No;No;No;No;No;No;No;No;No;No
1390,0;Roméo Lavia;be BEL;MF;Chelsea;eng Premier League;22,0;2004,0;7,0;1,0;170,0;1,9;0,0;0,0;0,0;0,0;0,0;0,0;0,0;0,0;0,0;0,0;0,0;0,0;0,0;0,0;0,0;0,0;1,0;2,0;4,0;4,0;0,0;5,0;0,0;;0,0;;;0,0;;;;;0,0;;;;;No;No;No;No;No;No;No;No;No;No
1391,0;Valentino Lazaro;at AUT;MF;Torino;it Serie A;29,0;1996,0;27,0;23,0;2043,0;22,7;0,0;2,0;2,0;0,0;0,0;0,0;4,0;0,0;0,09;7,0;2,0;28,6;0,31;0,09;0,0;0,0;117,0;25,0;22,0;9,0;0,0;36,0;0,0;;0,0;;;0,0;;;;;0,0;;;;;No;No;No;No;No;No;No;No;No;No
1392,0;Manuel Lazzari;it ITA;DF;Lazio;it Serie A;32,0;1993,0;16,0;6,0;608,0;6,8;0,0;0,0;0,0;0,0;0,0;0,0;2,0;0,0;0,0;1,0;0,0;0,0;0,15;0,0;0,0;0,0;11,0;4,0;4,0;15,0;0,0;6,0;0,0;;0,0;;;0,0;;;;;0,0;;;;;No;No;No;No;No;No;No;No;No;No
1393,0;Andréa Le Borgne;fr FRA;MF;Como;it Serie A;19,0;2006,0;1,0;0,0;1,0;0,0;0,0;0,0;0,0;0,0;0,0;0,0;0,0;0,0;0,0;0,0;0,0;0,0;0,0;0,0;0,0;0,0;0,0;0,0;0,0;0,0;0,0;0,0;0,0;;0,0;;;0,0;;;;;0,0;;;;;No;No;No;No;No;No;No;No;No;No
1394,0;Théo Le Bris;fr FRA;MF;Lorient;fr Ligue 1;23,0;2002,0;25,0;19,0;1713,0;19,0;2,0;2,0;4,0;2,0;0,0;0,0;0,0;0,0;0,21;16,0;6,0;37,5;0,84;0,32;0,13;0,33;69,0;28,0;13,0;6,0;0,0;7,0;0,0;;0,0;;;0,0;;;;;0,0;;;;;No;No;No;No;No;No;No;No;No;No
1395,0;Julien Le Cardinal;fr FRA;DF;Brest;fr Ligue 1;28,0;1997,0;5,0;3,0;328,0;3,6;1,0;0,0;1,0;1,0;0,0;0,0;1,0;0,0;0,27;5,0;2,0;40,0;1,37;0,55;0,2;0,5;0,0;5,0;3,0;4,0;0,0;2,0;0,0;;0,0;;;0,0;;;;;0,0;;;;;No;No;No;No;No;No;No;No;No;No
1396,0;Enzo Le Fée;fr FRA;MF,FW;Sunderland;eng Premier League;26,0;2000,0;28,0;26,0;2295,0;25,5;4,0;4,0;8,0;1,0;3,0;4,0;5,0;0,0;0,2;24,0;6,0;25,0;0,94;0,24;0,04;0,17;73,0;42,0;23,0;26,0;0,0;25,0;0,0;;0,0;;;0,0;;;;;0,0;;;;;No;No;No;No;No;No;No;No;No;No
1397,0;Raphael Le Guen;fr FRA;DF;Brest;fr Ligue 1;19,0;2006,0;1,0;0,0;5,0;0,1;0,0;0,0;0,0;0,0;0,0;0,0;0,0;0,0;0,0;0,0;0,0;0,0;0,0;0,0;0,0;0,0;0,0;0,0;0,0;0,0;0,0;0,0;0,0;;0,0;;;0,0;;;;;0,0;;;;;No;No;No;No;No;No;No;No;No;No
1398,0;Robin Le Normand;es ESP;DF;Atlético Madrid;es La Liga;29,0;1996,0;20,0;12,0;1288,0;14,3;1,0;0,0;1,0;1,0;0,0;0,0;3,0;0,0;0,07;3,0;1,0;33,3;0,21;0,07;0,33;1,0;3,0;11,0;10,0;14,0;0,0;15,0;0,0;;0,0;;;0,0;;;;;0,0;;;;;No;No;Sí;Sí;Sí;Sí;No;No;Sí;Sí
1399,0;Nicola Leali;it ITA;GK;Genoa;it Serie A;33,0;1993,0;20,0;20,0;1712,0;19,0;0,0;0,0;0,0;0,0;0,0;0,0;2,0;1,0;0,0;0,0;0,0;0,0;0,0;0,0;0,0;0,0;0,0;0,0;1,0;2,0;0,0;2,0;0,0;26,0;1,37;79,0;55,0;69,6;4,0;8,0;8,0;4,0;20,0;2,0;2,0;0,0;0,0;No;No;No;No;No;No;No;No;No;No
1400,0;Rafael Leão;pt POR;FW;Milan;it Serie A;26,0;1999,0;22,0;18,0;1487,0;16,5;9,0;2,0;11,0;7,0;2,0;2,0;3,0;0,0;0,54;49,0;23,0;46,9;2,97;1,39;0,14;0,3;10,0;1,0;4,0;30,0;0,0;17,0;0,0;;0,0;;;0,0;;;;;0,0;;;;;No;No;No;No;No;No;No;No;No;No
1401,0;Pierre Lees-Melou;fr FRA;MF;Paris FC;fr Ligue 1;32,0;1993,0;16,0;14,0;1256,0;14,0;1,0;1,0;2,0;1,0;0,0;0,0;4,0;0,0;0,14;23,0;6,0;26,1;1,65;0,43;0,04;0,17;8,0;27,0;10,0;16,0;0,0;22,0;0,0;;0,0;;;0,0;;;;;0,0;;;;;No;No;No;No;No;No;No;No;No;No
1402,0;Pierre Lees-Melou;fr FRA;MF;Brest;fr Ligue 1;32,0;1993,0;2,0;2,0;180,0;2,0;0,0;0,0;0,0;0,0;0,0;0,0;0,0;0,0;0,0;4,0;0,0;0,0;2,0;0,0;0,0;0,0;5,0;4,0;0,0;5,0;0,0;2,0;0,0;;0,0;;;0,0;;;;;0,0;;;;;No;No;No;No;No;No;No;No;No;No
1403,0;Jordan Lefort;fr FRA;DF;Angers;fr Ligue 1;32,0;1993,0;26,0;26,0;2340,0;26,0;0,0;2,0;2,0;0,0;0,0;0,0;2,0;0,0;0,08;8,0;2,0;25,0;0,31;0,08;0,0;0,0;14,0;22,0;36,0;14,0;0,0;16,0;0,0;;0,0;;;0,0;;;;;0,0;;;;;No;No;No;No;No;No;No;No;No;No
1404,0;Alexander Legendre;ec ECU;MF;Rennes;fr Ligue 1;17,0;2008,0;6,0;0,0;45,0;0,5;0,0;0,0;0,0;0,0;0,0;0,0;0,0;0,0;0,0;1,0;0,0;0,0;2,0;0,0;0,0;0,0;3,0;0,0;0,0;1,0;0,0;1,0;0,0;;0,0;;;0,0;;;;;0,0;;;;;No;No;No;No;No;No;No;No;No;No
1405,0;Diogo Leite;pt POR;DF;Union Berlin;de Bundesliga;27,0;1999,0;16,0;16,0;1355,0;15,1;0,0;0,0;0,0;0,0;0,0;0,0;2,0;0,0;0,0;9,0;1,0;11,1;0,6;0,07;0,0;0,0;3,0;10,0;24,0;17,0;0,0;21,0;1,0;;0,0;;;0,0;;;;;0,0;;;;;No;No;No;No;No;No;No;No;No;No
1406,0;Maxim Leitsch;de GER;DF;Mainz 05;de Bundesliga;27,0;1998,0;3,0;2,0;162,0;1,8;0,0;0,0;0,0;0,0;0,0;0,0;0,0;0,0;0,0;1,0;0,0;0,0;0,56;0,0;0,0;0,0;2,0;1,0;5,0;1,0;0,0;2,0;0,0;;0,0;;;0,0;;;;;0,0;;;;;No;No;No;No;No;No;No;No;No;No
1407,0;Florian Lejeune;fr FRA;DF;Rayo Vallecano;es La Liga;34,0;1991,0;28,0;28,0;2510,0;27,9;0,0;1,0;1,0;0,0;0,0;0,0;4,0;0,0;0,04;39,0;12,0;30,8;1,4;0,43;0,0;0,0;5,0;34,0;32,0;10,0;0,0;42,0;0,0;;0,0;;;0,0;;;;;0,0;;;;;No;No;No;No;No;No;No;No;No;No
1408,0;Youssef Lekhedim;es ESP;DF,MF;Alavés;es La Liga;20,0;2005,0;21,0;11,0;1156,0;12,8;0,0;1,0;1,0;0,0;0,0;0,0;5,0;0,0;0,08;10,0;2,0;20,0;0,78;0,16;0,0;0,0;52,0;8,0;12,0;12,0;0,0;21,0;0,0;;0,0;;;0,0;;;;;0,0;;;;;No;No;No;No;No;No;No;No;No;No
1409,0;Iñigo Lekue;es ESP;DF;Athletic Club;es La Liga;32,0;1993,0;8,0;6,0;434,0;4,8;0,0;0,0;0,0;0,0;0,0;0,0;2,0;2,0;0,0;3,0;1,0;33,3;0,62;0,21;0,0;0,0;12,0;8,0;3,0;0,0;0,0;9,0;0,0;;0,0;;;0,0;;;;;0,0;;;;;No;No;No;No;No;No;No;No;No;No
1410,0;Thomas Lemar;fr FRA;MF;Girona;es La Liga;30,0;1995,0;18,0;11,0;975,0;10,8;2,0;1,0;3,0;2,0;0,0;0,0;2,0;0,0;0,28;15,0;7,0;46,7;1,38;0,65;0,13;0,29;40,0;9,0;3,0;17,0;0,0;16,0;0,0;;0,0;;;0,0;;;;;0,0;;;;;No;No;No;No;No;No;No;No;No;No
1411,0;Félix Lemaréchal;fr FRA;MF,FW;Strasbourg;fr Ligue 1;22,0;2003,0;11,0;7,0;555,0;6,2;0,0;2,0;2,0;0,0;0,0;0,0;1,0;0,0;0,32;10,0;2,0;20,0;1,62;0,32;0,0;0,0;15,0;6,0;3,0;6,0;0,0;9,0;0,0;;0,0;;;0,0;;;;;0,0;;;;;No;No;No;No;No;No;No;No;No;No
1412,0;Tim Lemperle;de GER;FW;Hoffenheim;de Bundesliga;24,0;2002,0;21,0;16,0;1341,0;14,9;7,0;2,0;9,0;6,0;1,0;1,0;1,0;0,0;0,54;37,0;16,0;43,2;2,48;1,07;0,16;0,38;18,0;12,0;5,0;12,0;0,0;41,0;0,0;;0,0;;;0,0;;;;;0,0;;;;;No;No;No;No;No;No;No;No;No;No
1413,0;Ruben Lendinez;es ESP;DF;Valencia;es La Liga;23,0;2003,0;1,0;0,0;4,0;0,0;0,0;0,0;0,0;0,0;0,0;0,0;0,0;0,0;0,0;0,0;0,0;0,0;0,0;0,0;0,0;0,0;0,0;1,0;0,0;0,0;0,0;1,0;0,0;;0,0;;;0,0;;;;;0,0;;;;;No;No;No;No;No;No;No;No;No;No
1414,0;Clément Lenglet;fr FRA;DF;Atlético Madrid;es La Liga;30,0;1995,0;12,0;12,0;927,0;10,3;0,0;0,0;0,0;0,0;0,0;0,0;4,0;1,0;0,0;3,0;0,0;0,0;0,29;0,0;0,0;0,0;2,0;5,0;12,0;4,0;1,0;16,0;0,0;;0,0;;;0,0;;;;;0,0;;;;;No;No;No;No;No;No;No;No;No;No
1415,0;Bernd Leno;de GER;GK;Fulham;eng Premier League;34,0;1992,0;30,0;30,0;2700,0;30,0;0,0;0,0;0,0;0,0;0,0;0,0;3,0;0,0;0,0;0,0;0,0;0,0;0,0;0,0;0,0;0,0;0,0;1,0;1,0;4,0;0,0;0,0;1,0;43,0;1,43;113,0;73,0;64,6;12,0;5,0;13,0;6,0;20,0;4,0;3,0;0,0;1,0;No;No;No;No;No;No;No;No;No;No
1416,0;Donovan Léon;gf GUF;GK;Auxerre;fr Ligue 1;33,0;1992,0;24,0;24,0;2114,0;23,5;0,0;0,0;0,0;0,0;0,0;0,0;0,0;1,0;0,0;0,0;0,0;0,0;0,0;0,0;0,0;0,0;0,0;2,0;0,0;6,0;0,0;1,0;0,0;32,0;1,36;112,0;82,0;72,3;4,0;7,0;13,0;6,0;25,0;2,0;1,0;1,0;0,0;No;No;No;No;No;No;No;No;No;No
1417,0;Esteban Lepaul;fr FRA;FW;Angers;fr Ligue 1;25,0;2000,0;2,0;2,0;174,0;1,9;1,0;0,0;1,0;1,0;0,0;0,0;0,0;0,0;0,52;3,0;1,0;33,3;1,55;0,52;0,33;1,0;0,0;0,0;0,0;1,0;0,0;2,0;0,0;;0,0;;;0,0;;;;;0,0;;;;;No;No;No;No;No;No;No;No;No;No
1418,0;Esteban Lepaul;fr FRA;FW;Rennes;fr Ligue 1;25,0;2000,0;24,0;23,0;1799,0;20,0;13,0;3,0;16,0;13,0;0,0;1,0;2,0;0,0;0,8;57,0;25,0;43,9;2,85;1,25;0,23;0,52;9,0;5,0;2,0;10,0;0,0;20,0;0,0;;0,0;;;0,0;;;;;0,0;;;;;No;No;No;No;No;No;No;No;No;No
1419,0;Johann Lepenant;fr FRA;MF;Nantes;fr Ligue 1;23,0;2002,0;19,0;15,0;1471,0;16,3;0,0;1,0;1,0;0,0;0,0;0,0;2,0;0,0;0,06;14,0;2,0;14,3;0,86;0,12;0,0;0,0;48,0;39,0;14,0;34,0;0,0;21,0;0,0;;0,0;;;0,0;;;;;0,0;;;;;No;No;No;No;No;No;No;No;No;No
1420,0;Mehdi Léris;dz ALG;MF;Pisa;it Serie A;27,0;1998,0;26,0;13,0;1306,0;14,5;1,0;3,0;4,0;1,0;0,0;0,0;2,0;0,0;0,28;21,0;6,0;28,6;1,45;0,41;0,05;0,17;74,0;20,0;13,0;18,0;0,0;19,0;0,0;;0,0;;;0,0;;;;;0,0;;;;;No;No;No;No;No;No;No;No;No;No
1421,0;Jefferson Lerma;co COL;MF,DF;Crystal Palace;eng Premier League;31,0;1994,0;24,0;13,0;1255,0;13,9;0,0;2,0;2,0;0,0;0,0;0,0;6,0;0,0;0,14;14,0;6,0;42,9;1,0;0,43;0,0;0,0;9,0;14,0;16,0;14,0;0,0;19,0;1,0;;0,0;;;0,0;;;;;0,0;;;;;No;No;No;No;No;No;No;No;No;No
1422,0;Louis Leroux;fr FRA;MF,DF;Nantes;fr Ligue 1;20,0;2006,0;17,0;14,0;1224,0;13,6;1,0;1,0;2,0;1,0;0,0;0,0;1,0;0,0;0,15;10,0;3,0;30,0;0,74;0,22;0,1;0,33;23,0;17,0;4,0;12,0;0,0;11,0;0,0;;0,0;;;0,0;;;;;0,0;;;;;No;No;No;No;No;No;No;No;No;No
1423,0;Robert Lewandowski;pl POL;FW;Barcelona;es La Liga;37,0;1988,0;23,0;11,0;1149,0;12,8;11,0;1,0;12,0;10,0;1,0;3,0;2,0;0,0;0,86;54,0;25,0;46,3;4,23;1,96;0,19;0,4;0,0;3,0;2,0;15,0;0,0;10,0;0,0;;0,0;;;0,0;;;;;0,0;;;;;No;No;No;No;No;No;No;No;No;No
1424,0;Jamie Leweling;de GER;MF;Stuttgart;de Bundesliga;25,0;2001,0;25,0;20,0;1842,0;20,5;7,0;6,0;13,0;7,0;0,0;0,0;4,0;0,0;0,64;40,0;17,0;42,5;1,95;0,83;0,18;0,41;96,0;9,0;12,0;33,0;0,0;14,0;0,0;;0,0;;;0,0;;;;;0,0;;;;;No;No;No;No;No;No;No;No;No;No
1425,0;Rico Lewis;eng ENG;DF;Manchester City;eng Premier League;21,0;2004,0;10,0;3,0;317,0;3,5;0,0;1,0;1,0;0,0;0,0;0,0;1,0;0,0;0,28;2,0;0,0;0,0;0,57;0,0;0,0;0,0;2,0;4,0;7,0;7,0;0,0;4,0;0,0;;0,0;;;0,0;;;;;0,0;;;;;No;No;No;No;No;No;No;No;No;No
1426,0;Keane Lewis-Potter;eng ENG;MF,DF;Brentford;eng Premier League;25,0;2001,0;28,0;14,0;1255,0;13,9;3,0;2,0;5,0;3,0;0,0;0,0;1,0;0,0;0,36;20,0;7,0;35,0;1,43;0,5;0,15;0,43;38,0;9,0;6,0;24,0;0,0;11,0;0,0;;0,0;;;0,0;;;;;0,0;;;;;No;No;No;No;No;No;No;No;No;No
1427,0;Myles Lewis-Skelly;eng ENG;DF;Arsenal;eng Premier League;19,0;2006,0;14,0;1,0;321,0;3,6;0,0;0,0;0,0;0,0;0,0;0,0;3,0;0,0;0,0;1,0;0,0;0,0;0,28;0,0;0,0;0,0;0,0;3,0;2,0;6,0;0,0;6,0;0,0;;0,0;;;0,0;;;;;0,0;;;;;No;No;No;No;No;No;No;No;No;No
1428,0;Philipp Lienhart;at AUT;DF;Freiburg;de Bundesliga;29,0;1996,0;12,0;11,0;896,0;10,0;0,0;0,0;0,0;0,0;0,0;0,0;4,0;1,0;0,0;5,0;1,0;20,0;0,5;0,1;0,0;0,0;12,0;8,0;9,0;5,0;1,0;6,0;0,0;;0,0;;;0,0;;;;;0,0;;;;;No;No;No;No;No;No;No;No;No;No
1429,0;Matthijs de Ligt;nl NED;DF;Manchester Utd;eng Premier League;26,0;1999,0;13,0;13,0;1170,0;13,0;1,0;0,0;1,0;1,0;0,0;0,0;0,0;0,0;0,08;11,0;3,0;27,3;0,85;0,23;0,09;0,33;4,0;13,0;11,0;5,0;0,0;6,0;0,0;;0,0;;;0,0;;;;;0,0;;;;;No;No;No;No;No;No;No;No;No;No
1430,0;Pedro Lima;br BRA;DF;Wolves;eng Premier League;19,0;2006,0;3,0;0,0;4,0;0,0;0,0;0,0;0,0;0,0;0,0;0,0;0,0;0,0;0,0;0,0;0,0;0,0;0,0;0,0;0,0;0,0;1,0;0,0;0,0;0,0;0,0;0,0;0,0;;0,0;;;0,0;;;;;0,0;;;;;No;No;No;No;No;No;No;No;No;No
1431,0;Victor Lindelöf;se SWE;DF;Aston Villa;eng Premier League;31,0;1994,0;12,0;6,0;578,0;6,4;0,0;1,0;1,0;0,0;0,0;0,0;0,0;0,0;0,16;1,0;0,0;0,0;0,16;0,0;0,0;0,0;0,0;1,0;4,0;0,0;0,0;1,0;0,0;;0,0;;;0,0;;;;;0,0;;;;;No;No;No;No;No;No;No;No;No;No
1432,0;Jesper Lindstrøm;dk DEN;MF;Wolfsburg;de Bundesliga;26,0;2000,0;9,0;2,0;245,0;2,7;0,0;0,0;0,0;0,0;0,0;0,0;2,0;0,0;0,0;6,0;4,0;66,7;2,2;1,47;0,0;0,0;4,0;4,0;0,0;2,0;0,0;5,0;0,0;;0,0;;;0,0;;;;;0,0;;;;;No;No;No;No;No;No;No;No;No;No
1433,0;Luca Lipani;it ITA;MF;Sassuolo;it Serie A;20,0;2005,0;15,0;8,0;722,0;8,0;0,0;0,0;0,0;0,0;0,0;0,0;1,0;0,0;0,0;10,0;2,0;20,0;1,25;0,25;0,0;0,0;4,0;14,0;8,0;4,0;0,0;23,0;0,0;;0,0;;;0,0;;;;;0,0;;;;;No;No;No;No;No;No;No;No;No;No
1434,0;Pol Lirola;es ESP;MF;Hellas Verona;it Serie A;28,0;1997,0;4,0;3,0;231,0;2,6;0,0;0,0;0,0;0,0;0,0;0,0;1,0;0,0;0,0;0,0;0,0;0,0;0,0;0,0;0,0;0,0;9,0;3,0;1,0;0,0;0,0;3,0;0,0;;0,0;;;0,0;;;;;0,0;;;;;No;No;No;No;No;No;No;No;No;No
1435,0;Pol Lirola;es ESP;DF,MF;Marseille;fr Ligue 1;28,0;1997,0;3,0;0,0;34,0;0,4;0,0;0,0;0,0;0,0;0,0;0,0;0,0;0,0;0,0;0,0;0,0;0,0;0,0;0,0;0,0;0,0;2,0;0,0;1,0;2,0;0,0;1,0;0,0;;0,0;;;0,0;;;;;0,0;;;;;No;No;No;No;No;No;No;No;No;No
1436,0;Adrián Liso;es ESP;FW,MF;Getafe;es La Liga;20,0;2005,0;23,0;17,0;1423,0;15,8;3,0;0,0;3,0;3,0;0,0;0,0;5,0;1,0;0,19;23,0;9,0;39,1;1,45;0,57;0,13;0,33;39,0;15,0;3,0;35,0;1,0;34,0;0,0;;0,0;;;0,0;;;;;0,0;;;;;No;No;No;No;No;No;No;No;No;No
1437,0;Joseph Liteta;zm ZAM;MF;Cagliari;it Serie A;20,0;2006,0;4,0;4,0;264,0;2,9;0,0;0,0;0,0;0,0;0,0;0,0;0,0;0,0;0,0;0,0;0,0;0,0;0,0;0,0;0,0;0,0;0,0;2,0;8,0;0,0;0,0;4,0;0,0;;0,0;;;0,0;;;;;0,0;;;;;No;No;No;No;No;No;No;No;No;No
1438,0;Valentino Livramento;eng ENG;DF;Newcastle United;eng Premier League;23,0;2002,0;14,0;12,0;1139,0;12,7;0,0;1,0;1,0;0,0;0,0;0,0;1,0;0,0;0,08;2,0;0,0;0,0;0,16;0,0;0,0;0,0;27,0;13,0;2,0;11,0;0,0;7,0;0,0;;0,0;;;0,0;;;;;0,0;;;;;No;No;No;No;No;No;No;No;No;No
1439,0;Marin Ljubicic;hr CRO;FW;Union Berlin;de Bundesliga;24,0;2002,0;2,0;0,0;22,0;0,2;2,0;0,0;2,0;2,0;0,0;0,0;0,0;0,0;8,18;2,0;2,0;100,0;8,18;8,18;1,0;1,0;0,0;0,0;0,0;0,0;0,0;2,0;0,0;;0,0;;;0,0;;;;;0,0;;;;;No;No;No;No;No;No;No;No;No;No
1440,0;Javier Llabrés;es ESP;MF;Mallorca;es La Liga;23,0;2002,0;14,0;1,0;168,0;1,9;0,0;0,0;0,0;0,0;0,0;0,0;0,0;0,0;0,0;4,0;1,0;25,0;2,14;0,54;0,0;0,0;9,0;2,0;0,0;3,0;0,0;3,0;0,0;;0,0;;;0,0;;;;;0,0;;;;;No;No;No;No;No;No;No;No;No;No
1441,0;Diego Llorente;es ESP;DF;Real Betis;es La Liga;32,0;1993,0;10,0;7,0;540,0;6,0;1,0;0,0;1,0;1,0;0,0;0,0;3,0;0,0;0,17;2,0;1,0;50,0;0,33;0,17;0,5;1,0;0,0;6,0;11,0;9,0;0,0;7,0;0,0;;0,0;;;0,0;;;;;0,0;;;;;No;No;No;No;No;No;No;No;No;No
1442,0;Marcos Llorente;es ESP;DF,MF;Atlético Madrid;es La Liga;31,0;1995,0;24,0;20,0;1771,0;19,7;0,0;4,0;4,0;0,0;0,0;0,0;4,0;0,0;0,2;15,0;5,0;33,3;0,76;0,25;0,0;0,0;35,0;28,0;10,0;10,0;0,0;22,0;0,0;;0,0;;;0,0;;;;;0,0;;;;;Sí;Sí;Sí;No;No;No;No;No;No;Sí
1443,0;Gautier Lloris;fr FRA;DF;Le Havre;fr Ligue 1;30,0;1995,0;22,0;21,0;1768,0;19,6;1,0;1,0;2,0;1,0;0,0;0,0;1,0;1,0;0,1;9,0;3,0;33,3;0,46;0,15;0,11;0,33;0,0;20,0;36,0;12,0;0,0;22,0;1,0;;0,0;;;0,0;;;;;0,0;;;;;No;No;No;No;No;No;No;No;No;No
1444,0;Giovani Lo Celso;ar ARG;MF;Real Betis;es La Liga;29,0;1996,0;17,0;11,0;1094,0;12,2;2,0;2,0;4,0;2,0;0,0;0,0;3,0;0,0;0,33;27,0;10,0;37,0;2,22;0,82;0,07;0,2;48,0;10,0;5,0;38,0;0,0;7,0;0,0;;0,0;;;0,0;;;;;0,0;;;;;No;No;No;No;No;No;No;No;No;No
1445,0;Danny Loader;cm CMR;FW,MF;Auxerre;fr Ligue 1;25,0;2000,0;22,0;21,0;1893,0;21,0;2,0;2,0;4,0;2,0;0,0;0,0;6,0;0,0;0,19;54,0;15,0;27,8;2,57;0,71;0,04;0,13;22,0;14,0;7,0;44,0;0,0;43,0;0,0;;0,0;;;0,0;;;;;0,0;;;;;No;No;No;No;No;No;No;No;No;No
1446,0;Stanislav Lobotka;sk SVK;MF;Napoli;it Serie A;31,0;1994,0;23,0;20,0;1791,0;19,9;1,0;1,0;2,0;1,0;0,0;0,0;1,0;0,0;0,1;7,0;4,0;57,1;0,35;0,2;0,14;0,25;3,0;12,0;9,0;35,0;0,0;9,0;0,0;;0,0;;;0,0;;;;;0,0;;;;;No;No;No;No;No;No;No;No;No;No
1447,0;Manuel Locatelli;it ITA;MF;Juventus;it Serie A;28,0;1998,0;27,0;27,0;2184,0;24,3;1,0;2,0;3,0;1,0;0,0;0,0;5,0;0,0;0,12;31,0;9,0;29,0;1,28;0,37;0,03;0,11;10,0;48,0;30,0;35,0;0,0;39,0;0,0;;0,0;;;0,0;;;;;0,0;;;;;No;No;No;No;No;No;No;No;No;No
1448,0;Bradley Locko;fr FRA;DF;Brest;fr Ligue 1;23,0;2002,0;18,0;13,0;1172,0;13,0;0,0;1,0;1,0;0,0;0,0;0,0;0,0;0,0;0,08;2,0;1,0;50,0;0,15;0,08;0,0;0,0;30,0;26,0;9,0;17,0;0,0;11,0;0,0;;0,0;;;0,0;;;;;0,0;;;;;No;No;No;No;No;No;No;No;No;No
1449,0;Ruben Loftus-Cheek;eng ENG;MF,FW;Milan;it Serie A;30,0;1996,0;23,0;11,0;1027,0;11,4;3,0;1,0;4,0;3,0;0,0;0,0;1,0;0,0;0,35;29,0;6,0;20,7;2,54;0,53;0,1;0,5;9,0;6,0;4,0;17,0;0,0;21,0;0,0;;0,0;;;0,0;;;;;0,0;;;;;No;No;No;No;No;No;No;No;No;No
1450,0;Sean Longstaff;eng ENG;MF;Leeds United;eng Premier League;28,0;1997,0;17,0;10,0;947,0;10,5;1,0;2,0;3,0;1,0;0,0;0,0;2,0;0,0;0,29;13,0;2,0;15,4;1,24;0,19;0,08;0,5;50,0;23,0;10,0;17,0;0,0;10,0;0,0;;0,0;;;0,0;;;;;0,0;;;;;No;No;No;No;No;No;No;No;No;No
1451,0;Ademola Lookman;ng NGA;FW,MF;Atalanta;it Serie A;28,0;1997,0;12,0;9,0;795,0;8,8;2,0;0,0;2,0;2,0;0,0;0,0;0,0;0,0;0,23;27,0;8,0;29,6;3,06;0,91;0,07;0,25;21,0;3,0;3,0;8,0;0,0;10,0;0,0;;0,0;;;0,0;;;;;0,0;;;;;No;No;No;No;No;No;No;No;No;No
1452,0;Ademola Lookman;ng NGA;FW;Atlético Madrid;es La Liga;28,0;1997,0;6,0;4,0;279,0;3,1;1,0;0,0;1,0;1,0;0,0;0,0;1,0;0,0;0,32;11,0;2,0;18,2;3,55;0,65;0,09;0,5;6,0;1,0;1,0;3,0;0,0;3,0;0,0;;0,0;;;0,0;;;;;0,0;;;;;No;No;No;No;No;No;No;No;No;No
1453,0;Anthony Lopes;pt POR;GK;Nantes;fr Ligue 1;35,0;1990,0;24,0;24,0;2158,0;24,0;0,0;0,0;0,0;0,0;0,0;0,0;3,0;0,0;0,0;1,0;0,0;0,0;0,04;0,0;0,0;0,0;0,0;1,0;1,0;13,0;0,0;0,0;0,0;40,0;1,67;112,0;75,0;67,0;4,0;4,0;16,0;4,0;16,7;3,0;3,0;0,0;0,0;No;No;No;No;No;No;No;No;No;No
1454,0;David López;es ESP;DF;Mallorca;es La Liga;23,0;2003,0;6,0;5,0;459,0;5,1;0,0;0,0;0,0;0,0;0,0;0,0;1,0;0,0;0,0;3,0;0,0;0,0;0,59;0,0;0,0;0,0;0,0;2,0;6,0;3,0;0,0;5,0;1,0;;0,0;;;0,0;;;;;0,0;;;;;No;No;No;No;No;No;No;No;No;No
1455,0;David López;es ESP;DF;Girona;es La Liga;36,0;1989,0;4,0;2,0;203,0;2,3;0,0;0,0;0,0;0,0;0,0;0,0;0,0;0,0;0,0;1,0;1,0;100,0;0,44;0,44;0,0;0,0;0,0;1,0;0,0;0,0;0,0;1,0;0,0;;0,0;;;0,0;;;;;0,0;;;;;No;No;No;No;No;No;No;No;No;No
1456,0;Diego López;es ESP;MF,FW;Valencia;es La Liga;23,0;2002,0;25,0;15,0;1320,0;14,7;3,0;0,0;3,0;3,0;0,0;0,0;2,0;0,0;0,2;21,0;5,0;23,8;1,43;0,34;0,14;0,6;27,0;10,0;11,0;30,0;0,0;14,0;0,0;;0,0;;;0,0;;;;;0,0;;;;;No;No;No;No;No;No;No;No;No;No
1457,0;Fer López;es ESP;MF;Wolves;eng Premier League;21,0;2004,0;9,0;2,0;235,0;2,6;0,0;1,0;1,0;0,0;0,0;0,0;1,0;0,0;0,38;5,0;1,0;20,0;1,91;0,38;0,0;0,0;4,0;1,0;0,0;4,0;0,0;6,0;0,0;;0,0;;;0,0;;;;;0,0;;;;;No;No;No;No;No;No;No;No;No;No
1458,0;Fer López;es ESP;MF,FW;Celta Vigo;es La Liga;21,0;2004,0;7,0;6,0;471,0;5,2;0,0;0,0;0,0;0,0;0,0;0,0;0,0;0,0;0,0;2,0;0,0;0,0;0,38;0,0;0,0;0,0;8,0;0,0;2,0;10,0;0,0;11,0;0,0;;0,0;;;0,0;;;;;0,0;;;;;No;No;No;No;No;No;No;No;No;No
1459,0;Fermin López;es ESP;MF;Barcelona;es La Liga;22,0;2003,0;22,0;12,0;1261,0;14,0;5,0;8,0;13,0;5,0;0,0;0,0;2,0;0,0;0,93;48,0;17,0;35,4;3,43;1,21;0,1;0,29;27,0;13,0;6,0;15,0;0,0;17,0;0,0;;0,0;;;0,0;;;;;0,0;;;;;Sí;Sí;No;Sí;Sí;No;No;No;No;Sí
1460,0;Hugo López;es ESP;MF;Villarreal;es La Liga;19,0;2007,0;2,0;1,0;56,0;0,6;0,0;0,0;0,0;0,0;0,0;0,0;0,0;0,0;0,0;0,0;0,0;0,0;0,0;0,0;0,0;0,0;2,0;1,0;1,0;0,0;0,0;2,0;0,0;;0,0;;;0,0;;;;;0,0;;;;;No;No;No;No;No;No;No;No;No;No
1461,0;Javi López;es ESP;DF;Oviedo;es La Liga;23,0;2002,0;16,0;13,0;1112,0;12,4;0,0;0,0;0,0;0,0;0,0;0,0;2,0;0,0;0,0;4,0;0,0;0,0;0,32;0,0;0,0;0,0;36,0;17,0;12,0;23,0;0,0;28,0;0,0;;0,0;;;0,0;;;;;0,0;;;;;No;No;No;No;No;No;No;No;No;No
1462,0;Julien López;dz ALG;FW,MF;Paris FC;fr Ligue 1;34,0;1992,0;5,0;0,0;45,0;0,5;0,0;0,0;0,0;0,0;0,0;0,0;0,0;0,0;0,0;0,0;0,0;0,0;0,0;0,0;0,0;0,0;1,0;0,0;1,0;0,0;0,0;0,0;0,0;;0,0;;;0,0;;;;;0,0;;;;;No;No;No;No;No;No;No;No;No;No
1463,0;Maxime Lopez;fr FRA;MF;Paris FC;fr Ligue 1;28,0;1997,0;20,0;19,0;1686,0;18,7;0,0;3,0;3,0;0,0;0,0;0,0;9,0;0,0;0,16;8,0;5,0;62,5;0,43;0,27;0,0;0,0;71,0;14,0;8,0;8,0;0,0;27,0;0,0;;0,0;;;0,0;;;;;0,0;;;;;No;No;No;No;No;No;No;No;No;No
1464,0;Pau López;es ESP;GK;Real Betis;es La Liga;31,0;1994,0;8,0;8,0;720,0;8,0;0,0;0,0;0,0;0,0;0,0;0,0;1,0;0,0;0,0;0,0;0,0;0,0;0,0;0,0;0,0;0,0;0,0;0,0;0,0;2,0;0,0;0,0;0,0;9,0;1,13;33,0;25,0;72,7;4,0;2,0;2,0;2,0;25,0;1,0;0,0;1,0;0,0;No;No;No;No;No;No;No;No;No;No
1465,0;Unai López;es ESP;MF;Rayo Vallecano;es La Liga;30,0;1995,0;20,0;15,0;1179,0;13,1;0,0;3,0;3,0;0,0;0,0;0,0;7,0;1,0;0,23;16,0;3,0;18,8;1,22;0,23;0,0;0,0;40,0;12,0;14,0;10,0;1,0;26,0;0,0;;0,0;;;0,0;;;;;0,0;;;;;No;No;No;No;No;No;No;No;No;No
1466,0;Dachi Lordkipanidze;ge GEO;MF;Cremonese;it Serie A;21,0;2005,0;1,0;0,0;29,0;0,3;0,0;0,0;0,0;0,0;0,0;0,0;0,0;0,0;0,0;0,0;0,0;0,0;0,0;0,0;0,0;0,0;0,0;0,0;0,0;0,0;0,0;0,0;0,0;;0,0;;;0,0;;;;;0,0;;;;;No;No;No;No;No;No;No;No;No;No
1467,0;Lorran;br BRA;FW;Pisa;it Serie A;19,0;2006,0;8,0;0,0;111,0;1,2;1,0;0,0;1,0;1,0;0,0;0,0;0,0;0,0;0,81;3,0;1,0;33,3;2,43;0,81;0,33;1,0;5,0;3,0;3,0;2,0;0,0;0,0;0,0;;0,0;;;0,0;;;;;0,0;;;;;No;No;No;No;No;No;No;No;No;No
1468,0;Iker Losada;es ESP;MF;Levante;es La Liga;24,0;2001,0;16,0;7,0;583,0;6,5;2,0;1,0;3,0;2,0;0,0;0,0;1,0;0,0;0,46;11,0;3,0;27,3;1,7;0,46;0,18;0,67;15,0;7,0;7,0;4,0;0,0;5,0;0,0;;0,0;;;0,0;;;;;0,0;;;;;No;No;No;No;No;No;No;No;No;No
1469,0;Tom Louchet;fr FRA;MF;Nice;fr Ligue 1;22,0;2003,0;21,0;12,0;1133,0;12,6;3,0;2,0;5,0;3,0;0,0;0,0;1,0;1,0;0,4;20,0;6,0;30,0;1,59;0,48;0,15;0,5;39,0;12,0;9,0;11,0;0,0;14,0;0,0;;0,0;;;0,0;;;;;0,0;;;;;No;No;No;No;No;No;No;No;No;No
1470,0;Marius Louer;fr FRA;MF;Angers;fr Ligue 1;19,0;2007,0;3,0;0,0;23,0;0,3;0,0;0,0;0,0;0,0;0,0;0,0;0,0;0,0;0,0;0,0;0,0;0,0;0,0;0,0;0,0;0,0;2,0;0,0;0,0;1,0;0,0;0,0;0,0;;0,0;;;0,0;;;;;0,0;;;;;No;No;No;No;No;No;No;No;No;No
1471,0;Sandi Lovrić;si SVN;MF;Udinese;it Serie A;27,0;1998,0;6,0;1,0;161,0;1,8;0,0;1,0;1,0;0,0;0,0;0,0;1,0;0,0;0,56;3,0;1,0;33,3;1,68;0,56;0,0;0,0;16,0;4,0;4,0;1,0;0,0;4,0;0,0;;0,0;;;0,0;;;;;0,0;;;;;No;No;No;No;No;No;No;No;No;No
1472,0;Sandi Lovrić;si SVN;MF;Hellas Verona;it Serie A;27,0;1998,0;1,0;1,0;84,0;0,9;0,0;0,0;0,0;0,0;0,0;0,0;0,0;0,0;0,0;1,0;0,0;0,0;1,07;0,0;0,0;0,0;8,0;2,0;0,0;1,0;0,0;1,0;0,0;;0,0;;;0,0;;;;;0,0;;;;;No;No;No;No;No;No;No;No;No;No
1473,0;Felipe Loyola;cl CHI;MF;Pisa;it Serie A;25,0;2000,0;5,0;3,0;284,0;3,2;1,0;0,0;1,0;1,0;0,0;0,0;0,0;0,0;0,32;3,0;1,0;33,3;0,95;0,32;0,33;1,0;3,0;3,0;6,0;2,0;0,0;5,0;0,0;;0,0;;;0,0;;;;;0,0;;;;;No;No;No;No;No;No;No;No;No;No
1474,0;Pol Lozano;es ESP;MF;Espanyol;es La Liga;26,0;1999,0;26,0;23,0;1788,0;19,9;1,0;1,0;2,0;1,0;0,0;0,0;7,0;0,0;0,1;15,0;4,0;26,7;0,76;0,2;0,07;0,25;25,0;16,0;20,0;23,0;0,0;51,0;0,0;;0,0;;;0,0;;;;;0,0;;;;;No;No;No;No;No;No;No;No;No;No
1475,0;Sergio Lozano;es ESP;MF;Levante;es La Liga;26,0;1999,0;1,0;0,0;12,0;0,1;0,0;0,0;0,0;0,0;0,0;0,0;0,0;0,0;0,0;0,0;0,0;0,0;0,0;0,0;0,0;0,0;0,0;1,0;0,0;0,0;0,0;0,0;0,0;;0,0;;;0,0;;;;;0,0;;;;;No;No;No;No;No;No;No;No;No;No
1476,0;Lucas;br BRA;MF,DF;Burnley;eng Premier League;24,0;2001,0;15,0;12,0;1104,0;12,3;0,0;0,0;0,0;0,0;0,0;0,0;0,0;1,0;0,0;11,0;1,0;9,1;0,9;0,08;0,0;0,0;47,0;19,0;13,0;3,0;0,0;11,0;0,0;;0,0;;;0,0;;;;;0,0;;;;;No;No;No;No;No;No;No;No;No;No
1477,0;Lorenzo Lucca;it ITA;FW;Napoli;it Serie A;25,0;2000,0;16,0;4,0;408,0;4,5;1,0;0,0;1,0;1,0;0,0;0,0;1,0;0,0;0,22;15,0;5,0;33,3;3,31;1,1;0,07;0,2;0,0;0,0;0,0;12,0;0,0;17,0;0,0;;0,0;;;0,0;;;;;0,0;;;;;No;No;No;No;No;No;No;No;No;No
1478,0;Lorenzo Lucca;it ITA;FW;Nottingham Forest;eng Premier League;25,0;2000,0;3,0;1,0;121,0;1,3;1,0;0,0;1,0;1,0;0,0;0,0;0,0;0,0;0,74;3,0;1,0;33,3;2,23;0,74;0,33;1,0;0,0;0,0;1,0;2,0;0,0;1,0;0,0;;0,0;;;0,0;;;;;0,0;;;;;No;No;No;No;No;No;No;No;No;No
1479,0;Jhon Lucumí;co COL;DF;Bologna;it Serie A;27,0;1998,0;21,0;19,0;1641,0;18,2;1,0;0,0;1,0;1,0;0,0;0,0;4,0;0,0;0,05;7,0;2,0;28,6;0,38;0,11;0,14;0,5;1,0;16,0;27,0;15,0;0,0;13,0;0,0;;0,0;;;0,0;;;;;0,0;;;;;No;No;No;No;No;No;No;No;No;No
1480,0;Oier Luengo;es ESP;DF;Oviedo;es La Liga;28,0;1997,0;3,0;3,0;225,0;2,5;0,0;1,0;1,0;0,0;0,0;0,0;1,0;0,0;0,4;1,0;0,0;0,0;0,4;0,0;0,0;0,0;0,0;5,0;2,0;1,0;0,0;2,0;0,0;;0,0;;;0,0;;;;;0,0;;;;;No;No;No;No;No;No;No;No;No;No
1481,0;Florentino Luís;pt POR;MF;Burnley;eng Premier League;26,0;1999,0;24,0;20,0;1654,0;18,4;0,0;2,0;2,0;0,0;0,0;0,0;4,0;0,0;0,11;9,0;1,0;11,1;0,49;0,05;0,0;0,0;9,0;40,0;29,0;7,0;0,0;31,0;0,0;;0,0;;;0,0;;;;;0,0;;;;;No;No;No;No;No;No;No;No;No;No
1482,0;José Luis Gayà;es ESP;DF;Valencia;es La Liga;30,0;1995,0;24,0;23,0;1868,0;20,8;1,0;1,0;2,0;1,0;0,0;0,0;6,0;1,0;0,1;9,0;2,0;22,2;0,43;0,1;0,11;0,5;70,0;30,0;15,0;13,0;0,0;20,0;0,0;;0,0;;;0,0;;;;;0,0;;;;;No;No;No;No;No;No;No;No;No;No
1483,0;José Luis Morales;es ESP;MF;Levante;es La Liga;38,0;1987,0;19,0;1,0;338,0;3,8;1,0;1,0;2,0;0,0;1,0;1,0;1,0;0,0;0,27;9,0;4,0;44,4;2,4;1,07;0,0;0,0;9,0;4,0;3,0;4,0;0,0;3,0;0,0;;0,0;;;0,0;;;;;0,0;;;;;No;No;No;No;No;No;No;No;No;No
1484,0;Douglas Luiz;br BRA;MF;Aston Villa;eng Premier League;27,0;1998,0;7,0;6,0;465,0;5,2;1,0;0,0;1,0;1,0;0,0;0,0;0,0;0,0;0,19;5,0;3,0;60,0;0,97;0,58;0,2;0,33;27,0;9,0;4,0;7,0;0,0;8,0;0,0;;0,0;;;0,0;;;;;0,0;;;;;No;No;No;No;No;No;No;No;No;No
1485,0;Douglas Luiz;br BRA;MF;Nottingham Forest;eng Premier League;27,0;1998,0;8,0;5,0;315,0;3,5;0,0;0,0;0,0;0,0;0,0;0,0;2,0;0,0;0,0;5,0;1,0;20,0;1,43;0,29;0,0;0,0;15,0;3,0;7,0;5,0;0,0;4,0;0,0;;0,0;;;0,0;;;;;0,0;;;;;No;No;No;No;No;No;No;No;No;No
1486,0;Romelu Lukaku;be BEL;FW;Napoli;it Serie A;32,0;1993,0;5,0;0,0;44,0;0,5;1,0;0,0;1,0;1,0;0,0;0,0;1,0;0,0;2,05;2,0;1,0;50,0;4,09;2,05;0,5;1,0;0,0;0,0;0,0;0,0;0,0;2,0;0,0;;0,0;;;0,0;;;;;0,0;;;;;No;No;No;No;No;No;No;No;No;No
1487,0;Castello Lukeba;fr FRA;DF;RB Leipzig;de Bundesliga;23,0;2002,0;21,0;20,0;1806,0;20,1;1,0;0,0;1,0;1,0;0,0;0,0;2,0;0,0;0,05;8,0;2,0;25,0;0,4;0,1;0,13;0,5;3,0;10,0;29,0;8,0;0,0;10,0;0,0;;0,0;;;0,0;;;;;0,0;;;;;No;No;No;No;No;No;No;No;No;No
1488,0;Dodi Lukebakio;be BEL;MF;Sevilla;es La Liga;28,0;1997,0;2,0;2,0;180,0;2,0;1,0;0,0;1,0;1,0;0,0;0,0;0,0;0,0;0,5;2,0;1,0;50,0;1,0;0,5;0,5;1,0;10,0;0,0;1,0;3,0;0,0;3,0;0,0;;0,0;;;0,0;;;;;0,0;;;;;No;No;No;No;No;No;No;No;No;No
1489,0;Saša Lukić;rs SRB;MF;Fulham;eng Premier League;29,0;1996,0;20,0;15,0;1239,0;13,8;1,0;2,0;3,0;1,0;0,0;0,0;6,0;0,0;0,22;13,0;3,0;23,1;0,94;0,22;0,08;0,33;47,0;21,0;9,0;20,0;0,0;38,0;0,0;;0,0;;;0,0;;;;;0,0;;;;;No;No;No;No;No;No;No;No;No;No
1490,0;Kristoffer Lund;us USA;DF,MF;Köln;de Bundesliga;23,0;2002,0;25,0;19,0;1702,0;18,9;0,0;1,0;1,0;0,0;0,0;0,0;2,0;0,0;0,05;18,0;3,0;16,7;0,95;0,16;0,0;0,0;71,0;21,0;25,0;31,0;0,0;10,0;0,0;;0,0;;;0,0;;;;;0,0;;;;;No;No;No;No;No;No;No;No;No;No
1491,0;Sebastiano Luperto;it ITA;DF;Cremonese;it Serie A;29,0;1996,0;6,0;6,0;540,0;6,0;0,0;1,0;1,0;0,0;0,0;0,0;1,0;0,0;0,17;2,0;1,0;50,0;0,33;0,17;0,0;0,0;8,0;3,0;3,0;8,0;0,0;5,0;0,0;;0,0;;;0,0;;;;;0,0;;;;;No;No;No;No;No;No;No;No;No;No
1492,0;Sebastiano Luperto;it ITA;DF;Cagliari;it Serie A;29,0;1996,0;19,0;19,0;1706,0;19,0;1,0;0,0;1,0;1,0;0,0;0,0;3,0;0,0;0,05;7,0;3,0;42,9;0,37;0,16;0,14;0,33;1,0;12,0;19,0;17,0;0,0;23,0;0,0;;0,0;;;0,0;;;;;0,0;;;;;No;No;No;No;No;No;No;No;No;No
1493,0;Mateus Lusuardi;br BRA;DF;Pisa;it Serie A;22,0;2004,0;3,0;3,0;198,0;2,2;0,0;0,0;0,0;0,0;0,0;0,0;1,0;0,0;0,0;4,0;0,0;0,0;1,82;0,0;0,0;0,0;1,0;2,0;0,0;0,0;0,0;4,0;0,0;;0,0;;;0,0;;;;;0,0;;;;;No;No;No;No;No;No;No;No;No;No
1494,0;Zito Luvumbo;ao ANG;FW,MF;Mallorca;es La Liga;24,0;2002,0;3,0;0,0;75,0;0,8;0,0;0,0;0,0;0,0;0,0;0,0;1,0;0,0;0,0;2,0;2,0;100,0;2,4;2,4;0,0;0,0;3,0;0,0;0,0;5,0;0,0;0,0;0,0;;0,0;;;0,0;;;;;0,0;;;;;No;No;No;No;No;No;No;No;No;No
1495,0;Zito Luvumbo;ao ANG;MF,FW;Cagliari;it Serie A;24,0;2002,0;12,0;2,0;329,0;3,7;0,0;0,0;0,0;0,0;0,0;0,0;0,0;0,0;0,0;12,0;6,0;50,0;3,28;1,64;0,0;0,0;7,0;1,0;1,0;18,0;0,0;4,0;0,0;;0,0;;;0,0;;;;;0,0;;;;;No;No;No;No;No;No;No;No;No;No
1496,0;Babis Lykogiannis;gr GRE;DF;Bologna;it Serie A;32,0;1993,0;10,0;7,0;627,0;7,0;0,0;1,0;1,0;0,0;0,0;0,0;3,0;0,0;0,14;7,0;2,0;28,6;1,0;0,29;0,0;0,0;45,0;10,0;6,0;1,0;0,0;8,0;0,0;;0,0;;;0,0;;;;;0,0;;;;;No;No;No;No;No;No;No;No;No;No
1497,0;Senne Lynen;be BEL;MF;Werder Bremen;de Bundesliga;27,0;1999,0;24,0;24,0;2122,0;23,6;0,0;0,0;0,0;0,0;0,0;0,0;4,0;0,0;0,0;17,0;2,0;11,8;0,72;0,08;0,0;0,0;12,0;19,0;50,0;9,0;0,0;31,0;0,0;;0,0;;;0,0;;;;;0,0;;;;;No;No;No;No;No;No;No;No;No;No
1498,0;Mathias Løvik;no NOR;MF;Parma;it Serie A;22,0;2003,0;9,0;5,0;471,0;5,2;0,0;0,0;0,0;0,0;0,0;0,0;0,0;0,0;0,0;3,0;0,0;0,0;0,57;0,0;0,0;0,0;15,0;8,0;7,0;2,0;0,0;3,0;0,0;;0,0;;;0,0;;;;;0,0;;;;;No;No;No;No;No;No;No;No;No;No
1499,0;Ian Maatsen;nl NED;DF;Aston Villa;eng Premier League;24,0;2002,0;24,0;13,0;1264,0;14,0;0,0;0,0;0,0;0,0;0,0;0,0;2,0;0,0;0,0;17,0;4,0;23,5;1,21;0,28;0,0;0,0;46,0;27,0;13,0;15,0;0,0;11,0;0,0;;0,0;;;0,0;;;;;0,0;;;;;No;No;No;No;No;No;No;No;No;No
1500,0;Alexis Mac Allister;ar ARG;MF;Liverpool;eng Premier League;27,0;1998,0;29,0;25,0;2089,0;23,2;2,0;2,0;4,0;2,0;0,0;0,0;4,0;0,0;0,17;41,0;10,0;24,4;1,77;0,43;0,05;0,2;19,0;22,0;14,0;26,0;0,0;22,0;0,0;;0,0;;;0,0;;;;;0,0;;;;;No;No;No;No;No;No;No;No;No;No
1501,0;Deiver Machado;co COL;MF,DF;Nantes;fr Ligue 1;32,0;1993,0;8,0;7,0;477,0;5,3;0,0;1,0;1,0;0,0;0,0;0,0;1,0;0,0;0,19;2,0;0,0;0,0;0,38;0,0;0,0;0,0;10,0;6,0;5,0;11,0;0,0;14,0;0,0;;0,0;;;0,0;;;;;0,0;;;;;No;No;No;No;No;No;No;No;No;No
1502,0;Deiver Machado;co COL;MF;Lens;fr Ligue 1;32,0;1993,0;5,0;4,0;273,0;3,0;0,0;0,0;0,0;0,0;0,0;0,0;1,0;0,0;0,0;6,0;1,0;16,7;1,98;0,33;0,0;0,0;4,0;1,0;3,0;8,0;0,0;4,0;0,0;;0,0;;;0,0;;;;;0,0;;;;;No;No;No;No;No;No;No;No;No;No
1503,0;Koki Machida;jp JPN;DF;Hoffenheim;de Bundesliga;28,0;1997,0;1,0;1,0;44,0;0,5;0,0;0,0;0,0;0,0;0,0;0,0;1,0;0,0;0,0;0,0;0,0;0,0;0,0;0,0;0,0;0,0;0,0;0,0;1,0;0,0;0,0;2,0;0,0;;0,0;;;0,0;;;;;0,0;;;;;No;No;No;No;No;No;No;No;No;No
1504,0;Lanroy Machine;fr FRA;MF;Angers;fr Ligue 1;20,0;2005,0;14,0;0,0;231,0;2,6;0,0;0,0;0,0;0,0;0,0;0,0;0,0;0,0;0,0;9,0;2,0;22,2;3,51;0,78;0,0;0,0;3,0;3,0;0,0;2,0;0,0;5,0;0,0;;0,0;;;0,0;;;;;0,0;;;;;No;No;No;No;No;No;No;No;No;No
1505,0;Shuto Machino;jp JPN;FW,MF;Gladbach;de Bundesliga;26,0;1999,0;25,0;7,0;877,0;9,7;3,0;0,0;3,0;3,0;0,0;0,0;1,0;0,0;0,31;22,0;11,0;50,0;2,26;1,13;0,14;0,27;9,0;4,0;2,0;7,0;0,0;7,0;0,0;;0,0;;;0,0;;;;;0,0;;;;;No;No;No;No;No;No;No;No;No;No
1506,0;Carlos Macià;es ESP;MF;Villarreal;es La Liga;17,0;2008,0;4,0;0,0;81,0;0,9;0,0;0,0;0,0;0,0;0,0;0,0;1,0;0,0;0,0;1,0;0,0;0,0;1,11;0,0;0,0;0,0;0,0;0,0;2,0;0,0;0,0;1,0;0,0;;0,0;;;0,0;;;;;0,0;;;;;No;No;No;No;No;No;No;No;No;No
1507,0;Brian Madjo;lu LUX;FW;Metz;fr Ligue 1;17,0;2009,0;5,0;2,0;157,0;1,7;0,0;0,0;0,0;0,0;0,0;0,0;0,0;0,0;0,0;3,0;1,0;33,3;1,72;0,57;0,0;0,0;0,0;0,0;0,0;3,0;0,0;3,0;0,0;;0,0;;;0,0;;;;;0,0;;;;;No;No;No;No;No;No;No;No;No;No
1508,0;Noni Madueke;eng ENG;FW,MF;Arsenal;eng Premier League;24,0;2002,0;20,0;12,0;895,0;9,9;2,0;1,0;3,0;2,0;0,0;0,0;0,0;0,0;0,3;19,0;6,0;31,6;1,91;0,6;0,11;0,33;63,0;9,0;4,0;10,0;0,0;12,0;0,0;;0,0;;;0,0;;;;;0,0;;;;;No;No;No;No;No;No;No;No;No;No
1509,0;Pablo Maffeo;es ESP;DF;Mallorca;es La Liga;28,0;1997,0;23,0;22,0;1958,0;21,8;1,0;0,0;1,0;1,0;0,0;0,0;7,0;0,0;0,05;5,0;1,0;20,0;0,23;0,05;0,2;1,0;62,0;24,0;25,0;16,0;0,0;17,0;1,0;;0,0;;;0,0;;;;;0,0;;;;;No;No;No;No;No;No;No;No;No;No
1510,0;Gabriel Magalhães;br BRA;DF;Arsenal;eng Premier League;28,0;1997,0;25,0;24,0;2166,0;24,1;3,0;4,0;7,0;3,0;0,0;0,0;3,0;0,0;0,29;18,0;5,0;27,8;0,75;0,21;0,17;0,6;6,0;16,0;18,0;27,0;0,0;14,0;0,0;;0,0;;;0,0;;;;;0,0;;;;;No;No;No;No;No;No;No;No;No;No
1511,0;Soungoutou Magassa;fr FRA;MF;West Ham United;eng Premier League;22,0;2003,0;19,0;11,0;964,0;10,7;1,0;0,0;1,0;1,0;0,0;0,0;4,0;0,0;0,09;7,0;2,0;28,6;0,65;0,19;0,14;0,5;8,0;23,0;17,0;17,0;0,0;17,0;0,0;;0,0;;;0,0;;;;;0,0;;;;;No;No;No;No;No;No;No;No;No;No
1512,0;Hugo Magnetti;fr FRA;MF;Brest;fr Ligue 1;27,0;1998,0;25,0;24,0;2081,0;23,1;1,0;1,0;2,0;1,0;0,0;0,0;4,0;1,0;0,09;18,0;3,0;16,7;0,78;0,13;0,06;0,33;14,0;36,0;38,0;28,0;0,0;27,0;0,0;;0,0;;;0,0;;;;;0,0;;;;;No;No;No;No;No;No;No;No;No;No
1513,0;Frank Magri;cm CMR;FW,MF;Toulouse;fr Ligue 1;26,0;1999,0;17,0;16,0;1253,0;13,9;5,0;1,0;6,0;5,0;0,0;1,0;3,0;0,0;0,43;33,0;12,0;36,4;2,37;0,86;0,15;0,42;15,0;3,0;3,0;22,0;0,0;28,0;0,0;;0,0;;;0,0;;;;;0,0;;;;;No;No;No;No;No;No;No;No;No;No
1514,0;Harry Maguire;eng ENG;DF;Manchester Utd;eng Premier League;33,0;1993,0;17,0;13,0;1126,0;12,5;1,0;1,0;2,0;1,0;0,0;0,0;3,0;0,0;0,16;9,0;2,0;22,2;0,72;0,16;0,11;0,5;2,0;9,0;6,0;13,0;0,0;11,0;0,0;;0,0;;;0,0;;;;;0,0;;;;;No;No;No;No;No;No;No;No;No;No
1515,0;Arne Maier;de GER;MF;Augsburg;de Bundesliga;27,0;1999,0;1,0;0,0;4,0;0,0;0,0;0,0;0,0;0,0;0,0;0,0;0,0;0,0;0,0;0,0;0,0;0,0;0,0;0,0;0,0;0,0;1,0;1,0;1,0;0,0;0,0;0,0;0,0;;0,0;;;0,0;;;;;0,0;;;;;No;No;No;No;No;No;No;No;No;No
1516,0;Mike Maignan;fr FRA;GK;Milan;it Serie A;30,0;1995,0;28,0;28,0;2485,0;27,6;0,0;0,0;0,0;0,0;0,0;0,0;3,0;0,0;0,0;0,0;0,0;0,0;0,0;0,0;0,0;0,0;0,0;0,0;1,0;6,0;0,0;0,0;0,0;21,0;0,76;89,0;74,0;80,9;16,0;9,0;3,0;12,0;42,9;7,0;4,0;2,0;1,0;No;No;No;No;No;No;No;No;No;No
1517,0;Linton Maina;de GER;MF,FW;Köln;de Bundesliga;26,0;1999,0;16,0;6,0;669,0;7,4;2,0;0,0;2,0;2,0;0,0;0,0;0,0;0,0;0,27;17,0;7,0;41,2;2,29;0,94;0,12;0,29;21,0;4,0;1,0;4,0;0,0;6,0;0,0;;0,0;;;0,0;;;;;0,0;;;;;No;No;No;No;No;No;No;No;No;No
1518,0;Patrick Mainka;de GER;DF;Heidenheim;de Bundesliga;31,0;1994,0;26,0;26,0;2340,0;26,0;1,0;1,0;2,0;1,0;0,0;0,0;1,0;0,0;0,08;26,0;5,0;19,2;1,0;0,19;0,04;0,2;0,0;26,0;27,0;14,0;0,0;5,0;0,0;;0,0;;;0,0;;;;;0,0;;;;;No;No;No;No;No;No;No;No;No;No
1519,0;Kobbie Mainoo;eng ENG;MF;Manchester Utd;eng Premier League;20,0;2005,0;21,0;9,0;1032,0;11,5;0,0;2,0;2,0;0,0;0,0;0,0;0,0;0,0;0,17;8,0;2,0;25,0;0,7;0,17;0,0;0,0;12,0;11,0;7,0;14,0;0,0;7,0;0,0;;0,0;;;0,0;;;;;0,0;;;;;No;No;No;No;No;No;No;No;No;No
1520,0;Ainsley Maitland-Niles;eng ENG;DF,MF;Lyon;fr Ligue 1;28,0;1997,0;23,0;21,0;1918,0;21,3;1,0;3,0;4,0;1,0;0,0;1,0;6,0;1,0;0,19;12,0;5,0;41,7;0,56;0,23;0,08;0,2;37,0;30,0;24,0;10,0;1,0;32,0;0,0;;0,0;;;0,0;;;;;0,0;;;;;No;No;No;No;No;No;No;No;No;No
1521,0;Radosław Majecki;pl POL;GK;Brest;fr Ligue 1;26,0;1999,0;10,0;10,0;864,0;9,6;0,0;0,0;0,0;0,0;0,0;0,0;0,0;1,0;0,0;0,0;0,0;0,0;0,0;0,0;0,0;0,0;0,0;0,0;0,0;1,0;0,0;1,0;0,0;18,0;1,87;43,0;26,0;60,5;1,0;4,0;5,0;3,0;30,0;1,0;1,0;0,0;0,0;No;No;No;No;No;No;No;No;No;No
1522,0;Lovro Majer;hr CRO;MF;Wolfsburg;de Bundesliga;28,0;1998,0;23,0;16,0;1264,0;14,0;2,0;3,0;5,0;2,0;0,0;0,0;4,0;0,0;0,36;22,0;5,0;22,7;1,57;0,36;0,09;0,4;18,0;16,0;8,0;19,0;0,0;28,0;0,0;;0,0;;;0,0;;;;;0,0;;;;;No;No;No;No;No;No;No;No;No;No
1523,0;Hamidou Makalou;ml MLI;MF;Brest;fr Ligue 1;19,0;2006,0;11,0;1,0;164,0;1,8;0,0;0,0;0,0;0,0;0,0;0,0;0,0;0,0;0,0;2,0;0,0;0,0;1,1;0,0;0,0;0,0;8,0;1,0;3,0;2,0;0,0;1,0;0,0;;0,0;;;0,0;;;;;0,0;;;;;No;No;No;No;No;No;No;No;No;No
1524,0;Jean-Victor Makengo;fr FRA;MF;Lorient;fr Ligue 1;27,0;1998,0;23,0;16,0;1261,0;14,0;3,0;2,0;5,0;3,0;0,0;0,0;0,0;0,0;0,36;31,0;11,0;35,5;2,21;0,79;0,1;0,27;14,0;12,0;9,0;28,0;0,0;7,0;1,0;;0,0;;;0,0;;;;;0,0;;;;;No;No;No;No;No;No;No;No;No;No
1525,0;Jordy Makengo;fr FRA;DF;Freiburg;de Bundesliga;24,0;2001,0;15,0;10,0;945,0;10,5;0,0;0,0;0,0;0,0;0,0;0,0;1,0;0,0;0,0;0,0;0,0;0,0;0,0;0,0;0,0;0,0;27,0;9,0;8,0;8,0;0,0;9,0;0,0;;0,0;;;0,0;;;;;0,0;;;;;No;No;No;No;No;No;No;No;No;No
1526,0;Andrija Maksimović;rs SRB;FW;RB Leipzig;de Bundesliga;18,0;2007,0;8,0;0,0;93,0;1,0;0,0;0,0;0,0;0,0;0,0;0,0;0,0;0,0;0,0;2,0;0,0;0,0;1,94;0,0;0,0;0,0;2,0;0,0;0,0;2,0;0,0;1,0;0,0;;0,0;;;0,0;;;;;0,0;;;;;No;No;No;No;No;No;No;No;No;No
1527,0;Said El Mala;de GER;FW,MF;Köln;de Bundesliga;19,0;2006,0;26,0;12,0;1314,0;14,6;9,0;3,0;12,0;9,0;0,0;0,0;2,0;0,0;0,82;50,0;21,0;42,0;3,42;1,44;0,18;0,43;35,0;9,0;3,0;17,0;0,0;10,0;0,0;;0,0;;;0,0;;;;;0,0;;;;;No;No;No;No;No;No;No;No;No;No
1528,0;Tyrell Malacia;nl NED;DF;Manchester Utd;eng Premier League;26,0;1999,0;2,0;0,0;9,0;0,1;0,0;0,0;0,0;0,0;0,0;0,0;0,0;0,0;0,0;0,0;0,0;0,0;0,0;0,0;0,0;0,0;0,0;0,0;0,0;0,0;0,0;0,0;0,0;;0,0;;;0,0;;;;;0,0;;;;;No;No;No;No;No;No;No;No;No;No
1529,0;Julián Malatini;ar ARG;DF;Werder Bremen;de Bundesliga;24,0;2001,0;11,0;5,0;516,0;5,7;0,0;0,0;0,0;0,0;0,0;0,0;3,0;0,0;0,0;2,0;0,0;0,0;0,35;0,0;0,0;0,0;5,0;6,0;6,0;1,0;0,0;7,0;0,0;;0,0;;;0,0;;;;;0,0;;;;;No;No;No;No;No;No;No;No;No;No
1530,0;Daniel Maldini;it ITA;FW;Lazio;it Serie A;24,0;2001,0;6,0;6,0;453,0;5,0;1,0;1,0;2,0;1,0;0,0;0,0;0,0;0,0;0,4;10,0;3,0;30,0;1,99;0,6;0,1;0,33;1,0;8,0;3,0;16,0;0,0;8,0;0,0;;0,0;;;0,0;;;;;0,0;;;;;No;No;No;No;No;No;No;No;No;No
1531,0;Daniel Maldini;it ITA;MF;Atalanta;it Serie A;24,0;2001,0;9,0;3,0;264,0;2,9;0,0;0,0;0,0;0,0;0,0;0,0;1,0;0,0;0,0;8,0;2,0;25,0;2,73;0,68;0,0;0,0;10,0;2,0;0,0;7,0;0,0;4,0;0,0;;0,0;;;0,0;;;;;0,0;;;;;No;No;No;No;No;No;No;No;No;No
1532,0;Youssef Maleh;ma MAR;MF;Cremonese;it Serie A;27,0;1998,0;7,0;7,0;600,0;6,7;0,0;0,0;0,0;0,0;0,0;0,0;1,0;0,0;0,0;8,0;1,0;12,5;1,2;0,15;0,0;0,0;22,0;4,0;6,0;6,0;0,0;18,0;0,0;;0,0;;;0,0;;;;;0,0;;;;;No;No;No;No;No;No;No;No;No;No
1533,0;Youssef Maleh;ma MAR;MF;Lecce;it Serie A;27,0;1998,0;9,0;5,0;460,0;5,1;0,0;0,0;0,0;0,0;0,0;0,0;2,0;0,0;0,0;7,0;1,0;14,3;1,37;0,2;0,0;0,0;12,0;4,0;7,0;8,0;0,0;9,0;0,0;;0,0;;;0,0;;;;;0,0;;;;;No;No;No;No;No;No;No;No;No;No
1534,0;Donyell Malen;nl NED;FW,MF;Aston Villa;eng Premier League;27,0;1999,0;21,0;5,0;656,0;7,3;4,0;1,0;5,0;4,0;0,0;0,0;0,0;0,0;0,69;27,0;9,0;33,3;3,7;1,23;0,15;0,44;7,0;2,0;0,0;6,0;0,0;2,0;0,0;;0,0;;;0,0;;;;;0,0;;;;;No;No;No;No;No;No;No;No;No;No
1535,0;Donyell Malen;nl NED;FW;Roma;it Serie A;27,0;1999,0;9,0;9,0;723,0;8,0;7,0;0,0;7,0;5,0;2,0;2,0;1,0;0,0;0,62;40,0;14,0;35,0;4,98;1,74;0,13;0,36;2,0;1,0;0,0;8,0;0,0;7,0;0,0;;0,0;;;0,0;;;;;0,0;;;;;No;No;No;No;No;No;No;No;No;No
1536,0;Ruslan Malinovskyi;ua UKR;MF;Genoa;it Serie A;32,0;1993,0;27,0;24,0;1874,0;20,8;5,0;3,0;8,0;2,0;3,0;3,0;9,0;0,0;0,24;40,0;13,0;32,5;1,92;0,62;0,05;0,15;47,0;17,0;14,0;25,0;0,0;32,0;0,0;;0,0;;;0,0;;;;;0,0;;;;;No;No;No;No;No;No;No;No;No;No
1537,0;Lennard Maloney;us USA;DF,MF;Mainz 05;de Bundesliga;26,0;1999,0;16,0;4,0;447,0;5,0;0,0;0,0;0,0;0,0;0,0;0,0;1,0;0,0;0,0;3,0;1,0;33,3;0,6;0,2;0,0;0,0;2,0;8,0;7,0;3,0;0,0;13,0;0,0;;0,0;;;0,0;;;;;0,0;;;;;No;No;No;No;No;No;No;No;No;No
1538,0;Pape Mamadou Sy;sn SEN;GK;Metz;fr Ligue 1;28,0;1997,0;1,0;1,0;76,0;0,8;0,0;0,0;0,0;0,0;0,0;0,0;0,0;0,0;0,0;0,0;0,0;0,0;0,0;0,0;0,0;0,0;0,0;0,0;0,0;1,0;0,0;0,0;0,0;4,0;4,74;8,0;4,0;50,0;0,0;0,0;1,0;0,0;0,0;0,0;0,0;0,0;0,0;No;No;No;No;No;No;No;No;No;No
1539,0;Giorgi Mamardashvili;ge GEO;GK;Liverpool;eng Premier League;25,0;2000,0;5,0;5,0;450,0;5,0;0,0;0,0;0,0;0,0;0,0;0,0;0,0;0,0;0,0;0,0;0,0;0,0;0,0;0,0;0,0;0,0;0,0;0,0;0,0;1,0;0,0;1,0;0,0;10,0;2,0;24,0;16,0;62,5;1,0;0,0;4,0;1,0;20,0;2,0;1,0;1,0;0,0;No;No;No;No;No;No;No;No;No;No
1540,0;Felix Mambimbi;ch SUI;FW,MF;Le Havre;fr Ligue 1;25,0;2001,0;15,0;6,0;483,0;5,4;1,0;0,0;1,0;1,0;0,0;0,0;1,0;0,0;0,19;6,0;2,0;33,3;1,12;0,37;0,17;0,5;5,0;10,0;4,0;4,0;0,0;15,0;0,0;;0,0;;;0,0;;;;;0,0;;;;;No;No;No;No;No;No;No;No;No;No
1541,0;Aitor Mañas;es ESP;FW;Alavés;es La Liga;23,0;2003,0;6,0;0,0;71,0;0,8;0,0;0,0;0,0;0,0;0,0;0,0;0,0;0,0;0,0;1,0;1,0;100,0;1,27;1,27;0,0;0,0;0,0;2,0;0,0;0,0;0,0;1,0;0,0;;0,0;;;0,0;;;;;0,0;;;;;No;No;No;No;No;No;No;No;No;No
1542,0;Gianluca Mancini;it ITA;DF;Roma;it Serie A;29,0;1996,0;28,0;28,0;2487,0;27,6;0,0;2,0;2,0;0,0;0,0;0,0;9,0;0,0;0,07;15,0;4,0;26,7;0,54;0,14;0,0;0,0;22,0;23,0;41,0;34,0;0,0;59,0;0,0;;0,0;;;0,0;;;;;0,0;;;;;No;No;No;No;No;No;No;No;No;No
1543,0;Reinildo Mandava;mz MOZ;DF;Sunderland;eng Premier League;32,0;1994,0;17,0;17,0;1427,0;15,9;0,0;1,0;1,0;0,0;0,0;0,0;6,0;1,0;0,06;4,0;0,0;0,0;0,25;0,0;0,0;0,0;18,0;15,0;22,0;28,0;0,0;25,0;0,0;;0,0;;;0,0;;;;;0,0;;;;;No;No;No;No;No;No;No;No;No;No
1544,0;Aïssa Mandi;dz ALG;DF;Lille;fr Ligue 1;34,0;1991,0;21,0;20,0;1704,0;18,9;1,0;0,0;1,0;1,0;0,0;0,0;7,0;0,0;0,05;9,0;2,0;22,2;0,48;0,11;0,11;0,5;8,0;17,0;28,0;13,0;0,0;13,0;0,0;;0,0;;;0,0;;;;;0,0;;;;;No;No;No;No;No;No;No;No;No;No
1545,0;Rolando Mandragora;it ITA;MF;Fiorentina;it Serie A;28,0;1997,0;28,0;25,0;1987,0;22,1;6,0;2,0;8,0;5,0;1,0;1,0;6,0;0,0;0,32;55,0;13,0;23,6;2,49;0,59;0,09;0,38;64,0;20,0;14,0;47,0;0,0;29,0;0,0;;0,0;;;0,0;;;;;0,0;;;;;No;No;No;No;No;No;No;No;No;No
1546,0;Filippo Mane;it ITA;DF;Dortmund;de Bundesliga;21,0;2005,0;4,0;2,0;131,0;1,5;0,0;0,0;0,0;0,0;0,0;0,0;0,0;1,0;0,0;0,0;0,0;0,0;0,0;0,0;0,0;0,0;1,0;0,0;2,0;2,0;0,0;1,0;0,0;;0,0;;;0,0;;;;;0,0;;;;;No;No;No;No;No;No;No;No;No;No
1547,0;Mateus Mane;pt POR;MF;Wolves;eng Premier League;18,0;2007,0;20,0;14,0;1286,0;14,3;2,0;1,0;3,0;2,0;0,0;0,0;0,0;0,0;0,21;29,0;12,0;41,4;2,03;0,84;0,07;0,17;52,0;8,0;3,0;36,0;0,0;21,0;0,0;;0,0;;;0,0;;;;;0,0;;;;;No;No;No;No;No;No;No;No;No;No
1548,0;Orel Mangala;be BEL;MF;Lyon;fr Ligue 1;27,0;1998,0;4,0;1,0;104,0;1,2;0,0;0,0;0,0;0,0;0,0;0,0;0,0;0,0;0,0;1,0;0,0;0,0;0,87;0,0;0,0;0,0;3,0;3,0;0,0;2,0;0,0;5,0;0,0;;0,0;;;0,0;;;;;0,0;;;;;No;No;No;No;No;No;No;No;No;No
1549,0;Bendito Mantato;eng ENG;MF;Manchester Utd;eng Premier League;18,0;2008,0;1,0;0,0;16,0;0,2;0,0;0,0;0,0;0,0;0,0;0,0;0,0;0,0;0,0;0,0;0,0;0,0;0,0;0,0;0,0;0,0;1,0;0,0;0,0;0,0;0,0;0,0;0,0;;0,0;;;0,0;;;;;0,0;;;;;No;No;No;No;No;No;No;No;No;No
1550,0;Brad Mantsounga;cg CGO;DF;Nice;fr Ligue 1;18,0;2007,0;1,0;1,0;90,0;1,0;0,0;0,0;0,0;0,0;0,0;0,0;0,0;0,0;0,0;0,0;0,0;0,0;0,0;0,0;0,0;0,0;0,0;3,0;0,0;2,0;0,0;0,0;0,0;;0,0;;;0,0;;;;;0,0;;;;;No;No;No;No;No;No;No;No;No;No
1551,0;Johan Manzambi;ch SUI;MF;Freiburg;de Bundesliga;20,0;2005,0;20,0;19,0;1537,0;17,1;3,0;2,0;5,0;3,0;0,0;0,0;4,0;2,0;0,29;35,0;8,0;22,9;2,05;0,47;0,09;0,38;25,0;8,0;21,0;58,0;0,0;17,0;0,0;;0,0;;;0,0;;;;;0,0;;;;;No;No;No;No;No;No;No;No;No;No
1552,0;Sekou Mara;fr FRA;FW;Auxerre;fr Ligue 1;23,0;2002,0;21,0;11,0;941,0;10,5;0,0;1,0;1,0;0,0;0,0;0,0;0,0;0,0;0,1;24,0;8,0;33,3;2,3;0,77;0,0;0,0;0,0;6,0;2,0;21,0;0,0;25,0;0,0;;0,0;;;0,0;;;;;0,0;;;;;No;No;No;No;No;No;No;No;No;No
1553,0;Alessandro Marcandalli;it ITA;DF;Genoa;it Serie A;23,0;2002,0;23,0;20,0;1804,0;20,0;0,0;2,0;2,0;0,0;0,0;0,0;4,0;0,0;0,1;3,0;2,0;66,7;0,15;0,1;0,0;0,0;7,0;12,0;12,0;9,0;0,0;18,0;0,0;;0,0;;;0,0;;;;;0,0;;;;;No;No;No;No;No;No;No;No;No;No
1554,0;Marcão;br BRA;DF;Sevilla;es La Liga;29,0;1996,0;13,0;11,0;938,0;10,4;1,0;0,0;1,0;1,0;0,0;0,0;5,0;1,0;0,1;10,0;2,0;20,0;0,96;0,19;0,1;0,5;1,0;4,0;4,0;21,0;1,0;22,0;0,0;;0,0;;;0,0;;;;;0,0;;;;;No;No;No;No;No;No;No;No;No;No
1555,0;Solly March;eng ENG;MF;Brighton;eng Premier League;31,0;1994,0;1,0;0,0;5,0;0,1;0,0;0,0;0,0;0,0;0,0;0,0;0,0;0,0;0,0;0,0;0,0;0,0;0,0;0,0;0,0;0,0;0,0;0,0;0,0;1,0;0,0;0,0;0,0;;0,0;;;0,0;;;;;0,0;;;;;No;No;No;No;No;No;No;No;No;No
1556,0;Vincent Marchetti;fr FRA;MF;Paris FC;fr Ligue 1;28,0;1997,0;19,0;9,0;764,0;8,5;2,0;0,0;2,0;2,0;0,0;0,0;1,0;0,0;0,24;23,0;7,0;30,4;2,71;0,82;0,09;0,29;1,0;12,0;4,0;4,0;0,0;12,0;0,0;;0,0;;;0,0;;;;;0,0;;;;;No;No;No;No;No;No;No;No;No;No
1557,0;Pablo Marí;es ESP;DF;Fiorentina;it Serie A;32,0;1993,0;11,0;9,0;808,0;9,0;0,0;0,0;0,0;0,0;0,0;0,0;3,0;0,0;0,0;2,0;0,0;0,0;0,22;0,0;0,0;0,0;0,0;8,0;19,0;8,0;0,0;17,0;0,0;;0,0;;;0,0;;;;;0,0;;;;;No;No;No;No;No;No;No;No;No;No
1558,0;José María Giménez;uy URU;DF;Atlético Madrid;es La Liga;31,0;1995,0;13,0;12,0;1084,0;12,0;0,0;1,0;1,0;0,0;0,0;0,0;3,0;0,0;0,08;13,0;3,0;23,1;1,08;0,25;0,0;0,0;0,0;11,0;13,0;10,0;0,0;16,0;0,0;;0,0;;;0,0;;;;;0,0;;;;;No;No;No;No;No;No;No;No;No;No
1559,0;Mariano;do DOM;FW;Alavés;es La Liga;32,0;1993,0;10,0;3,0;288,0;3,2;0,0;0,0;0,0;0,0;0,0;0,0;1,0;0,0;0,0;6,0;3,0;50,0;1,87;0,94;0,0;0,0;3,0;1,0;0,0;0,0;0,0;13,0;0,0;;0,0;;;0,0;;;;;0,0;;;;;No;No;No;No;No;No;No;No;No;No
1560,0;Luca Marianucci;it ITA;DF;Torino;it Serie A;21,0;2004,0;4,0;3,0;265,0;2,9;0,0;0,0;0,0;0,0;0,0;0,0;1,0;0,0;0,0;0,0;0,0;0,0;0,0;0,0;0,0;0,0;1,0;4,0;6,0;0,0;0,0;6,0;0,0;;0,0;;;0,0;;;;;0,0;;;;;No;No;No;No;No;No;No;No;No;No
1561,0;Luca Marianucci;it ITA;DF;Napoli;it Serie A;21,0;2004,0;2,0;1,0;119,0;1,3;0,0;1,0;1,0;0,0;0,0;0,0;0,0;0,0;0,76;1,0;0,0;0,0;0,76;0,0;0,0;0,0;2,0;2,0;1,0;0,0;0,0;2,0;0,0;;0,0;;;0,0;;;;;0,0;;;;;No;No;No;No;No;No;No;No;No;No
1562,0;Arkaitz Mariezkurrena;es ESP;FW;Real Sociedad;es La Liga;20,0;2005,0;1,0;0,0;1,0;0,0;0,0;0,0;0,0;0,0;0,0;0,0;0,0;0,0;0,0;0,0;0,0;0,0;0,0;0,0;0,0;0,0;0,0;0,0;0,0;0,0;0,0;2,0;0,0;;0,0;;;0,0;;;;;0,0;;;;;No;No;No;No;No;No;No;No;No;No
1563,0;Rafa Marín;es ESP;DF;Villarreal;es La Liga;23,0;2002,0;18,0;17,0;1574,0;17,5;1,0;0,0;1,0;1,0;0,0;0,0;1,0;0,0;0,06;4,0;1,0;25,0;0,23;0,06;0,25;1,0;0,0;16,0;19,0;7,0;0,0;11,0;1,0;;0,0;;;0,0;;;;;0,0;;;;;No;No;No;No;No;No;No;No;No;No
1564,0;Marius Marin;ro ROU;MF;Pisa;it Serie A;27,0;1998,0;23,0;18,0;1281,0;14,2;0,0;0,0;0,0;0,0;0,0;0,0;7,0;0,0;0,0;3,0;0,0;0,0;0,21;0,0;0,0;0,0;18,0;26,0;14,0;20,0;0,0;36,0;0,0;;0,0;;;0,0;;;;;0,0;;;;;No;No;No;No;No;No;No;No;No;No
1565,0;Pablo Marín;es ESP;MF;Real Sociedad;es La Liga;22,0;2003,0;25,0;12,0;1101,0;12,2;0,0;0,0;0,0;0,0;0,0;0,0;1,0;0,0;0,0;12,0;4,0;33,3;0,98;0,33;0,0;0,0;10,0;13,0;6,0;14,0;0,0;17,0;0,0;;0,0;;;0,0;;;;;0,0;;;;;No;No;No;No;No;No;No;No;No;No
1566,0;João Mário Lopes;pt POR;DF;Bologna;it Serie A;26,0;2000,0;5,0;5,0;371,0;4,1;0,0;0,0;0,0;0,0;0,0;0,0;0,0;0,0;0,0;1,0;0,0;0,0;0,24;0,0;0,0;0,0;8,0;2,0;6,0;10,0;0,0;1,0;0,0;;0,0;;;0,0;;;;;0,0;;;;;No;No;No;No;No;No;No;No;No;No
1567,0;João Mário Lopes;pt POR;MF;Juventus;it Serie A;26,0;2000,0;10,0;2,0;258,0;2,9;0,0;0,0;0,0;0,0;0,0;0,0;1,0;0,0;0,0;3,0;0,0;0,0;1,05;0,0;0,0;0,0;5,0;3,0;3,0;10,0;0,0;5,0;0,0;;0,0;;;0,0;;;;;0,0;;;;;No;No;No;No;No;No;No;No;No;No
1568,0;Guillermo Maripán;cl CHI;DF;Torino;it Serie A;31,0;1994,0;24,0;23,0;2026,0;22,5;2,0;0,0;2,0;2,0;0,0;0,0;3,0;0,0;0,09;18,0;8,0;44,4;0,8;0,36;0,11;0,25;3,0;28,0;26,0;6,0;0,0;27,0;0,0;;0,0;;;0,0;;;;;0,0;;;;;No;No;No;No;No;No;No;No;No;No
1569,0;Omar Marmoush;eg EGY;FW,MF;Manchester City;eng Premier League;27,0;1999,0;17,0;7,0;572,0;6,4;1,0;3,0;4,0;1,0;0,0;0,0;2,0;0,0;0,63;24,0;7,0;29,2;3,78;1,1;0,04;0,14;12,0;7,0;2,0;18,0;0,0;10,0;0,0;;0,0;;;0,0;;;;;0,0;;;;;No;No;No;No;No;No;No;No;No;No
1570,0;Tomas Marques;es ESP;MF;Barcelona;es La Liga;19,0;2006,0;1,0;0,0;7,0;0,1;0,0;0,0;0,0;0,0;0,0;0,0;0,0;0,0;0,0;0,0;0,0;0,0;0,0;0,0;0,0;0,0;0,0;0,0;0,0;0,0;0,0;0,0;0,0;;0,0;;;0,0;;;;;0,0;;;;;No;No;No;No;No;No;No;No;No;No
1571,0;Marquinhos;br BRA;DF;Paris Saint-Germain;fr Ligue 1;31,0;1994,0;11,0;8,0;782,0;8,7;0,0;0,0;0,0;0,0;0,0;0,0;0,0;0,0;0,0;1,0;0,0;0,0;0,12;0,0;0,0;0,0;1,0;9,0;6,0;1,0;0,0;7,0;1,0;;0,0;;;0,0;;;;;0,0;;;;;No;No;No;No;No;No;No;No;No;No
1572,0;Callum Marshall;nir NIR;FW;West Ham United;eng Premier League;21,0;2004,0;2,0;0,0;60,0;0,7;0,0;0,0;0,0;0,0;0,0;0,0;0,0;0,0;0,0;1,0;0,0;0,0;1,5;0,0;0,0;0,0;0,0;0,0;2,0;0,0;0,0;0,0;0,0;;0,0;;;0,0;;;;;0,0;;;;;No;No;No;No;No;No;No;No;No;No
1573,0;Eric Martel;de GER;MF,DF;Köln;de Bundesliga;23,0;2002,0;25,0;24,0;2030,0;22,6;1,0;2,0;3,0;1,0;0,0;0,0;8,0;0,0;0,13;14,0;1,0;7,1;0,62;0,04;0,07;1,0;10,0;24,0;25,0;43,0;0,0;34,0;0,0;;0,0;;;0,0;;;;;0,0;;;;;No;No;No;No;No;No;No;No;No;No
1574,0;Aarón Martín;es ESP;MF,DF;Genoa;it Serie A;28,0;1997,0;25,0;22,0;1798,0;20,0;1,0;5,0;6,0;1,0;0,0;0,0;2,0;0,0;0,3;6,0;3,0;50,0;0,3;0,15;0,17;0,33;159,0;22,0;10,0;22,0;0,0;25,0;0,0;;0,0;;;0,0;;;;;0,0;;;;;No;No;No;No;No;No;No;No;No;No
1575,0;Carlos Martín;es ESP;MF,FW;Rayo Vallecano;es La Liga;23,0;2002,0;5,0;4,0;264,0;2,9;0,0;0,0;0,0;0,0;0,0;0,0;1,0;0,0;0,0;3,0;0,0;0,0;1,02;0,0;0,0;0,0;6,0;3,0;0,0;3,0;0,0;8,0;0,0;;0,0;;;0,0;;;;;0,0;;;;;No;No;No;No;No;No;No;No;No;No
1576,0;Gerard Martín;es ESP;DF;Barcelona;es La Liga;24,0;2002,0;23,0;17,0;1354,0;15,0;0,0;0,0;0,0;0,0;0,0;0,0;5,0;0,0;0,0;3,0;1,0;33,3;0,2;0,07;0,0;0,0;10,0;22,0;21,0;7,0;0,0;10,0;0,0;;0,0;;;0,0;;;;;0,0;;;;;No;No;No;No;No;No;No;No;No;No
1577,0;Iván Martín;es ESP;MF;Girona;es La Liga;27,0;1999,0;26,0;22,0;1921,0;21,3;0,0;1,0;1,0;0,0;0,0;0,0;5,0;1,0;0,05;9,0;4,0;44,4;0,42;0,19;0,0;0,0;7,0;34,0;13,0;26,0;1,0;25,0;0,0;;0,0;;;0,0;;;;;0,0;;;;;No;No;No;No;No;No;No;No;No;No
1578,0;Jon Martin;es ESP;DF;Real Sociedad;es La Liga;19,0;2006,0;17,0;17,0;1530,0;17,0;0,0;0,0;0,0;0,0;0,0;0,0;4,0;0,0;0,0;11,0;3,0;27,3;0,65;0,18;0,0;0,0;0,0;10,0;27,0;9,0;0,0;13,0;0,0;;0,0;;;0,0;;;;;0,0;;;;;No;No;No;No;No;No;No;No;No;No
1579,0;Mario Martín;es ESP;MF,FW;Getafe;es La Liga;22,0;2004,0;26,0;20,0;1544,0;17,2;2,0;0,0;2,0;2,0;0,0;0,0;8,0;0,0;0,12;20,0;4,0;20,0;1,17;0,23;0,1;0,5;10,0;28,0;10,0;21,0;0,0;48,0;0,0;;0,0;;;0,0;;;;;0,0;;;;;No;No;No;No;No;No;No;No;No;No
1580,0;Gabriel Martinelli;br BRA;FW,MF;Arsenal;eng Premier League;24,0;2001,0;25,0;9,0;854,0;9,5;1,0;3,0;4,0;1,0;0,0;0,0;2,0;0,0;0,42;25,0;10,0;40,0;2,63;1,05;0,04;0,1;30,0;7,0;0,0;13,0;0,0;7,0;0,0;;0,0;;;0,0;;;;;0,0;;;;;No;No;No;No;No;No;No;No;No;No
1581,0;Arnau Martinez;es ESP;DF,MF;Girona;es La Liga;22,0;2003,0;25,0;23,0;1862,0;20,7;1,0;1,0;2,0;1,0;0,0;0,0;6,0;0,0;0,1;11,0;1,0;9,1;0,53;0,05;0,09;1,0;28,0;30,0;29,0;21,0;0,0;18,0;0,0;;0,0;;;0,0;;;;;0,0;;;;;No;No;No;No;No;No;No;No;No;No
1582,0;Emiliano Martínez;ar ARG;GK;Aston Villa;eng Premier League;33,0;1992,0;26,0;26,0;2295,0;25,5;0,0;0,0;0,0;0,0;0,0;0,0;2,0;0,0;0,0;0,0;0,0;0,0;0,0;0,0;0,0;0,0;0,0;0,0;0,0;15,0;0,0;0,0;0,0;29,0;1,14;103,0;75,0;71,8;13,0;5,0;8,0;7,0;26,9;1,0;0,0;1,0;0,0;No;No;No;No;No;No;No;No;No;No
1583,0;Joaquín Martínez Gauna;es ESP;MF,DF;Sevilla;es La Liga;22,0;2003,0;11,0;7,0;779,0;8,7;1,0;3,0;4,0;1,0;0,0;0,0;1,0;0,0;0,46;9,0;4,0;44,4;1,04;0,46;0,11;0,25;52,0;12,0;3,0;9,0;0,0;6,0;0,0;;0,0;;;0,0;;;;;0,0;;;;;No;No;No;No;No;No;No;No;No;No
1584,0;Josep Martinez;es ESP;GK;Inter;it Serie A;27,0;1998,0;2,0;2,0;180,0;2,0;0,0;0,0;0,0;0,0;0,0;0,0;0,0;0,0;0,0;0,0;0,0;0,0;0,0;0,0;0,0;0,0;0,0;0,0;0,0;0,0;0,0;0,0;0,0;1,0;0,5;5,0;4,0;80,0;2,0;0,0;0,0;1,0;50,0;0,0;0,0;0,0;0,0;No;No;No;No;No;No;No;No;No;No
1585,0;Lautaro Martínez;ar ARG;FW;Inter;it Serie A;28,0;1997,0;25,0;23,0;1888,0;21,0;14,0;4,0;18,0;14,0;0,0;0,0;3,0;0,0;0,86;83,0;32,0;38,6;3,96;1,53;0,17;0,44;16,0;10,0;4,0;39,0;0,0;41,0;0,0;;0,0;;;0,0;;;;;0,0;;;;;No;No;No;No;No;No;No;No;No;No
1586,0;Lisandro Martínez;ar ARG;DF;Manchester Utd;eng Premier League;28,0;1998,0;14,0;9,0;908,0;10,1;0,0;0,0;0,0;0,0;0,0;0,0;0,0;0,0;0,0;4,0;0,0;0,0;0,4;0,0;0,0;0,0;2,0;7,0;10,0;2,0;0,0;8,0;1,0;;0,0;;;0,0;;;;;0,0;;;;;No;No;No;No;No;No;No;No;No;No
1587,0;Pablo Martínez;es ESP;MF;Levante;es La Liga;28,0;1998,0;17,0;13,0;1172,0;13,0;1,0;2,0;3,0;1,0;0,0;0,0;2,0;0,0;0,23;23,0;4,0;17,4;1,77;0,31;0,04;0,25;41,0;7,0;16,0;8,0;0,0;19,0;0,0;;0,0;;;0,0;;;;;0,0;;;;;No;No;No;No;No;No;No;No;No;No
1588,0;Ramón Martínez;es ESP;DF;Sevilla;es La Liga;23,0;2002,0;2,0;0,0;102,0;1,1;0,0;0,0;0,0;0,0;0,0;0,0;0,0;0,0;0,0;0,0;0,0;0,0;0,0;0,0;0,0;0,0;0,0;0,0;1,0;1,0;0,0;1,0;0,0;;0,0;;;0,0;;;;;0,0;;;;;No;No;No;No;No;No;No;No;No;No
1589,0;Toni Martínez;es ESP;FW;Alavés;es La Liga;28,0;1997,0;27,0;22,0;1858,0;20,6;5,0;2,0;7,0;5,0;0,0;0,0;1,0;0,0;0,34;59,0;19,0;32,2;2,86;0,92;0,08;0,26;11,0;12,0;4,0;27,0;0,0;31,0;0,0;;0,0;;;0,0;;;;;0,0;;;;;No;No;No;No;No;No;No;No;No;No
1590,0;Adam Marušić;me MNE;DF;Lazio;it Serie A;33,0;1992,0;27,0;26,0;2298,0;25,5;1,0;2,0;3,0;1,0;0,0;0,0;1,0;1,0;0,12;13,0;6,0;46,2;0,51;0,23;0,08;0,17;27,0;16,0;25,0;14,0;0,0;19,0;0,0;;0,0;;;0,0;;;;;0,0;;;;;No;No;No;No;No;No;No;No;No;No
1591,0;Omar Mascarell;gq EQG;MF;Mallorca;es La Liga;33,0;1993,0;21,0;17,0;1482,0;16,5;1,0;2,0;3,0;1,0;0,0;0,0;4,0;0,0;0,18;2,0;2,0;100,0;0,12;0,12;0,5;0,5;5,0;20,0;26,0;8,0;0,0;23,0;0,0;;0,0;;;0,0;;;;;0,0;;;;;No;No;No;No;No;No;No;No;No;No
1592,0;Adam Masina;ma MAR;DF;Torino;it Serie A;32,0;1994,0;5,0;2,0;235,0;2,6;0,0;1,0;1,0;0,0;0,0;0,0;0,0;0,0;0,38;0,0;0,0;0,0;0,0;0,0;0,0;0,0;0,0;4,0;5,0;2,0;0,0;6,0;0,0;;0,0;;;0,0;;;;;0,0;;;;;No;No;No;No;No;No;No;No;No;No
1593,0;Patrizio Masini;it ITA;MF;Genoa;it Serie A;25,0;2001,0;22,0;11,0;1166,0;13,0;0,0;1,0;1,0;0,0;0,0;0,0;5,0;0,0;0,08;13,0;3,0;23,1;1,0;0,23;0,0;0,0;12,0;34,0;23,0;36,0;0,0;32,0;0,0;;0,0;;;0,0;;;;;0,0;;;;;No;No;No;No;No;No;No;No;No;No
1594,0;Han-Noah Massengo;fr FRA;MF;Augsburg;de Bundesliga;24,0;2001,0;26,0;25,0;2090,0;23,2;2,0;1,0;3,0;2,0;0,0;0,0;2,0;0,0;0,13;16,0;5,0;31,3;0,69;0,22;0,13;0,4;15,0;16,0;33,0;22,0;0,0;20,0;0,0;;0,0;;;0,0;;;;;0,0;;;;;No;No;No;No;No;No;No;No;No;No
1595,0;Franco Mastantuono;ar ARG;MF,FW;Real Madrid;es La Liga;18,0;2007,0;16,0;9,0;769,0;8,5;1,0;0,0;1,0;1,0;0,0;0,0;4,0;1,0;0,12;23,0;5,0;21,7;2,69;0,59;0,04;0,2;27,0;12,0;2,0;21,0;0,0;16,0;0,0;;0,0;;;0,0;;;;;0,0;;;;;No;No;No;No;No;No;No;No;No;No
1596,0;Arthur Masuaku;cd COD;DF;Sunderland;eng Premier League;32,0;1993,0;3,0;2,0;126,0;1,4;0,0;0,0;0,0;0,0;0,0;0,0;1,0;0,0;0,0;1,0;0,0;0,0;0,71;0,0;0,0;0,0;8,0;2,0;2,0;0,0;0,0;3,0;0,0;;0,0;;;0,0;;;;;0,0;;;;;No;No;No;No;No;No;No;No;No;No
1597,0;Arthur Masuaku;cd COD;DF,MF;Lens;fr Ligue 1;32,0;1993,0;1,0;0,0;1,0;0,0;0,0;0,0;0,0;0,0;0,0;0,0;0,0;0,0;0,0;0,0;0,0;0,0;0,0;0,0;0,0;0,0;0,0;1,0;0,0;1,0;0,0;0,0;0,0;;0,0;;;0,0;;;;;0,0;;;;;No;No;No;No;No;No;No;No;No;No
1598,0;Clinton Mata;ao ANG;DF;Lyon;fr Ligue 1;33,0;1992,0;24,0;24,0;2113,0;23,5;0,0;0,0;0,0;0,0;0,0;0,0;5,0;0,0;0,0;3,0;0,0;0,0;0,13;0,0;0,0;0,0;7,0;18,0;15,0;31,0;0,0;27,0;1,0;;0,0;;;0,0;;;;;0,0;;;;;No;No;No;No;No;No;No;No;No;No
1599,0;Igor Matanovic;hr CRO;FW;Freiburg;de Bundesliga;22,0;2003,0;23,0;8,0;1042,0;11,6;6,0;1,0;7,0;5,0;1,0;2,0;0,0;0,0;0,52;37,0;13,0;35,1;3,2;1,12;0,14;0,38;0,0;8,0;8,0;20,0;0,0;33,0;0,0;;0,0;;;0,0;;;;;0,0;;;;;No;No;No;No;No;No;No;No;No;No
1600,0;Pape Matar Sarr;sn SEN;MF;Tottenham Hotspur;eng Premier League;23,0;2002,0;21,0;12,0;1237,0;13,7;2,0;3,0;5,0;2,0;0,0;0,0;2,0;0,0;0,36;13,0;6,0;46,2;0,95;0,44;0,15;0,33;7,0;19,0;13,0;13,0;0,0;24,0;0,0;;0,0;;;0,0;;;;;0,0;;;;;No;No;No;No;No;No;No;No;No;No
1601,0;Jean-Philippe Mateta;fr FRA;FW;Crystal Palace;eng Premier League;28,0;1997,0;24,0;23,0;1935,0;21,5;8,0;0,0;8,0;5,0;3,0;3,0;2,0;0,0;0,23;55,0;26,0;47,3;2,56;1,21;0,09;0,19;8,0;3,0;5,0;15,0;0,0;17,0;0,0;;0,0;;;0,0;;;;;0,0;;;;;No;No;No;No;No;No;No;No;No;No
1602,0;Nemanja Matić;rs SRB;MF;Sassuolo;it Serie A;37,0;1988,0;26,0;25,0;2183,0;24,3;1,0;1,0;2,0;1,0;0,0;0,0;6,0;1,0;0,08;10,0;4,0;40,0;0,41;0,16;0,1;0,25;10,0;26,0;18,0;36,0;0,0;21,0;0,0;;0,0;;;0,0;;;;;0,0;;;;;No;No;No;No;No;No;No;No;No;No
1603,0;Rudy Matondo;fr FRA;MF;Paris FC;fr Ligue 1;18,0;2008,0;4,0;3,0;286,0;3,2;0,0;0,0;0,0;0,0;0,0;0,0;1,0;0,0;0,0;2,0;1,0;50,0;0,63;0,31;0,0;0,0;7,0;6,0;2,0;3,0;0,0;8,0;0,0;;0,0;;;0,0;;;;;0,0;;;;;No;No;No;No;No;No;No;No;No;No
1604,0;Rudy Matondo;fr FRA;MF;Auxerre;fr Ligue 1;18,0;2008,0;16,0;6,0;614,0;6,8;0,0;0,0;0,0;0,0;0,0;0,0;3,0;0,0;0,0;4,0;0,0;0,0;0,59;0,0;0,0;0,0;5,0;7,0;7,0;9,0;0,0;12,0;0,0;;0,0;;;0,0;;;;;0,0;;;;;No;No;No;No;No;No;No;No;No;No
1605,0;Chrislain Matsima;fr FRA;DF;Augsburg;de Bundesliga;23,0;2002,0;14,0;14,0;1260,0;14,0;1,0;1,0;2,0;1,0;0,0;0,0;5,0;0,0;0,14;6,0;1,0;16,7;0,43;0,07;0,17;1,0;4,0;9,0;29,0;4,0;0,0;8,0;0,0;;0,0;;;0,0;;;;;0,0;;;;;No;No;No;No;No;No;No;No;No;No
1606,0;Jean Mattéo Bahoya;fr FRA;MF,FW;Eintracht Frankfurt;de Bundesliga;20,0;2005,0;23,0;13,0;1194,0;13,3;3,0;3,0;6,0;3,0;0,0;0,0;1,0;0,0;0,45;25,0;8,0;32,0;1,88;0,6;0,12;0,38;30,0;11,0;11,0;20,0;0,0;12,0;0,0;;0,0;;;0,0;;;;;0,0;;;;;No;No;No;No;No;No;No;No;No;No
1607,0;Alan Matturro;uy URU;DF;Levante;es La Liga;21,0;2004,0;14,0;8,0;703,0;7,8;1,0;0,0;1,0;1,0;0,0;0,0;0,0;1,0;0,13;5,0;1,0;20,0;0,64;0,13;0,2;1,0;0,0;12,0;6,0;6,0;0,0;7,0;0,0;;0,0;;;0,0;;;;;0,0;;;;;No;No;No;No;No;No;No;No;No;No
1608,0;Neal Maupay;fr FRA;FW,MF;Marseille;fr Ligue 1;29,0;1996,0;1,0;0,0;2,0;0,0;0,0;0,0;0,0;0,0;0,0;0,0;0,0;0,0;0,0;0,0;0,0;0,0;0,0;0,0;0,0;0,0;0,0;0,0;0,0;0,0;0,0;0,0;0,0;;0,0;;;0,0;;;;;0,0;;;;;No;No;No;No;No;No;No;No;No;No
1609,0;Neal Maupay;fr FRA;FW;Sevilla;es La Liga;29,0;1996,0;5,0;4,0;361,0;4,0;1,0;0,0;1,0;1,0;0,0;0,0;0,0;0,0;0,25;4,0;1,0;25,0;1,0;0,25;0,25;1,0;1,0;0,0;0,0;6,0;0,0;5,0;0,0;;0,0;;;0,0;;;;;0,0;;;;;No;No;No;No;No;No;No;No;No;No
1610,0;Konstantinos Mavropanos;gr GRE;DF;West Ham United;eng Premier League;28,0;1997,0;23,0;19,0;1814,0;20,2;1,0;0,0;1,0;1,0;0,0;0,0;2,0;0,0;0,05;16,0;4,0;25,0;0,79;0,2;0,06;0,25;2,0;18,0;33,0;8,0;0,0;9,0;1,0;;0,0;;;0,0;;;;;0,0;;;;;No;No;No;No;No;No;No;No;No;No
1611,0;Christian Mawissa;fr FRA;DF;Monaco;fr Ligue 1;20,0;2005,0;10,0;7,0;622,0;6,9;0,0;0,0;0,0;0,0;0,0;0,0;1,0;0,0;0,0;0,0;0,0;0,0;0,0;0,0;0,0;0,0;1,0;14,0;10,0;7,0;0,0;4,0;0,0;;0,0;;;0,0;;;;;0,0;;;;;No;No;No;No;No;No;No;No;No;No
1612,0;Eliezer Mayenda;es ESP;FW,MF;Sunderland;eng Premier League;20,0;2005,0;18,0;8,0;757,0;8,4;2,0;0,0;2,0;2,0;0,0;0,0;0,0;0,0;0,24;13,0;6,0;46,2;1,55;0,71;0,15;0,33;1,0;3,0;1,0;11,0;0,0;6,0;0,0;;0,0;;;0,0;;;;;0,0;;;;;No;No;No;No;No;No;No;No;No;No
1613,0;Ezra Mayers;bb BRB;DF;West Ham United;eng Premier League;19,0;2007,0;6,0;0,0;117,0;1,3;0,0;0,0;0,0;0,0;0,0;0,0;0,0;0,0;0,0;1,0;0,0;0,0;0,77;0,0;0,0;0,0;3,0;0,0;1,0;0,0;0,0;0,0;0,0;;0,0;;;0,0;;;;;0,0;;;;;No;No;No;No;No;No;No;No;No;No
1614,0;Borja Mayoral;es ESP;FW;Getafe;es La Liga;28,0;1997,0;14,0;12,0;1041,0;11,6;4,0;1,0;5,0;4,0;0,0;1,0;0,0;0,0;0,43;14,0;7,0;50,0;1,21;0,61;0,29;0,57;6,0;5,0;4,0;7,0;0,0;6,0;0,0;;0,0;;;0,0;;;;;0,0;;;;;No;No;No;No;No;No;No;No;No;No
1615,0;Senny Mayulu;fr FRA;MF,FW;Paris Saint-Germain;fr Ligue 1;19,0;2006,0;18,0;15,0;1167,0;13,0;3,0;4,0;7,0;3,0;0,0;0,0;1,0;0,0;0,54;23,0;7,0;30,4;1,77;0,54;0,13;0,43;18,0;21,0;6,0;16,0;0,0;18,0;0,0;;0,0;;;0,0;;;;;0,0;;;;;No;No;No;No;No;No;No;No;No;No
1616,0;Ibrahim Maza;dz ALG;MF;Leverkusen;de Bundesliga;20,0;2005,0;20,0;12,0;1166,0;13,0;2,0;3,0;5,0;2,0;0,0;0,0;1,0;0,0;0,39;34,0;10,0;29,4;2,62;0,77;0,06;0,2;45,0;16,0;14,0;26,0;0,0;12,0;0,0;;0,0;;;0,0;;;;;0,0;;;;;No;No;No;No;No;No;No;No;No;No
1617,0;Noussair Mazraoui;ma MAR;MF,DF;Manchester Utd;eng Premier League;28,0;1997,0;15,0;7,0;618,0;6,9;0,0;0,0;0,0;0,0;0,0;0,0;3,0;0,0;0,0;4,0;0,0;0,0;0,58;0,0;0,0;0,0;12,0;8,0;6,0;9,0;0,0;8,0;0,0;;0,0;;;0,0;;;;;0,0;;;;;No;No;No;No;No;No;No;No;No;No
1618,0;Luca Mazzitelli;it ITA;MF;Cagliari;it Serie A;30,0;1995,0;17,0;8,0;737,0;8,2;2,0;2,0;4,0;2,0;0,0;0,0;3,0;0,0;0,49;15,0;5,0;33,3;1,83;0,61;0,13;0,4;9,0;10,0;10,0;11,0;0,0;22,0;0,0;;0,0;;;0,0;;;;;0,0;;;;;No;No;No;No;No;No;No;No;No;No
1619,0;Pasquale Mazzocchi;it ITA;MF;Napoli;it Serie A;30,0;1995,0;11,0;2,0;235,0;2,6;0,0;0,0;0,0;0,0;0,0;0,0;0,0;1,0;0,0;2,0;1,0;50,0;0,77;0,38;0,0;0,0;9,0;1,0;2,0;0,0;0,0;1,0;0,0;;0,0;;;0,0;;;;;0,0;;;;;No;No;No;No;No;No;No;No;No;No
1620,0;Nathan Mbala;;FW;Metz;fr Ligue 1;18,0;2008,0;6,0;1,0;138,0;1,5;2,0;0,0;2,0;2,0;0,0;0,0;0,0;0,0;1,3;8,0;3,0;37,5;5,22;1,96;0,25;0,67;23,0;1,0;0,0;1,0;0,0;1,0;0,0;;0,0;;;0,0;;;;;0,0;;;;;No;No;No;No;No;No;No;No;No;No
1621,0;Samuel Mbangula;be BEL;MF,FW;Werder Bremen;de Bundesliga;22,0;2004,0;20,0;11,0;987,0;11,0;3,0;2,0;5,0;3,0;0,0;0,0;0,0;0,0;0,46;15,0;7,0;46,7;1,37;0,64;0,2;0,43;20,0;10,0;3,0;22,0;0,0;3,0;0,0;;0,0;;;0,0;;;;;0,0;;;;;No;No;No;No;No;No;No;No;No;No
1622,0;Ethan Mbappé;fr FRA;MF,FW;Lille;fr Ligue 1;19,0;2006,0;11,0;4,0;389,0;4,3;3,0;1,0;4,0;3,0;0,0;0,0;0,0;0,0;0,93;13,0;6,0;46,2;3,01;1,39;0,23;0,5;17,0;5,0;0,0;5,0;0,0;3,0;0,0;;0,0;;;0,0;;;;;0,0;;;;;No;No;No;No;No;No;No;No;No;No
1623,0;Kylian Mbappé;fr FRA;FW;Real Madrid;es La Liga;27,0;1998,0;23,0;23,0;2020,0;22,4;23,0;4,0;27,0;15,0;8,0;9,0;3,0;0,0;0,85;111,0;51,0;45,9;4,95;2,27;0,14;0,29;19,0;1,0;3,0;27,0;0,0;9,0;0,0;;0,0;;;0,0;;;;;0,0;;;;;No;No;No;No;No;No;No;No;No;No
1624,0;Ibrahim Mbaye;sn SEN;FW,MF;Paris Saint-Germain;fr Ligue 1;18,0;2008,0;18,0;9,0;828,0;9,2;1,0;2,0;3,0;1,0;0,0;0,0;0,0;0,0;0,33;18,0;7,0;38,9;1,96;0,76;0,06;0,14;14,0;6,0;4,0;12,0;0,0;9,0;0,0;;0,0;;;0,0;;;;;0,0;;;;;No;No;No;No;No;No;No;No;No;No
1625,0;Malick Mbaye;sn SEN;MF;Metz;fr Ligue 1;21,0;2004,0;5,0;3,0;300,0;3,3;0,0;0,0;0,0;0,0;0,0;0,0;1,0;0,0;0,0;2,0;1,0;50,0;0,6;0,3;0,0;0,0;8,0;8,0;3,0;3,0;0,0;2,0;0,0;;0,0;;;0,0;;;;;0,0;;;;;No;No;No;No;No;No;No;No;No;No
1626,0;Chancel Mbemba;cd COD;DF;Lille;fr Ligue 1;31,0;1994,0;11,0;8,0;863,0;9,6;0,0;0,0;0,0;0,0;0,0;0,0;2,0;0,0;0,0;5,0;3,0;60,0;0,52;0,31;0,0;0,0;0,0;8,0;11,0;6,0;0,0;9,0;1,0;;0,0;;;0,0;;;;;0,0;;;;;No;No;No;No;No;No;No;No;No;No
1627,0;Bryan Mbeumo;cm CMR;MF,FW;Manchester Utd;eng Premier League;26,0;1999,0;25,0;25,0;2117,0;23,5;9,0;3,0;12,0;9,0;0,0;0,0;4,0;0,0;0,51;59,0;30,0;50,8;2,51;1,28;0,15;0,3;88,0;9,0;6,0;25,0;0,0;20,0;0,0;;0,0;;;0,0;;;;;0,0;;;;;No;No;No;No;No;No;No;No;No;No
1628,0;Michel Mboula;ga GAB;DF,MF;Metz;fr Ligue 1;22,0;2003,0;10,0;7,0;577,0;6,4;0,0;0,0;0,0;0,0;0,0;0,0;1,0;0,0;0,0;2,0;1,0;50,0;0,31;0,16;0,0;0,0;6,0;6,0;11,0;9,0;0,0;7,0;1,0;;0,0;;;0,0;;;;;0,0;;;;;No;No;No;No;No;No;No;No;No;No
1629,0;Pathé Mboup;sn SEN;MF;Brest;fr Ligue 1;22,0;2003,0;21,0;8,0;877,0;9,7;1,0;0,0;1,0;1,0;0,0;0,0;5,0;0,0;0,1;18,0;9,0;50,0;1,85;0,92;0,06;0,11;5,0;14,0;11,0;15,0;0,0;29,0;0,0;;0,0;;;0,0;;;;;0,0;;;;;No;No;No;No;No;No;No;No;No;No
1630,0;Moustapha Mbow;sn SEN;DF;Paris FC;fr Ligue 1;26,0;2000,0;25,0;24,0;2177,0;24,2;0,0;1,0;1,0;0,0;0,0;0,0;3,0;0,0;0,04;6,0;2,0;33,3;0,25;0,08;0,0;0,0;2,0;29,0;28,0;15,0;0,0;19,0;0,0;;0,0;;;0,0;;;;;0,0;;;;;No;No;No;No;No;No;No;No;No;No
1631,0;James Mcatee;eng ENG;MF;Nottingham Forest;eng Premier League;23,0;2002,0;9,0;1,0;179,0;2,0;0,0;0,0;0,0;0,0;0,0;0,0;1,0;0,0;0,0;1,0;0,0;0,0;0,5;0,0;0,0;0,0;8,0;3,0;1,0;3,0;0,0;4,0;0,0;;0,0;;;0,0;;;;;0,0;;;;;No;No;No;No;No;No;No;No;No;No
1632,0;John McGinn;sct SCO;MF;Aston Villa;eng Premier League;31,0;1994,0;23,0;22,0;1651,0;18,3;3,0;2,0;5,0;3,0;0,0;0,0;3,0;0,0;0,27;19,0;7,0;36,8;1,04;0,38;0,16;0,43;61,0;16,0;11,0;40,0;0,0;25,0;0,0;;0,0;;;0,0;;;;;0,0;;;;;No;No;No;No;No;No;No;No;No;No
1633,0;Weston McKennie;us USA;MF;Juventus;it Serie A;27,0;1998,0;28,0;24,0;2120,0;23,6;4,0;4,0;8,0;4,0;0,0;0,0;4,0;0,0;0,34;36,0;14,0;38,9;1,53;0,59;0,11;0,29;25,0;17,0;20,0;11,0;0,0;33,0;0,0;;0,0;;;0,0;;;;;0,0;;;;;No;No;No;No;No;No;No;No;No;No
1634,0;Mark McKenzie;us USA;DF;Toulouse;fr Ligue 1;27,0;1999,0;23,0;21,0;1907,0;21,2;0,0;2,0;2,0;0,0;0,0;0,0;6,0;0,0;0,09;6,0;1,0;16,7;0,28;0,05;0,0;0,0;2,0;25,0;19,0;10,0;0,0;26,0;0,0;;0,0;;;0,0;;;;;0,0;;;;;No;No;No;No;No;No;No;No;No;No
1635,0;Dwight McNeil;eng ENG;MF,FW;Everton;eng Premier League;26,0;1999,0;17,0;10,0;872,0;9,7;0,0;1,0;1,0;0,0;0,0;0,0;1,0;0,0;0,1;17,0;5,0;29,4;1,75;0,52;0,0;0,0;29,0;12,0;6,0;6,0;0,0;10,0;0,0;;0,0;;;0,0;;;;;0,0;;;;;No;No;No;No;No;No;No;No;No;No
1636,0;Scott McTominay;sct SCO;MF;Napoli;it Serie A;29,0;1996,0;24,0;22,0;1981,0;22,0;6,0;3,0;9,0;6,0;0,0;0,0;1,0;0,0;0,41;65,0;25,0;38,5;2,95;1,14;0,09;0,24;7,0;11,0;19,0;51,0;0,0;16,0;0,0;;0,0;;;0,0;;;;;0,0;;;;;No;No;No;No;No;No;No;No;No;No
1637,0;Facundo Medina;ar ARG;DF;Marseille;fr Ligue 1;26,0;1999,0;10,0;9,0;735,0;8,2;0,0;0,0;0,0;0,0;0,0;0,0;3,0;0,0;0,0;2,0;0,0;0,0;0,24;0,0;0,0;0,0;2,0;9,0;11,0;7,0;0,0;13,0;1,0;;0,0;;;0,0;;;;;0,0;;;;;No;No;No;No;No;No;No;No;No;No
1638,0;Jonas Meffert;de GER;MF;Hamburger SV;de Bundesliga;31,0;1994,0;4,0;1,0;145,0;1,6;0,0;0,0;0,0;0,0;0,0;0,0;0,0;0,0;0,0;0,0;0,0;0,0;0,0;0,0;0,0;0,0;0,0;3,0;1,0;0,0;0,0;1,0;0,0;;0,0;;;0,0;;;;;0,0;;;;;No;No;No;No;No;No;No;No;No;No
1639,0;Henrik Meister;dk DEN;FW;Pisa;it Serie A;22,0;2003,0;21,0;14,0;1275,0;14,2;2,0;0,0;2,0;2,0;0,0;0,0;1,0;0,0;0,14;18,0;7,0;38,9;1,27;0,49;0,11;0,29;0,0;1,0;0,0;14,0;0,0;22,0;0,0;;0,0;;;0,0;;;;;0,0;;;;;No;No;No;No;No;No;No;No;No;No
1640,0;Bamo Meïté;ci CIV;DF;Lorient;fr Ligue 1;24,0;2001,0;20,0;18,0;1601,0;17,8;0,0;3,0;3,0;0,0;0,0;0,0;4,0;0,0;0,17;6,0;1,0;16,7;0,34;0,06;0,0;0,0;10,0;12,0;12,0;19,0;0,0;24,0;0,0;;0,0;;;0,0;;;;;0,0;;;;;No;No;No;No;No;No;No;No;No;No
1641,0;Kader Meïté;fr FRA;FW;Rennes;fr Ligue 1;18,0;2007,0;17,0;6,0;535,0;5,9;3,0;2,0;5,0;3,0;0,0;0,0;0,0;0,0;0,84;22,0;7,0;31,8;3,7;1,18;0,14;0,43;3,0;2,0;1,0;4,0;0,0;12,0;0,0;;0,0;;;0,0;;;;;0,0;;;;;No;No;No;No;No;No;No;No;No;No
1642,0;Hannibal Mejbri;tn TUN;MF;Burnley;eng Premier League;23,0;2003,0;22,0;11,0;973,0;10,8;1,0;3,0;4,0;1,0;0,0;0,0;7,0;0,0;0,37;14,0;4,0;28,6;1,29;0,37;0,07;0,25;24,0;13,0;7,0;36,0;0,0;17,0;0,0;;0,0;;;0,0;;;;;0,0;;;;;No;No;No;No;No;No;No;No;No;No
1643,0;Cléo Melieres;fr FRA;FW;Metz;fr Ligue 1;20,0;2005,0;2,0;0,0;31,0;0,3;0,0;0,0;0,0;0,0;0,0;0,0;1,0;0,0;0,0;0,0;0,0;0,0;0,0;0,0;0,0;0,0;3,0;0,0;0,0;0,0;0,0;1,0;0,0;;0,0;;;0,0;;;;;0,0;;;;;No;No;No;No;No;No;No;No;No;No
1644,0;Nuno Mendes;pt POR;DF;Paris Saint-Germain;fr Ligue 1;23,0;2002,0;17,0;12,0;1139,0;12,7;3,0;3,0;6,0;3,0;0,0;0,0;1,0;0,0;0,47;28,0;13,0;46,4;2,21;1,03;0,11;0,23;42,0;20,0;13,0;22,0;0,0;11,0;0,0;;0,0;;;0,0;;;;;0,0;;;;;No;No;No;No;No;No;No;No;No;No
1645,0;Brais Méndez;es ESP;MF,FW;Real Sociedad;es La Liga;29,0;1997,0;24,0;17,0;1402,0;15,6;5,0;2,0;7,0;4,0;1,0;1,0;4,0;1,0;0,39;27,0;14,0;51,9;1,73;0,9;0,15;0,29;51,0;13,0;6,0;25,0;0,0;38,0;0,0;;0,0;;;0,0;;;;;0,0;;;;;No;No;No;No;No;No;No;No;No;No
1646,0;Rodrigo Mendoza;es ESP;MF,FW;Elche;es La Liga;21,0;2005,0;16,0;6,0;794,0;8,8;1,0;0,0;1,0;1,0;0,0;0,0;4,0;0,0;0,11;11,0;2,0;18,2;1,25;0,23;0,09;0,5;17,0;9,0;5,0;16,0;0,0;19,0;0,0;;0,0;;;0,0;;;;;0,0;;;;;No;No;No;No;No;No;No;No;No;No
1647,0;Rodrigo Mendoza;es ESP;MF;Atlético Madrid;es La Liga;21,0;2005,0;4,0;4,0;214,0;2,4;0,0;0,0;0,0;0,0;0,0;0,0;1,0;0,0;0,0;3,0;0,0;0,0;1,26;0,0;0,0;0,0;2,0;3,0;0,0;4,0;0,0;3,0;0,0;;0,0;;;0,0;;;;;0,0;;;;;No;No;No;No;No;No;No;No;No;No
1648,0;Antoine Mendy;sn SEN;DF;Nice;fr Ligue 1;21,0;2004,0;17,0;16,0;1377,0;15,3;0,0;0,0;0,0;0,0;0,0;0,0;5,0;0,0;0,0;12,0;5,0;41,7;0,78;0,33;0,0;0,0;13,0;25,0;7,0;19,0;0,0;22,0;0,0;;0,0;;;0,0;;;;;0,0;;;;;No;No;No;No;No;No;No;No;No;No
1649,0;Batista Mendy;fr FRA;MF;Sevilla;es La Liga;26,0;2000,0;22,0;18,0;1471,0;16,3;1,0;0,0;1,0;1,0;0,0;0,0;6,0;0,0;0,06;14,0;4,0;28,6;0,86;0,24;0,07;0,25;5,0;20,0;15,0;26,0;0,0;33,0;0,0;;0,0;;;0,0;;;;;0,0;;;;;No;No;No;No;No;No;No;No;No;No
1650,0;Ferland Mendy;fr FRA;DF;Real Madrid;es La Liga;30,0;1995,0;2,0;1,0;92,0;1,0;0,0;0,0;0,0;0,0;0,0;0,0;0,0;0,0;0,0;0,0;0,0;0,0;0,0;0,0;0,0;0,0;0,0;1,0;1,0;1,0;0,0;0,0;0,0;;0,0;;;0,0;;;;;0,0;;;;;No;No;No;No;No;No;No;No;No;No
1651,0;Formose Mendy;sn SEN;DF;Lorient;fr Ligue 1;25,0;2001,0;2,0;2,0;135,0;1,5;0,0;0,0;0,0;0,0;0,0;0,0;1,0;0,0;0,0;0,0;0,0;0,0;0,0;0,0;0,0;0,0;1,0;1,0;3,0;3,0;0,0;2,0;0,0;;0,0;;;0,0;;;;;0,0;;;;;No;No;No;No;No;No;No;No;No;No
1652,0;Nobel Mendy;fr FRA;DF;Rayo Vallecano;es La Liga;21,0;2004,0;18,0;17,0;1416,0;15,7;2,0;0,0;2,0;2,0;0,0;0,0;6,0;2,0;0,13;11,0;3,0;27,3;0,7;0,19;0,18;0,67;6,0;8,0;19,0;9,0;1,0;24,0;0,0;;0,0;;;0,0;;;;;0,0;;;;;No;No;No;No;No;No;No;No;No;No
1653,0;Gideon Mensah;gh GHA;DF,MF;Auxerre;fr Ligue 1;27,0;1998,0;22,0;18,0;1627,0;18,1;0,0;0,0;0,0;0,0;0,0;0,0;6,0;0,0;0,0;1,0;0,0;0,0;0,06;0,0;0,0;0,0;48,0;24,0;18,0;26,0;0,0;27,0;0,0;;0,0;;;0,0;;;;;0,0;;;;;No;No;No;No;No;No;No;No;No;No
1654,0;Khalis Merah;fr FRA;MF,FW;Lyon;fr Ligue 1;19,0;2007,0;16,0;10,0;755,0;8,4;0,0;1,0;1,0;0,0;0,0;0,0;2,0;0,0;0,12;4,0;3,0;75,0;0,48;0,36;0,0;0,0;6,0;3,0;4,0;12,0;0,0;10,0;0,0;;0,0;;;0,0;;;;;0,0;;;;;No;No;No;No;No;No;No;No;No;No
1655,0;Alex Meret;it ITA;GK;Napoli;it Serie A;28,0;1997,0;9,0;9,0;810,0;9,0;0,0;1,0;1,0;0,0;0,0;0,0;1,0;0,0;0,11;0,0;0,0;0,0;0,0;0,0;0,0;0,0;0,0;0,0;0,0;1,0;0,0;1,0;0,0;12,0;1,33;27,0;17,0;63,0;7,0;0,0;2,0;2,0;22,2;2,0;2,0;0,0;0,0;No;No;No;No;No;No;No;No;No;No
1656,0;Mikel Merino;es ESP;MF,FW;Arsenal;eng Premier League;29,0;1996,0;21,0;10,0;1007,0;11,2;4,0;3,0;7,0;4,0;0,0;0,0;1,0;0,0;0,63;21,0;8,0;38,1;1,88;0,71;0,19;0,5;4,0;13,0;9,0;20,0;0,0;21,0;0,0;;0,0;;;0,0;;;;;0,0;;;;;No;Sí;Sí;Sí;Sí;Sí;Sí;Sí;No;Sí
1657,0;Quentin Merlin;fr FRA;MF,DF;Rennes;fr Ligue 1;23,0;2002,0;25,0;19,0;1813,0;20,1;1,0;3,0;4,0;1,0;0,0;0,0;1,0;0,0;0,2;21,0;6,0;28,6;1,04;0,3;0,05;0,17;121,0;24,0;21,0;25,0;0,0;13,0;0,0;;0,0;;;0,0;;;;;0,0;;;;;No;No;No;No;No;No;No;No;No;No
1658,0;Rafik Messali;fr FRA;MF;Toulouse;fr Ligue 1;22,0;2003,0;12,0;5,0;502,0;5,6;0,0;0,0;0,0;0,0;0,0;0,0;2,0;0,0;0,0;0,0;0,0;0,0;0,0;0,0;0,0;0,0;9,0;6,0;12,0;9,0;0,0;11,0;0,0;;0,0;;;0,0;;;;;0,0;;;;;No;No;No;No;No;No;No;No;No;No
1659,0;Junior Messias;br BRA;MF;Genoa;it Serie A;34,0;1991,0;14,0;3,0;477,0;5,3;3,0;0,0;3,0;2,0;1,0;1,0;0,0;0,0;0,38;15,0;6,0;40,0;2,83;1,13;0,13;0,33;13,0;6,0;3,0;16,0;0,0;6,0;0,0;;0,0;;;0,0;;;;;0,0;;;;;No;No;No;No;No;No;No;No;No;No
1660,0;Alejandro Mestanza;es ESP;MF;Getafe;es La Liga;21,0;2004,0;3,0;1,0;71,0;0,8;0,0;0,0;0,0;0,0;0,0;0,0;0,0;0,0;0,0;1,0;0,0;0,0;1,27;0,0;0,0;0,0;4,0;1,0;0,0;2,0;0,0;1,0;0,0;;0,0;;;0,0;;;;;0,0;;;;;No;No;No;No;No;No;No;No;No;No
1661,0;Connor Metcalfe;au AUS;FW;St Pauli;de Bundesliga;26,0;1999,0;17,0;1,0;303,0;3,4;0,0;1,0;1,0;0,0;0,0;0,0;1,0;0,0;0,3;11,0;2,0;18,2;3,27;0,59;0,0;0,0;10,0;6,0;4,0;2,0;0,0;7,0;0,0;;0,0;;;0,0;;;;;0,0;;;;;No;No;No;No;No;No;No;No;No;No
1662,0;Dayann Methalie;fr FRA;MF;Toulouse;fr Ligue 1;20,0;2006,0;21,0;17,0;1464,0;16,3;0,0;0,0;0,0;0,0;0,0;0,0;6,0;0,0;0,0;11,0;5,0;45,5;0,68;0,31;0,0;0,0;33,0;24,0;17,0;8,0;0,0;42,0;0,0;;0,0;;;0,0;;;;;0,0;;;;;No;No;No;No;No;No;No;No;No;No
1663,0;Karol Mets;ee EST;DF;St Pauli;de Bundesliga;32,0;1993,0;18,0;17,0;1482,0;16,5;0,0;0,0;0,0;0,0;0,0;0,0;2,0;0,0;0,0;3,0;0,0;0,0;0,18;0,0;0,0;0,0;5,0;20,0;18,0;9,0;0,0;9,0;0,0;;0,0;;;0,0;;;;;0,0;;;;;No;No;No;No;No;No;No;No;No;No
1664,0;Thomas Meunier;be BEL;DF;Lille;fr Ligue 1;34,0;1991,0;18,0;14,0;1294,0;14,4;0,0;1,0;1,0;0,0;0,0;0,0;2,0;0,0;0,07;13,0;2,0;15,4;0,9;0,14;0,0;0,0;32,0;12,0;13,0;2,0;0,0;19,0;0,0;;0,0;;;0,0;;;;;0,0;;;;;No;No;No;No;No;No;No;No;No;No
1665,0;Lucas Michal;fr FRA;MF;Metz;fr Ligue 1;20,0;2005,0;5,0;2,0;172,0;1,9;0,0;0,0;0,0;0,0;0,0;0,0;1,0;0,0;0,0;3,0;2,0;66,7;1,57;1,05;0,0;0,0;1,0;0,0;0,0;2,0;0,0;3,0;0,0;;0,0;;;0,0;;;;;0,0;;;;;No;No;No;No;No;No;No;No;No;No
1666,0;Lucas Michal;fr FRA;FW;Monaco;fr Ligue 1;20,0;2005,0;2,0;0,0;59,0;0,7;0,0;0,0;0,0;0,0;0,0;0,0;0,0;0,0;0,0;1,0;0,0;0,0;1,53;0,0;0,0;0,0;3,0;0,0;0,0;1,0;0,0;2,0;0,0;;0,0;;;0,0;;;;;0,0;;;;;No;No;No;No;No;No;No;No;No;No
1667,0;Georges Mikautadze;ge GEO;FW;Villarreal;es La Liga;25,0;2000,0;23,0;17,0;1529,0;17,0;8,0;4,0;12,0;8,0;0,0;0,0;1,0;0,0;0,71;43,0;22,0;51,2;2,53;1,29;0,19;0,36;10,0;2,0;4,0;36,0;0,0;10,0;0,0;;0,0;;;0,0;;;;;0,0;;;;;No;No;No;No;No;No;No;No;No;No
1668,0;Georges Mikautadze;ge GEO;FW;Lyon;fr Ligue 1;25,0;2000,0;2,0;2,0;179,0;2,0;1,0;0,0;1,0;1,0;0,0;0,0;0,0;0,0;0,5;10,0;4,0;40,0;5,03;2,01;0,1;0,25;0,0;0,0;1,0;1,0;0,0;0,0;0,0;;0,0;;;0,0;;;;;0,0;;;;;No;No;No;No;No;No;No;No;No;No
1669,0;Wisdom Mike;de GER;FW;Bayern Munich;de Bundesliga;17,0;2008,0;4,0;0,0;30,0;0,3;0,0;0,0;0,0;0,0;0,0;0,0;0,0;0,0;0,0;2,0;1,0;50,0;6,0;3,0;0,0;0,0;1,0;0,0;1,0;0,0;0,0;0,0;0,0;;0,0;;;0,0;;;;;0,0;;;;;No;No;No;No;No;No;No;No;No;No
1670,0;William Mikelbrencis;fr FRA;MF,DF;Hamburger SV;de Bundesliga;22,0;2004,0;20,0;10,0;937,0;10,4;0,0;3,0;3,0;0,0;0,0;0,0;2,0;0,0;0,29;10,0;5,0;50,0;0,96;0,48;0,0;0,0;38,0;15,0;4,0;4,0;0,0;14,0;0,0;;0,0;;;0,0;;;;;0,0;;;;;No;No;No;No;No;No;No;No;No;No
1671,0;Antoni Milambo;nl NED;MF;Brentford;eng Premier League;20,0;2005,0;1,0;1,0;45,0;0,5;0,0;0,0;0,0;0,0;0,0;0,0;0,0;0,0;0,0;0,0;0,0;0,0;0,0;0,0;0,0;0,0;0,0;1,0;0,0;0,0;0,0;0,0;0,0;;0,0;;;0,0;;;;;0,0;;;;;No;No;No;No;No;No;No;No;No;No
1672,0;Nikola Milenković;rs SRB;DF;Nottingham Forest;eng Premier League;28,0;1997,0;30,0;30,0;2700,0;30,0;0,0;0,0;0,0;0,0;0,0;0,0;6,0;0,0;0,0;15,0;1,0;6,7;0,5;0,03;0,0;0,0;2,0;14,0;26,0;18,0;0,0;13,0;1,0;;0,0;;;0,0;;;;;0,0;;;;;No;No;No;No;No;No;No;No;No;No
1673,0;Lewis Miley;eng ENG;MF,DF;Newcastle United;eng Premier League;19,0;2006,0;19,0;11,0;1136,0;12,6;1,0;3,0;4,0;1,0;0,0;0,0;0,0;0,0;0,32;12,0;4,0;33,3;0,95;0,32;0,08;0,25;33,0;15,0;17,0;4,0;0,0;4,0;0,0;;0,0;;;0,0;;;;;0,0;;;;;No;No;No;No;No;No;No;No;No;No
1674,0;Vanja Milinković-Savić;rs SRB;GK;Napoli;it Serie A;29,0;1997,0;20,0;20,0;1800,0;20,0;0,0;0,0;0,0;0,0;0,0;0,0;0,0;0,0;0,0;0,0;0,0;0,0;0,0;0,0;0,0;0,0;0,0;0,0;0,0;3,0;0,0;1,0;0,0;18,0;0,9;49,0;37,0;71,4;11,0;5,0;4,0;7,0;35,0;6,0;4,0;2,0;0,0;No;No;No;No;No;No;No;No;No;No
1675,0;Éder Militão;br BRA;DF;Real Madrid;es La Liga;28,0;1998,0;13,0;12,0;1000,0;11,1;1,0;1,0;2,0;1,0;0,0;0,0;2,0;0,0;0,18;17,0;8,0;47,1;1,53;0,72;0,06;0,13;0,0;14,0;9,0;11,0;0,0;13,0;0,0;;0,0;;;0,0;;;;;0,0;;;;;No;No;No;No;No;No;No;No;No;No
1676,0;Luis Milla;es ESP;MF;Getafe;es La Liga;31,0;1994,0;27,0;27,0;2383,0;26,5;0,0;8,0;8,0;0,0;0,0;0,0;3,0;1,0;0,3;19,0;2,0;10,5;0,72;0,08;0,0;0,0;154,0;21,0;26,0;40,0;0,0;22,0;0,0;;0,0;;;0,0;;;;;0,0;;;;;No;No;No;No;No;No;No;No;No;No
1677,0;Pere Milla;es ESP;MF,FW;Espanyol;es La Liga;33,0;1992,0;25,0;21,0;1604,0;17,8;6,0;0,0;6,0;6,0;0,0;0,0;4,0;1,0;0,34;51,0;18,0;35,3;2,86;1,01;0,12;0,33;29,0;17,0;13,0;29,0;0,0;19,0;0,0;;0,0;;;0,0;;;;;0,0;;;;;No;No;No;No;No;No;No;No;No;No
1678,0;Lennon Miller;sct SCO;MF;Udinese;it Serie A;19,0;2006,0;16,0;6,0;663,0;7,4;0,0;1,0;1,0;0,0;0,0;0,0;2,0;0,0;0,14;8,0;1,0;12,5;1,09;0,14;0,0;0,0;20,0;9,0;7,0;10,0;0,0;12,0;0,0;;0,0;;;0,0;;;;;0,0;;;;;No;No;No;No;No;No;No;No;No;No
1679,0;James Milner;eng ENG;MF;Brighton;eng Premier League;40,0;1986,0;18,0;5,0;651,0;7,2;1,0;1,0;2,0;0,0;1,0;1,0;2,0;0,0;0,14;6,0;2,0;33,3;0,83;0,28;0,0;0,0;14,0;9,0;4,0;3,0;0,0;10,0;0,0;;0,0;;;0,0;;;;;0,0;;;;;No;No;No;No;No;No;No;No;No;No
1680,0;Veljko Milosavljević;rs SRB;DF;Bournemouth;eng Premier League;18,0;2007,0;7,0;4,0;368,0;4,1;0,0;0,0;0,0;0,0;0,0;0,0;0,0;0,0;0,0;1,0;0,0;0,0;0,24;0,0;0,0;0,0;0,0;4,0;4,0;0,0;0,0;0,0;0,0;;0,0;;;0,0;;;;;0,0;;;;;No;No;No;No;No;No;No;No;No;No
1681,0;Jovan Milošević;rs SRB;FW;Werder Bremen;de Bundesliga;20,0;2005,0;8,0;2,0;298,0;3,3;3,0;0,0;3,0;3,0;0,0;0,0;2,0;0,0;0,91;9,0;4,0;44,4;2,72;1,21;0,33;0,75;2,0;1,0;0,0;2,0;0,0;6,0;0,0;;0,0;;;0,0;;;;;0,0;;;;;No;No;No;No;No;No;No;No;No;No
1682,0;Kim Min-jae;kr KOR;DF;Bayern Munich;de Bundesliga;29,0;1996,0;18,0;12,0;1041,0;11,6;1,0;1,0;2,0;1,0;0,0;0,0;1,0;0,0;0,17;2,0;1,0;50,0;0,17;0,09;0,5;1,0;0,0;12,0;21,0;1,0;0,0;8,0;0,0;;0,0;;;0,0;;;;;0,0;;;;;No;No;No;No;No;No;No;No;No;No
1683,0;Yerry Mina;co COL;DF;Cagliari;it Serie A;31,0;1994,0;18,0;18,0;1430,0;15,9;1,0;0,0;1,0;1,0;0,0;0,0;5,0;1,0;0,06;4,0;2,0;50,0;0,25;0,13;0,25;0,5;1,0;10,0;14,0;26,0;1,0;22,0;0,0;;0,0;;;0,0;;;;;0,0;;;;;No;No;No;No;No;No;No;No;No;No
1684,0;Takumi Minamino;jp JPN;MF;Monaco;fr Ligue 1;31,0;1995,0;15,0;11,0;944,0;10,5;3,0;2,0;5,0;3,0;0,0;0,0;4,0;0,0;0,48;21,0;7,0;33,3;2,0;0,67;0,14;0,43;8,0;3,0;3,0;8,0;0,0;10,0;0,0;;0,0;;;0,0;;;;;0,0;;;;;No;No;No;No;No;No;No;No;No;No
1685,0;Tyrone Mings;eng ENG;DF;Aston Villa;eng Premier League;33,0;1993,0;13,0;11,0;964,0;10,7;0,0;0,0;0,0;0,0;0,0;0,0;0,0;0,0;0,0;7,0;0,0;0,0;0,65;0,0;0,0;0,0;3,0;2,0;8,0;5,0;0,0;5,0;0,0;;0,0;;;0,0;;;;;0,0;;;;;No;No;No;No;No;No;No;No;No;No
1686,0;Óscar Mingueza;es ESP;MF,DF;Celta Vigo;es La Liga;26,0;1999,0;24,0;17,0;1517,0;16,9;1,0;4,0;5,0;1,0;0,0;0,0;4,0;0,0;0,3;14,0;5,0;35,7;0,83;0,3;0,07;0,2;50,0;15,0;7,0;20,0;0,0;10,0;0,0;;0,0;;;0,0;;;;;0,0;;;;;No;No;No;No;Sí;Sí;Sí;Sí;Sí;No
1687,0;Yankuba Minteh;gm GAM;MF;Brighton;eng Premier League;21,0;2004,0;26,0;19,0;1757,0;19,5;2,0;4,0;6,0;2,0;0,0;0,0;1,0;0,0;0,31;34,0;9,0;26,5;1,74;0,46;0,06;0,22;96,0;27,0;10,0;18,0;0,0;20,0;0,0;;0,0;;;0,0;;;;;0,0;;;;;No;No;No;No;No;No;No;No;No;No
1688,0;Bojan Miovski;mk MKD;FW;Girona;es La Liga;26,0;1999,0;1,0;1,0;44,0;0,5;0,0;0,0;0,0;0,0;0,0;0,0;0,0;0,0;0,0;0,0;0,0;0,0;0,0;0,0;0,0;0,0;0,0;0,0;0,0;0,0;0,0;0,0;0,0;;0,0;;;0,0;;;;;0,0;;;;;No;No;No;No;No;No;No;No;No;No
1689,0;Rafa Mir;es ESP;FW,MF;Elche;es La Liga;28,0;1997,0;23,0;17,0;1523,0;16,9;7,0;0,0;7,0;6,0;1,0;2,0;3,0;0,0;0,35;59,0;30,0;50,8;3,49;1,77;0,1;0,2;16,0;4,0;4,0;15,0;0,0;37,0;0,0;;0,0;;;0,0;;;;;0,0;;;;;No;No;No;No;No;No;No;No;No;No
1690,0;Juan Miranda;es ESP;DF;Bologna;it Serie A;26,0;2000,0;23,0;20,0;1808,0;20,1;1,0;0,0;1,0;1,0;0,0;0,0;6,0;0,0;0,05;11,0;4,0;36,4;0,55;0,2;0,09;0,25;129,0;16,0;24,0;19,0;0,0;21,0;0,0;;0,0;;;0,0;;;;;0,0;;;;;No;No;No;No;No;No;No;No;No;No
1691,0;Fabio Miretti;it ITA;MF;Juventus;it Serie A;22,0;2003,0;17,0;5,0;524,0;5,8;1,0;2,0;3,0;1,0;0,0;0,0;1,0;0,0;0,52;16,0;4,0;25,0;2,75;0,69;0,06;0,25;12,0;8,0;4,0;5,0;0,0;12,0;0,0;;0,0;;;0,0;;;;;0,0;;;;;No;No;No;No;No;No;No;No;No;No
1692,0;Tyrick Mitchell;eng ENG;MF;Crystal Palace;eng Premier League;26,0;1999,0;30,0;30,0;2667,0;29,6;1,0;1,0;2,0;1,0;0,0;0,0;5,0;0,0;0,07;13,0;5,0;38,5;0,44;0,17;0,08;0,2;85,0;52,0;28,0;21,0;0,0;19,0;0,0;;0,0;;;0,0;;;;;0,0;;;;;No;No;No;No;No;No;No;No;No;No
1693,0;Kaoru Mitoma;jp JPN;MF,FW;Brighton;eng Premier League;28,0;1997,0;19,0;16,0;1411,0;15,7;2,0;1,0;3,0;2,0;0,0;0,0;3,0;0,0;0,19;22,0;10,0;45,5;1,4;0,64;0,09;0,2;36,0;7,0;7,0;15,0;0,0;22,0;0,0;;0,0;;;0,0;;;;;0,0;;;;;No;No;No;No;No;No;No;No;No;No
1694,0;Maximilian Mittelstädt;de GER;DF,MF;Stuttgart;de Bundesliga;28,0;1997,0;24,0;18,0;1618,0;18,0;4,0;3,0;7,0;1,0;3,0;3,0;3,0;0,0;0,22;23,0;11,0;47,8;1,28;0,61;0,04;0,09;75,0;35,0;28,0;17,0;0,0;8,0;0,0;;0,0;;;0,0;;;;;0,0;;;;;No;No;No;No;No;No;No;No;No;No
1695,0;Henrikh Mkhitaryan;am ARM;MF;Inter;it Serie A;37,0;1989,0;22,0;13,0;1205,0;13,4;2,0;1,0;3,0;2,0;0,0;0,0;3,0;0,0;0,22;35,0;9,0;25,7;2,61;0,67;0,06;0,22;36,0;24,0;15,0;13,0;0,0;20,0;0,0;;0,0;;;0,0;;;;;0,0;;;;;No;No;No;No;No;No;No;No;No;No
1696,0;Branimir Mlacic;hr CRO;DF;Udinese;it Serie A;19,0;2007,0;3,0;1,0;78,0;0,9;0,0;0,0;0,0;0,0;0,0;0,0;2,0;0,0;0,0;0,0;0,0;0,0;0,0;0,0;0,0;0,0;0,0;2,0;1,0;0,0;0,0;4,0;0,0;;0,0;;;0,0;;;;;0,0;;;;;No;No;No;No;No;No;No;No;No;No
1697,0;Tadjidine Mmadi;fr FRA;FW;Marseille;fr Ligue 1;19,0;2007,0;2,0;0,0;16,0;0,2;0,0;0,0;0,0;0,0;0,0;0,0;0,0;0,0;0,0;0,0;0,0;0,0;0,0;0,0;0,0;0,0;0,0;1,0;1,0;0,0;0,0;0,0;0,0;;0,0;;;0,0;;;;;0,0;;;;;No;No;No;No;No;No;No;No;No;No
1698,0;Rui Modesto;ao ANG;MF;Udinese;it Serie A;26,0;1999,0;3,0;0,0;119,0;1,3;0,0;1,0;1,0;0,0;0,0;0,0;0,0;0,0;0,76;1,0;1,0;100,0;0,76;0,76;0,0;0,0;5,0;4,0;1,0;0,0;0,0;0,0;0,0;;0,0;;;0,0;;;;;0,0;;;;;No;No;No;No;No;No;No;No;No;No
1699,0;Luka Modrić;hr CRO;MF;Milan;it Serie A;40,0;1985,0;28,0;27,0;2362,0;26,2;2,0;3,0;5,0;2,0;0,0;0,0;4,0;0,0;0,19;17,0;7,0;41,2;0,65;0,27;0,12;0,29;98,0;23,0;34,0;26,0;0,0;19,0;0,0;;0,0;;;0,0;;;;;0,0;;;;;No;No;No;No;No;No;No;No;No;No
1700,0;Max Moerstedt;de GER;FW;Hoffenheim;de Bundesliga;20,0;2006,0;17,0;1,0;370,0;4,1;2,0;0,0;2,0;2,0;0,0;0,0;2,0;0,0;0,49;5,0;3,0;60,0;1,22;0,73;0,4;0,67;3,0;2,0;0,0;7,0;0,0;12,0;0,0;;0,0;;;0,0;;;;;0,0;;;;;No;No;No;No;No;No;No;No;No;No
1701,0;Terem Moffi;ng NGA;FW;Nice;fr Ligue 1;26,0;1999,0;10,0;6,0;488,0;5,4;2,0;0,0;2,0;2,0;0,0;0,0;0,0;0,0;0,37;16,0;8,0;50,0;2,95;1,48;0,13;0,25;0,0;1,0;0,0;2,0;0,0;2,0;0,0;;0,0;;;0,0;;;;;0,0;;;;;No;No;No;No;No;No;No;No;No;No
1702,0;Mostafa Mohamed;eg EGY;FW;Nantes;fr Ligue 1;28,0;1997,0;19,0;11,0;989,0;11,0;3,0;0,0;3,0;3,0;0,0;0,0;1,0;0,0;0,27;30,0;6,0;20,0;2,73;0,55;0,1;0,5;6,0;5,0;6,0;22,0;0,0;16,0;0,0;;0,0;;;0,0;;;;;0,0;;;;;No;No;No;No;No;No;No;No;No;No
1703,0;Wael Mohya;de GER;MF;Gladbach;de Bundesliga;17,0;2008,0;10,0;2,0;297,0;3,3;1,0;0,0;1,0;1,0;0,0;0,0;0,0;0,0;0,3;6,0;3,0;50,0;1,82;0,91;0,17;0,33;7,0;3,0;2,0;8,0;0,0;3,0;0,0;;0,0;;;0,0;;;;;0,0;;;;;No;No;No;No;No;No;No;No;No;No
1704,0;Johan Mojica;co COL;DF;Mallorca;es La Liga;33,0;1992,0;28,0;23,0;2134,0;23,7;0,0;3,0;3,0;0,0;0,0;0,0;5,0;0,0;0,13;13,0;2,0;15,4;0,55;0,08;0,0;0,0;99,0;26,0;16,0;24,0;0,0;22,0;0,0;;0,0;;;0,0;;;;;0,0;;;;;No;No;No;No;No;No;No;No;No;No
1705,0;Enzo Molebe;fr FRA;FW;Lyon;fr Ligue 1;18,0;2007,0;1,0;0,0;10,0;0,1;0,0;0,0;0,0;0,0;0,0;0,0;0,0;0,0;0,0;0,0;0,0;0,0;0,0;0,0;0,0;0,0;0,0;0,0;0,0;0,0;0,0;0,0;0,0;;0,0;;;0,0;;;;;0,0;;;;;No;No;No;No;No;No;No;No;No;No
1706,0;Alberto Moleiro;es ESP;MF;Villarreal;es La Liga;22,0;2003,0;27,0;23,0;1818,0;20,2;9,0;4,0;13,0;9,0;0,0;0,0;3,0;0,0;0,64;39,0;17,0;43,6;1,93;0,84;0,23;0,53;20,0;13,0;8,0;20,0;0,0;27,0;0,0;;0,0;;;0,0;;;;;0,0;;;;;No;No;No;No;No;No;No;No;No;No
1707,0;Nahuel Molina;ar ARG;DF;Atlético Madrid;es La Liga;27,0;1998,0;20,0;11,0;1013,0;11,3;1,0;1,0;2,0;1,0;0,0;0,0;3,0;0,0;0,18;9,0;2,0;22,2;0,8;0,18;0,11;0,5;37,0;17,0;14,0;2,0;0,0;11,0;0,0;;0,0;;;0,0;;;;;0,0;;;;;No;No;No;No;No;No;No;No;No;No
1708,0;Jon Moncayola;es ESP;MF;Osasuna;es La Liga;27,0;1998,0;26,0;25,0;2172,0;24,1;0,0;4,0;4,0;0,0;0,0;0,0;6,0;0,0;0,17;17,0;3,0;17,6;0,7;0,12;0,0;0,0;100,0;19,0;20,0;10,0;0,0;27,0;0,0;;0,0;;;0,0;;;;;0,0;;;;;No;No;No;No;No;No;No;No;No;No
1709,0;Jano Monserrate;es ESP;MF;Atlético Madrid;es La Liga;20,0;2006,0;1,0;0,0;18,0;0,2;0,0;0,0;0,0;0,0;0,0;0,0;0,0;0,0;0,0;0,0;0,0;0,0;0,0;0,0;0,0;0,0;1,0;2,0;0,0;1,0;0,0;1,0;0,0;;0,0;;;0,0;;;;;0,0;;;;;No;No;No;No;No;No;No;No;No;No
1710,0;Jorge Montes;es ESP;DF;Getafe;es La Liga;22,0;2004,0;1,0;0,0;27,0;0,3;0,0;0,0;0,0;0,0;0,0;0,0;0,0;0,0;0,0;0,0;0,0;0,0;0,0;0,0;0,0;0,0;2,0;2,0;0,0;0,0;0,0;1,0;0,0;;0,0;;;0,0;;;;;0,0;;;;;No;No;No;No;No;No;No;No;No;No
1711,0;Lorenzo Montipò;it ITA;GK;Hellas Verona;it Serie A;30,0;1996,0;26,0;26,0;2340,0;26,0;0,0;0,0;0,0;0,0;0,0;0,0;0,0;0,0;0,0;0,0;0,0;0,0;0,0;0,0;0,0;0,0;0,0;0,0;0,0;5,0;0,0;0,0;0,0;44,0;1,69;106,0;65,0;60,4;3,0;8,0;15,0;4,0;15,4;4,0;2,0;2,0;0,0;No;No;No;No;No;No;No;No;No;No
1712,0;Álvaro Morata;es ESP;FW;Como;it Serie A;33,0;1992,0;18,0;8,0;747,0;8,3;0,0;1,0;1,0;0,0;0,0;1,0;3,0;1,0;0,12;21,0;7,0;33,3;2,53;0,84;0,0;0,0;7,0;8,0;1,0;26,0;1,0;14,0;0,0;;0,0;;;0,0;;;;;0,0;;;;;No;No;No;Sí;Sí;Sí;Sí;Sí;No;Sí
1713,0;Morato;br BRA;DF;Nottingham Forest;eng Premier League;24,0;2001,0;15,0;10,0;941,0;10,5;0,0;0,0;0,0;0,0;0,0;0,0;4,0;0,0;0,0;4,0;1,0;25,0;0,38;0,1;0,0;0,0;1,0;16,0;8,0;7,0;0,0;11,0;0,0;;0,0;;;0,0;;;;;0,0;;;;;No;No;No;No;No;No;No;No;No;No
1714,0;Diego Morcillo;es ESP;FW;Alavés;es La Liga;22,0;2003,0;1,0;0,0;10,0;0,1;0,0;0,0;0,0;0,0;0,0;0,0;0,0;0,0;0,0;1,0;0,0;0,0;9,0;0,0;0,0;0,0;1,0;0,0;0,0;1,0;0,0;1,0;0,0;;0,0;;;0,0;;;;;0,0;;;;;No;No;No;No;No;No;No;No;No;No
1715,0;Afonso Moreira;pt POR;MF,FW;Lyon;fr Ligue 1;20,0;2005,0;19,0;10,0;1008,0;11,2;2,0;6,0;8,0;2,0;0,0;0,0;2,0;0,0;0,71;23,0;8,0;34,8;2,05;0,71;0,09;0,25;63,0;15,0;7,0;25,0;0,0;14,0;0,0;;0,0;;;0,0;;;;;0,0;;;;;No;No;No;No;No;No;No;No;No;No
1716,0;Diego Moreira;be BEL;MF;Strasbourg;fr Ligue 1;21,0;2004,0;23,0;21,0;1830,0;20,3;3,0;4,0;7,0;3,0;0,0;0,0;4,0;0,0;0,34;23,0;9,0;39,1;1,13;0,44;0,13;0,33;81,0;22,0;16,0;25,0;0,0;15,0;0,0;;0,0;;;0,0;;;;;0,0;;;;;No;No;No;No;No;No;No;No;No;No
1717,0;Alberto Moreno;es ESP;DF;Como;it Serie A;33,0;1992,0;12,0;9,0;811,0;9,0;1,0;0,0;1,0;1,0;0,0;0,0;1,0;0,0;0,11;7,0;3,0;42,9;0,78;0,33;0,14;0,33;17,0;6,0;4,0;4,0;0,0;11,0;0,0;;0,0;;;0,0;;;;;0,0;;;;;No;No;No;No;No;No;No;No;No;No
1718,0;Álex Moreno;es ESP;DF,MF;Girona;es La Liga;32,0;1993,0;22,0;20,0;1853,0;20,6;0,0;3,0;3,0;0,0;0,0;0,0;4,0;0,0;0,15;15,0;4,0;26,7;0,73;0,19;0,0;0,0;47,0;14,0;20,0;13,0;0,0;22,0;0,0;;0,0;;;0,0;;;;;0,0;;;;;No;No;No;No;No;No;No;No;No;No
1719,0;Fabio Moreno Fell;de GER;FW;Mainz 05;de Bundesliga;25,0;2000,0;2,0;1,0;77,0;0,9;0,0;0,0;0,0;0,0;0,0;0,0;0,0;0,0;0,0;1,0;0,0;0,0;1,17;0,0;0,0;0,0;0,0;0,0;0,0;0,0;0,0;0,0;0,0;;0,0;;;0,0;;;;;0,0;;;;;No;No;No;No;No;No;No;No;No;No
1720,0;Gerard Moreno;es ESP;FW;Villarreal;es La Liga;33,0;1992,0;14,0;10,0;779,0;8,7;7,0;0,0;7,0;5,0;2,0;2,0;0,0;0,0;0,58;22,0;10,0;45,5;2,54;1,16;0,23;0,5;8,0;5,0;2,0;8,0;0,0;9,0;0,0;;0,0;;;0,0;;;;;0,0;;;;;No;No;No;No;No;No;No;No;No;No
1721,0;Matias Moreno;ar ARG;DF;Levante;es La Liga;22,0;2003,0;19,0;18,0;1487,0;16,5;0,0;0,0;0,0;0,0;0,0;0,0;5,0;0,0;0,0;7,0;0,0;0,0;0,42;0,0;0,0;0,0;1,0;18,0;25,0;16,0;0,0;13,0;0,0;;0,0;;;0,0;;;;;0,0;;;;;No;No;No;No;No;No;No;No;No;No
1722,0;Tete Morente;es ESP;MF;Elche;es La Liga;29,0;1996,0;3,0;3,0;223,0;2,5;0,0;0,0;0,0;0,0;0,0;0,0;1,0;0,0;0,0;1,0;0,0;0,0;0,4;0,0;0,0;0,0;11,0;0,0;3,0;2,0;0,0;7,0;0,0;;0,0;;;0,0;;;;;0,0;;;;;No;No;No;No;No;No;No;No;No;No
1723,0;Tete Morente;es ESP;FW,MF;Lecce;it Serie A;29,0;1996,0;16,0;9,0;859,0;9,5;0,0;0,0;0,0;0,0;0,0;0,0;2,0;0,0;0,0;14,0;2,0;14,3;1,47;0,21;0,0;0,0;29,0;9,0;3,0;12,0;0,0;13,0;0,0;;0,0;;;0,0;;;;;0,0;;;;;No;No;No;No;No;No;No;No;No;No
1724,0;Stefano Moreo;it ITA;FW,MF;Pisa;it Serie A;32,0;1993,0;28,0;20,0;1661,0;18,5;6,0;1,0;7,0;4,0;2,0;2,0;2,0;0,0;0,27;41,0;16,0;39,0;2,22;0,87;0,1;0,25;17,0;9,0;14,0;15,0;0,0;18,0;0,0;;0,0;;;0,0;;;;;0,0;;;;;No;No;No;No;No;No;No;No;No;No
1725,0;Mateu Morey;es ESP;DF,MF;Mallorca;es La Liga;26,0;2000,0;16,0;8,0;629,0;7,0;1,0;0,0;1,0;1,0;0,0;0,0;2,0;0,0;0,14;4,0;2,0;50,0;0,57;0,29;0,25;0,5;8,0;8,0;5,0;8,0;0,0;12,0;0,0;;0,0;;;0,0;;;;;0,0;;;;;No;No;No;No;No;No;No;No;No;No
1726,0;Ilaix Moriba;gn GUI;MF;Celta Vigo;es La Liga;23,0;2003,0;28,0;19,0;1820,0;20,2;0,0;1,0;1,0;0,0;0,0;0,0;5,0;0,0;0,05;15,0;3,0;20,0;0,74;0,15;0,0;0,0;1,0;30,0;13,0;44,0;0,0;22,0;0,0;;0,0;;;0,0;;;;;0,0;;;;;No;No;No;No;No;No;No;No;No;No
1727,0;Manu Morlanes;es ESP;MF;Mallorca;es La Liga;27,0;1999,0;22,0;14,0;1102,0;12,2;1,0;0,0;1,0;1,0;0,0;0,0;4,0;1,0;0,08;6,0;2,0;33,3;0,49;0,16;0,17;0,5;2,0;19,0;11,0;7,0;1,0;14,0;0,0;;0,0;;;0,0;;;;;0,0;;;;;No;No;No;No;No;No;No;No;No;No
1728,0;Luca Moro;it ITA;FW;Sassuolo;it Serie A;25,0;2001,0;12,0;1,0;204,0;2,3;0,0;0,0;0,0;0,0;0,0;0,0;1,0;0,0;0,0;6,0;1,0;16,7;2,65;0,44;0,0;0,0;0,0;4,0;2,0;9,0;0,0;7,0;0,0;;0,0;;;0,0;;;;;0,0;;;;;No;No;No;No;No;No;No;No;No;No
1729,0;Nikola Moro;hr CRO;MF;Bologna;it Serie A;28,0;1998,0;22,0;15,0;1365,0;15,2;2,0;0,0;2,0;2,0;0,0;0,0;1,0;0,0;0,13;13,0;1,0;7,7;0,86;0,07;0,15;2,0;36,0;6,0;11,0;14,0;0,0;14,0;0,0;;0,0;;;0,0;;;;;0,0;;;;;No;No;No;No;No;No;No;No;No;No
1730,0;Raúl Moro;es ESP;MF;Osasuna;es La Liga;23,0;2002,0;7,0;4,0;340,0;3,8;0,0;2,0;2,0;0,0;0,0;0,0;0,0;0,0;0,53;4,0;0,0;0,0;1,06;0,0;0,0;0,0;16,0;0,0;0,0;4,0;0,0;0,0;0,0;;0,0;;;0,0;;;;;0,0;;;;;No;No;No;No;No;No;No;No;No;No
1731,0;Tyler Morton;eng ENG;MF;Lyon;fr Ligue 1;23,0;2002,0;23,0;23,0;2034,0;22,6;2,0;2,0;4,0;2,0;0,0;0,0;5,0;1,0;0,18;23,0;6,0;26,1;1,02;0,27;0,09;0,33;80,0;25,0;19,0;16,0;0,0;26,0;0,0;;0,0;;;0,0;;;;;0,0;;;;;No;No;No;No;No;No;No;No;No;No
1732,0;Daren Mosengo;fr FRA;MF;Le Havre;fr Ligue 1;19,0;2006,0;5,0;0,0;106,0;1,2;0,0;0,0;0,0;0,0;0,0;0,0;0,0;0,0;0,0;0,0;0,0;0,0;0,0;0,0;0,0;0,0;0,0;0,0;1,0;2,0;0,0;1,0;0,0;;0,0;;;0,0;;;;;0,0;;;;;No;No;No;No;No;No;No;No;No;No
1733,0;Cristhian Mosquera;es ESP;DF;Arsenal;eng Premier League;21,0;2004,0;14,0;6,0;673,0;7,5;0,0;0,0;0,0;0,0;0,0;0,0;2,0;0,0;0,0;0,0;0,0;0,0;0,0;0,0;0,0;0,0;0,0;16,0;8,0;3,0;0,0;8,0;0,0;;0,0;;;0,0;;;;;0,0;;;;;Sí;No;No;No;No;No;No;No;No;No
1734,0;Daniel Mosquera;co COL;FW;Hellas Verona;it Serie A;26,0;1999,0;20,0;5,0;586,0;6,5;0,0;2,0;2,0;0,0;0,0;0,0;1,0;0,0;0,31;16,0;5,0;31,3;2,46;0,77;0,0;0,0;2,0;2,0;2,0;6,0;0,0;22,0;0,0;;0,0;;;0,0;;;;;0,0;;;;;No;No;No;No;No;No;No;No;No;No
1735,0;Yerson Mosquera;co COL;DF;Wolves;eng Premier League;24,0;2001,0;22,0;19,0;1706,0;19,0;0,0;0,0;0,0;0,0;0,0;0,0;10,0;0,0;0,0;21,0;6,0;28,6;1,11;0,32;0,0;0,0;17,0;31,0;16,0;35,0;0,0;25,0;2,0;;0,0;;;0,0;;;;;0,0;;;;;No;No;No;No;No;No;No;No;No;No
1736,0;Edoardo Motta;it ITA;GK;Lazio;it Serie A;21,0;2005,0;2,0;2,0;180,0;2,0;0,0;0,0;0,0;0,0;0,0;0,0;1,0;0,0;0,0;0,0;0,0;0,0;0,0;0,0;0,0;0,0;0,0;0,0;0,0;0,0;0,0;0,0;0,0;1,0;0,5;7,0;6,0;85,7;2,0;0,0;0,0;1,0;50,0;0,0;0,0;0,0;0,0;No;No;No;No;No;No;No;No;No;No
1737,0;Mason Mount;eng ENG;MF;Manchester Utd;eng Premier League;27,0;1999,0;17,0;10,0;816,0;9,1;3,0;0,0;3,0;3,0;0,0;0,0;0,0;0,0;0,33;18,0;5,0;27,8;1,99;0,55;0,17;0,6;18,0;8,0;3,0;9,0;0,0;13,0;0,0;;0,0;;;0,0;;;;;0,0;;;;;No;No;No;No;No;No;No;No;No;No
1738,0;Samir El Mourabet;ma MAR;MF;Strasbourg;fr Ligue 1;20,0;2005,0;26,0;21,0;1717,0;19,1;0,0;1,0;1,0;0,0;0,0;0,0;4,0;0,0;0,05;9,0;0,0;0,0;0,47;0,0;0,0;0,0;17,0;32,0;24,0;18,0;0,0;19,0;0,0;;0,0;;;0,0;;;;;0,0;;;;;No;No;No;No;No;No;No;No;No;No
1739,0;Santiago Mouriño;uy URU;DF;Villarreal;es La Liga;24,0;2002,0;21,0;20,0;1781,0;19,8;1,0;2,0;3,0;1,0;0,0;0,0;9,0;1,0;0,15;12,0;2,0;16,7;0,61;0,1;0,08;0,5;6,0;45,0;23,0;26,0;1,0;42,0;0,0;;0,0;;;0,0;;;;;0,0;;;;;No;No;No;No;No;No;No;No;No;No
1740,0;Louis Mouton;fr FRA;MF;Angers;fr Ligue 1;23,0;2002,0;25,0;21,0;1646,0;18,3;2,0;1,0;3,0;2,0;0,0;0,0;1,0;1,0;0,16;31,0;8,0;25,8;1,7;0,44;0,06;0,25;25,0;23,0;11,0;16,0;0,0;17,0;0,0;;0,0;;;0,0;;;;;0,0;;;;;No;No;No;No;No;No;No;No;No;No
1741,0;Lionel Mpasi;cd COD;GK;Le Havre;fr Ligue 1;31,0;1994,0;4,0;3,0;315,0;3,5;0,0;0,0;0,0;0,0;0,0;0,0;1,0;0,0;0,0;0,0;0,0;0,0;0,0;0,0;0,0;0,0;0,0;0,0;0,0;1,0;0,0;0,0;0,0;2,0;0,57;17,0;15,0;88,2;0,0;2,0;1,0;1,0;33,3;0,0;0,0;0,0;0,0;No;No;No;No;No;No;No;No;No;No
1742,0;Tarik Muharemovic;ba BIH;DF;Sassuolo;it Serie A;23,0;2003,0;25,0;25,0;2205,0;24,5;2,0;2,0;4,0;2,0;0,0;0,0;5,0;0,0;0,16;16,0;5,0;31,3;0,65;0,2;0,13;0,4;2,0;19,0;35,0;19,0;0,0;19,0;2,0;;0,0;;;0,0;;;;;0,0;;;;;No;No;No;No;No;No;No;No;No;No
1743,0;Miro Muheim;ch SUI;MF,DF;Hamburger SV;de Bundesliga;27,0;1998,0;25,0;24,0;2180,0;24,2;0,0;4,0;4,0;0,0;0,0;0,0;6,0;0,0;0,17;21,0;6,0;28,6;0,87;0,25;0,0;0,0;134,0;28,0;26,0;45,0;0,0;33,0;0,0;;0,0;;;0,0;;;;;0,0;;;;;No;No;No;No;No;No;No;No;No;No
1744,0;Divine Mukasa;eng ENG;MF;Manchester City;eng Premier League;18,0;2007,0;2,0;0,0;27,0;0,3;0,0;0,0;0,0;0,0;0,0;0,0;0,0;0,0;0,0;0,0;0,0;0,0;0,0;0,0;0,0;0,0;0,0;0,0;0,0;0,0;0,0;1,0;0,0;;0,0;;;0,0;;;;;0,0;;;;;No;No;No;No;No;No;No;No;No;No
1745,0;Ngal'Ayel Mukau;cd COD;MF;Lille;fr Ligue 1;21,0;2004,0;22,0;11,0;979,0;10,9;1,0;0,0;1,0;1,0;0,0;0,0;2,0;0,0;0,09;15,0;3,0;20,0;1,38;0,28;0,07;0,33;1,0;9,0;7,0;12,0;0,0;19,0;0,0;;0,0;;;0,0;;;;;0,0;;;;;No;No;No;No;No;No;No;No;No;No
1746,0;Nordan Mukiele;fr FRA;MF;Rennes;fr Ligue 1;20,0;2006,0;3,0;0,0;51,0;0,6;1,0;0,0;1,0;1,0;0,0;0,0;0,0;0,0;1,76;3,0;1,0;33,3;5,29;1,76;0,33;1,0;1,0;0,0;0,0;0,0;0,0;3,0;0,0;;0,0;;;0,0;;;;;0,0;;;;;No;No;No;No;No;No;No;No;No;No
1747,0;Nordi Mukiele;fr FRA;DF;Sunderland;eng Premier League;28,0;1997,0;25,0;25,0;2163,0;24,0;1,0;3,0;4,0;1,0;0,0;0,0;4,0;0,0;0,17;16,0;2,0;12,5;0,67;0,08;0,06;0,5;58,0;36,0;29,0;20,0;0,0;23,0;1,0;;0,0;;;0,0;;;;;0,0;;;;;No;No;No;No;No;No;No;No;No;No
1748,0;Romaine Mundle;eng ENG;MF;Sunderland;eng Premier League;22,0;2003,0;14,0;2,0;411,0;4,6;0,0;0,0;0,0;0,0;0,0;0,0;1,0;0,0;0,0;7,0;2,0;28,6;1,53;0,44;0,0;0,0;11,0;4,0;1,0;8,0;0,0;7,0;0,0;;0,0;;;0,0;;;;;0,0;;;;;No;No;No;No;No;No;No;No;No;No
1749,0;Marshall Munetsi;zw ZIM;MF;Paris FC;fr Ligue 1;29,0;1996,0;9,0;5,0;504,0;5,6;3,0;0,0;3,0;3,0;0,0;0,0;0,0;0,0;0,54;13,0;5,0;38,5;2,32;0,89;0,23;0,6;0,0;2,0;2,0;7,0;0,0;6,0;0,0;;0,0;;;0,0;;;;;0,0;;;;;No;No;No;No;No;No;No;No;No;No
1750,0;Marshall Munetsi;zw ZIM;MF,FW;Wolves;eng Premier League;29,0;1996,0;13,0;9,0;875,0;9,7;1,0;1,0;2,0;1,0;0,0;0,0;2,0;0,0;0,21;14,0;6,0;42,9;1,44;0,62;0,07;0,17;14,0;13,0;5,0;10,0;0,0;19,0;0,0;;0,0;;;0,0;;;;;0,0;;;;;No;No;No;No;No;No;No;No;No;No
1751,0;Rodrigo Muniz;br BRA;FW;Fulham;eng Premier League;24,0;2001,0;13,0;4,0;504,0;5,6;1,0;1,0;2,0;1,0;0,0;0,0;1,0;0,0;0,36;17,0;4,0;23,5;3,04;0,71;0,06;0,25;1,0;1,0;0,0;9,0;0,0;11,0;1,0;;0,0;;;0,0;;;;;0,0;;;;;No;No;No;No;No;No;No;No;No;No
1752,0;Believe Munongo;fr FRA;MF;Metz;fr Ligue 1;16,0;2009,0;6,0;4,0;295,0;3,3;0,0;0,0;0,0;0,0;0,0;0,0;0,0;0,0;0,0;3,0;0,0;0,0;0,92;0,0;0,0;0,0;2,0;3,0;3,0;2,0;0,0;10,0;0,0;;0,0;;;0,0;;;;;0,0;;;;;No;No;No;No;No;No;No;No;No;No
1753,0;Aihen Muñoz;es ESP;DF;Real Sociedad;es La Liga;28,0;1997,0;16,0;7,0;686,0;7,6;0,0;0,0;0,0;0,0;0,0;0,0;1,0;0,0;0,0;5,0;1,0;20,0;0,66;0,13;0,0;0,0;18,0;16,0;5,0;3,0;0,0;6,0;0,0;;0,0;;;0,0;;;;;0,0;;;;;No;No;No;No;No;No;No;No;No;No
1754,0;Daniel Muñoz;co COL;MF;Crystal Palace;eng Premier League;29,0;1996,0;21,0;21,0;1778,0;19,8;3,0;2,0;5,0;3,0;0,0;0,0;5,0;0,0;0,25;18,0;7,0;38,9;0,91;0,35;0,17;0,43;48,0;31,0;20,0;13,0;0,0;24,0;0,0;;0,0;;;0,0;;;;;0,0;;;;;No;No;No;No;No;No;No;No;No;No
1755,0;Iker Muñoz;es ESP;MF;Osasuna;es La Liga;23,0;2002,0;12,0;4,0;583,0;6,5;0,0;0,0;0,0;0,0;0,0;0,0;3,0;0,0;0,0;6,0;2,0;33,3;0,93;0,31;0,0;0,0;1,0;4,0;8,0;11,0;0,0;15,0;0,0;;0,0;;;0,0;;;;;0,0;;;;;No;No;No;No;No;No;No;No;No;No
1756,0;Javier Muñoz;es ESP;MF,FW;Getafe;es La Liga;31,0;1995,0;14,0;4,0;489,0;5,4;0,0;0,0;0,0;0,0;0,0;0,0;0,0;0,0;0,0;12,0;6,0;50,0;2,21;1,1;0,0;0,0;10,0;4,0;4,0;2,0;0,0;6,0;0,0;;0,0;;;0,0;;;;;0,0;;;;;No;No;No;No;No;No;No;No;No;No
1757,0;Víctor Muñoz;es ESP;MF,FW;Osasuna;es La Liga;22,0;2003,0;28,0;26,0;2176,0;24,2;5,0;2,0;7,0;5,0;0,0;0,0;3,0;0,0;0,29;63,0;23,0;36,5;2,61;0,95;0,08;0,22;84,0;13,0;9,0;41,0;0,0;27,0;0,0;;0,0;;;0,0;;;;;0,0;;;;;Sí;No;No;No;No;No;No;No;No;No
1758,0;Arijanet Muric;xk KVX;GK;Sassuolo;it Serie A;27,0;1998,0;28,0;28,0;2520,0;28,0;0,0;0,0;0,0;0,0;0,0;0,0;4,0;0,0;0,0;0,0;0,0;0,0;0,0;0,0;0,0;0,0;0,0;0,0;0,0;3,0;0,0;1,0;0,0;37,0;1,32;136,0;103,0;75,7;11,0;5,0;12,0;6,0;21,4;4,0;4,0;0,0;0,0;No;No;No;No;No;No;No;No;No;No
1759,0;Murillo;br BRA;DF;Nottingham Forest;eng Premier League;23,0;2002,0;22,0;22,0;1909,0;21,2;1,0;0,0;1,0;1,0;0,0;0,0;4,0;0,0;0,05;10,0;4,0;40,0;0,47;0,19;0,1;0,25;2,0;21,0;25,0;7,0;0,0;19,0;1,0;;0,0;;;0,0;;;;;0,0;;;;;No;No;No;No;No;No;No;No;No;No
1760,0;Vedat Muriqi;xk KVX;FW;Mallorca;es La Liga;31,0;1994,0;27,0;26,0;2228,0;24,8;18,0;1,0;19,0;13,0;5,0;6,0;3,0;1,0;0,57;83,0;39,0;47,0;3,35;1,58;0,16;0,33;1,0;3,0;3,0;49,0;0,0;27,0;0,0;;0,0;;;0,0;;;;;0,0;;;;;No;No;No;No;No;No;No;No;No;No
1761,0;Alex Murphy;ie IRL;DF;Newcastle United;eng Premier League;21,0;2004,0;1,0;0,0;2,0;0,0;0,0;0,0;0,0;0,0;0,0;0,0;0,0;0,0;0,0;0,0;0,0;0,0;0,0;0,0;0,0;0,0;0,0;0,0;0,0;0,0;0,0;0,0;0,0;;0,0;;;0,0;;;;;0,0;;;;;No;No;No;No;No;No;No;No;No;No
1762,0;Jacob Murphy;eng ENG;FW,MF;Newcastle United;eng Premier League;31,0;1995,0;25,0;14,0;1220,0;13,6;3,0;1,0;4,0;3,0;0,0;0,0;1,0;0,0;0,3;37,0;11,0;29,7;2,73;0,81;0,08;0,27;99,0;10,0;2,0;7,0;0,0;4,0;0,0;;0,0;;;0,0;;;;;0,0;;;;;No;No;No;No;No;No;No;No;No;No
1763,0;Salim Musah;de GER;FW;Werder Bremen;de Bundesliga;20,0;2006,0;1,0;0,0;6,0;0,1;0,0;0,0;0,0;0,0;0,0;0,0;0,0;0,0;0,0;1,0;0,0;0,0;15,0;0,0;0,0;0,0;0,0;0,0;1,0;0,0;0,0;0,0;0,0;;0,0;;;0,0;;;;;0,0;;;;;No;No;No;No;No;No;No;No;No;No
1764,0;Yunus Musah;us USA;MF;Atalanta;it Serie A;23,0;2002,0;15,0;3,0;435,0;4,8;1,0;0,0;1,0;1,0;0,0;0,0;1,0;0,0;0,21;6,0;1,0;16,7;1,24;0,21;0,17;1,0;9,0;4,0;3,0;14,0;0,0;6,0;0,0;;0,0;;;0,0;;;;;0,0;;;;;No;No;No;No;No;No;No;No;No;No
1765,0;Yunus Musah;us USA;MF;Milan;it Serie A;23,0;2002,0;1,0;1,0;90,0;1,0;0,0;0,0;0,0;0,0;0,0;0,0;0,0;0,0;0,0;0,0;0,0;0,0;0,0;0,0;0,0;0,0;1,0;1,0;0,0;2,0;0,0;2,0;0,0;;0,0;;;0,0;;;;;0,0;;;;;No;No;No;No;No;No;No;No;No;No
1766,0;Jamal Musiala;de GER;MF;Bayern Munich;de Bundesliga;23,0;2003,0;8,0;2,0;306,0;3,4;1,0;2,0;3,0;0,0;1,0;1,0;1,0;0,0;0,59;13,0;4,0;30,8;3,82;1,18;0,0;0,0;2,0;2,0;2,0;12,0;0,0;2,0;0,0;;0,0;;;0,0;;;;;0,0;;;;;No;No;No;No;No;No;No;No;No;No
1767,0;Almoatasem Al Musrati;ly LBY;MF;Hellas Verona;it Serie A;29,0;1996,0;15,0;8,0;759,0;8,4;0,0;1,0;1,0;0,0;0,0;0,0;5,0;1,0;0,12;6,0;1,0;16,7;0,71;0,12;0,0;0,0;2,0;6,0;9,0;2,0;1,0;14,0;0,0;;0,0;;;0,0;;;;;0,0;;;;;No;No;No;No;No;No;No;No;No;No
1768,0;Juan Musso;ar ARG;GK;Atlético Madrid;es La Liga;31,0;1994,0;2,0;2,0;180,0;2,0;0,0;0,0;0,0;0,0;0,0;0,0;1,0;0,0;0,0;0,0;0,0;0,0;0,0;0,0;0,0;0,0;0,0;0,0;0,0;1,0;0,0;0,0;0,0;0,0;0,0;4,0;4,0;100,0;2,0;0,0;0,0;2,0;100,0;0,0;0,0;0,0;0,0;No;No;No;No;No;No;No;No;No;No
1769,0;Cheveyo Muy;nl NED;FW;Milan;it Serie A;0,0;;2,0;0,0;5,0;0,1;0,0;0,0;0,0;0,0;0,0;0,0;0,0;0,0;0,0;1,0;0,0;0,0;18,0;0,0;0,0;0,0;0,0;0,0;0,0;0,0;0,0;0,0;0,0;;0,0;;;0,0;;;;;0,0;;;;;No;No;No;No;No;No;No;No;No;No
1770,0;Yvon Mvogo;ch SUI;GK;Lorient;fr Ligue 1;31,0;1994,0;23,0;23,0;2070,0;23,0;0,0;0,0;0,0;0,0;0,0;0,0;0,0;0,0;0,0;0,0;0,0;0,0;0,0;0,0;0,0;0,0;0,0;1,0;1,0;4,0;0,0;0,0;0,0;32,0;1,39;80,0;52,0;65,0;8,0;10,0;5,0;4,0;17,4;5,0;4,0;0,0;1,0;No;No;No;No;No;No;No;No;No;No
1771,0;Joel Mvuka;no NOR;MF,DF;Lorient;fr Ligue 1;23,0;2002,0;15,0;5,0;560,0;6,2;0,0;0,0;0,0;0,0;0,0;0,0;0,0;0,0;0,0;8,0;1,0;12,5;1,29;0,16;0,0;0,0;12,0;13,0;6,0;11,0;0,0;4,0;0,0;;0,0;;;0,0;;;;;0,0;;;;;No;No;No;No;No;No;No;No;No;No
1772,0;Junior Mwanga;fr FRA;DF,MF;Strasbourg;fr Ligue 1;22,0;2003,0;3,0;3,0;212,0;2,4;0,0;0,0;0,0;0,0;0,0;0,0;0,0;0,0;0,0;1,0;0,0;0,0;0,42;0,0;0,0;0,0;3,0;5,0;0,0;1,0;0,0;4,0;0,0;;0,0;;;0,0;;;;;0,0;;;;;No;No;No;No;No;No;No;No;No;No
1773,0;Junior Mwanga;fr FRA;MF;Nantes;fr Ligue 1;22,0;2003,0;15,0;15,0;1260,0;14,0;1,0;1,0;2,0;1,0;0,0;0,0;2,0;1,0;0,14;9,0;3,0;33,3;0,64;0,21;0,11;0,33;5,0;14,0;8,0;14,0;0,0;15,0;0,0;;0,0;;;0,0;;;;;0,0;;;;;No;No;No;No;No;No;No;No;No;No
1774,0;Phillipp Mwene;at AUT;MF;Mainz 05;de Bundesliga;32,0;1994,0;21,0;17,0;1453,0;16,1;0,0;1,0;1,0;0,0;0,0;0,0;3,0;0,0;0,06;6,0;0,0;0,0;0,37;0,0;0,0;0,0;58,0;13,0;7,0;21,0;0,0;16,0;0,0;;0,0;;;0,0;;;;;0,0;;;;;No;No;No;No;No;No;No;No;No;No
1775,0;Vitaliy Mykolenko;ua UKR;DF;Everton;eng Premier League;26,0;1999,0;25,0;25,0;2238,0;24,9;0,0;1,0;1,0;0,0;0,0;0,0;5,0;0,0;0,04;9,0;2,0;22,2;0,36;0,08;0,0;0,0;69,0;15,0;24,0;22,0;0,0;24,0;1,0;;0,0;;;0,0;;;;;0,0;;;;;No;No;No;No;No;No;No;No;No;No
1776,0;Joakim Mæhle;dk DEN;DF,MF;Wolfsburg;de Bundesliga;28,0;1997,0;8,0;6,0;514,0;5,7;0,0;1,0;1,0;0,0;0,0;0,0;0,0;0,0;0,18;6,0;1,0;16,7;1,05;0,18;0,0;0,0;8,0;7,0;12,0;0,0;0,0;4,0;0,0;;0,0;;;0,0;;;;;0,0;;;;;No;No;No;No;No;No;No;No;No;No
1777,0;David Møller Wolfe;no NOR;MF,DF;Wolves;eng Premier League;23,0;2002,0;18,0;9,0;846,0;9,4;0,0;2,0;2,0;0,0;0,0;0,0;1,0;0,0;0,21;3,0;0,0;0,0;0,32;0,0;0,0;0,0;26,0;5,0;6,0;4,0;0,0;7,0;0,0;;0,0;;;0,0;;;;;0,0;;;;;No;No;No;No;No;No;No;No;No;No
1778,0;Obite N'Dicka;ci CIV;DF;Roma;it Serie A;26,0;1999,0;23,0;23,0;2014,0;22,4;3,0;0,0;3,0;3,0;0,0;0,0;5,0;0,0;0,13;17,0;4,0;23,5;0,76;0,18;0,18;0,75;2,0;12,0;27,0;32,0;0,0;27,0;0,0;;0,0;;;0,0;;;;;0,0;;;;;No;No;No;No;No;No;No;No;No;No
1779,0;Konan N'dri;ci CIV;FW,MF;Lecce;it Serie A;25,0;2000,0;19,0;0,0;356,0;4,0;2,0;0,0;2,0;2,0;0,0;0,0;2,0;0,0;0,51;13,0;4,0;30,8;3,29;1,01;0,15;0,5;10,0;3,0;0,0;15,0;0,0;7,0;0,0;;0,0;;;0,0;;;;;0,0;;;;;No;No;No;No;No;No;No;No;No;No
1780,0;Stanley N'Soki;fr FRA;DF,MF;Union Berlin;de Bundesliga;26,0;1999,0;11,0;8,0;705,0;7,8;1,0;2,0;3,0;1,0;0,0;0,0;2,0;0,0;0,38;3,0;1,0;33,3;0,38;0,13;0,33;1,0;11,0;6,0;15,0;8,0;0,0;8,0;0,0;;0,0;;;0,0;;;;;0,0;;;;;No;No;No;No;No;No;No;No;No;No
1781,0;Bilal Nadir;ma MAR;MF;Marseille;fr Ligue 1;22,0;2003,0;18,0;5,0;565,0;6,3;0,0;4,0;4,0;0,0;0,0;0,0;5,0;1,0;0,64;7,0;1,0;14,3;1,12;0,16;0,0;0,0;9,0;9,0;4,0;4,0;1,0;22,0;0,0;;0,0;;;0,0;;;;;0,0;;;;;No;No;No;No;No;No;No;No;No;No
1782,0;Mahamadou Nagida;cm CMR;DF;Rennes;fr Ligue 1;20,0;2005,0;11,0;5,0;534,0;5,9;0,0;0,0;0,0;0,0;0,0;0,0;2,0;0,0;0,0;8,0;2,0;25,0;1,35;0,34;0,0;0,0;7,0;9,0;14,0;4,0;0,0;10,0;0,0;;0,0;;;0,0;;;;;0,0;;;;;No;No;No;No;No;No;No;No;No;No
1783,0;Younes Namli;dk DEN;FW,MF;Le Havre;fr Ligue 1;31,0;1994,0;12,0;3,0;327,0;3,6;0,0;1,0;1,0;0,0;0,0;0,0;2,0;0,0;0,28;4,0;0,0;0,0;1,1;0,0;0,0;0,0;21,0;5,0;5,0;4,0;0,0;8,0;0,0;;0,0;;;0,0;;;;;0,0;;;;;No;No;No;No;No;No;No;No;No;No
1784,0;Sebastian Nanasi;se SWE;MF;Strasbourg;fr Ligue 1;23,0;2002,0;12,0;4,0;439,0;4,9;3,0;1,0;4,0;3,0;0,0;0,0;0,0;0,0;0,82;10,0;6,0;60,0;2,05;1,23;0,3;0,5;8,0;3,0;3,0;1,0;0,0;4,0;0,0;;0,0;;;0,0;;;;;0,0;;;;;No;No;No;No;No;No;No;No;No;No
1785,0;Nikolas Nartey;dk DEN;MF,FW;Stuttgart;de Bundesliga;26,0;2000,0;22,0;10,0;909,0;10,1;2,0;1,0;3,0;2,0;0,0;0,0;1,0;0,0;0,3;18,0;8,0;44,4;1,78;0,79;0,11;0,25;14,0;10,0;9,0;14,0;0,0;14,0;0,0;;0,0;;;0,0;;;;;0,0;;;;;No;No;No;No;No;No;No;No;No;No
1786,0;Noah Nartey;dk DEN;MF,FW;Lyon;fr Ligue 1;20,0;2005,0;7,0;4,0;468,0;5,2;2,0;0,0;2,0;2,0;0,0;0,0;0,0;0,0;0,38;3,0;2,0;66,7;0,58;0,38;0,67;1,0;1,0;6,0;2,0;6,0;0,0;5,0;0,0;;0,0;;;0,0;;;;;0,0;;;;;No;No;No;No;No;No;No;No;No;No
1787,0;Natan;br BRA;DF;Real Betis;es La Liga;25,0;2001,0;25,0;25,0;2164,0;24,0;0,0;0,0;0,0;0,0;0,0;0,0;6,0;0,0;0,0;8,0;1,0;12,5;0,33;0,04;0,0;0,0;1,0;13,0;28,0;10,0;0,0;18,0;0,0;;0,0;;;0,0;;;;;0,0;;;;;No;No;No;No;No;No;No;No;No;No
1788,0;Pau Navarro;es ESP;DF;Villarreal;es La Liga;20,0;2005,0;16,0;16,0;1346,0;15,0;0,0;0,0;0,0;0,0;0,0;0,0;3,0;0,0;0,0;1,0;1,0;100,0;0,07;0,07;0,0;0,0;2,0;30,0;12,0;10,0;0,0;27,0;0,0;;0,0;;;0,0;;;;;0,0;;;;;No;No;No;No;No;No;No;No;No;No
1789,0;Roberto Navarro;es ESP;MF;Athletic Club;es La Liga;23,0;2002,0;23,0;7,0;891,0;9,9;5,0;1,0;6,0;5,0;0,0;0,0;1,0;0,0;0,61;14,0;7,0;50,0;1,41;0,71;0,36;0,71;45,0;7,0;6,0;14,0;0,0;12,0;0,0;;0,0;;;0,0;;;;;0,0;;;;;No;No;No;No;No;No;No;No;No;No
1790,0;Corrie Ndaba;ie IRL;DF;Lecce;it Serie A;26,0;1999,0;11,0;4,0;402,0;4,5;0,0;0,0;0,0;0,0;0,0;0,0;0,0;0,0;0,0;2,0;0,0;0,0;0,45;0,0;0,0;0,0;2,0;4,0;1,0;0,0;0,0;2,0;0,0;;0,0;;;0,0;;;;;0,0;;;;;No;No;No;No;No;No;No;No;No;No
1791,0;Michel Ndary Adopo;fr FRA;MF;Cagliari;it Serie A;25,0;2000,0;29,0;25,0;2313,0;25,7;1,0;1,0;2,0;1,0;0,0;0,0;2,0;0,0;0,08;23,0;10,0;43,5;0,89;0,39;0,04;0,1;14,0;24,0;24,0;22,0;0,0;28,0;0,0;;0,0;;;0,0;;;;;0,0;;;;;No;No;No;No;No;No;No;No;No;No
1792,0;Youssouf Ndayishimiye;bi BDI;DF,MF;Nice;fr Ligue 1;27,0;1998,0;1,0;0,0;12,0;0,1;0,0;0,0;0,0;0,0;0,0;0,0;0,0;0,0;0,0;0,0;0,0;0,0;0,0;0,0;0,0;0,0;0,0;0,0;0,0;0,0;0,0;0,0;0,0;;0,0;;;0,0;;;;;0,0;;;;;No;No;No;No;No;No;No;No;No;No
1793,0;Iliman Ndiaye;sn SEN;MF;Everton;eng Premier League;26,0;2000,0;24,0;24,0;2060,0;22,9;5,0;3,0;8,0;3,0;2,0;2,0;2,0;0,0;0,26;29,0;14,0;48,3;1,27;0,61;0,1;0,21;41,0;32,0;13,0;30,0;0,0;25,0;0,0;;0,0;;;0,0;;;;;0,0;;;;;No;No;No;No;No;No;No;No;No;No
1794,0;Rassoul Ndiaye;sn SEN;MF;Le Havre;fr Ligue 1;24,0;2001,0;26,0;23,0;1982,0;22,0;3,0;3,0;6,0;3,0;0,0;0,0;1,0;0,0;0,27;25,0;6,0;24,0;1,14;0,27;0,12;0,5;81,0;24,0;13,0;29,0;0,0;14,0;0,0;;0,0;;;0,0;;;;;0,0;;;;;No;No;No;No;No;No;No;No;No;No
1795,0;Quentin Ndjantou Mbitcha;fr FRA;MF;Paris Saint-Germain;fr Ligue 1;18,0;2007,0;10,0;3,0;360,0;4,0;1,0;1,0;2,0;1,0;0,0;0,0;1,0;0,0;0,5;9,0;3,0;33,3;2,25;0,75;0,11;0,33;4,0;1,0;2,0;2,0;0,0;7,0;0,0;;0,0;;;0,0;;;;;0,0;;;;;No;No;No;No;No;No;No;No;No;No
1796,0;Tanguy Ndombele;fr FRA;MF;Nice;fr Ligue 1;29,0;1996,0;7,0;2,0;192,0;2,1;0,0;1,0;1,0;0,0;0,0;0,0;0,0;0,0;0,47;4,0;1,0;25,0;1,87;0,47;0,0;0,0;1,0;1,0;0,0;6,0;0,0;1,0;0,0;;0,0;;;0,0;;;;;0,0;;;;;No;No;No;No;No;No;No;No;No;No
1797,0;Cher Ndour;it ITA;MF;Fiorentina;it Serie A;21,0;2004,0;24,0;12,0;1161,0;12,9;1,0;0,0;1,0;1,0;0,0;0,0;1,0;0,0;0,08;14,0;4,0;28,6;1,09;0,31;0,07;0,25;15,0;9,0;9,0;14,0;0,0;15,0;0,0;;0,0;;;0,0;;;;;0,0;;;;;No;No;No;No;No;No;No;No;No;No
1798,0;Dan Ndoye;ch SUI;MF;Nottingham Forest;eng Premier League;25,0;2000,0;22,0;14,0;1160,0;12,9;1,0;1,0;2,0;1,0;0,0;0,0;1,0;0,0;0,16;15,0;4,0;26,7;1,16;0,31;0,07;0,25;41,0;11,0;10,0;19,0;0,0;15,0;0,0;;0,0;;;0,0;;;;;0,0;;;;;No;No;No;No;No;No;No;No;No;No
1799,0;Joseph Nduquidi;fr FRA;MF;Metz;fr Ligue 1;21,0;2004,0;1,0;0,0;7,0;0,1;0,0;0,0;0,0;0,0;0,0;0,0;0,0;0,0;0,0;0,0;0,0;0,0;0,0;0,0;0,0;0,0;1,0;0,0;0,0;0,0;0,0;0,0;0,0;;0,0;;;0,0;;;;;0,0;;;;;No;No;No;No;No;No;No;No;No;No
1800,0;Paul Nebel;de GER;MF;Mainz 05;de Bundesliga;23,0;2002,0;22,0;16,0;1416,0;15,7;2,0;1,0;3,0;2,0;0,0;0,0;2,0;2,0;0,19;19,0;3,0;15,8;1,21;0,19;0,11;0,67;99,0;23,0;9,0;14,0;0,0;20,0;0,0;;0,0;;;0,0;;;;;0,0;;;;;No;No;No;No;No;No;No;No;No;No
1801,0;Kosta Nedeljković;rs SRB;DF;RB Leipzig;de Bundesliga;20,0;2005,0;5,0;3,0;251,0;2,8;0,0;0,0;0,0;0,0;0,0;0,0;0,0;0,0;0,0;0,0;0,0;0,0;0,0;0,0;0,0;0,0;6,0;1,0;1,0;1,0;0,0;1,0;0,0;;0,0;;;0,0;;;;;0,0;;;;;No;No;No;No;No;No;No;No;No;No
1802,0;Loïc Nego;hu HUN;DF,MF;Le Havre;fr Ligue 1;35,0;1991,0;23,0;22,0;1933,0;21,5;0,0;0,0;0,0;0,0;0,0;0,0;2,0;0,0;0,0;16,0;3,0;18,8;0,74;0,14;0,0;0,0;60,0;25,0;26,0;16,0;0,0;15,0;0,0;;0,0;;;0,0;;;;;0,0;;;;;No;No;No;No;No;No;No;No;No;No
1803,0;Dan Neil;eng ENG;MF;Sunderland;eng Premier League;24,0;2001,0;3,0;0,0;14,0;0,2;0,0;0,0;0,0;0,0;0,0;0,0;0,0;0,0;0,0;0,0;0,0;0,0;0,0;0,0;0,0;0,0;0,0;0,0;1,0;1,0;0,0;0,0;0,0;;0,0;;;0,0;;;;;0,0;;;;;No;No;No;No;No;No;No;No;No;No
1804,0;Reiss Nelson;eng ENG;FW,MF;Brentford;eng Premier League;26,0;1999,0;7,0;0,0;61,0;0,7;0,0;0,0;0,0;0,0;0,0;0,0;0,0;0,0;0,0;4,0;1,0;25,0;5,9;1,48;0,0;0,0;1,0;1,0;0,0;2,0;0,0;0,0;0,0;;0,0;;;0,0;;;;;0,0;;;;;No;No;No;No;No;No;No;No;No;No
1805,0;Victor Nelsson;dk DEN;DF;Hellas Verona;it Serie A;27,0;1998,0;29,0;28,0;2506,0;27,8;0,0;0,0;0,0;0,0;0,0;0,0;3,0;0,0;0,0;6,0;0,0;0,0;0,22;0,0;0,0;0,0;1,0;24,0;54,0;15,0;0,0;34,0;1,0;;0,0;;;0,0;;;;;0,0;;;;;No;No;No;No;No;No;No;No;No;No
1806,0;David Neres;br BRA;FW,MF;Napoli;it Serie A;29,0;1997,0;16,0;10,0;922,0;10,2;3,0;3,0;6,0;3,0;0,0;0,0;3,0;0,0;0,59;17,0;4,0;23,5;1,66;0,39;0,18;0,75;53,0;5,0;1,0;7,0;0,0;19,0;0,0;;0,0;;;0,0;;;;;0,0;;;;;No;No;No;No;No;No;No;No;No;No
1807,0;Martim Neto;pt POR;MF;Elche;es La Liga;23,0;2003,0;22,0;13,0;1177,0;13,1;2,0;5,0;7,0;2,0;0,0;0,0;2,0;0,0;0,54;12,0;4,0;33,3;0,92;0,31;0,17;0,5;25,0;9,0;2,0;9,0;0,0;16,0;0,0;;0,0;;;0,0;;;;;0,0;;;;;No;No;No;No;No;No;No;No;No;No
1808,0;Pedro Neto;pt POR;MF;Chelsea;eng Premier League;26,0;2000,0;28,0;24,0;2140,0;23,8;5,0;4,0;9,0;5,0;0,0;0,0;4,0;1,0;0,38;39,0;11,0;28,2;1,64;0,46;0,13;0,45;154,0;9,0;6,0;20,0;1,0;11,0;0,0;;0,0;;;0,0;;;;;0,0;;;;;No;No;No;No;No;No;No;No;No;No
1809,0;Luca Netz;de GER;MF,DF;Gladbach;de Bundesliga;22,0;2003,0;15,0;10,0;940,0;10,4;0,0;2,0;2,0;0,0;0,0;0,0;1,0;0,0;0,19;2,0;0,0;0,0;0,19;0,0;0,0;0,0;26,0;10,0;7,0;2,0;0,0;8,0;0,0;;0,0;;;0,0;;;;;0,0;;;;;No;No;No;No;No;No;No;No;No;No
1810,0;Luca Netz;de GER;DF,MF;Nottingham Forest;eng Premier League;22,0;2003,0;2,0;0,0;50,0;0,6;0,0;0,0;0,0;0,0;0,0;0,0;0,0;0,0;0,0;0,0;0,0;0,0;0,0;0,0;0,0;0,0;2,0;0,0;0,0;0,0;0,0;0,0;0,0;;0,0;;;0,0;;;;;0,0;;;;;No;No;No;No;No;No;No;No;No;No
1811,0;Manuel Neuer;de GER;GK;Bayern Munich;de Bundesliga;39,0;1986,0;19,0;19,0;1620,0;18,0;0,0;0,0;0,0;0,0;0,0;0,0;0,0;0,0;0,0;0,0;0,0;0,0;0,0;0,0;0,0;0,0;0,0;0,0;0,0;2,0;0,0;0,0;0,0;17,0;0,94;42,0;26,0;61,9;16,0;3,0;0,0;6,0;31,6;1,0;1,0;0,0;0,0;No;No;No;No;No;No;No;No;No;No
1812,0;Florian Neuhaus;de GER;MF,FW;Gladbach;de Bundesliga;29,0;1997,0;16,0;11,0;902,0;10,0;0,0;1,0;1,0;0,0;0,0;0,0;0,0;0,0;0,1;22,0;6,0;27,3;2,2;0,6;0,0;0,0;9,0;7,0;9,0;9,0;0,0;9,0;0,0;;0,0;;;0,0;;;;;0,0;;;;;No;No;No;No;No;No;No;No;No;No
1813,0;Cenny Neumann;de GER;FW;Köln;de Bundesliga;19,0;2007,0;1,0;0,0;5,0;0,1;0,0;0,0;0,0;0,0;0,0;0,0;0,0;0,0;0,0;0,0;0,0;0,0;0,0;0,0;0,0;0,0;0,0;0,0;0,0;0,0;0,0;1,0;0,0;;0,0;;;0,0;;;;;0,0;;;;;No;No;No;No;No;No;No;No;No;No
1814,0;João Neves;pt POR;MF;Paris Saint-Germain;fr Ligue 1;21,0;2004,0;14,0;11,0;1002,0;11,1;5,0;1,0;6,0;5,0;0,0;0,0;0,0;0,0;0,54;21,0;6,0;28,6;1,89;0,54;0,24;0,83;2,0;12,0;4,0;8,0;0,0;12,0;0,0;;0,0;;;0,0;;;;;0,0;;;;;No;No;No;No;No;No;No;No;No;No
1815,0;Yvan Neyou;cm CMR;MF;Getafe;es La Liga;29,0;1997,0;5,0;0,0;67,0;0,7;0,0;0,0;0,0;0,0;0,0;0,0;2,0;0,0;0,0;0,0;0,0;0,0;0,0;0,0;0,0;0,0;0,0;0,0;0,0;2,0;0,0;4,0;0,0;;0,0;;;0,0;;;;;0,0;;;;;No;No;No;No;No;No;No;No;No;No
1816,0;Jessic Ngankam;de GER;FW;Eintracht Frankfurt;de Bundesliga;25,0;2000,0;3,0;0,0;62,0;0,7;0,0;0,0;0,0;0,0;0,0;0,0;0,0;0,0;0,0;0,0;0,0;0,0;0,0;0,0;0,0;0,0;0,0;0,0;0,0;2,0;0,0;4,0;0,0;;0,0;;;0,0;;;;;0,0;;;;;No;No;No;No;No;No;No;No;No;No
1817,0;Oumar Ngom;mr MTN;MF;Lecce;it Serie A;22,0;2004,0;6,0;2,0;244,0;2,7;0,0;0,0;0,0;0,0;0,0;0,0;0,0;0,0;0,0;2,0;0,0;0,0;0,74;0,0;0,0;0,0;1,0;6,0;7,0;3,0;0,0;6,0;0,0;;0,0;;;0,0;;;;;0,0;;;;;No;No;No;No;No;No;No;No;No;No
1818,0;Cyril Ngonge;be BEL;FW;Torino;it Serie A;25,0;2000,0;20,0;11,0;994,0;11,0;1,0;1,0;2,0;1,0;0,0;0,0;2,0;0,0;0,18;24,0;12,0;50,0;2,17;1,09;0,04;0,08;19,0;4,0;2,0;18,0;0,0;20,0;0,0;;0,0;;;0,0;;;;;0,0;;;;;No;No;No;No;No;No;No;No;No;No
1819,0;Cyril Ngonge;be BEL;MF;Espanyol;es La Liga;25,0;2000,0;4,0;2,0;169,0;1,9;0,0;2,0;2,0;0,0;0,0;0,0;2,0;0,0;1,07;6,0;2,0;33,3;3,2;1,07;0,0;0,0;16,0;1,0;3,0;4,0;0,0;3,0;0,0;;0,0;;;0,0;;;;;0,0;;;;;No;No;No;No;No;No;No;No;No;No
1820,0;Mikayil Ngor Faye;sn SEN;MF,DF;Cremonese;it Serie A;21,0;2004,0;8,0;2,0;254,0;2,8;0,0;0,0;0,0;0,0;0,0;0,0;1,0;0,0;0,0;2,0;0,0;0,0;0,71;0,0;0,0;0,0;6,0;6,0;5,0;4,0;0,0;2,0;0,0;;0,0;;;0,0;;;;;0,0;;;;;No;No;No;No;No;No;No;No;No;No
1821,0;Mikayil Ngor Faye;sn SEN;MF;Rennes;fr Ligue 1;21,0;2004,0;1,0;0,0;8,0;0,1;0,0;0,0;0,0;0,0;0,0;0,0;0,0;0,0;0,0;0,0;0,0;0,0;0,0;0,0;0,0;0,0;0,0;0,0;0,0;0,0;0,0;0,0;0,0;;0,0;;;0,0;;;;;0,0;;;;;No;No;No;No;No;No;No;No;No;No
1822,0;Nathan Ngoy;be BEL;DF;Lille;fr Ligue 1;22,0;2003,0;22,0;20,0;1775,0;19,7;1,0;2,0;3,0;1,0;0,0;0,0;6,0;1,0;0,15;18,0;5,0;27,8;0,91;0,25;0,06;0,2;5,0;18,0;33,0;6,0;0,0;15,0;0,0;;0,0;;;0,0;;;;;0,0;;;;;No;No;No;No;No;No;No;No;No;No
1823,0;Bernard Nguene;cm CMR;FW;Nice;fr Ligue 1;19,0;2006,0;6,0;0,0;138,0;1,5;0,0;0,0;0,0;0,0;0,0;0,0;1,0;0,0;0,0;3,0;0,0;0,0;1,96;0,0;0,0;0,0;1,0;1,0;3,0;2,0;0,0;3,0;0,0;;0,0;;;0,0;;;;;0,0;;;;;No;No;No;No;No;No;No;No;No;No
1824,0;Rio Ngumoha;eng ENG;MF;Liverpool;eng Premier League;17,0;2008,0;12,0;1,0;201,0;2,2;1,0;0,0;1,0;1,0;0,0;0,0;0,0;0,0;0,45;6,0;4,0;66,7;2,69;1,79;0,17;0,25;12,0;1,0;1,0;3,0;0,0;1,0;0,0;;0,0;;;0,0;;;;;0,0;;;;;No;No;No;No;No;No;No;No;No;No
1825,0;Moussa Niakhate;sn SEN;DF;Lyon;fr Ligue 1;30,0;1996,0;24,0;22,0;2039,0;22,7;0,0;2,0;2,0;0,0;0,0;0,0;3,0;0,0;0,09;3,0;0,0;0,0;0,13;0,0;0,0;0,0;3,0;17,0;20,0;20,0;0,0;30,0;0,0;;0,0;;;0,0;;;;;0,0;;;;;No;No;No;No;No;No;No;No;No;No
1826,0;Abdoulaye Niakhate Ndiaye;sn SEN;DF;Parma;it Serie A;23,0;2002,0;7,0;6,0;496,0;5,5;0,0;0,0;0,0;0,0;0,0;0,0;4,0;1,0;0,0;4,0;0,0;0,0;0,73;0,0;0,0;0,0;0,0;8,0;9,0;7,0;1,0;10,0;0,0;;0,0;;;0,0;;;;;0,0;;;;;No;No;No;No;No;No;No;No;No;No
1827,0;Youssoupha Niang;de GER;MF;Köln;de Bundesliga;19,0;2006,0;6,0;2,0;156,0;1,7;0,0;0,0;0,0;0,0;0,0;0,0;0,0;0,0;0,0;5,0;1,0;20,0;2,88;0,58;0,0;0,0;2,0;1,0;0,0;3,0;0,0;4,0;0,0;;0,0;;;0,0;;;;;0,0;;;;;No;No;No;No;No;No;No;No;No;No
1828,0;Tanguy Nianzou;fr FRA;DF;Sevilla;es La Liga;23,0;2002,0;11,0;7,0;618,0;6,9;0,0;0,0;0,0;0,0;0,0;0,0;5,0;0,0;0,0;6,0;0,0;0,0;0,87;0,0;0,0;0,0;0,0;10,0;4,0;6,0;0,0;14,0;0,0;;0,0;;;0,0;;;;;0,0;;;;;No;No;No;No;No;No;No;No;No;No
1829,0;Cheikh Niasse;sn SEN;MF;Hellas Verona;it Serie A;26,0;2000,0;19,0;11,0;970,0;10,8;0,0;1,0;1,0;0,0;0,0;0,0;1,0;0,0;0,09;6,0;1,0;16,7;0,56;0,09;0,0;0,0;14,0;14,0;15,0;15,0;0,0;20,0;0,0;;0,0;;;0,0;;;;;0,0;;;;;No;No;No;No;No;No;No;No;No;No
1830,0;Samuel Nibombé;be BEL;DF;Monaco;fr Ligue 1;18,0;2007,0;1,0;0,0;1,0;0,0;0,0;0,0;0,0;0,0;0,0;0,0;0,0;0,0;0,0;0,0;0,0;0,0;0,0;0,0;0,0;0,0;0,0;0,0;0,0;0,0;0,0;0,0;0,0;;0,0;;;0,0;;;;;0,0;;;;;No;No;No;No;No;No;No;No;No;No
1831,0;Rasmus Nicolaisen;dk DEN;DF;Toulouse;fr Ligue 1;29,0;1997,0;25,0;23,0;1934,0;21,5;0,0;0,0;0,0;0,0;0,0;0,0;3,0;0,0;0,0;13,0;4,0;30,8;0,6;0,19;0,0;0,0;2,0;9,0;33,0;13,0;0,0;25,0;0,0;;0,0;;;0,0;;;;;0,0;;;;;No;No;No;No;No;No;No;No;No;No
1832,0;Moritz Nicolas;de GER;GK;Gladbach;de Bundesliga;28,0;1997,0;26,0;26,0;2340,0;26,0;0,0;0,0;0,0;0,0;0,0;0,0;0,0;0,0;0,0;0,0;0,0;0,0;0,0;0,0;0,0;0,0;0,0;1,0;0,0;2,0;0,0;0,0;0,0;43,0;1,65;137,0;98,0;71,5;7,0;7,0;12,0;10,0;38,5;4,0;4,0;0,0;0,0;No;No;No;No;No;No;No;No;No;No
1833,0;Hans Nicolussi Caviglia;it ITA;MF;Fiorentina;it Serie A;25,0;2000,0;11,0;7,0;585,0;6,5;0,0;1,0;1,0;0,0;0,0;0,0;4,0;0,0;0,15;4,0;1,0;25,0;0,62;0,15;0,0;0,0;30,0;7,0;3,0;15,0;0,0;15,0;0,0;;0,0;;;0,0;;;;;0,0;;;;;No;No;No;No;No;No;No;No;No;No
1834,0;Hans Nicolussi Caviglia;it ITA;MF;Parma;it Serie A;25,0;2000,0;6,0;2,0;227,0;2,5;0,0;2,0;2,0;0,0;0,0;0,0;0,0;0,0;0,79;5,0;0,0;0,0;1,98;0,0;0,0;0,0;9,0;0,0;0,0;2,0;0,0;3,0;0,0;;0,0;;;0,0;;;;;0,0;;;;;No;No;No;No;No;No;No;No;No;No
1835,0;Julian Niehues;de GER;MF;Heidenheim;de Bundesliga;24,0;2001,0;19,0;14,0;1107,0;12,3;3,0;0,0;3,0;3,0;0,0;0,0;1,0;0,0;0,24;16,0;5,0;31,3;1,3;0,41;0,19;0,6;3,0;7,0;16,0;6,0;0,0;8,0;0,0;;0,0;;;0,0;;;;;0,0;;;;;No;No;No;No;No;No;No;No;No;No
1836,0;Oliver Nielsen;dk DEN;DF;Lazio;it Serie A;22,0;2003,0;17,0;8,0;911,0;10,1;0,0;0,0;0,0;0,0;0,0;0,0;2,0;0,0;0,0;3,0;1,0;33,3;0,3;0,1;0,0;0,0;1,0;5,0;10,0;5,0;0,0;8,0;0,0;;0,0;;;0,0;;;;;0,0;;;;;No;No;No;No;No;No;No;No;No;No
1837,0;Alieu Njie;se SWE;FW;Torino;it Serie A;20,0;2005,0;9,0;1,0;120,0;1,3;1,0;1,0;2,0;1,0;0,0;0,0;1,0;0,0;1,5;3,0;2,0;66,7;2,25;1,5;0,33;0,5;2,0;0,0;0,0;1,0;0,0;4,0;0,0;;0,0;;;0,0;;;;;0,0;;;;;No;No;No;No;No;No;No;No;No;No
1838,0;Justin Njinmah;de GER;FW,MF;Werder Bremen;de Bundesliga;25,0;2000,0;25,0;16,0;1359,0;15,1;4,0;0,0;4,0;4,0;0,0;0,0;1,0;0,0;0,26;43,0;17,0;39,5;2,85;1,13;0,09;0,24;23,0;9,0;6,0;12,0;0,0;8,0;0,0;;0,0;;;0,0;;;;;0,0;;;;;No;No;No;No;No;No;No;No;No;No
1839,0;Obed Nkambadio;fr FRA;GK;Paris FC;fr Ligue 1;23,0;2003,0;11,0;11,0;990,0;11,0;0,0;0,0;0,0;0,0;0,0;0,0;0,0;0,0;0,0;0,0;0,0;0,0;0,0;0,0;0,0;0,0;0,0;0,0;0,0;0,0;0,0;0,0;0,0;20,0;1,82;39,0;22,0;53,8;2,0;3,0;6,0;1,0;9,1;4,0;2,0;1,0;1,0;No;No;No;No;No;No;No;No;No;No
1840,0;Eddie Nketiah;eng ENG;MF;Crystal Palace;eng Premier League;26,0;1999,0;12,0;2,0;424,0;4,7;2,0;0,0;2,0;2,0;0,0;0,0;2,0;0,0;0,42;15,0;6,0;40,0;3,18;1,27;0,13;0,33;0,0;6,0;2,0;7,0;0,0;7,0;0,0;;0,0;;;0,0;;;;;0,0;;;;;No;No;No;No;No;No;No;No;No;No
1841,0;Niels Nkounkou;fr FRA;MF,DF;Torino;it Serie A;25,0;2000,0;8,0;3,0;320,0;3,6;0,0;1,0;1,0;0,0;0,0;0,0;2,0;0,0;0,28;3,0;0,0;0,0;0,84;0,0;0,0;0,0;15,0;7,0;7,0;3,0;0,0;1,0;0,0;;0,0;;;0,0;;;;;0,0;;;;;No;No;No;No;No;No;No;No;No;No
1842,0;Christopher Nkunku;fr FRA;FW;Milan;it Serie A;28,0;1997,0;23,0;11,0;996,0;11,1;5,0;3,0;8,0;2,0;3,0;3,0;0,0;0,0;0,45;20,0;11,0;55,0;1,81;0,99;0,1;0,18;8,0;2,0;1,0;18,0;0,0;7,0;0,0;;0,0;;;0,0;;;;;0,0;;;;;No;No;No;No;No;No;No;No;No;No
1843,0;Felix Nmecha;de GER;MF;Dortmund;de Bundesliga;25,0;2000,0;26,0;23,0;1980,0;22,0;2,0;3,0;5,0;2,0;0,0;0,0;0,0;0,0;0,23;27,0;6,0;22,2;1,23;0,27;0,07;0,33;6,0;20,0;23,0;19,0;0,0;26,0;0,0;;0,0;;;0,0;;;;;0,0;;;;;No;No;No;No;No;No;No;No;No;No
1844,0;Lukas Nmecha;de GER;FW;Leeds United;eng Premier League;27,0;1998,0;24,0;8,0;812,0;9,0;6,0;1,0;7,0;4,0;2,0;3,0;0,0;0,0;0,55;21,0;13,0;61,9;2,33;1,44;0,19;0,31;5,0;4,0;3,0;13,0;0,0;16,0;0,0;;0,0;;;0,0;;;;;0,0;;;;;No;No;No;No;No;No;No;No;No;No
1845,0;Tochukwu Nnadi;ng NGA;MF;Marseille;fr Ligue 1;22,0;2003,0;3,0;0,0;27,0;0,3;0,0;0,0;0,0;0,0;0,0;0,0;0,0;0,0;0,0;0,0;0,0;0,0;0,0;0,0;0,0;0,0;0,0;0,0;1,0;0,0;0,0;2,0;0,0;;0,0;;;0,0;;;;;0,0;;;;;No;No;No;No;No;No;No;No;No;No
1846,0;Martin Nogoto Bley;bf BFA;MF;Lorient;fr Ligue 1;20,0;2006,0;1,0;0,0;1,0;0,0;0,0;0,0;0,0;0,0;0,0;0,0;0,0;0,0;0,0;0,0;0,0;0,0;0,0;0,0;0,0;0,0;0,0;0,0;0,0;0,0;0,0;0,0;0,0;;0,0;;;0,0;;;;;0,0;;;;;No;No;No;No;No;No;No;No;No;No
1847,0;Arnaud Nordin;fr FRA;MF,FW;Mainz 05;de Bundesliga;27,0;1998,0;13,0;5,0;469,0;5,2;0,0;0,0;0,0;0,0;0,0;0,0;0,0;0,0;0,0;13,0;2,0;15,4;2,49;0,38;0,0;0,0;15,0;6,0;3,0;13,0;0,0;4,0;0,0;;0,0;;;0,0;;;;;0,0;;;;;No;No;No;No;No;No;No;No;No;No
1848,0;Arnaud Nordin;fr FRA;MF,FW;Rennes;fr Ligue 1;27,0;1998,0;6,0;6,0;432,0;4,8;1,0;1,0;2,0;1,0;0,0;0,0;1,0;0,0;0,42;12,0;3,0;25,0;2,5;0,62;0,08;0,33;11,0;6,0;0,0;14,0;0,0;6,0;0,0;;0,0;;;0,0;;;;;0,0;;;;;No;No;No;No;No;No;No;No;No;No
1849,0;Brooke Norton-Cuffy;eng ENG;MF,DF;Genoa;it Serie A;22,0;2004,0;25,0;24,0;2091,0;23,2;2,0;1,0;3,0;2,0;0,0;0,0;5,0;1,0;0,13;13,0;5,0;38,5;0,56;0,22;0,15;0,4;75,0;29,0;11,0;15,0;1,0;23,0;0,0;;0,0;;;0,0;;;;;0,0;;;;;No;No;No;No;No;No;No;No;No;No
1850,0;Tijjani Noslin;nl NED;FW;Lazio;it Serie A;26,0;1999,0;20,0;4,0;557,0;6,2;2,0;0,0;2,0;2,0;0,0;0,0;2,0;1,0;0,32;19,0;8,0;42,1;3,07;1,29;0,11;0,25;3,0;3,0;0,0;12,0;1,0;6,0;0,0;;0,0;;;0,0;;;;;0,0;;;;;No;No;No;No;No;No;No;No;No;No
1851,0;Noah Nsoki;fr FRA;MF;Paris Saint-Germain;fr Ligue 1;19,0;2007,0;1,0;0,0;8,0;0,1;0,0;0,0;0,0;0,0;0,0;0,0;0,0;0,0;0,0;0,0;0,0;0,0;0,0;0,0;0,0;0,0;0,0;1,0;0,0;0,0;0,0;0,0;0,0;;0,0;;;0,0;;;;;0,0;;;;;No;No;No;No;No;No;No;No;No;No
1852,0;Randy Nteka;ao ANG;FW,MF;Rayo Vallecano;es La Liga;28,0;1997,0;8,0;0,0;99,0;1,1;0,0;0,0;0,0;0,0;0,0;0,0;0,0;0,0;0,0;4,0;0,0;0,0;3,64;0,0;0,0;0,0;0,0;2,0;0,0;3,0;0,0;4,0;0,0;;0,0;;;0,0;;;;;0,0;;;;;No;No;No;No;No;No;No;No;No;No
1853,0;Alexander Nübel;de GER;GK;Stuttgart;de Bundesliga;29,0;1996,0;26,0;26,0;2340,0;26,0;0,0;1,0;1,0;0,0;0,0;0,0;0,0;0,0;0,04;0,0;0,0;0,0;0,0;0,0;0,0;0,0;0,0;0,0;1,0;7,0;0,0;0,0;0,0;34,0;1,31;103,0;76,0;73,8;15,0;5,0;6,0;10,0;38,5;8,0;7,0;1,0;0,0;No;No;No;No;No;No;No;No;No;No
1854,0;Matheus Nunes;pt POR;DF;Manchester City;eng Premier League;27,0;1998,0;27,0;25,0;2265,0;25,2;1,0;4,0;5,0;1,0;0,0;0,0;4,0;0,0;0,2;7,0;2,0;28,6;0,28;0,08;0,14;0,5;52,0;35,0;24,0;25,0;0,0;13,0;0,0;;0,0;;;0,0;;;;;0,0;;;;;No;No;No;No;No;No;No;No;No;No
1855,0;Álvaro Núñez;es ESP;DF,MF;Elche;es La Liga;25,0;2000,0;19,0;19,0;1647,0;18,3;0,0;2,0;2,0;0,0;0,0;0,0;2,0;0,0;0,11;4,0;0,0;0,0;0,22;0,0;0,0;0,0;60,0;15,0;15,0;17,0;0,0;12,0;0,0;;0,0;;;0,0;;;;;0,0;;;;;No;No;No;No;No;No;No;No;No;No
1856,0;Álvaro Núñez;es ESP;DF;Celta Vigo;es La Liga;25,0;2000,0;1,0;1,0;57,0;0,6;0,0;0,0;0,0;0,0;0,0;0,0;0,0;0,0;0,0;1,0;1,0;100,0;1,58;1,58;0,0;0,0;0,0;0,0;1,0;0,0;0,0;1,0;0,0;;0,0;;;0,0;;;;;0,0;;;;;No;No;No;No;No;No;No;No;No;No
1857,0;Unai Núñez;es ESP;DF;Hellas Verona;it Serie A;29,0;1997,0;17,0;15,0;1265,0;14,1;0,0;0,0;0,0;0,0;0,0;0,0;6,0;0,0;0,0;7,0;1,0;14,3;0,5;0,07;0,0;0,0;11,0;18,0;23,0;10,0;0,0;27,0;1,0;;0,0;;;0,0;;;;;0,0;;;;;No;No;No;No;No;No;No;No;No;No
1858,0;Unai Núñez;es ESP;DF;Valencia;es La Liga;29,0;1997,0;6,0;6,0;500,0;5,6;0,0;0,0;0,0;0,0;0,0;0,0;2,0;0,0;0,0;4,0;0,0;0,0;0,72;0,0;0,0;0,0;2,0;6,0;5,0;3,0;0,0;5,0;0,0;;0,0;;;0,0;;;;;0,0;;;;;No;No;No;No;No;No;No;No;No;No
1859,0;Joi Nuredini;al ALB;FW;Genoa;it Serie A;18,0;2007,0;1,0;0,0;2,0;0,0;0,0;0,0;0,0;0,0;0,0;0,0;0,0;0,0;0,0;0,0;0,0;0,0;0,0;0,0;0,0;0,0;0,0;0,0;0,0;0,0;0,0;0,0;0,0;;0,0;;;0,0;;;;;0,0;;;;;No;No;No;No;No;No;No;No;No;No
1860,0;Antonio Nusa;no NOR;FW,MF;RB Leipzig;de Bundesliga;20,0;2005,0;23,0;19,0;1597,0;17,7;2,0;2,0;4,0;2,0;0,0;0,0;0,0;0,0;0,23;50,0;13,0;26,0;2,82;0,73;0,04;0,15;56,0;9,0;5,0;50,0;0,0;9,0;0,0;;0,0;;;0,0;;;;;0,0;;;;;No;No;No;No;No;No;No;No;No;No
1861,0;Ethan Nwaneri;eng ENG;MF;Arsenal;eng Premier League;18,0;2007,0;6,0;0,0;171,0;1,9;0,0;0,0;0,0;0,0;0,0;0,0;0,0;0,0;0,0;6,0;0,0;0,0;3,16;0,0;0,0;0,0;2,0;0,0;0,0;0,0;0,0;2,0;0,0;;0,0;;;0,0;;;;;0,0;;;;;No;No;No;No;No;No;No;No;No;No
1862,0;Ethan Nwaneri;eng ENG;MF;Marseille;fr Ligue 1;18,0;2007,0;6,0;3,0;217,0;2,4;1,0;1,0;2,0;1,0;0,0;0,0;1,0;0,0;0,83;6,0;2,0;33,3;2,49;0,83;0,17;0,5;6,0;1,0;2,0;1,0;0,0;4,0;0,0;;0,0;;;0,0;;;;;0,0;;;;;No;No;No;No;No;No;No;No;No;No
1863,0;Ørjan Nyland;no NOR;GK;Sevilla;es La Liga;35,0;1990,0;4,0;4,0;360,0;4,0;0,0;0,0;0,0;0,0;0,0;0,0;1,0;0,0;0,0;0,0;0,0;0,0;0,0;0,0;0,0;0,0;0,0;0,0;0,0;0,0;0,0;0,0;0,0;7,0;1,75;15,0;9,0;60,0;1,0;1,0;2,0;1,0;25,0;1,0;1,0;0,0;0,0;No;No;No;No;No;No;No;No;No;No
1864,0;Allan Nyom;cm CMR;DF;Getafe;es La Liga;37,0;1988,0;11,0;4,0;289,0;3,2;0,0;0,0;0,0;0,0;0,0;0,0;4,0;1,0;0,0;3,0;1,0;33,3;0,93;0,31;0,0;0,0;6,0;5,0;1,0;3,0;0,0;11,0;0,0;;0,0;;;0,0;;;;;0,0;;;;;No;No;No;No;No;No;No;No;No;No
1865,0;Trey Nyoni;eng ENG;MF;Liverpool;eng Premier League;18,0;2007,0;4,0;0,0;15,0;0,2;0,0;0,0;0,0;0,0;0,0;0,0;0,0;0,0;0,0;1,0;0,0;0,0;6,0;0,0;0,0;0,0;0,0;0,0;0,0;0,0;0,0;0,0;0,0;;0,0;;;0,0;;;;;0,0;;;;;No;No;No;No;No;No;No;No;No;No
1866,0;Rabby Nzingoula;fr FRA;MF;Strasbourg;fr Ligue 1;20,0;2005,0;4,0;0,0;51,0;0,6;0,0;0,0;0,0;0,0;0,0;0,0;0,0;1,0;0,0;1,0;0,0;0,0;1,76;0,0;0,0;0,0;2,0;1,0;1,0;2,0;0,0;3,0;0,0;;0,0;;;0,0;;;;;0,0;;;;;No;No;No;No;No;No;No;No;No;No
1867,0;M'Bala Nzola;ao ANG;FW;Pisa;it Serie A;29,0;1996,0;16,0;11,0;1052,0;11,7;3,0;0,0;3,0;1,0;2,0;3,0;1,0;1,0;0,09;28,0;7,0;25,0;2,4;0,6;0,04;0,14;7,0;2,0;1,0;17,0;0,0;18,0;0,0;;0,0;;;0,0;;;;;0,0;;;;;No;No;No;No;No;No;No;No;No;No
1868,0;M'Bala Nzola;ao ANG;FW;Sassuolo;it Serie A;29,0;1996,0;6,0;1,0;176,0;2,0;0,0;0,0;0,0;0,0;0,0;0,0;1,0;0,0;0,0;3,0;1,0;33,3;1,53;0,51;0,0;0,0;0,0;2,0;1,0;3,0;0,0;6,0;0,0;;0,0;;;0,0;;;;;0,0;;;;;No;No;No;No;No;No;No;No;No;No
1869,0;Christian Nørgaard;dk DEN;MF;Arsenal;eng Premier League;32,0;1994,0;6,0;0,0;61,0;0,7;0,0;0,0;0,0;0,0;0,0;0,0;0,0;0,0;0,0;1,0;1,0;100,0;1,48;1,48;0,0;0,0;0,0;0,0;0,0;0,0;0,0;1,0;0,0;;0,0;;;0,0;;;;;0,0;;;;;No;No;No;No;No;No;No;No;No;No
1870,0;Jake O'Brien;ie IRL;DF;Everton;eng Premier League;24,0;2001,0;29,0;27,0;2458,0;27,3;0,0;1,0;1,0;0,0;0,0;0,0;2,0;1,0;0,04;9,0;3,0;33,3;0,33;0,11;0,0;0,0;41,0;28,0;10,0;10,0;0,0;15,0;0,0;;0,0;;;0,0;;;;;0,0;;;;;No;No;No;No;No;No;No;No;No;No
1871,0;Luke O'Nien;eng ENG;DF;Sunderland;eng Premier League;31,0;1994,0;7,0;1,0;141,0;1,6;0,0;0,0;0,0;0,0;0,0;0,0;1,0;1,0;0,0;0,0;0,0;0,0;0,0;0,0;0,0;0,0;2,0;2,0;2,0;3,0;0,0;4,0;0,0;;0,0;;;0,0;;;;;0,0;;;;;No;No;No;No;No;No;No;No;No;No
1872,0;Matt O'Riley;dk DEN;MF;Marseille;fr Ligue 1;25,0;2000,0;15,0;6,0;741,0;8,2;1,0;2,0;3,0;1,0;0,0;0,0;2,0;0,0;0,36;7,0;3,0;42,9;0,85;0,36;0,14;0,33;7,0;8,0;6,0;1,0;0,0;15,0;0,0;;0,0;;;0,0;;;;;0,0;;;;;No;No;No;No;No;No;No;No;No;No
1873,0;Matt O'Riley;dk DEN;MF;Brighton;eng Premier League;25,0;2000,0;4,0;2,0;187,0;2,1;1,0;0,0;1,0;0,0;1,0;1,0;0,0;0,0;0,0;4,0;2,0;50,0;1,93;0,96;0,0;0,0;6,0;2,0;0,0;1,0;0,0;2,0;0,0;;0,0;;;0,0;;;;;0,0;;;;;No;No;No;No;No;No;No;No;No;No
1874,0;Adam Obert;sk SVK;DF,MF;Cagliari;it Serie A;23,0;2002,0;27,0;25,0;2069,0;23,0;0,0;3,0;3,0;0,0;0,0;0,0;10,0;1,0;0,13;9,0;3,0;33,3;0,39;0,13;0,0;0,0;34,0;23,0;38,0;8,0;1,0;37,0;0,0;;0,0;;;0,0;;;;;0,0;;;;;No;No;No;No;No;No;No;No;No;No
1875,0;Jan Oblak;si SVN;GK;Atlético Madrid;es La Liga;33,0;1993,0;26,0;26,0;2340,0;26,0;0,0;0,0;0,0;0,0;0,0;0,0;0,0;0,0;0,0;0,0;0,0;0,0;0,0;0,0;0,0;0,0;0,0;0,0;0,0;4,0;0,0;0,0;0,0;25,0;0,96;82,0;58,0;70,7;15,0;6,0;5,0;10,0;38,5;2,0;1,0;0,0;1,0;No;No;No;No;No;No;No;No;No;No
1876,0;Noam Obougou Jacquet;fr FRA;FW;Le Havre;fr Ligue 1;20,0;2006,0;5,0;0,0;104,0;1,2;1,0;0,0;1,0;1,0;0,0;0,0;0,0;0,0;0,87;4,0;3,0;75,0;3,46;2,6;0,25;0,33;2,0;0,0;1,0;3,0;0,0;5,0;0,0;;0,0;;;0,0;;;;;0,0;;;;;No;No;No;No;No;No;No;No;No;No
1877,0;Rafel Obrador;es ESP;MF;Torino;it Serie A;22,0;2004,0;7,0;5,0;389,0;4,3;0,0;1,0;1,0;0,0;0,0;0,0;0,0;0,0;0,23;3,0;1,0;33,3;0,69;0,23;0,0;0,0;13,0;4,0;6,0;1,0;0,0;3,0;0,0;;0,0;;;0,0;;;;;0,0;;;;;No;No;No;No;No;No;No;No;No;No
1878,0;Job Ochieng';ke KEN;FW;Real Sociedad;es La Liga;23,0;2003,0;1,0;0,0;26,0;0,3;0,0;0,0;0,0;0,0;0,0;0,0;0,0;0,0;0,0;0,0;0,0;0,0;0,0;0,0;0,0;0,0;1,0;0,0;0,0;0,0;0,0;0,0;0,0;;0,0;;;0,0;;;;;0,0;;;;;No;No;No;No;No;No;No;No;No;No
1879,0;Cas Odenthal;nl NED;DF;Sassuolo;it Serie A;25,0;2000,0;1,0;0,0;1,0;0,0;0,0;0,0;0,0;0,0;0,0;0,0;0,0;0,0;0,0;0,0;0,0;0,0;0,0;0,0;0,0;0,0;0,0;0,0;0,0;0,0;0,0;0,0;0,0;;0,0;;;0,0;;;;;0,0;;;;;No;No;No;No;No;No;No;No;No;No
1880,0;Jens Odgaard;dk DEN;MF;Bologna;it Serie A;26,0;1999,0;22,0;15,0;1240,0;13,8;5,0;1,0;6,0;5,0;0,0;0,0;1,0;0,0;0,44;32,0;12,0;37,5;2,32;0,87;0,16;0,42;13,0;10,0;4,0;27,0;0,0;26,0;0,0;;0,0;;;0,0;;;;;0,0;;;;;No;No;No;No;No;No;No;No;No;No
1881,0;Wilson Odobert;fr FRA;MF,FW;Tottenham Hotspur;eng Premier League;21,0;2004,0;24,0;10,0;985,0;10,9;0,0;2,0;2,0;0,0;0,0;0,0;0,0;0,0;0,18;21,0;8,0;38,1;1,92;0,73;0,0;0,0;28,0;8,0;0,0;10,0;0,0;2,0;0,0;;0,0;;;0,0;;;;;0,0;;;;;No;No;No;No;No;No;No;No;No;No
1882,0;David Odogu;de GER;DF;Milan;it Serie A;19,0;2006,0;1,0;0,0;5,0;0,1;0,0;0,0;0,0;0,0;0,0;0,0;0,0;0,0;0,0;0,0;0,0;0,0;0,0;0,0;0,0;0,0;0,0;0,0;0,0;0,0;0,0;0,0;0,0;;0,0;;;0,0;;;;;0,0;;;;;No;No;No;No;No;No;No;No;No;No
1883,0;Álvaro Odriozola;es ESP;DF;Real Sociedad;es La Liga;30,0;1995,0;5,0;2,0;201,0;2,2;1,0;0,0;1,0;1,0;0,0;0,0;0,0;0,0;0,45;1,0;1,0;100,0;0,45;0,45;1,0;1,0;3,0;1,0;1,0;3,0;0,0;1,0;0,0;;0,0;;;0,0;;;;;0,0;;;;;No;No;No;No;No;No;No;No;No;No
1884,0;Tim Oermann;de GER;DF;Leverkusen;de Bundesliga;22,0;2003,0;1,0;0,0;9,0;0,1;0,0;0,0;0,0;0,0;0,0;0,0;0,0;0,0;0,0;0,0;0,0;0,0;0,0;0,0;0,0;0,0;0,0;1,0;0,0;0,0;0,0;0,0;0,0;;0,0;;;0,0;;;;;0,0;;;;;No;No;No;No;No;No;No;No;No;No
1885,0;Ifechukwu Ogbus;ch SUI;DF;Freiburg;de Bundesliga;20,0;2005,0;10,0;8,0;762,0;8,5;0,0;0,0;0,0;0,0;0,0;0,0;0,0;0,0;0,0;5,0;2,0;40,0;0,59;0,24;0,0;0,0;2,0;7,0;5,0;6,0;0,0;4,0;0,0;;0,0;;;0,0;;;;;0,0;;;;;No;No;No;No;No;No;No;No;No;No
1886,0;Uchenna Ogundu;ng NGA;FW;Augsburg;de Bundesliga;19,0;2006,0;1,0;0,0;10,0;0,1;0,0;0,0;0,0;0,0;0,0;0,0;0,0;0,0;0,0;0,0;0,0;0,0;0,0;0,0;0,0;0,0;1,0;0,0;0,0;0,0;0,0;0,0;0,0;;0,0;;;0,0;;;;;0,0;;;;;No;No;No;No;No;No;No;No;No;No
1887,0;Noah Okafor;ch SUI;FW,MF;Leeds United;eng Premier League;25,0;2000,0;23,0;15,0;1273,0;14,1;4,0;0,0;4,0;4,0;0,0;0,0;3,0;0,0;0,28;26,0;9,0;34,6;1,84;0,64;0,15;0,44;31,0;13,0;10,0;13,0;0,0;16,0;0,0;;0,0;;;0,0;;;;;0,0;;;;;No;No;No;No;No;No;No;No;No;No
1888,0;David Okereke;ng NGA;FW;Cremonese;it Serie A;28,0;1997,0;4,0;1,0;155,0;1,7;1,0;0,0;1,0;1,0;0,0;0,0;0,0;0,0;0,58;4,0;2,0;50,0;2,32;1,16;0,25;0,5;2,0;0,0;0,0;1,0;0,0;0,0;0,0;;0,0;;;0,0;;;;;0,0;;;;;No;No;No;No;No;No;No;No;No;No
1889,0;Bryan Okoh;ch SUI;DF;Auxerre;fr Ligue 1;22,0;2003,0;6,0;5,0;453,0;5,0;0,0;0,0;0,0;0,0;0,0;0,0;1,0;0,0;0,0;2,0;0,0;0,0;0,4;0,0;0,0;0,0;0,0;4,0;13,0;3,0;0,0;7,0;0,0;;0,0;;;0,0;;;;;0,0;;;;;No;No;No;No;No;No;No;No;No;No
1890,0;Maduka Okoye;ng NGA;GK;Udinese;it Serie A;26,0;1999,0;21,0;21,0;1806,0;20,1;0,0;0,0;0,0;0,0;0,0;0,0;1,0;1,0;0,0;0,0;0,0;0,0;0,0;0,0;0,0;0,0;0,0;0,0;0,0;3,0;0,0;2,0;0,0;31,0;1,54;82,0;57,0;68,3;8,0;3,0;10,0;5,0;23,8;6,0;5,0;1,0;0,0;No;No;No;No;No;No;No;No;No;No
1891,0;Olasagasti;es ESP;MF;Levante;es La Liga;25,0;2000,0;23,0;8,0;890,0;9,9;1,0;2,0;3,0;1,0;0,0;0,0;2,0;1,0;0,3;13,0;5,0;38,5;1,31;0,51;0,08;0,2;49,0;9,0;9,0;14,0;0,0;14,0;0,0;;0,0;;;0,0;;;;;0,0;;;;;No;No;No;No;No;No;No;No;No;No
1892,0;Michael Olise;fr FRA;MF;Bayern Munich;de Bundesliga;24,0;2001,0;24,0;20,0;1878,0;20,9;10,0;17,0;27,0;10,0;0,0;0,0;5,0;0,0;1,29;78,0;39,0;50,0;3,74;1,87;0,13;0,26;110,0;10,0;13,0;45,0;0,0;26,0;0,0;;0,0;;;0,0;;;;;0,0;;;;;No;No;No;No;No;No;No;No;No;No
1893,0;Mathías Olivera;uy URU;DF,MF;Napoli;it Serie A;28,0;1997,0;18,0;9,0;888,0;9,9;0,0;0,0;0,0;0,0;0,0;0,0;2,0;0,0;0,0;5,0;2,0;40,0;0,51;0,2;0,0;0,0;2,0;15,0;11,0;7,0;0,0;11,0;0,0;;0,0;;;0,0;;;;;0,0;;;;;No;No;No;No;No;No;No;No;No;No
1894,0;Tuomas Ollila;fi FIN;DF;Paris FC;fr Ligue 1;25,0;2000,0;9,0;3,0;302,0;3,4;0,0;0,0;0,0;0,0;0,0;0,0;0,0;0,0;0,0;3,0;0,0;0,0;0,89;0,0;0,0;0,0;9,0;1,0;2,0;6,0;0,0;3,0;0,0;;0,0;;;0,0;;;;;0,0;;;;;No;No;No;No;No;No;No;No;No;No
1895,0;Dani Olmo;es ESP;MF;Barcelona;es La Liga;27,0;1998,0;23,0;17,0;1477,0;16,4;7,0;6,0;13,0;7,0;0,0;0,0;0,0;0,0;0,79;58,0;20,0;34,5;3,53;1,22;0,12;0,35;24,0;19,0;12,0;35,0;0,0;17,0;0,0;;0,0;;;0,0;;;;;0,0;;;;;Sí;Sí;Sí;Sí;Sí;Sí;Sí;No;Sí;Sí
1896,0;Callum Olusesi;eng ENG;MF;Tottenham Hotspur;eng Premier League;19,0;2007,0;1,0;0,0;15,0;0,2;0,0;0,0;0,0;0,0;0,0;0,0;0,0;0,0;0,0;0,0;0,0;0,0;0,0;0,0;0,0;0,0;0,0;0,0;0,0;0,0;0,0;0,0;0,0;;0,0;;;0,0;;;;;0,0;;;;;No;No;No;No;No;No;No;No;No;No
1897,0;Tani Oluwaseyi;ca CAN;FW;Villarreal;es La Liga;25,0;2000,0;22,0;5,0;645,0;7,2;2,0;1,0;3,0;2,0;0,0;0,0;1,0;0,0;0,42;15,0;7,0;46,7;2,09;0,98;0,13;0,29;1,0;3,0;0,0;8,0;0,0;11,0;0,0;;0,0;;;0,0;;;;;0,0;;;;;No;No;No;No;No;No;No;No;No;No
1898,0;Warmed Omari;km COM;DF;Hamburger SV;de Bundesliga;25,0;2000,0;12,0;9,0;903,0;10,0;0,0;0,0;0,0;0,0;0,0;0,0;0,0;0,0;0,0;2,0;1,0;50,0;0,2;0,1;0,0;0,0;3,0;4,0;13,0;5,0;0,0;7,0;0,0;;0,0;;;0,0;;;;;0,0;;;;;No;No;No;No;No;No;No;No;No;No
1899,0;Andrew Omobamidele;ie IRL;DF;Strasbourg;fr Ligue 1;23,0;2002,0;18,0;9,0;946,0;10,5;0,0;0,0;0,0;0,0;0,0;0,0;4,0;0,0;0,0;2,0;1,0;50,0;0,19;0,1;0,0;0,0;0,0;3,0;9,0;7,0;0,0;9,0;0,0;;0,0;;;0,0;;;;;0,0;;;;;No;No;No;No;No;No;No;No;No;No
1900,0;Amadou Onana;be BEL;MF;Aston Villa;eng Premier League;24,0;2001,0;21,0;18,0;1470,0;16,3;2,0;0,0;2,0;2,0;0,0;0,0;2,0;0,0;0,12;13,0;6,0;46,2;0,8;0,37;0,15;0,33;0,0;22,0;16,0;23,0;0,0;17,0;0,0;;0,0;;;0,0;;;;;0,0;;;;;No;No;No;No;No;No;No;No;No;No
1901,0;Jean Onana;cm CMR;MF;Genoa;it Serie A;26,0;2000,0;2,0;0,0;19,0;0,2;0,0;0,0;0,0;0,0;0,0;0,0;0,0;0,0;0,0;1,0;0,0;0,0;4,74;0,0;0,0;0,0;0,0;1,0;0,0;0,0;0,0;3,0;0,0;;0,0;;;0,0;;;;;0,0;;;;;No;No;No;No;No;No;No;No;No;No
1902,0;Jacob Ondrejka;se SWE;FW,MF;Parma;it Serie A;23,0;2002,0;14,0;8,0;676,0;7,5;0,0;0,0;0,0;0,0;0,0;0,0;1,0;0,0;0,0;20,0;6,0;30,0;2,66;0,8;0,0;0,0;12,0;2,0;2,0;11,0;0,0;4,0;0,0;;0,0;;;0,0;;;;;0,0;;;;;No;No;No;No;No;No;No;No;No;No
1903,0;Frank Onyeka;ng NGA;MF;Brentford;eng Premier League;28,0;1998,0;6,0;0,0;92,0;1,0;0,0;1,0;1,0;0,0;0,0;0,0;0,0;0,0;0,98;0,0;0,0;0,0;0,0;0,0;0,0;0,0;0,0;0,0;0,0;3,0;0,0;3,0;0,0;;0,0;;;0,0;;;;;0,0;;;;;No;No;No;No;No;No;No;No;No;No
1904,0;Loïs Openda;be BEL;FW;RB Leipzig;de Bundesliga;26,0;2000,0;2,0;1,0;51,0;0,6;0,0;0,0;0,0;0,0;0,0;0,0;0,0;0,0;0,0;3,0;0,0;0,0;5,29;0,0;0,0;0,0;1,0;0,0;0,0;3,0;0,0;0,0;0,0;;0,0;;;0,0;;;;;0,0;;;;;No;No;No;No;No;No;No;No;No;No
1905,0;Loïs Openda;be BEL;FW,MF;Juventus;it Serie A;26,0;2000,0;23,0;6,0;661,0;7,3;1,0;0,0;1,0;1,0;0,0;0,0;0,0;0,0;0,14;26,0;6,0;23,1;3,54;0,82;0,04;0,17;7,0;4,0;1,0;21,0;0,0;7,0;0,0;;0,0;;;0,0;;;;;0,0;;;;;No;No;No;No;No;No;No;No;No;No
1906,0;Fredrik Oppegard;no NOR;DF,MF;Auxerre;fr Ligue 1;23,0;2002,0;18,0;10,0;975,0;10,8;0,0;0,0;0,0;0,0;0,0;0,0;1,0;1,0;0,0;9,0;1,0;11,1;0,83;0,09;0,0;0,0;46,0;18,0;14,0;3,0;0,0;7,0;0,0;;0,0;;;0,0;;;;;0,0;;;;;No;No;No;No;No;No;No;No;No;No
1907,0;Louis Oppie;de GER;MF;St Pauli;de Bundesliga;23,0;2002,0;19,0;15,0;1430,0;15,9;1,0;0,0;1,0;1,0;0,0;0,0;0,0;0,0;0,06;14,0;3,0;21,4;0,88;0,19;0,07;0,33;50,0;16,0;9,0;13,0;0,0;13,0;0,0;;0,0;;;0,0;;;;;0,0;;;;;No;No;No;No;No;No;No;No;No;No
1908,0;Gift Orban;ng NGA;FW;Hellas Verona;it Serie A;23,0;2002,0;24,0;20,0;1750,0;19,4;7,0;2,0;9,0;5,0;2,0;2,0;4,0;1,0;0,36;71,0;25,0;35,2;3,65;1,29;0,07;0,2;12,0;3,0;3,0;19,0;0,0;19,0;0,0;;0,0;;;0,0;;;;;0,0;;;;;No;No;No;No;No;No;No;No;No;No
1909,0;Willi Orban;hu HUN;DF;RB Leipzig;de Bundesliga;33,0;1992,0;26,0;26,0;2319,0;25,8;1,0;0,0;1,0;1,0;0,0;0,0;3,0;0,0;0,04;19,0;8,0;42,1;0,74;0,31;0,05;0,13;5,0;21,0;34,0;20,0;0,0;15,0;0,0;;0,0;;;0,0;;;;;0,0;;;;;No;No;No;No;No;No;No;No;No;No
1910,0;Christian Ordoñez;ar ARG;MF;Parma;it Serie A;21,0;2004,0;20,0;9,0;733,0;8,1;1,0;0,0;1,0;1,0;0,0;0,0;5,0;1,0;0,12;6,0;2,0;33,3;0,74;0,25;0,17;0,5;8,0;5,0;6,0;5,0;1,0;15,0;0,0;;0,0;;;0,0;;;;;0,0;;;;;No;No;No;No;No;No;No;No;No;No
1911,0;Nehemiah Oriola;eng ENG;MF;Brighton;eng Premier League;18,0;2007,0;1,0;0,0;1,0;0,0;0,0;0,0;0,0;0,0;0,0;0,0;0,0;0,0;0,0;0,0;0,0;0,0;0,0;0,0;0,0;0,0;0,0;0,0;0,0;0,0;0,0;0,0;0,0;;0,0;;;0,0;;;;;0,0;;;;;No;No;No;No;No;No;No;No;No;No
1912,0;Gaetano Oristanio;it ITA;FW,MF;Parma;it Serie A;23,0;2002,0;18,0;8,0;818,0;9,1;1,0;0,0;1,0;1,0;0,0;0,0;1,0;0,0;0,11;24,0;4,0;16,7;2,64;0,44;0,04;0,25;16,0;6,0;2,0;19,0;0,0;11,0;0,0;;0,0;;;0,0;;;;;0,0;;;;;No;No;No;No;No;No;No;No;No;No
1913,0;Aimar Oroz;es ESP;MF,FW;Osasuna;es La Liga;24,0;2001,0;21,0;18,0;1555,0;17,3;0,0;2,0;2,0;0,0;0,0;0,0;5,0;0,0;0,12;25,0;4,0;16,0;1,45;0,23;0,0;0,0;22,0;15,0;6,0;44,0;0,0;22,0;0,0;;0,0;;;0,0;;;;;0,0;;;;;No;No;No;No;No;No;No;No;No;No
1914,0;Riccardo Orsolini;it ITA;MF;Bologna;it Serie A;29,0;1997,0;27,0;21,0;1624,0;18,0;7,0;1,0;8,0;4,0;3,0;4,0;2,0;0,0;0,28;62,0;23,0;37,1;3,44;1,27;0,06;0,17;38,0;11,0;5,0;32,0;0,0;14,0;0,0;;0,0;;;0,0;;;;;0,0;;;;;No;No;No;No;No;No;No;No;No;No
1915,0;Stefan Ortega;de GER;GK;Nottingham Forest;eng Premier League;33,0;1992,0;3,0;3,0;270,0;3,0;0,0;0,0;0,0;0,0;0,0;0,0;0,0;0,0;0,0;0,0;0,0;0,0;0,0;0,0;0,0;0,0;0,0;0,0;0,0;0,0;0,0;0,0;0,0;4,0;1,33;12,0;8,0;66,7;0,0;1,0;2,0;1,0;33,3;0,0;0,0;0,0;0,0;No;No;No;No;No;No;No;No;No;No
1916,0;Ángel Ortíz;es ESP;DF;Real Betis;es La Liga;21,0;2004,0;12,0;6,0;539,0;6,0;0,0;0,0;0,0;0,0;0,0;0,0;1,0;0,0;0,0;1,0;0,0;0,0;0,17;0,0;0,0;0,0;17,0;17,0;1,0;9,0;0,0;9,0;0,0;;0,0;;;0,0;;;;;0,0;;;;;No;No;No;No;No;No;No;No;No;No
1917,0;Asier Osambela;es ESP;DF;Osasuna;es La Liga;22,0;2004,0;12,0;2,0;292,0;3,2;1,0;0,0;1,0;1,0;0,0;0,0;1,0;0,0;0,31;3,0;1,0;33,3;0,92;0,31;0,33;1,0;3,0;2,0;4,0;0,0;0,0;12,0;0,0;;0,0;;;0,0;;;;;0,0;;;;;No;No;No;No;No;No;No;No;No;No
1918,0;Gabriel Osho;ng NGA;DF;Auxerre;fr Ligue 1;27,0;1998,0;2,0;2,0;134,0;1,5;0,0;0,0;0,0;0,0;0,0;0,0;0,0;0,0;0,0;0,0;0,0;0,0;0,0;0,0;0,0;0,0;2,0;3,0;0,0;1,0;0,0;2,0;0,0;;0,0;;;0,0;;;;;0,0;;;;;No;No;No;No;No;No;No;No;No;No
1919,0;Ibrahim Osman;gh GHA;MF,FW;Auxerre;fr Ligue 1;21,0;2004,0;14,0;7,0;625,0;6,9;0,0;2,0;2,0;0,0;0,0;0,0;0,0;0,0;0,29;18,0;6,0;33,3;2,59;0,86;0,0;0,0;10,0;7,0;6,0;14,0;0,0;7,0;0,0;;0,0;;;0,0;;;;;0,0;;;;;No;No;No;No;No;No;No;No;No;No
1920,0;Patrick Osterhage;de GER;MF;Freiburg;de Bundesliga;26,0;2000,0;19,0;13,0;1187,0;13,2;1,0;0,0;1,0;1,0;0,0;0,0;4,0;0,0;0,08;7,0;2,0;28,6;0,53;0,15;0,14;0,5;9,0;7,0;15,0;13,0;0,0;13,0;0,0;;0,0;;;0,0;;;;;0,0;;;;;No;No;No;No;No;No;No;No;No;No
1921,0;William Osula;dk DEN;FW;Newcastle United;eng Premier League;22,0;2003,0;16,0;1,0;280,0;3,1;2,0;0,0;2,0;2,0;0,0;0,0;0,0;0,0;0,64;8,0;4,0;50,0;2,57;1,29;0,25;0,5;1,0;1,0;0,0;1,0;0,0;13,0;0,0;;0,0;;;0,0;;;;;0,0;;;;;No;No;No;No;No;No;No;No;No;No
1922,0;Philip Otele;ng NGA;MF,FW;Hamburger SV;de Bundesliga;26,0;1999,0;6,0;5,0;346,0;3,8;0,0;1,0;1,0;0,0;0,0;0,0;1,0;0,0;0,26;4,0;1,0;25,0;1,04;0,26;0,0;0,0;12,0;2,0;2,0;2,0;0,0;5,0;0,0;;0,0;;;0,0;;;;;0,0;;;;;No;No;No;No;No;No;No;No;No;No
1923,0;Sebastian Otoa;dk DEN;DF;Genoa;it Serie A;21,0;2004,0;8,0;6,0;584,0;6,5;0,0;0,0;0,0;0,0;0,0;0,0;1,0;0,0;0,0;2,0;1,0;50,0;0,31;0,15;0,0;0,0;1,0;8,0;8,0;11,0;0,0;4,0;1,0;;0,0;;;0,0;;;;;0,0;;;;;No;No;No;No;No;No;No;No;No;No
1924,0;Abdoul Ouattara;fr FRA;MF,DF;Strasbourg;fr Ligue 1;20,0;2005,0;22,0;15,0;1400,0;15,6;2,0;0,0;2,0;2,0;0,0;0,0;2,0;0,0;0,13;21,0;7,0;33,3;1,35;0,45;0,1;0,29;16,0;12,0;12,0;7,0;0,0;10,0;0,0;;0,0;;;0,0;;;;;0,0;;;;;No;No;No;No;No;No;No;No;No;No
1925,0;Dango Ouattara;bf BFA;MF;Brentford;eng Premier League;24,0;2002,0;24,0;19,0;1700,0;18,9;5,0;3,0;8,0;5,0;0,0;0,0;4,0;0,0;0,42;36,0;12,0;33,3;1,91;0,64;0,14;0,42;73,0;11,0;20,0;30,0;0,0;21,0;0,0;;0,0;;;0,0;;;;;0,0;;;;;No;No;No;No;No;No;No;No;No;No
1926,0;Kassoum Ouattara;fr FRA;MF,DF;Monaco;fr Ligue 1;21,0;2004,0;15,0;12,0;967,0;10,7;0,0;3,0;3,0;0,0;0,0;0,0;3,0;0,0;0,28;12,0;0,0;0,0;1,12;0,0;0,0;0,0;50,0;19,0;19,0;10,0;0,0;22,0;0,0;;0,0;;;0,0;;;;;0,0;;;;;No;No;No;No;No;No;No;No;No;No
1927,0;Assan Ouedraogo;de GER;MF,FW;RB Leipzig;de Bundesliga;19,0;2006,0;12,0;9,0;609,0;6,8;3,0;3,0;6,0;3,0;0,0;0,0;0,0;0,0;0,89;18,0;9,0;50,0;2,66;1,33;0,17;0,33;2,0;6,0;3,0;18,0;0,0;4,0;0,0;;0,0;;;0,0;;;;;0,0;;;;;No;No;No;No;No;No;No;No;No;No
1928,0;Azzedine Ounahi;ma MAR;MF;Girona;es La Liga;25,0;2000,0;14,0;10,0;940,0;10,4;4,0;2,0;6,0;4,0;0,0;0,0;5,0;0,0;0,57;31,0;12,0;38,7;2,97;1,15;0,13;0,33;16,0;8,0;13,0;40,0;0,0;11,0;0,0;;0,0;;;0,0;;;;;0,0;;;;;No;No;No;No;No;No;No;No;No;No
1929,0;Elisha Owusu;gh GHA;MF;Auxerre;fr Ligue 1;28,0;1997,0;21,0;19,0;1624,0;18,0;0,0;0,0;0,0;0,0;0,0;0,0;6,0;0,0;0,0;4,0;0,0;0,0;0,22;0,0;0,0;0,0;1,0;35,0;15,0;17,0;0,0;29,0;0,0;;0,0;;;0,0;;;;;0,0;;;;;No;No;No;No;No;No;No;No;No;No
1930,0;Mikel Oyarzabal;es ESP;FW;Real Sociedad;es La Liga;28,0;1997,0;25,0;24,0;2096,0;23,3;12,0;3,0;15,0;7,0;5,0;5,0;2,0;0,0;0,43;67,0;29,0;43,3;2,88;1,25;0,1;0,24;13,0;13,0;3,0;35,0;0,0;17,0;0,0;;0,0;;;0,0;;;;;0,0;;;;;Sí;Sí;Sí;Sí;Sí;Sí;Sí;Sí;Sí;Sí
1931,0;Max Oyedele;pl POL;MF;Strasbourg;fr Ligue 1;21,0;2004,0;2,0;0,0;14,0;0,2;0,0;0,0;0,0;0,0;0,0;0,0;0,0;0,0;0,0;0,0;0,0;0,0;0,0;0,0;0,0;0,0;0,0;0,0;1,0;0,0;0,0;0,0;0,0;;0,0;;;0,0;;;;;0,0;;;;;No;No;No;No;No;No;No;No;No;No
1932,0;Daniel Oyegoke;eng ENG;MF,DF;Hellas Verona;it Serie A;23,0;2003,0;11,0;5,0;365,0;4,1;0,0;0,0;0,0;0,0;0,0;0,0;1,0;0,0;0,0;1,0;0,0;0,0;0,25;0,0;0,0;0,0;18,0;5,0;5,0;4,0;0,0;8,0;0,0;;0,0;;;0,0;;;;;0,0;;;;;No;No;No;No;No;No;No;No;No;No
1933,0;Salih Özcan;tr TUR;MF;Dortmund;de Bundesliga;28,0;1998,0;7,0;0,0;35,0;0,4;0,0;0,0;0,0;0,0;0,0;0,0;0,0;0,0;0,0;1,0;0,0;0,0;2,57;0,0;0,0;0,0;1,0;0,0;0,0;1,0;0,0;0,0;0,0;;0,0;;;0,0;;;;;0,0;;;;;No;No;No;No;No;No;No;No;No;No
1934,0;Berke Özer;tr TUR;GK;Lille;fr Ligue 1;25,0;2000,0;24,0;24,0;2160,0;24,0;0,0;1,0;1,0;0,0;0,0;0,0;3,0;0,0;0,04;0,0;0,0;0,0;0,0;0,0;0,0;0,0;0,0;1,0;0,0;10,0;0,0;0,0;0,0;30,0;1,25;87,0;58,0;66,7;13,0;5,0;6,0;8,0;33,3;2,0;1,0;1,0;0,0;No;No;No;No;No;No;No;No;No;No
1935,0;Cenk Özkacar;tr TUR;DF;Köln;de Bundesliga;25,0;2000,0;17,0;12,0;1073,0;11,9;0,0;0,0;0,0;0,0;0,0;0,0;1,0;0,0;0,0;7,0;4,0;57,1;0,59;0,34;0,0;0,0;3,0;16,0;15,0;4,0;0,0;9,0;0,0;;0,0;;;0,0;;;;;0,0;;;;;No;No;No;No;No;No;No;No;No;No
1936,0;Nico O’Reilly;eng ENG;DF,MF;Manchester City;eng Premier League;20,0;2005,0;28,0;23,0;2133,0;23,7;4,0;3,0;7,0;4,0;0,0;0,0;4,0;0,0;0,3;31,0;10,0;32,3;1,31;0,42;0,13;0,4;32,0;32,0;17,0;13,0;0,0;33,0;0,0;;0,0;;;0,0;;;;;0,0;;;;;No;No;No;No;No;No;No;No;No;No
1937,0;Pablo;br BRA;MF;West Ham United;eng Premier League;22,0;2004,0;6,0;4,0;315,0;3,5;0,0;0,0;0,0;0,0;0,0;0,0;0,0;0,0;0,0;4,0;0,0;0,0;1,14;0,0;0,0;0,0;0,0;5,0;3,0;4,0;0,0;11,0;0,0;;0,0;;;0,0;;;;;0,0;;;;;No;No;No;No;No;No;No;No;No;No
1938,0;Jon Pacheco;es ESP;DF;Alavés;es La Liga;25,0;2001,0;20,0;19,0;1680,0;18,7;0,0;0,0;0,0;0,0;0,0;0,0;4,0;1,0;0,0;4,0;1,0;25,0;0,21;0,05;0,0;0,0;4,0;16,0;11,0;6,0;1,0;12,0;0,0;;0,0;;;0,0;;;;;0,0;;;;;No;No;No;No;No;No;No;No;No;No
1939,0;Willian Pacho;ec ECU;DF;Paris Saint-Germain;fr Ligue 1;24,0;2001,0;18,0;16,0;1464,0;16,3;0,0;0,0;0,0;0,0;0,0;0,0;0,0;0,0;0,0;7,0;0,0;0,0;0,43;0,0;0,0;0,0;0,0;25,0;21,0;5,0;0,0;6,0;0,0;;0,0;;;0,0;;;;;0,0;;;;;No;No;No;No;No;No;No;No;No;No
1940,0;Daniele Padelli;it ITA;GK;Udinese;it Serie A;40,0;1985,0;2,0;2,0;180,0;2,0;0,0;0,0;0,0;0,0;0,0;0,0;0,0;0,0;0,0;0,0;0,0;0,0;0,0;0,0;0,0;0,0;0,0;0,0;0,0;0,0;0,0;0,0;0,0;2,0;1,0;4,0;3,0;75,0;0,0;1,0;1,0;0,0;0,0;1,0;1,0;0,0;0,0;No;No;No;No;No;No;No;No;No;No
1941,0;Kendry Páez;ec ECU;MF,FW;Strasbourg;fr Ligue 1;18,0;2007,0;15,0;4,0;424,0;4,7;1,0;0,0;1,0;1,0;0,0;0,0;0,0;0,0;0,21;10,0;4,0;40,0;2,12;0,85;0,1;0,25;18,0;4,0;3,0;3,0;0,0;7,0;0,0;;0,0;;;0,0;;;;;0,0;;;;;No;No;No;No;No;No;No;No;No;No
1942,0;Pablo Pagis;fr FRA;MF,FW;Lorient;fr Ligue 1;23,0;2002,0;21,0;16,0;1267,0;14,1;8,0;1,0;9,0;7,0;1,0;1,0;1,0;0,0;0,57;43,0;15,0;34,9;3,05;1,07;0,16;0,47;65,0;11,0;15,0;13,0;0,0;17,0;0,0;;0,0;;;0,0;;;;;0,0;;;;;No;No;No;No;No;No;No;No;No;No
1943,0;Igor Paixão;br BRA;MF;Marseille;fr Ligue 1;25,0;2000,0;23,0;16,0;1455,0;16,2;5,0;4,0;9,0;5,0;0,0;0,0;3,0;0,0;0,56;40,0;15,0;37,5;2,47;0,93;0,13;0,33;29,0;6,0;14,0;23,0;0,0;15,0;0,0;;0,0;;;0,0;;;;;0,0;;;;;No;No;No;No;No;No;No;No;No;No
1944,0;César Palacios;es ESP;MF;Real Madrid;es La Liga;21,0;2004,0;2,0;0,0;53,0;0,6;0,0;0,0;0,0;0,0;0,0;0,0;0,0;0,0;0,0;1,0;0,0;0,0;1,7;0,0;0,0;0,0;1,0;1,0;3,0;2,0;0,0;1,0;0,0;;0,0;;;0,0;;;;;0,0;;;;;No;No;No;No;No;No;No;No;No;No
1945,0;Exequiel Palacios;ar ARG;MF;Leverkusen;de Bundesliga;27,0;1998,0;10,0;4,0;389,0;4,3;0,0;0,0;0,0;0,0;0,0;0,0;2,0;0,0;0,0;5,0;1,0;20,0;1,16;0,23;0,0;0,0;1,0;5,0;3,0;7,0;0,0;3,0;0,0;;0,0;;;0,0;;;;;0,0;;;;;No;No;No;No;No;No;No;No;No;No
1946,0;Isaac Palazón Camacho;es ESP;MF,FW;Rayo Vallecano;es La Liga;31,0;1994,0;27,0;23,0;1936,0;21,5;3,0;3,0;6,0;1,0;2,0;3,0;8,0;0,0;0,19;41,0;12,0;29,3;1,91;0,56;0,02;0,08;89,0;11,0;3,0;43,0;0,0;31,0;0,0;;0,0;;;0,0;;;;;0,0;;;;;No;No;No;No;No;No;No;No;No;No
1947,0;Alberto Paleari;it ITA;GK;Torino;it Serie A;33,0;1992,0;20,0;20,0;1800,0;20,0;0,0;0,0;0,0;0,0;0,0;0,0;1,0;0,0;0,0;0,0;0,0;0,0;0,0;0,0;0,0;0,0;0,0;0,0;0,0;5,0;0,0;0,0;0,0;32,0;1,6;84,0;54,0;64,3;7,0;4,0;9,0;7,0;35,0;2,0;2,0;0,0;0,0;No;No;No;No;No;No;No;No;No;No
1948,0;Marco Palestra;it ITA;MF,DF;Cagliari;it Serie A;21,0;2005,0;28,0;27,0;2417,0;26,9;1,0;4,0;5,0;1,0;0,0;0,0;3,0;0,0;0,19;20,0;4,0;20,0;0,74;0,15;0,05;0,25;89,0;27,0;16,0;86,0;0,0;32,0;0,0;;0,0;;;0,0;;;;;0,0;;;;;No;No;No;No;No;No;No;No;No;No
1949,0;João Palhinha;pt POR;MF,DF;Tottenham Hotspur;eng Premier League;30,0;1995,0;26,0;19,0;1779,0;19,8;3,0;2,0;5,0;3,0;0,0;0,0;6,0;0,0;0,25;23,0;5,0;21,7;1,16;0,25;0,13;0,6;4,0;53,0;22,0;26,0;0,0;21,0;0,0;;0,0;;;0,0;;;;;0,0;;;;;No;No;No;No;No;No;No;No;No;No
1950,0;Matteo Palma;de GER;DF;Udinese;it Serie A;18,0;2008,0;5,0;1,0;120,0;1,3;0,0;0,0;0,0;0,0;0,0;0,0;0,0;0,0;0,0;0,0;0,0;0,0;0,0;0,0;0,0;0,0;1,0;0,0;3,0;0,0;0,0;3,0;0,0;;0,0;;;0,0;;;;;0,0;;;;;No;No;No;No;No;No;No;No;No;No
1951,0;Cole Palmer;eng ENG;MF,FW;Chelsea;eng Premier League;23,0;2002,0;19,0;17,0;1327,0;14,7;9,0;1,0;10,0;4,0;5,0;5,0;4,0;0,0;0,34;44,0;19,0;43,2;2,98;1,29;0,09;0,21;26,0;9,0;12,0;24,0;0,0;12,0;0,0;;0,0;;;0,0;;;;;0,0;;;;;No;No;No;No;No;No;No;No;No;No
1952,0;Emerson Palmieri;it ITA;DF,MF;Marseille;fr Ligue 1;31,0;1994,0;21,0;17,0;1601,0;17,8;0,0;3,0;3,0;0,0;0,0;0,0;2,0;0,0;0,17;10,0;2,0;20,0;0,56;0,11;0,0;0,0;91,0;24,0;26,0;14,0;0,0;15,0;0,0;;0,0;;;0,0;;;;;0,0;;;;;No;No;No;No;No;No;No;No;No;No
1953,0;Diego Pampín;es ESP;DF;Levante;es La Liga;26,0;2000,0;6,0;4,0;368,0;4,1;0,0;0,0;0,0;0,0;0,0;0,0;2,0;0,0;0,0;3,0;0,0;0,0;0,73;0,0;0,0;0,0;9,0;5,0;4,0;4,0;0,0;7,0;0,0;;0,0;;;0,0;;;;;0,0;;;;;No;No;No;No;No;No;No;No;No;No
1954,0;Joaquín Panichelli;ar ARG;FW;Strasbourg;fr Ligue 1;23,0;2002,0;26,0;24,0;2148,0;23,9;14,0;1,0;15,0;9,0;5,0;6,0;3,0;0,0;0,42;56,0;29,0;51,8;2,35;1,22;0,16;0,31;0,0;10,0;13,0;40,0;0,0;43,0;0,0;;0,0;;;0,0;;;;;0,0;;;;;No;No;No;No;No;No;No;No;No;No
1955,0;Leart Paqarada;xk KVX;DF;Heidenheim;de Bundesliga;31,0;1994,0;1,0;1,0;6,0;0,1;0,0;0,0;0,0;0,0;0,0;0,0;0,0;0,0;0,0;0,0;0,0;0,0;0,0;0,0;0,0;0,0;0,0;0,0;0,0;0,0;0,0;0,0;0,0;;0,0;;;0,0;;;;;0,0;;;;;No;No;No;No;No;No;No;No;No;No
1956,0;Lucas Paquetá;br BRA;MF,FW;West Ham United;eng Premier League;28,0;1997,0;18,0;18,0;1511,0;16,8;4,0;1,0;5,0;2,0;2,0;2,0;7,0;1,0;0,18;23,0;11,0;47,8;1,37;0,66;0,09;0,18;36,0;22,0;7,0;30,0;1,0;27,0;0,0;;0,0;;;0,0;;;;;0,0;;;;;No;No;No;No;No;No;No;No;No;No
1957,0;Victor Parada;es ESP;DF;Alavés;es La Liga;23,0;2002,0;20,0;15,0;1325,0;14,7;0,0;2,0;2,0;0,0;0,0;0,0;8,0;1,0;0,14;6,0;2,0;33,3;0,41;0,14;0,0;0,0;29,0;5,0;4,0;10,0;1,0;25,0;0,0;;0,0;;;0,0;;;;;0,0;;;;;No;No;No;No;No;No;No;No;No;No
1958,0;Aitor Paredes;es ESP;DF;Athletic Club;es La Liga;25,0;2000,0;17,0;16,0;1450,0;16,1;1,0;0,0;1,0;1,0;0,0;0,0;4,0;0,0;0,06;12,0;3,0;25,0;0,74;0,19;0,08;0,33;1,0;12,0;24,0;7,0;0,0;18,0;0,0;;0,0;;;0,0;;;;;0,0;;;;;No;No;No;No;No;No;Sí;Sí;Sí;Sí
1959,0;Kevin Paredes;us USA;MF;Wolfsburg;de Bundesliga;22,0;2003,0;5,0;1,0;156,0;1,7;0,0;0,0;0,0;0,0;0,0;0,0;1,0;0,0;0,0;2,0;1,0;50,0;1,15;0,58;0,0;0,0;7,0;3,0;2,0;6,0;0,0;2,0;0,0;;0,0;;;0,0;;;;;0,0;;;;;No;No;No;No;No;No;No;No;No;No
1960,0;Daniel Parejo;es ESP;MF;Villarreal;es La Liga;36,0;1989,0;23,0;12,0;1049,0;11,7;0,0;0,0;0,0;0,0;0,0;0,0;2,0;0,0;0,0;2,0;0,0;0,0;0,17;0,0;0,0;0,0;29,0;20,0;14,0;18,0;0,0;11,0;0,0;;0,0;;;0,0;;;;;0,0;;;;;No;No;No;No;No;No;No;No;No;No
1961,0;Fabiano Parisi;it ITA;MF,FW;Fiorentina;it Serie A;25,0;2000,0;19,0;15,0;1291,0;14,3;1,0;1,0;2,0;1,0;0,0;0,0;5,0;0,0;0,14;21,0;5,0;23,8;1,46;0,35;0,05;0,2;33,0;13,0;17,0;50,0;0,0;11,0;1,0;;0,0;;;0,0;;;;;0,0;;;;;No;No;No;No;No;No;No;No;No;No
1962,0;Thomas Partey;gh GHA;MF;Villarreal;es La Liga;32,0;1993,0;18,0;7,0;753,0;8,4;0,0;0,0;0,0;0,0;0,0;0,0;0,0;0,0;0,0;8,0;1,0;12,5;0,96;0,12;0,0;0,0;2,0;4,0;11,0;4,0;0,0;8,0;0,0;;0,0;;;0,0;;;;;0,0;;;;;No;No;No;No;No;No;No;No;No;No
1963,0;Mario Pašalić;hr CRO;MF;Atalanta;it Serie A;31,0;1995,0;24,0;19,0;1599,0;17,8;3,0;3,0;6,0;3,0;0,0;0,0;2,0;0,0;0,34;16,0;6,0;37,5;0,9;0,34;0,19;0,5;9,0;17,0;10,0;4,0;0,0;20,0;0,0;;0,0;;;0,0;;;;;0,0;;;;;No;No;No;No;No;No;No;No;No;No
1964,0;Patric;es ESP;MF,DF;Lazio;it Serie A;32,0;1993,0;8,0;2,0;287,0;3,2;0,0;0,0;0,0;0,0;0,0;0,0;1,0;0,0;0,0;2,0;0,0;0,0;0,63;0,0;0,0;0,0;0,0;0,0;3,0;1,0;0,0;3,0;0,0;;0,0;;;0,0;;;;;0,0;;;;;No;No;No;No;No;No;No;No;No;No
1965,0;Nathan Patterson;sct SCO;DF;Everton;eng Premier League;24,0;2001,0;6,0;3,0;240,0;2,7;0,0;0,0;0,0;0,0;0,0;0,0;0,0;0,0;0,0;1,0;1,0;100,0;0,37;0,37;0,0;0,0;6,0;4,0;2,0;2,0;0,0;2,0;0,0;;0,0;;;0,0;;;;;0,0;;;;;No;No;No;No;No;No;No;No;No;No
1966,0;Benjamin Pavard;fr FRA;DF;Marseille;fr Ligue 1;29,0;1996,0;21,0;17,0;1475,0;16,4;1,0;2,0;3,0;1,0;0,0;0,0;4,0;0,0;0,18;8,0;3,0;37,5;0,49;0,18;0,13;0,33;11,0;9,0;15,0;10,0;0,0;14,0;1,0;;0,0;;;0,0;;;;;0,0;;;;;No;No;No;No;No;No;No;No;No;No
1967,0;Benjamin Pavard;fr FRA;DF;Inter;it Serie A;29,0;1996,0;1,0;1,0;90,0;1,0;0,0;0,0;0,0;0,0;0,0;0,0;0,0;0,0;0,0;1,0;1,0;100,0;1,0;1,0;0,0;0,0;0,0;1,0;2,0;0,0;0,0;1,0;0,0;;0,0;;;0,0;;;;;0,0;;;;;No;No;No;No;No;No;No;No;No;No
1968,0;Aleksandar Pavlovic;de GER;MF;Bayern Munich;de Bundesliga;21,0;2004,0;21,0;14,0;1337,0;14,9;3,0;1,0;4,0;3,0;0,0;0,0;2,0;0,0;0,27;9,0;5,0;55,6;0,61;0,34;0,33;0,6;9,0;15,0;12,0;9,0;0,0;17,0;0,0;;0,0;;;0,0;;;;;0,0;;;;;No;No;No;No;No;No;No;No;No;No
1969,0;Strahinja Pavlović;rs SRB;DF;Milan;it Serie A;24,0;2001,0;25,0;24,0;2059,0;22,9;3,0;1,0;4,0;3,0;0,0;0,0;2,0;0,0;0,17;17,0;4,0;23,5;0,74;0,17;0,18;0,75;14,0;18,0;14,0;20,0;0,0;18,0;0,0;;0,0;;;0,0;;;;;0,0;;;;;No;No;No;No;No;No;No;No;No;No
1970,0;Leonardo Pavoletti;it ITA;FW;Cagliari;it Serie A;37,0;1988,0;13,0;1,0;227,0;2,5;1,0;1,0;2,0;1,0;0,0;0,0;1,0;0,0;0,79;6,0;1,0;16,7;2,38;0,4;0,17;1,0;0,0;2,0;1,0;0,0;0,0;10,0;0,0;;0,0;;;0,0;;;;;0,0;;;;;No;No;No;No;No;No;No;No;No;No
1971,0;Martín Payero;ar ARG;MF;Cremonese;it Serie A;27,0;1998,0;19,0;15,0;1234,0;13,7;1,0;0,0;1,0;1,0;0,0;0,0;6,0;0,0;0,07;20,0;6,0;30,0;1,46;0,44;0,05;0,17;26,0;9,0;9,0;26,0;0,0;33,0;0,0;;0,0;;;0,0;;;;;0,0;;;;;No;No;No;No;No;No;No;No;No;No
1972,0;Nicolás Paz;ar ARG;MF;Como;it Serie A;21,0;2004,0;28,0;26,0;2293,0;25,5;9,0;6,0;15,0;9,0;0,0;2,0;5,0;0,0;0,59;100,0;39,0;39,0;3,92;1,53;0,09;0,23;48,0;39,0;20,0;36,0;0,0;45,0;0,0;;0,0;;;0,0;;;;;0,0;;;;;No;No;No;No;No;No;No;No;No;No
1973,0;Myles Peart-Harris;eng ENG;MF;Brentford;eng Premier League;23,0;2002,0;1,0;0,0;1,0;0,0;0,0;0,0;0,0;0,0;0,0;0,0;0,0;0,0;0,0;0,0;0,0;0,0;0,0;0,0;0,0;0,0;0,0;0,0;0,0;0,0;0,0;1,0;0,0;;0,0;;;0,0;;;;;0,0;;;;;No;No;No;No;No;No;No;No;No;No
1974,0;Mads Pedersen;dk DEN;MF;Augsburg;de Bundesliga;29,0;1996,0;6,0;1,0;180,0;2,0;0,0;0,0;0,0;0,0;0,0;0,0;0,0;0,0;0,0;2,0;0,0;0,0;1,0;0,0;0,0;0,0;9,0;2,0;1,0;3,0;0,0;5,0;0,0;;0,0;;;0,0;;;;;0,0;;;;;No;No;No;No;No;No;No;No;No;No
1975,0;Marcus Pedersen;no NOR;MF,DF;Torino;it Serie A;25,0;2000,0;22,0;17,0;1606,0;17,8;0,0;0,0;0,0;0,0;0,0;0,0;3,0;0,0;0,0;10,0;2,0;20,0;0,56;0,11;0,0;0,0;79,0;11,0;10,0;5,0;0,0;24,0;0,0;;0,0;;;0,0;;;;;0,0;;;;;No;No;No;No;No;No;No;No;No;No
1976,0;Alfonso Pedraza;es ESP;DF;Villarreal;es La Liga;29,0;1996,0;21,0;13,0;1215,0;13,5;1,0;2,0;3,0;1,0;0,0;0,0;6,0;0,0;0,22;10,0;3,0;30,0;0,74;0,22;0,1;0,33;56,0;25,0;16,0;20,0;0,0;22,0;0,0;;0,0;;;0,0;;;;;0,0;;;;;No;No;No;No;No;No;No;No;No;No
1977,0;Pedri;es ESP;MF;Barcelona;es La Liga;23,0;2002,0;20,0;15,0;1361,0;15,1;2,0;7,0;9,0;2,0;0,0;0,0;2,0;1,0;0,6;17,0;9,0;52,9;1,12;0,6;0,12;0,22;6,0;20,0;15,0;29,0;1,0;8,0;0,0;;0,0;;;0,0;;;;;0,0;;;;;Sí;No;Sí;Sí;Sí;Sí;Sí;Sí;Sí;Sí
1978,0;Pedro;es ESP;FW,MF;Lazio;it Serie A;38,0;1987,0;21,0;5,0;647,0;7,2;3,0;1,0;4,0;1,0;2,0;2,0;3,0;0,0;0,28;16,0;6,0;37,5;2,23;0,83;0,06;0,17;23,0;5,0;2,0;20,0;0,0;6,0;0,0;;0,0;;;0,0;;;;;0,0;;;;;No;No;No;No;No;No;No;No;No;No
1979,0;Zé Pedro Figueiredo;pt POR;DF;Cagliari;it Serie A;28,0;1997,0;15,0;13,0;1126,0;12,5;0,0;0,0;0,0;0,0;0,0;0,0;3,0;0,0;0,0;3,0;0,0;0,0;0,24;0,0;0,0;0,0;3,0;13,0;14,0;11,0;0,0;22,0;0,0;;0,0;;;0,0;;;;;0,0;;;;;No;No;No;No;No;No;No;No;No;No
1980,0;Adrià Pedrosa;es ESP;DF,MF;Elche;es La Liga;27,0;1998,0;18,0;6,0;825,0;9,2;1,0;1,0;2,0;1,0;0,0;0,0;4,0;0,0;0,22;9,0;2,0;22,2;0,98;0,22;0,11;0,5;42,0;15,0;10,0;6,0;0,0;15,0;0,0;;0,0;;;0,0;;;;;0,0;;;;;No;No;No;No;No;No;No;No;No;No
1981,0;Adrià Pedrosa;es ESP;DF,MF;Sevilla;es La Liga;27,0;1998,0;1,0;0,0;6,0;0,1;0,0;0,0;0,0;0,0;0,0;0,0;0,0;0,0;0,0;0,0;0,0;0,0;0,0;0,0;0,0;0,0;3,0;0,0;0,0;1,0;0,0;0,0;0,0;;0,0;;;0,0;;;;;0,0;;;;;No;No;No;No;No;No;No;No;No;No
1982,0;Dženan Pejčinović;de GER;FW;Wolfsburg;de Bundesliga;21,0;2005,0;23,0;11,0;984,0;10,9;5,0;0,0;5,0;5,0;0,0;0,0;1,0;0,0;0,46;31,0;13,0;41,9;2,84;1,19;0,16;0,38;3,0;7,0;1,0;7,0;0,0;13,0;0,0;;0,0;;;0,0;;;;;0,0;;;;;No;No;No;No;No;No;No;No;No;No
1983,0;Lorenzo Pellegrini;it ITA;MF;Roma;it Serie A;29,0;1996,0;21,0;17,0;1249,0;13,9;3,0;2,0;5,0;1,0;2,0;2,0;2,0;0,0;0,22;28,0;10,0;35,7;2,02;0,72;0,04;0,1;75,0;4,0;13,0;31,0;0,0;17,0;0,0;;0,0;;;0,0;;;;;0,0;;;;;No;No;No;No;No;No;No;No;No;No
1984,0;Luca Pellegrini;it ITA;DF;Lazio;it Serie A;27,0;1999,0;21,0;14,0;1215,0;13,5;0,0;0,0;0,0;0,0;0,0;0,0;6,0;0,0;0,0;5,0;3,0;60,0;0,37;0,22;0,0;0,0;48,0;13,0;14,0;11,0;0,0;21,0;0,0;;0,0;;;0,0;;;;;0,0;;;;;No;No;No;No;No;No;No;No;No;No
1985,0;Mateo Pellegrino;ar ARG;FW;Parma;it Serie A;25,0;2001,0;29,0;27,0;2385,0;26,5;8,0;1,0;9,0;7,0;1,0;1,0;4,0;0,0;0,3;62,0;20,0;32,3;2,34;0,75;0,11;0,35;8,0;9,0;3,0;56,0;0,0;68,0;0,0;;0,0;;;0,0;;;;;0,0;;;;;No;No;No;No;No;No;No;No;No;No
1986,0;Timothee Pembele;fr FRA;MF,DF;Le Havre;fr Ligue 1;23,0;2002,0;6,0;2,0;197,0;2,2;0,0;0,0;0,0;0,0;0,0;0,0;1,0;0,0;0,0;1,0;0,0;0,0;0,46;0,0;0,0;0,0;3,0;3,0;2,0;3,0;0,0;1,0;0,0;;0,0;;;0,0;;;;;0,0;;;;;No;No;No;No;No;No;No;No;No;No
1987,0;Faris Pemi Moumbagna;cm CMR;FW;Cremonese;it Serie A;25,0;2000,0;5,0;0,0;93,0;1,0;0,0;0,0;0,0;0,0;0,0;0,0;0,0;0,0;0,0;2,0;0,0;0,0;1,94;0,0;0,0;0,0;1,0;0,0;0,0;0,0;0,0;1,0;0,0;;0,0;;;0,0;;;;;0,0;;;;;No;No;No;No;No;No;No;No;No;No
1988,0;Iñaki Peña;es ESP;GK;Elche;es La Liga;27,0;1999,0;16,0;16,0;1440,0;16,0;0,0;0,0;0,0;0,0;0,0;0,0;0,0;0,0;0,0;0,0;0,0;0,0;0,0;0,0;0,0;0,0;0,0;0,0;0,0;1,0;0,0;0,0;0,0;28,0;1,75;81,0;55,0;67,9;3,0;4,0;9,0;4,0;25,0;2,0;2,0;0,0;0,0;No;No;No;No;No;No;No;No;No;No
1989,0;Mike Penders;be BEL;GK;Strasbourg;fr Ligue 1;20,0;2005,0;25,0;25,0;2250,0;25,0;0,0;0,0;0,0;0,0;0,0;0,0;3,0;0,0;0,0;0,0;0,0;0,0;0,0;0,0;0,0;0,0;0,0;0,0;0,0;1,0;0,0;1,0;0,0;31,0;1,24;98,0;71,0;71,4;9,0;7,0;9,0;8,0;32,0;4,0;3,0;1,0;0,0;No;No;No;No;No;No;No;No;No;No
1990,0;Nicolas Pépé;ci CIV;FW,MF;Villarreal;es La Liga;30,0;1995,0;27,0;19,0;1778,0;19,8;4,0;4,0;8,0;4,0;0,0;0,0;3,0;0,0;0,4;48,0;17,0;35,4;2,43;0,86;0,08;0,24;59,0;17,0;11,0;30,0;0,0;16,0;0,0;;0,0;;;0,0;;;;;0,0;;;;;No;No;No;No;No;No;No;No;No;No
1991,0;Kojo Peprah Oppong;gh GHA;DF;Nice;fr Ligue 1;21,0;2004,0;23,0;22,0;1885,0;20,9;1,0;0,0;1,0;1,0;0,0;0,0;3,0;0,0;0,05;10,0;3,0;30,0;0,48;0,14;0,1;0,33;5,0;23,0;26,0;24,0;0,0;24,0;0,0;;0,0;;;0,0;;;;;0,0;;;;;No;No;No;No;No;No;No;No;No;No
1992,0;Peque;es ESP;MF,FW;Sevilla;es La Liga;23,0;2002,0;21,0;11,0;873,0;9,7;2,0;1,0;3,0;2,0;0,0;0,0;6,0;0,0;0,31;14,0;6,0;42,9;1,44;0,62;0,14;0,33;27,0;6,0;1,0;42,0;0,0;12,0;0,0;;0,0;;;0,0;;;;;0,0;;;;;No;No;No;No;No;No;No;No;No;No
1993,0;Everton Pereira;fr FRA;MF;Nice;fr Ligue 1;18,0;2007,0;3,0;2,0;135,0;1,5;0,0;0,0;0,0;0,0;0,0;0,0;0,0;0,0;0,0;2,0;0,0;0,0;1,33;0,0;0,0;0,0;0,0;0,0;3,0;0,0;0,0;4,0;0,0;;0,0;;;0,0;;;;;0,0;;;;;No;No;No;No;No;No;No;No;No;No
1994,0;Mathias Pereira Lage;pt POR;FW,MF;St Pauli;de Bundesliga;29,0;1996,0;24,0;21,0;1672,0;18,6;1,0;2,0;3,0;1,0;0,0;0,0;2,0;0,0;0,16;36,0;14,0;38,9;1,94;0,75;0,03;0,07;54,0;19,0;11,0;31,0;0,0;28,0;0,0;;0,0;;;0,0;;;;;0,0;;;;;No;No;No;No;No;No;No;No;No;No
1995,0;Ángel Pérez;es ESP;MF;Alavés;es La Liga;23,0;2002,0;6,0;4,0;403,0;4,5;0,0;0,0;0,0;0,0;0,0;0,0;0,0;0,0;0,0;5,0;2,0;40,0;1,12;0,45;0,0;0,0;26,0;4,0;4,0;5,0;0,0;3,0;0,0;;0,0;;;0,0;;;;;0,0;;;;;No;No;No;No;No;No;No;No;No;No
1996,0;Ayoze Pérez;es ESP;FW;Villarreal;es La Liga;32,0;1993,0;18,0;9,0;819,0;9,1;2,0;3,0;5,0;2,0;0,0;0,0;3,0;0,0;0,55;13,0;5,0;38,5;1,43;0,55;0,15;0,4;7,0;10,0;3,0;18,0;0,0;14,0;0,0;;0,0;;;0,0;;;;;0,0;;;;;No;No;No;No;No;Sí;Sí;No;Sí;Sí
1997,0;Francisco Perez;es ESP;MF,FW;Rayo Vallecano;es La Liga;23,0;2002,0;24,0;9,0;1013,0;11,3;2,0;1,0;3,0;2,0;0,0;0,0;3,0;0,0;0,27;15,0;8,0;53,3;1,33;0,71;0,13;0,25;37,0;9,0;2,0;13,0;0,0;12,0;0,0;;0,0;;;0,0;;;;;0,0;;;;;No;No;No;No;No;No;No;No;No;No
1998,0;Joselu Pérez;es ESP;DF;Getafe;es La Liga;22,0;2004,0;2,0;0,0;22,0;0,2;0,0;0,0;0,0;0,0;0,0;0,0;0,0;0,0;0,0;1,0;0,0;0,0;4,09;0,0;0,0;0,0;0,0;0,0;0,0;2,0;0,0;1,0;0,0;;0,0;;;0,0;;;;;0,0;;;;;No;No;No;No;No;No;No;No;No;No
1999,0;Matías Pérez;cl CHI;DF;Lecce;it Serie A;20,0;2005,0;1,0;1,0;31,0;0,3;0,0;0,0;0,0;0,0;0,0;0,0;0,0;0,0;0,0;0,0;0,0;0,0;0,0;0,0;0,0;0,0;1,0;0,0;0,0;0,0;0,0;0,0;0,0;;0,0;;;0,0;;;;;0,0;;;;;No;No;No;No;No;No;No;No;No;No
2000,0;Nacho Pérez;es ESP;DF;Levante;es La Liga;17,0;2008,0;2,0;1,0;80,0;0,9;0,0;0,0;0,0;0,0;0,0;0,0;0,0;0,0;0,0;0,0;0,0;0,0;0,0;0,0;0,0;0,0;0,0;1,0;1,0;1,0;0,0;0,0;0,0;;0,0;;;0,0;;;;;0,0;;;;;No;No;No;No;No;No;No;No;No;No
2001,0;Simone Perilli;it ITA;GK;Hellas Verona;it Serie A;31,0;1995,0;3,0;3,0;270,0;3,0;0,0;0,0;0,0;0,0;0,0;0,0;0,0;0,0;0,0;0,0;0,0;0,0;0,0;0,0;0,0;0,0;0,0;0,0;0,0;0,0;0,0;0,0;0,0;7,0;2,33;15,0;8,0;53,3;0,0;1,0;2,0;1,0;33,3;0,0;0,0;0,0;0,0;No;No;No;No;No;No;No;No;No;No
2002,0;Mattia Perin;it ITA;GK;Juventus;it Serie A;33,0;1992,0;6,0;6,0;540,0;6,0;0,0;0,0;0,0;0,0;0,0;0,0;0,0;0,0;0,0;0,0;0,0;0,0;0,0;0,0;0,0;0,0;0,0;0,0;0,0;1,0;0,0;0,0;0,0;6,0;1,0;16,0;10,0;62,5;3,0;1,0;2,0;2,0;33,3;0,0;0,0;0,0;0,0;No;No;No;No;No;No;No;No;No;No
2003,0;Romain Perraud;fr FRA;DF;Lille;fr Ligue 1;28,0;1997,0;22,0;20,0;1670,0;18,6;2,0;3,0;5,0;2,0;0,0;0,0;4,0;1,0;0,27;23,0;10,0;43,5;1,24;0,54;0,09;0,2;99,0;26,0;16,0;39,0;0,0;18,0;0,0;;0,0;;;0,0;;;;;0,0;;;;;No;No;No;No;No;No;No;No;No;No
2004,0;Lucas Perri;br BRA;GK;Leeds United;eng Premier League;28,0;1997,0;16,0;16,0;1440,0;16,0;0,0;0,0;0,0;0,0;0,0;0,0;2,0;0,0;0,0;0,0;0,0;0,0;0,0;0,0;0,0;0,0;0,0;0,0;0,0;3,0;0,0;1,0;0,0;29,0;1,81;63,0;38,0;60,3;4,0;6,0;6,0;3,0;18,8;4,0;4,0;0,0;0,0;No;No;No;No;No;No;No;No;No;No
2005,0;Gaëtan Perrin;fr FRA;MF,FW;Lille;fr Ligue 1;29,0;1996,0;5,0;3,0;262,0;2,9;1,0;0,0;1,0;1,0;0,0;0,0;1,0;0,0;0,34;6,0;3,0;50,0;2,06;1,03;0,17;0,33;27,0;5,0;2,0;1,0;0,0;6,0;0,0;;0,0;;;0,0;;;;;0,0;;;;;No;No;No;No;No;No;No;No;No;No
2006,0;Máximo Perrone;ar ARG;MF;Como;it Serie A;23,0;2003,0;27,0;25,0;2053,0;22,8;2,0;4,0;6,0;2,0;0,0;0,0;7,0;0,0;0,26;12,0;5,0;41,7;0,53;0,22;0,17;0,4;8,0;29,0;18,0;18,0;0,0;33,0;0,0;;0,0;;;0,0;;;;;0,0;;;;;No;No;No;No;No;No;No;No;No;No
2007,0;Massimo Pessina;it ITA;GK;Bologna;it Serie A;18,0;2007,0;1,0;0,0;83,0;0,9;0,0;0,0;0,0;0,0;0,0;0,0;0,0;0,0;0,0;0,0;0,0;0,0;0,0;0,0;0,0;0,0;0,0;0,0;0,0;0,0;0,0;0,0;0,0;0,0;0,0;1,0;1,0;100,0;0,0;0,0;0,0;1,0;0,0;0,0;0,0;0,0;0,0;No;No;No;No;No;No;No;No;No;No
2008,0;Prosper Peter;ng NGA;FW;Angers;fr Ligue 1;18,0;2007,0;23,0;10,0;970,0;10,8;3,0;0,0;3,0;3,0;0,0;0,0;0,0;0,0;0,28;17,0;10,0;58,8;1,58;0,93;0,18;0,3;0,0;2,0;3,0;20,0;0,0;25,0;0,0;;0,0;;;0,0;;;;;0,0;;;;;No;No;No;No;No;No;No;No;No;No
2009,0;Léo Pétrot;fr FRA;DF;Elche;es La Liga;28,0;1997,0;25,0;14,0;1252,0;13,9;0,0;0,0;0,0;0,0;0,0;0,0;1,0;0,0;0,0;6,0;0,0;0,0;0,43;0,0;0,0;0,0;15,0;19,0;10,0;5,0;0,0;13,0;0,0;;0,0;;;0,0;;;;;0,0;;;;;No;No;No;No;No;No;No;No;No;No
2010,0;Đorđe Petrović;rs SRB;GK;Bournemouth;eng Premier League;26,0;1999,0;30,0;30,0;2700,0;30,0;0,0;0,0;0,0;0,0;0,0;0,0;2,0;0,0;0,0;0,0;0,0;0,0;0,0;0,0;0,0;0,0;0,0;0,0;0,0;2,0;0,0;0,0;1,0;46,0;1,53;132,0;90,0;68,2;9,0;14,0;7,0;9,0;30,0;4,0;4,0;0,0;0,0;No;No;No;No;No;No;No;No;No;No
2011,0;Giuseppe Pezzella;it ITA;MF;Cremonese;it Serie A;28,0;1997,0;22,0;21,0;1807,0;20,1;0,0;1,0;1,0;0,0;0,0;0,0;7,0;1,0;0,05;3,0;0,0;0,0;0,15;0,0;0,0;0,0;90,0;23,0;8,0;21,0;0,0;32,0;0,0;;0,0;;;0,0;;;;;0,0;;;;;No;No;No;No;No;No;No;No;No;No
2012,0;Immanuel Pherai;sr SUR;FW,MF;Hamburger SV;de Bundesliga;24,0;2001,0;6,0;0,0;35,0;0,4;0,0;0,0;0,0;0,0;0,0;0,0;2,0;1,0;0,0;1,0;0,0;0,0;2,57;0,0;0,0;0,0;4,0;1,0;0,0;2,0;1,0;4,0;0,0;;0,0;;;0,0;;;;;0,0;;;;;No;No;No;No;No;No;No;No;No;No
2013,0;Rayan Philippe;fr FRA;FW,MF;Hamburger SV;de Bundesliga;25,0;2000,0;22,0;11,0;1090,0;12,1;5,0;0,0;5,0;5,0;0,0;1,0;2,0;0,0;0,41;32,0;14,0;43,8;2,64;1,16;0,16;0,36;26,0;10,0;2,0;6,0;0,0;20,0;0,0;;0,0;;;0,0;;;;;0,0;;;;;No;No;No;No;No;No;No;No;No;No
2014,0;Gabriele Piccinini;it ITA;MF;Pisa;it Serie A;24,0;2001,0;17,0;5,0;657,0;7,3;0,0;0,0;0,0;0,0;0,0;0,0;2,0;0,0;0,0;13,0;6,0;46,2;1,78;0,82;0,0;0,0;17,0;9,0;1,0;10,0;0,0;5,0;0,0;;0,0;;;0,0;;;;;0,0;;;;;No;No;No;No;No;No;No;No;No;No
2015,0;Roberto Piccoli;it ITA;FW;Fiorentina;it Serie A;25,0;2001,0;25,0;12,0;1245,0;13,8;3,0;1,0;4,0;3,0;0,0;0,0;0,0;0,0;0,29;40,0;14,0;35,0;2,89;1,01;0,08;0,21;4,0;0,0;3,0;33,0;0,0;25,0;0,0;;0,0;;;0,0;;;;;0,0;;;;;No;No;No;No;No;No;No;No;No;No
2016,0;Charles Pickel;cd COD;MF;Espanyol;es La Liga;28,0;1997,0;17,0;4,0;553,0;6,1;1,0;0,0;1,0;1,0;0,0;0,0;3,0;2,0;0,16;8,0;3,0;37,5;1,3;0,49;0,13;0,33;2,0;4,0;4,0;1,0;1,0;11,0;0,0;;0,0;;;0,0;;;;;0,0;;;;;No;No;No;No;No;No;No;No;No;No
2017,0;Jordan Pickford;eng ENG;GK;Everton;eng Premier League;32,0;1994,0;30,0;30,0;2700,0;30,0;0,0;0,0;0,0;0,0;0,0;0,0;2,0;0,0;0,0;0,0;0,0;0,0;0,0;0,0;0,0;0,0;0,0;1,0;0,0;6,0;0,0;0,0;0,0;35,0;1,17;113,0;81,0;70,8;12,0;7,0;11,0;10,0;33,3;3,0;2,0;1,0;0,0;No;No;No;No;No;No;No;No;No;No
2018,0;Amos Pieper;de GER;DF;Werder Bremen;de Bundesliga;28,0;1998,0;12,0;12,0;959,0;10,7;0,0;0,0;0,0;0,0;0,0;0,0;3,0;0,0;0,0;8,0;2,0;25,0;0,75;0,19;0,0;0,0;4,0;17,0;20,0;9,0;0,0;7,0;0,0;;0,0;;;0,0;;;;;0,0;;;;;No;No;No;No;No;No;No;No;No;No
2019,0;Marvin Pieringer;de GER;FW;Heidenheim;de Bundesliga;26,0;1999,0;19,0;13,0;1068,0;11,9;2,0;0,0;2,0;2,0;0,0;0,0;2,0;0,0;0,17;19,0;4,0;21,1;1,6;0,34;0,11;0,5;14,0;12,0;8,0;19,0;0,0;26,0;0,0;;0,0;;;0,0;;;;;0,0;;;;;No;No;No;No;No;No;No;No;No;No
2020,0;Nicholas Pierini;it ITA;FW,MF;Sassuolo;it Serie A;27,0;1998,0;11,0;0,0;142,0;1,6;0,0;0,0;0,0;0,0;0,0;0,0;1,0;0,0;0,0;5,0;2,0;40,0;3,17;1,27;0,0;0,0;9,0;4,0;2,0;3,0;0,0;1,0;0,0;;0,0;;;0,0;;;;;0,0;;;;;No;No;No;No;No;No;No;No;No;No
2021,0;Santiago Pierotti;ar ARG;MF,FW;Lecce;it Serie A;24,0;2001,0;28,0;22,0;1826,0;20,3;1,0;0,0;1,0;1,0;0,0;0,0;1,0;0,0;0,05;23,0;5,0;21,7;1,13;0,25;0,04;0,2;13,0;36,0;14,0;13,0;0,0;47,0;0,0;;0,0;;;0,0;;;;;0,0;;;;;No;No;No;No;No;No;No;No;No;No
2022,0;Balthazar Pierret;fr FRA;MF;Lecce;it Serie A;25,0;2000,0;3,0;0,0;27,0;0,3;0,0;0,0;0,0;0,0;0,0;0,0;0,0;0,0;0,0;0,0;0,0;0,0;0,0;0,0;0,0;0,0;0,0;1,0;0,0;2,0;0,0;0,0;0,0;;0,0;;;0,0;;;;;0,0;;;;;No;No;No;No;No;No;No;No;No;No
2023,0;Andrea Pinamonti;it ITA;FW;Sassuolo;it Serie A;26,0;1999,0;27,0;26,0;2024,0;22,5;6,0;3,0;9,0;6,0;0,0;1,0;1,0;1,0;0,4;56,0;24,0;42,9;2,49;1,07;0,11;0,25;8,0;4,0;0,0;25,0;0,0;10,0;0,0;;0,0;;;0,0;;;;;0,0;;;;;No;No;No;No;No;No;No;No;No;No
2024,0;Thiago Pinar;es ESP;MF;Real Madrid;es La Liga;18,0;2007,0;3,0;3,0;206,0;2,3;0,0;0,0;0,0;0,0;0,0;0,0;0,0;0,0;0,0;3,0;1,0;33,3;1,31;0,44;0,0;0,0;0,0;1,0;2,0;0,0;0,0;6,0;0,0;;0,0;;;0,0;;;;;0,0;;;;;No;No;No;No;No;No;No;No;No;No
2025,0;Lander Pinillos;es ESP;MF;Alavés;es La Liga;22,0;2003,0;1,0;0,0;2,0;0,0;0,0;0,0;0,0;0,0;0,0;0,0;0,0;0,0;0,0;0,0;0,0;0,0;0,0;0,0;0,0;0,0;1,0;0,0;0,0;0,0;0,0;0,0;0,0;;0,0;;;0,0;;;;;0,0;;;;;No;No;No;No;No;No;No;No;No;No
2026,0;Ethan Pinnock;jm JAM;DF;Brentford;eng Premier League;32,0;1993,0;3,0;3,0;228,0;2,5;0,0;0,0;0,0;0,0;0,0;0,0;1,0;0,0;0,0;0,0;0,0;0,0;0,0;0,0;0,0;0,0;0,0;4,0;4,0;2,0;0,0;0,0;1,0;;0,0;;;0,0;;;;;0,0;;;;;No;No;No;No;No;No;No;No;No;No
2027,0;Yeremi Pino;es ESP;MF;Villarreal;es La Liga;23,0;2002,0;2,0;2,0;159,0;1,8;0,0;1,0;1,0;0,0;0,0;0,0;0,0;0,0;0,57;2,0;1,0;50,0;1,13;0,57;0,0;0,0;12,0;1,0;3,0;0,0;0,0;2,0;0,0;;0,0;;;0,0;;;;;0,0;;;;;Sí;Sí;Sí;Sí;Sí;Sí;Sí;Sí;Sí;No
2028,0;Yeremi Pino;es ESP;MF;Crystal Palace;eng Premier League;23,0;2002,0;27,0;21,0;1721,0;19,1;2,0;1,0;3,0;2,0;0,0;0,0;4,0;0,0;0,16;38,0;10,0;26,3;1,99;0,52;0,05;0,2;65,0;17,0;6,0;21,0;0,0;25,0;0,0;;0,0;;;0,0;;;;;0,0;;;;;Sí;Sí;Sí;Sí;Sí;Sí;Sí;Sí;Sí;No
2029,0;Jakub Piotrowski;pl POL;MF;Udinese;it Serie A;28,0;1997,0;25,0;15,0;1314,0;14,6;1,0;1,0;2,0;1,0;0,0;0,0;2,0;0,0;0,14;25,0;6,0;24,0;1,71;0,41;0,04;0,17;23,0;19,0;12,0;25,0;0,0;21,0;0,0;;0,0;;;0,0;;;;;0,0;;;;;No;No;No;No;No;No;No;No;No;No
2030,0;Joël Piroe;nl NED;FW;Leeds United;eng Premier League;26,0;1999,0;13,0;2,0;226,0;2,5;0,0;0,0;0,0;0,0;0,0;0,0;0,0;0,0;0,0;11,0;2,0;18,2;4,38;0,8;0,0;0,0;4,0;1,0;1,0;0,0;0,0;3,0;0,0;;0,0;;;0,0;;;;;0,0;;;;;No;No;No;No;No;No;No;No;No;No
2031,0;Niccolò Pisilli;it ITA;MF;Roma;it Serie A;21,0;2004,0;16,0;6,0;692,0;7,7;1,0;2,0;3,0;1,0;0,0;0,0;0,0;0,0;0,39;12,0;4,0;33,3;1,56;0,52;0,08;0,25;5,0;9,0;15,0;1,0;0,0;10,0;0,0;;0,0;;;0,0;;;;;0,0;;;;;No;No;No;No;No;No;No;No;No;No
2032,0;Damián Pizarro;cl CHI;FW;Le Havre;fr Ligue 1;20,0;2005,0;2,0;0,0;28,0;0,3;0,0;0,0;0,0;0,0;0,0;0,0;0,0;0,0;0,0;0,0;0,0;0,0;0,0;0,0;0,0;0,0;0,0;0,0;0,0;1,0;0,0;1,0;0,0;;0,0;;;0,0;;;;;0,0;;;;;No;No;No;No;No;No;No;No;No;No
2033,0;Tommaso Pobega;it ITA;MF;Bologna;it Serie A;26,0;1999,0;20,0;13,0;1137,0;12,6;2,0;1,0;3,0;2,0;0,0;0,0;1,0;1,0;0,24;22,0;9,0;40,9;1,74;0,71;0,09;0,22;2,0;15,0;18,0;12,0;0,0;27,0;0,0;;0,0;;;0,0;;;;;0,0;;;;;No;No;No;No;No;No;No;No;No;No
2034,0;Paul Pogba;fr FRA;MF;Monaco;fr Ligue 1;33,0;1993,0;3,0;0,0;33,0;0,4;0,0;0,0;0,0;0,0;0,0;0,0;0,0;0,0;0,0;0,0;0,0;0,0;0,0;0,0;0,0;0,0;1,0;2,0;1,0;0,0;0,0;1,0;0,0;;0,0;;;0,0;;;;;0,0;;;;;No;No;No;No;No;No;No;No;No;No
2035,0;Ernest Poku;nl NED;MF;Leverkusen;de Bundesliga;22,0;2004,0;24,0;15,0;1383,0;15,4;5,0;4,0;9,0;5,0;0,0;0,0;0,0;0,0;0,59;26,0;9,0;34,6;1,69;0,59;0,19;0,56;12,0;9,0;8,0;17,0;0,0;4,0;0,0;;0,0;;;0,0;;;;;0,0;;;;;No;No;No;No;No;No;No;No;No;No
2036,0;Matteo Politano;it ITA;MF,FW;Napoli;it Serie A;32,0;1993,0;26,0;19,0;1654,0;18,4;1,0;5,0;6,0;1,0;0,0;0,0;1,0;0,0;0,33;39,0;9,0;23,1;2,12;0,49;0,03;0,11;136,0;10,0;3,0;23,0;0,0;15,0;0,0;;0,0;;;0,0;;;;;0,0;;;;;No;No;No;No;No;No;No;No;No;No
2037,0;Oumar Pona;fr FRA;GK;Angers;fr Ligue 1;19,0;2006,0;1,0;1,0;90,0;1,0;0,0;0,0;0,0;0,0;0,0;0,0;1,0;0,0;0,0;0,0;0,0;0,0;0,0;0,0;0,0;0,0;0,0;0,0;0,0;2,0;0,0;0,0;0,0;2,0;2,0;4,0;2,0;50,0;0,0;0,0;1,0;0,0;0,0;0,0;0,0;0,0;0,0;No;No;No;No;No;No;No;No;No;No
2038,0;Marin Pongračić;hr CRO;DF;Fiorentina;it Serie A;28,0;1997,0;27,0;27,0;2379,0;26,4;0,0;0,0;0,0;0,0;0,0;0,0;9,0;0,0;0,0;8,0;1,0;12,5;0,3;0,04;0,0;0,0;4,0;12,0;33,0;19,0;0,0;56,0;0,0;;0,0;;;0,0;;;;;0,0;;;;;No;No;No;No;No;No;No;No;No;No
2039,0;Nick Pope;eng ENG;GK;Newcastle United;eng Premier League;33,0;1992,0;22,0;22,0;1966,0;21,8;0,0;0,0;0,0;0,0;0,0;0,0;1,0;0,0;0,0;1,0;1,0;100,0;0,05;0,05;0,0;0,0;0,0;1,0;0,0;2,0;0,0;0,0;0,0;32,0;1,46;97,0;67,0;69,1;8,0;4,0;10,0;7,0;31,8;2,0;2,0;0,0;0,0;No;No;No;No;No;No;No;No;No;No
2040,0;Pedro Porro;es ESP;DF;Tottenham Hotspur;eng Premier League;26,0;1999,0;26,0;24,0;2076,0;23,1;0,0;2,0;2,0;0,0;0,0;0,0;6,0;0,0;0,09;20,0;2,0;10,0;0,87;0,09;0,0;0,0;168,0;33,0;18,0;20,0;0,0;25,0;0,0;;0,0;;;0,0;;;;;0,0;;;;;Sí;Sí;Sí;Sí;Sí;Sí;Sí;Sí;No;No
2041,0;Portu;es ESP;FW,MF;Girona;es La Liga;33,0;1992,0;10,0;4,0;474,0;5,3;0,0;0,0;0,0;0,0;0,0;0,0;2,0;0,0;0,0;9,0;5,0;55,6;1,71;0,95;0,0;0,0;18,0;1,0;2,0;4,0;0,0;6,0;0,0;;0,0;;;0,0;;;;;0,0;;;;;No;No;No;No;No;No;No;No;No;No
2042,0;Stefan Posch;at AUT;DF;Como;it Serie A;28,0;1997,0;14,0;3,0;393,0;4,4;1,0;0,0;1,0;1,0;0,0;0,0;1,0;0,0;0,23;8,0;3,0;37,5;1,83;0,69;0,13;0,33;10,0;3,0;4,0;6,0;0,0;9,0;0,0;;0,0;;;0,0;;;;;0,0;;;;;No;No;No;No;No;No;No;No;No;No
2043,0;Stefan Posch;at AUT;DF;Mainz 05;de Bundesliga;28,0;1997,0;8,0;8,0;720,0;8,0;0,0;0,0;0,0;0,0;0,0;0,0;4,0;0,0;0,0;5,0;1,0;20,0;0,62;0,12;0,0;0,0;8,0;11,0;9,0;7,0;0,0;6,0;0,0;;0,0;;;0,0;;;;;0,0;;;;;No;No;No;No;No;No;No;No;No;No
2044,0;Freddie Potts;eng ENG;MF;West Ham United;eng Premier League;22,0;2003,0;19,0;11,0;1101,0;12,2;0,0;1,0;1,0;0,0;0,0;0,0;1,0;0,0;0,08;3,0;1,0;33,3;0,25;0,08;0,0;0,0;34,0;18,0;14,0;14,0;0,0;13,0;0,0;;0,0;;;0,0;;;;;0,0;;;;;No;No;No;No;No;No;No;No;No;No
2045,0;Kacper Potulski;pl POL;DF;Mainz 05;de Bundesliga;18,0;2007,0;11,0;7,0;771,0;8,6;1,0;0,0;1,0;1,0;0,0;0,0;3,0;0,0;0,12;9,0;2,0;22,2;1,05;0,23;0,11;0,5;2,0;9,0;16,0;1,0;0,0;11,0;0,0;;0,0;;;0,0;;;;;0,0;;;;;No;No;No;No;No;No;No;No;No;No
2046,0;Yussuf Poulsen;dk DEN;FW;Hamburger SV;de Bundesliga;31,0;1994,0;12,0;1,0;301,0;3,3;1,0;0,0;1,0;1,0;0,0;0,0;4,0;0,0;0,3;7,0;3,0;42,9;2,09;0,9;0,14;0,33;2,0;2,0;1,0;3,0;0,0;12,0;0,0;;0,0;;;0,0;;;;;0,0;;;;;No;No;No;No;No;No;No;No;No;No
2047,0;Beñat Prados;es ESP;MF;Athletic Club;es La Liga;25,0;2001,0;2,0;1,0;85,0;0,9;0,0;0,0;0,0;0,0;0,0;0,0;1,0;0,0;0,0;1,0;0,0;0,0;1,06;0,0;0,0;0,0;0,0;2,0;2,0;0,0;0,0;5,0;0,0;;0,0;;;0,0;;;;;0,0;;;;;No;No;No;No;No;No;No;No;No;No
2048,0;Alexander Prass;at AUT;MF;Hoffenheim;de Bundesliga;24,0;2001,0;24,0;10,0;999,0;11,1;3,0;2,0;5,0;3,0;0,0;0,0;2,0;0,0;0,45;16,0;9,0;56,3;1,44;0,81;0,19;0,33;36,0;20,0;6,0;17,0;0,0;22,0;0,0;;0,0;;;0,0;;;;;0,0;;;;;No;No;No;No;No;No;No;No;No;No
2049,0;Matteo Prati;it ITA;MF;Torino;it Serie A;22,0;2003,0;6,0;3,0;295,0;3,3;0,0;0,0;0,0;0,0;0,0;0,0;1,0;0,0;0,0;6,0;0,0;0,0;1,83;0,0;0,0;0,0;0,0;1,0;0,0;2,0;0,0;3,0;0,0;;0,0;;;0,0;;;;;0,0;;;;;No;No;No;No;No;No;No;No;No;No
2050,0;Matteo Prati;it ITA;MF;Cagliari;it Serie A;22,0;2003,0;20,0;15,0;1268,0;14,1;1,0;0,0;1,0;1,0;0,0;0,0;4,0;0,0;0,07;19,0;1,0;5,3;1,35;0,07;0,05;1,0;13,0;12,0;15,0;3,0;0,0;17,0;0,0;;0,0;;;0,0;;;;;0,0;;;;;No;No;No;No;No;No;No;No;No;No
2051,0;Abdón Prats;es ESP;FW;Mallorca;es La Liga;33,0;1992,0;10,0;0,0;93,0;1,0;0,0;0,0;0,0;0,0;0,0;0,0;0,0;0,0;0,0;4,0;1,0;25,0;3,87;0,97;0,0;0,0;1,0;0,0;0,0;2,0;0,0;2,0;0,0;;0,0;;;0,0;;;;;0,0;;;;;No;No;No;No;No;No;No;No;No;No
2052,0;Grischa Prömel;de GER;MF;Hoffenheim;de Bundesliga;31,0;1995,0;26,0;13,0;1402,0;15,6;7,0;2,0;9,0;7,0;0,0;0,0;3,0;0,0;0,58;36,0;12,0;33,3;2,31;0,77;0,19;0,58;10,0;15,0;14,0;24,0;0,0;18,0;0,0;;0,0;;;0,0;;;;;0,0;;;;;No;No;No;No;No;No;No;No;No;No
2053,0;Ivan Provedel;it ITA;GK;Lazio;it Serie A;32,0;1994,0;27,0;27,0;2430,0;27,0;0,0;0,0;0,0;0,0;0,0;0,0;1,0;0,0;0,0;0,0;0,0;0,0;0,0;0,0;0,0;0,0;0,0;0,0;0,0;2,0;0,0;0,0;0,0;27,0;1,0;112,0;87,0;78,6;8,0;10,0;9,0;12,0;44,4;4,0;3,0;1,0;0,0;No;No;No;No;No;No;No;No;No;No
2054,0;Javi Puado;es ESP;MF,FW;Espanyol;es La Liga;27,0;1998,0;10,0;8,0;674,0;7,5;2,0;0,0;2,0;1,0;1,0;2,0;2,0;0,0;0,13;15,0;9,0;60,0;2,0;1,2;0,07;0,11;21,0;2,0;3,0;7,0;0,0;11,0;0,0;;0,0;;;0,0;;;;;0,0;;;;;No;No;No;No;No;No;No;No;No;No
2055,0;Marc Pubill;es ESP;DF;Atlético Madrid;es La Liga;22,0;2003,0;12,0;9,0;841,0;9,3;0,0;1,0;1,0;0,0;0,0;0,0;1,0;0,0;0,11;6,0;2,0;33,3;0,64;0,21;0,0;0,0;4,0;7,0;15,0;8,0;0,0;9,0;0,0;;0,0;;;0,0;;;;;0,0;;;;;No;No;No;No;No;No;No;No;No;No
2056,0;Cameron Puertas;ch SUI;MF;Werder Bremen;de Bundesliga;27,0;1998,0;21,0;15,0;1282,0;14,2;0,0;1,0;1,0;0,0;0,0;0,0;4,0;0,0;0,07;26,0;4,0;15,4;1,83;0,28;0,0;0,0;52,0;30,0;13,0;17,0;0,0;26,0;0,0;;0,0;;;0,0;;;;;0,0;;;;;No;No;No;No;No;No;No;No;No;No
2057,0;Christian Pulisic;us USA;FW;Milan;it Serie A;27,0;1998,0;22,0;14,0;1213,0;13,5;8,0;2,0;10,0;8,0;0,0;1,0;0,0;0,0;0,74;44,0;23,0;52,3;3,26;1,71;0,18;0,35;29,0;6,0;3,0;18,0;0,0;10,0;0,0;;0,0;;;0,0;;;;;0,0;;;;;No;No;No;No;No;No;No;No;No;No
2058,0;Arkadiusz Pyrka;pl POL;MF;St Pauli;de Bundesliga;23,0;2002,0;23,0;22,0;1856,0;20,6;0,0;1,0;1,0;0,0;0,0;0,0;3,0;0,0;0,05;14,0;3,0;21,4;0,68;0,15;0,0;0,0;33,0;15,0;18,0;22,0;0,0;13,0;0,0;;0,0;;;0,0;;;;;0,0;;;;;No;No;No;No;No;No;No;No;No;No
2059,0;Jarell Quansah;eng ENG;DF;Leverkusen;de Bundesliga;23,0;2003,0;22,0;19,0;1789,0;19,9;3,0;0,0;3,0;3,0;0,0;0,0;7,0;0,0;0,15;11,0;6,0;54,5;0,55;0,3;0,27;0,5;20,0;18,0;19,0;18,0;0,0;14,0;0,0;;0,0;;;0,0;;;;;0,0;;;;;No;No;No;No;No;No;No;No;No;No
2060,0;Leopold Querfeld;at AUT;DF;Union Berlin;de Bundesliga;22,0;2003,0;25,0;25,0;2250,0;25,0;2,0;0,0;2,0;0,0;2,0;3,0;6,0;0,0;0,0;26,0;9,0;34,6;1,04;0,36;0,0;0,0;2,0;21,0;28,0;26,0;0,0;40,0;0,0;;0,0;;;0,0;;;;;0,0;;;;;No;No;No;No;No;No;No;No;No;No
2061,0;Kenny Quetant;fr FRA;FW;Le Havre;fr Ligue 1;19,0;2006,0;9,0;4,0;372,0;4,1;1,0;0,0;1,0;1,0;0,0;0,0;1,0;0,0;0,24;8,0;2,0;25,0;1,94;0,48;0,13;0,5;1,0;0,0;1,0;3,0;0,0;6,0;0,0;;0,0;;;0,0;;;;;0,0;;;;;No;No;No;No;No;No;No;No;No;No
2062,0;Matheo Raab;de GER;GK;Union Berlin;de Bundesliga;27,0;1998,0;1,0;1,0;90,0;1,0;0,0;0,0;0,0;0,0;0,0;0,0;0,0;0,0;0,0;0,0;0,0;0,0;0,0;0,0;0,0;0,0;0,0;0,0;0,0;0,0;0,0;0,0;0,0;0,0;0,0;6,0;6,0;100,0;1,0;0,0;0,0;1,0;100,0;0,0;0,0;0,0;0,0;No;No;No;No;No;No;No;No;No;No
2063,0;Dani Raba;es ESP;FW;Valencia;es La Liga;30,0;1995,0;12,0;3,0;261,0;2,9;0,0;1,0;1,0;0,0;0,0;0,0;0,0;0,0;0,34;7,0;1,0;14,3;2,41;0,34;0,0;0,0;12,0;4,0;4,0;2,0;0,0;6,0;0,0;;0,0;;;0,0;;;;;0,0;;;;;No;No;No;No;No;No;No;No;No;No
2064,0;Adrien Rabiot;fr FRA;MF;Marseille;fr Ligue 1;30,0;1995,0;1,0;1,0;90,0;1,0;0,0;0,0;0,0;0,0;0,0;0,0;1,0;0,0;0,0;1,0;0,0;0,0;1,0;0,0;0,0;0,0;9,0;0,0;0,0;1,0;0,0;2,0;0,0;;0,0;;;0,0;;;;;0,0;;;;;No;No;No;No;No;No;No;No;No;No
2065,0;Adrien Rabiot;fr FRA;MF;Milan;it Serie A;30,0;1995,0;20,0;19,0;1740,0;19,3;4,0;4,0;8,0;4,0;0,0;0,0;6,0;1,0;0,41;29,0;6,0;20,7;1,5;0,31;0,14;0,67;37,0;21,0;10,0;34,0;1,0;23,0;0,0;;0,0;;;0,0;;;;;0,0;;;;;No;No;No;No;No;No;No;No;No;No
2066,0;Uroš Radaković;rs SRB;DF;Nantes;fr Ligue 1;31,0;1994,0;4,0;0,0;24,0;0,3;0,0;0,0;0,0;0,0;0,0;0,0;0,0;0,0;0,0;0,0;0,0;0,0;0,0;0,0;0,0;0,0;0,0;0,0;0,0;0,0;0,0;1,0;0,0;;0,0;;;0,0;;;;;0,0;;;;;No;No;No;No;No;No;No;No;No;No
2067,0;Ionuț Radu;ro ROU;GK;Celta Vigo;es La Liga;28,0;1997,0;28,0;28,0;2520,0;28,0;0,0;0,0;0,0;0,0;0,0;0,0;0,0;0,0;0,0;0,0;0,0;0,0;0,0;0,0;0,0;0,0;0,0;0,0;0,0;7,0;0,0;0,0;0,0;31,0;1,11;106,0;80,0;73,6;10,0;11,0;7,0;8,0;28,6;8,0;3,0;2,0;3,0;No;No;No;No;No;No;No;No;No;No
2068,0;Ugo Raghouber;fr FRA;MF;Levante;es La Liga;22,0;2003,0;7,0;5,0;423,0;4,7;0,0;0,0;0,0;0,0;0,0;0,0;0,0;0,0;0,0;1,0;0,0;0,0;0,21;0,0;0,0;0,0;1,0;4,0;6,0;8,0;0,0;4,0;0,0;;0,0;;;0,0;;;;;0,0;;;;;No;No;No;No;No;No;No;No;No;No
2069,0;Ugo Raghouber;fr FRA;MF;Lille;fr Ligue 1;22,0;2003,0;1,0;0,0;3,0;0,0;0,0;0,0;0,0;0,0;0,0;0,0;0,0;0,0;0,0;0,0;0,0;0,0;0,0;0,0;0,0;0,0;0,0;0,0;0,0;0,0;0,0;0,0;0,0;;0,0;;;0,0;;;;;0,0;;;;;No;No;No;No;No;No;No;No;No;No
2070,0;Antonio Raillo;es ESP;DF;Mallorca;es La Liga;34,0;1991,0;22,0;22,0;1942,0;21,6;0,0;1,0;1,0;0,0;0,0;0,0;3,0;0,0;0,05;12,0;1,0;8,3;0,56;0,05;0,0;0,0;4,0;12,0;11,0;14,0;0,0;23,0;0,0;;0,0;;;0,0;;;;;0,0;;;;;No;No;No;No;No;No;No;No;No;No
2071,0;Ylber Ramadani;al ALB;MF;Lecce;it Serie A;29,0;1996,0;28,0;28,0;2429,0;27,0;1,0;0,0;1,0;1,0;0,0;0,0;7,0;0,0;0,04;25,0;5,0;20,0;0,93;0,19;0,04;0,2;14,0;38,0;34,0;44,0;0,0;36,0;0,0;;0,0;;;0,0;;;;;0,0;;;;;No;No;No;No;No;No;No;No;No;No
2072,0;Diant Ramaj;de GER;GK;Heidenheim;de Bundesliga;24,0;2001,0;25,0;25,0;2250,0;25,0;0,0;0,0;0,0;0,0;0,0;0,0;1,0;0,0;0,0;0,0;0,0;0,0;0,0;0,0;0,0;0,0;0,0;0,0;0,0;2,0;0,0;2,0;0,0;56,0;2,24;135,0;84,0;62,2;3,0;5,0;17,0;0,0;0,0;6,0;5,0;0,0;1,0;No;No;No;No;No;No;No;No;No;No
2073,0;Largie Ramazani;be BEL;MF;Valencia;es La Liga;25,0;2001,0;17,0;5,0;638,0;7,1;4,0;1,0;5,0;1,0;3,0;3,0;4,0;0,0;0,28;26,0;9,0;34,6;3,67;1,27;0,04;0,11;21,0;6,0;8,0;10,0;0,0;13,0;0,0;;0,0;;;0,0;;;;;0,0;;;;;No;No;No;No;No;No;No;No;No;No
2074,0;Jacobo Ramón;es ESP;DF;Como;it Serie A;21,0;2005,0;26,0;25,0;2247,0;25,0;2,0;0,0;2,0;2,0;0,0;0,0;7,0;1,0;0,08;29,0;6,0;20,7;1,16;0,24;0,07;0,33;9,0;29,0;32,0;7,0;0,0;26,0;0,0;;0,0;;;0,0;;;;;0,0;;;;;No;No;No;No;No;No;No;No;No;No
2075,0;Gonçalo Ramos;pt POR;FW;Paris Saint-Germain;fr Ligue 1;24,0;2001,0;23,0;10,0;1025,0;11,4;5,0;1,0;6,0;4,0;1,0;1,0;2,0;0,0;0,44;47,0;21,0;44,7;4,13;1,84;0,09;0,19;1,0;10,0;3,0;15,0;0,0;18,0;0,0;;0,0;;;0,0;;;;;0,0;;;;;No;No;No;No;No;No;No;No;No;No
2076,0;Guilherme Ramos;pt POR;DF;Hamburger SV;de Bundesliga;28,0;1997,0;8,0;0,0;48,0;0,5;0,0;0,0;0,0;0,0;0,0;0,0;0,0;0,0;0,0;1,0;1,0;100,0;1,87;1,87;0,0;0,0;0,0;0,0;0,0;1,0;0,0;1,0;0,0;;0,0;;;0,0;;;;;0,0;;;;;No;No;No;No;No;No;No;No;No;No
2077,0;Aaron Ramsdale;eng ENG;GK;Newcastle United;eng Premier League;27,0;1998,0;9,0;8,0;734,0;8,2;0,0;0,0;0,0;0,0;0,0;0,0;1,0;0,0;0,0;0,0;0,0;0,0;0,0;0,0;0,0;0,0;0,0;0,0;0,0;0,0;0,0;0,0;0,0;11,0;1,35;25,0;16,0;64,0;4,0;2,0;2,0;1,0;12,5;2,0;2,0;0,0;0,0;No;No;No;No;No;No;No;No;No;No
2078,0;Jacob Ramsey;eng ENG;MF;Newcastle United;eng Premier League;24,0;2001,0;20,0;10,0;991,0;11,0;2,0;1,0;3,0;2,0;0,0;0,0;5,0;1,0;0,27;12,0;4,0;33,3;1,09;0,36;0,17;0,5;7,0;10,0;7,0;11,0;1,0;14,0;0,0;;0,0;;;0,0;;;;;0,0;;;;;No;No;No;No;No;No;No;No;No;No
2079,0;Luca Ranieri;it ITA;DF;Fiorentina;it Serie A;26,0;1999,0;26,0;21,0;1765,0;19,6;1,0;0,0;1,0;1,0;0,0;0,0;7,0;0,0;0,05;15,0;3,0;20,0;0,76;0,15;0,07;0,33;26,0;18,0;14,0;23,0;0,0;20,0;0,0;;0,0;;;0,0;;;;;0,0;;;;;No;No;No;No;No;No;No;No;No;No
2080,0;Grant Ranos;am ARM;FW;Gladbach;de Bundesliga;22,0;2003,0;8,0;0,0;119,0;1,3;1,0;0,0;1,0;1,0;0,0;0,0;1,0;0,0;0,76;4,0;2,0;50,0;3,03;1,51;0,25;0,5;5,0;1,0;1,0;1,0;0,0;1,0;0,0;;0,0;;;0,0;;;;;0,0;;;;;No;No;No;No;No;No;No;No;No;No
2081,0;Lilian Raolisoa;fr FRA;MF,FW;Angers;fr Ligue 1;25,0;2000,0;24,0;14,0;1343,0;14,9;2,0;1,0;3,0;2,0;0,0;0,0;2,0;0,0;0,2;12,0;4,0;33,3;0,8;0,27;0,17;0,5;66,0;19,0;9,0;12,0;0,0;22,0;0,0;;0,0;;;0,0;;;;;0,0;;;;;No;No;No;No;No;No;No;No;No;No
2082,0;Raphinha;br BRA;MF,FW;Barcelona;es La Liga;29,0;1996,0;19,0;16,0;1201,0;13,3;11,0;3,0;14,0;8,0;3,0;3,0;3,0;0,0;0,82;53,0;17,0;32,1;3,97;1,27;0,15;0,47;61,0;3,0;5,0;9,0;0,0;9,0;0,0;;0,0;;;0,0;;;;;0,0;;;;;No;No;No;No;No;No;No;No;No;No
2083,0;Marcus Rashford;eng ENG;MF,FW;Barcelona;es La Liga;28,0;1997,0;23,0;14,0;1328,0;14,8;4,0;6,0;10,0;4,0;0,0;0,0;2,0;0,0;0,68;65,0;22,0;33,8;4,41;1,49;0,06;0,18;88,0;7,0;1,0;18,0;0,0;6,0;0,0;;0,0;;;0,0;;;;;0,0;;;;;No;No;No;No;No;No;No;No;No;No
2084,0;Mathias Rasmussen;no NOR;MF;St Pauli;de Bundesliga;28,0;1997,0;5,0;3,0;288,0;3,2;0,0;0,0;0,0;0,0;0,0;0,0;0,0;0,0;0,0;3,0;0,0;0,0;0,94;0,0;0,0;0,0;5,0;1,0;2,0;5,0;0,0;5,0;0,0;;0,0;;;0,0;;;;;0,0;;;;;No;No;No;No;No;No;No;No;No;No
2085,0;Giacomo Raspadori;it ITA;MF;Atalanta;it Serie A;26,0;2000,0;4,0;2,0;247,0;2,7;1,0;1,0;2,0;1,0;0,0;0,0;0,0;0,0;0,73;10,0;5,0;50,0;3,64;1,82;0,1;0,2;20,0;1,0;0,0;2,0;0,0;1,0;0,0;;0,0;;;0,0;;;;;0,0;;;;;No;No;No;No;No;No;No;No;No;No
2086,0;Giacomo Raspadori;it ITA;FW;Atlético Madrid;es La Liga;26,0;2000,0;12,0;1,0;236,0;2,6;0,0;1,0;1,0;0,0;0,0;0,0;1,0;0,0;0,38;7,0;3,0;42,9;2,67;1,14;0,0;0,0;9,0;1,0;0,0;7,0;0,0;3,0;0,0;;0,0;;;0,0;;;;;0,0;;;;;No;No;No;No;No;No;No;No;No;No
2087,0;Andrei Ratiu;ro ROU;DF;Rayo Vallecano;es La Liga;27,0;1998,0;25,0;24,0;2133,0;23,7;0,0;3,0;3,0;0,0;0,0;0,0;6,0;0,0;0,13;25,0;8,0;32,0;1,05;0,34;0,0;0,0;77,0;27,0;34,0;17,0;0,0;16,0;0,0;;0,0;;;0,0;;;;;0,0;;;;;No;No;No;No;No;No;No;No;No;No
2088,0;Petar Ratkov;rs SRB;FW;Lazio;it Serie A;22,0;2003,0;7,0;2,0;221,0;2,5;0,0;0,0;0,0;0,0;0,0;0,0;0,0;0,0;0,0;5,0;0,0;0,0;2,04;0,0;0,0;0,0;0,0;2,0;1,0;3,0;0,0;0,0;0,0;;0,0;;;0,0;;;;;0,0;;;;;No;No;No;No;No;No;No;No;No;No
2089,0;Raúl;es ESP;FW;Osasuna;es La Liga;25,0;2000,0;26,0;5,0;778,0;8,6;5,0;0,0;5,0;5,0;0,0;0,0;1,0;1,0;0,58;26,0;15,0;57,7;3,01;1,74;0,19;0,33;6,0;12,0;7,0;11,0;0,0;7,0;0,0;;0,0;;;0,0;;;;;0,0;;;;;No;No;No;No;No;No;No;No;No;No
2090,0;David Raum;de GER;DF;RB Leipzig;de Bundesliga;27,0;1998,0;25,0;25,0;2212,0;24,6;3,0;5,0;8,0;2,0;1,0;1,0;6,0;0,0;0,28;21,0;6,0;28,6;0,85;0,24;0,1;0,33;217,0;31,0;29,0;12,0;0,0;25,0;0,0;;0,0;;;0,0;;;;;0,0;;;;;No;No;No;No;No;No;No;No;No;No
2091,0;Federico Ravaglia;it ITA;GK;Bologna;it Serie A;26,0;1999,0;13,0;12,0;1110,0;12,3;0,0;0,0;0,0;0,0;0,0;0,0;3,0;0,0;0,0;0,0;0,0;0,0;0,0;0,0;0,0;0,0;0,0;1,0;0,0;3,0;0,0;1,0;0,0;22,0;1,78;66,0;45,0;68,2;3,0;3,0;6,0;2,0;16,7;1,0;1,0;0,0;0,0;No;No;No;No;No;No;No;No;No;No
2092,0;David Raya;es ESP;GK;Arsenal;eng Premier League;30,0;1995,0;31,0;31,0;2790,0;31,0;0,0;0,0;0,0;0,0;0,0;0,0;1,0;0,0;0,0;0,0;0,0;0,0;0,0;0,0;0,0;0,0;1,0;1,0;1,0;9,0;0,0;0,0;0,0;22,0;0,71;72,0;49,0;69,4;21,0;7,0;3,0;15,0;48,4;0,0;0,0;0,0;0,0;Sí;Sí;Sí;Sí;Sí;Sí;Sí;Sí;Sí;Sí
2093,0;Abde Rebbach;dz ALG;MF;Alavés;es La Liga;27,0;1998,0;21,0;8,0;822,0;9,1;0,0;0,0;0,0;0,0;0,0;0,0;4,0;0,0;0,0;26,0;8,0;30,8;2,85;0,88;0,0;0,0;63,0;8,0;9,0;18,0;0,0;26,0;0,0;;0,0;;;0,0;;;;;0,0;;;;;No;No;No;No;No;No;No;No;No;No
2094,0;Federico Redondo;ar ARG;MF;Elche;es La Liga;23,0;2003,0;9,0;1,0;153,0;1,7;0,0;0,0;0,0;0,0;0,0;0,0;0,0;1,0;0,0;1,0;0,0;0,0;0,59;0,0;0,0;0,0;0,0;2,0;4,0;3,0;0,0;7,0;0,0;;0,0;;;0,0;;;;;0,0;;;;;No;No;No;No;No;No;No;No;No;No
2095,0;Harrison Reed;eng ENG;MF;Fulham;eng Premier League;31,0;1995,0;5,0;0,0;27,0;0,3;1,0;0,0;1,0;1,0;0,0;0,0;0,0;0,0;3,33;1,0;1,0;100,0;3,33;3,33;1,0;1,0;3,0;0,0;0,0;1,0;0,0;0,0;0,0;;0,0;;;0,0;;;;;0,0;;;;;No;No;No;No;No;No;No;No;No;No
2096,0;Luca Reggiani;it ITA;DF;Dortmund;de Bundesliga;18,0;2008,0;4,0;2,0;199,0;2,2;1,0;0,0;1,0;1,0;0,0;0,0;1,0;0,0;0,45;2,0;1,0;50,0;0,9;0,45;0,5;1,0;1,0;5,0;2,0;0,0;0,0;2,0;0,0;;0,0;;;0,0;;;;;0,0;;;;;No;No;No;No;No;No;No;No;No;No
2097,0;Alejandro Rego;es ESP;MF;Athletic Club;es La Liga;22,0;2003,0;19,0;5,0;707,0;7,9;1,0;0,0;1,0;1,0;0,0;0,0;5,0;0,0;0,13;10,0;3,0;30,0;1,27;0,38;0,1;0,33;0,0;13,0;13,0;3,0;0,0;23,0;0,0;;0,0;;;0,0;;;;;0,0;;;;;No;No;No;No;No;No;No;No;No;No
2098,0;Tijjani Reijnders;nl NED;MF;Manchester City;eng Premier League;27,0;1998,0;26,0;17,0;1496,0;16,6;5,0;2,0;7,0;5,0;0,0;0,0;2,0;0,0;0,42;41,0;15,0;36,6;2,47;0,9;0,12;0,33;37,0;4,0;11,0;15,0;0,0;18,0;0,0;;0,0;;;0,0;;;;;0,0;;;;;No;No;No;No;No;No;No;No;No;No
2099,0;Alberto Reina;es ESP;MF;Oviedo;es La Liga;28,0;1997,0;27,0;21,0;1628,0;18,1;3,0;0,0;3,0;3,0;0,0;0,0;5,0;1,0;0,17;16,0;7,0;43,8;0,88;0,39;0,19;0,43;29,0;12,0;10,0;30,0;1,0;27,0;0,0;;0,0;;;0,0;;;;;0,0;;;;;No;No;No;No;No;No;No;No;No;No
2100,0;Vitor Reis;br BRA;DF;Girona;es La Liga;20,0;2006,0;26,0;25,0;2238,0;24,9;1,0;1,0;2,0;1,0;0,0;0,0;6,0;1,0;0,08;12,0;2,0;16,7;0,48;0,08;0,08;0,5;0,0;21,0;22,0;14,0;0,0;22,0;1,0;;0,0;;;0,0;;;;;0,0;;;;;No;No;No;No;No;No;No;No;No;No
2101,0;Rocco Reitz;de GER;MF;Gladbach;de Bundesliga;23,0;2002,0;24,0;24,0;2019,0;22,4;0,0;2,0;2,0;0,0;0,0;0,0;6,0;1,0;0,09;34,0;11,0;32,4;1,52;0,49;0,0;0,0;70,0;31,0;38,0;46,0;0,0;29,0;0,0;;0,0;;;0,0;;;;;0,0;;;;;No;No;No;No;No;No;No;No;No;No
2102,0;Nicolai Remberg;de GER;MF;Hamburger SV;de Bundesliga;25,0;2000,0;25,0;25,0;2250,0;25,0;0,0;1,0;1,0;0,0;0,0;0,0;9,0;0,0;0,04;15,0;7,0;46,7;0,6;0,28;0,0;0,0;4,0;21,0;37,0;42,0;0,0;35,0;0,0;;0,0;;;0,0;;;;;0,0;;;;;No;No;No;No;No;No;No;No;No;No
2103,0;Álex Remiro;es ESP;GK;Real Sociedad;es La Liga;30,0;1995,0;28,0;28,0;2520,0;28,0;0,0;0,0;0,0;0,0;0,0;0,0;0,0;0,0;0,0;0,0;0,0;0,0;0,0;0,0;0,0;0,0;0,0;1,0;1,0;4,0;0,0;0,0;1,0;42,0;1,5;105,0;68,0;64,8;10,0;8,0;10,0;2,0;7,1;5,0;5,0;0,0;0,0;Sí;Sí;Sí;Sí;Sí;Sí;Sí;Sí;Sí;Sí
2104,0;Devyne Rensch;nl NED;MF,DF;Roma;it Serie A;23,0;2003,0;16,0;7,0;671,0;7,5;0,0;1,0;1,0;0,0;0,0;0,0;0,0;0,0;0,13;4,0;1,0;25,0;0,54;0,13;0,0;0,0;13,0;11,0;9,0;11,0;0,0;4,0;0,0;;0,0;;;0,0;;;;;0,0;;;;;No;No;No;No;No;No;No;No;No;No
2105,0;Guillaume Restes;fr FRA;GK;Toulouse;fr Ligue 1;21,0;2005,0;26,0;26,0;2309,0;25,7;0,0;0,0;0,0;0,0;0,0;0,0;3,0;0,0;0,0;0,0;0,0;0,0;0,0;0,0;0,0;0,0;0,0;0,0;1,0;8,0;0,0;0,0;0,0;31,0;1,21;83,0;56,0;67,5;9,0;7,0;10,0;8,0;30,8;4,0;4,0;0,0;0,0;No;No;No;No;No;No;No;No;No;No
2106,0;Elvis Rexhbeçaj;xk KVX;MF;Augsburg;de Bundesliga;28,0;1997,0;23,0;9,0;1030,0;11,4;2,0;0,0;2,0;2,0;0,0;0,0;4,0;0,0;0,17;10,0;4,0;40,0;0,87;0,35;0,2;0,5;15,0;7,0;4,0;14,0;0,0;13,0;0,0;;0,0;;;0,0;;;;;0,0;;;;;No;No;No;No;No;No;No;No;No;No
2107,0;Oriol Rey;es ESP;MF;Levante;es La Liga;28,0;1998,0;16,0;11,0;1038,0;11,5;0,0;0,0;0,0;0,0;0,0;0,0;2,0;0,0;0,0;6,0;1,0;16,7;0,52;0,09;0,0;0,0;6,0;10,0;10,0;7,0;0,0;15,0;0,0;;0,0;;;0,0;;;;;0,0;;;;;No;No;No;No;No;No;No;No;No;No
2108,0;Gio Reyna;us USA;MF;Gladbach;de Bundesliga;23,0;2002,0;13,0;4,0;403,0;4,5;0,0;0,0;0,0;0,0;0,0;0,0;1,0;0,0;0,0;5,0;1,0;20,0;1,12;0,22;0,0;0,0;9,0;5,0;3,0;7,0;0,0;5,0;0,0;;0,0;;;0,0;;;;;0,0;;;;;No;No;No;No;No;No;No;No;No;No
2109,0;Chadi Riad;ma MAR;DF;Crystal Palace;eng Premier League;22,0;2003,0;6,0;3,0;314,0;3,5;0,0;1,0;1,0;0,0;0,0;0,0;2,0;0,0;0,29;2,0;1,0;50,0;0,57;0,29;0,0;0,0;6,0;3,0;1,0;2,0;0,0;4,0;0,0;;0,0;;;0,0;;;;;0,0;;;;;No;No;No;No;No;No;No;No;No;No
2110,0;Alexsandro Ribeiro;br BRA;DF;Lille;fr Ligue 1;26,0;1999,0;8,0;7,0;508,0;5,6;0,0;0,0;0,0;0,0;0,0;0,0;0,0;1,0;0,0;7,0;2,0;28,6;1,24;0,35;0,0;0,0;1,0;9,0;11,0;8,0;0,0;10,0;0,0;;0,0;;;0,0;;;;;0,0;;;;;No;No;No;No;No;No;No;No;No;No
2111,0;Rodrigo Ribeiro;pt POR;FW;Augsburg;de Bundesliga;20,0;2005,0;6,0;4,0;376,0;4,2;2,0;0,0;2,0;2,0;0,0;0,0;1,0;0,0;0,48;15,0;6,0;40,0;3,59;1,44;0,13;0,33;1,0;1,0;1,0;1,0;0,0;7,0;0,0;;0,0;;;0,0;;;;;0,0;;;;;No;No;No;No;No;No;No;No;No;No
2112,0;Samuele Ricci;it ITA;MF;Milan;it Serie A;24,0;2001,0;24,0;9,0;1043,0;11,6;1,0;3,0;4,0;1,0;0,0;0,0;1,0;0,0;0,35;15,0;6,0;40,0;1,29;0,52;0,07;0,17;23,0;8,0;7,0;23,0;0,0;10,0;0,0;;0,0;;;0,0;;;;;0,0;;;;;No;No;No;No;No;No;No;No;No;No
2113,0;Declan Rice;eng ENG;MF;Arsenal;eng Premier League;27,0;1999,0;30,0;29,0;2581,0;28,7;4,0;5,0;9,0;4,0;0,0;0,0;2,0;0,0;0,31;36,0;12,0;33,3;1,26;0,42;0,11;0,33;145,0;29,0;27,0;8,0;0,0;20,0;0,0;;0,0;;;0,0;;;;;0,0;;;;;No;No;No;No;No;No;No;No;No;No
2114,0;Chris Richards;us USA;DF;Crystal Palace;eng Premier League;25,0;2000,0;26,0;26,0;2332,0;25,9;1,0;0,0;1,0;1,0;0,0;0,0;3,0;0,0;0,04;10,0;1,0;10,0;0,39;0,04;0,1;1,0;11,0;31,0;40,0;3,0;0,0;13,0;0,0;;0,0;;;0,0;;;;;0,0;;;;;No;No;No;No;No;No;No;No;No;No
2115,0;Amir Richardson;ma MAR;MF;Fiorentina;it Serie A;24,0;2002,0;2,0;0,0;42,0;0,5;0,0;0,0;0,0;0,0;0,0;0,0;0,0;0,0;0,0;1,0;0,0;0,0;2,14;0,0;0,0;0,0;1,0;1,0;0,0;3,0;0,0;1,0;0,0;;0,0;;;0,0;;;;;0,0;;;;;No;No;No;No;No;No;No;No;No;No
2116,0;Richarlison;br BRA;FW;Tottenham Hotspur;eng Premier League;28,0;1997,0;25,0;14,0;1445,0;16,1;9,0;3,0;12,0;9,0;0,0;0,0;5,0;0,0;0,75;44,0;20,0;45,5;2,74;1,25;0,2;0,45;14,0;14,0;6,0;26,0;0,0;17,0;0,0;;0,0;;;0,0;;;;;0,0;;;;;No;No;No;No;No;No;No;No;No;No
2117,0;Diego Rico;es ESP;DF;Getafe;es La Liga;33,0;1993,0;24,0;17,0;1660,0;18,4;0,0;0,0;0,0;0,0;0,0;0,0;4,0;0,0;0,0;11,0;1,0;9,1;0,6;0,05;0,0;0,0;60,0;28,0;30,0;33,0;0,0;22,0;0,0;;0,0;;;0,0;;;;;0,0;;;;;No;No;No;No;No;No;No;No;No;No
2118,0;Clemens Riedel;de GER;DF;Espanyol;es La Liga;22,0;2003,0;15,0;12,0;1036,0;11,5;0,0;1,0;1,0;0,0;0,0;0,0;4,0;0,0;0,09;3,0;1,0;33,3;0,26;0,09;0,0;0,0;3,0;11,0;10,0;5,0;0,0;18,0;0,0;;0,0;;;0,0;;;;;0,0;;;;;No;No;No;No;No;No;No;No;No;No
2119,0;Fabian Rieder;ch SUI;MF;Augsburg;de Bundesliga;24,0;2002,0;24,0;20,0;1623,0;18,0;3,0;3,0;6,0;2,0;1,0;1,0;2,0;0,0;0,28;27,0;8,0;29,6;1,5;0,44;0,07;0,25;80,0;14,0;8,0;22,0;0,0;32,0;0,0;;0,0;;;0,0;;;;;0,0;;;;;No;No;No;No;No;No;No;No;No;No
2120,0;Fabian Rieder;ch SUI;MF;Rennes;fr Ligue 1;24,0;2002,0;3,0;2,0;133,0;1,5;0,0;0,0;0,0;0,0;0,0;0,0;0,0;0,0;0,0;1,0;0,0;0,0;0,68;0,0;0,0;0,0;1,0;2,0;2,0;1,0;0,0;2,0;0,0;;0,0;;;0,0;;;;;0,0;;;;;No;No;No;No;No;No;No;No;No;No
2121,0;Lasse Rieß;de GER;GK;Mainz 05;de Bundesliga;24,0;2001,0;4,0;3,0;292,0;3,2;0,0;0,0;0,0;0,0;0,0;0,0;0,0;0,0;0,0;0,0;0,0;0,0;0,0;0,0;0,0;0,0;0,0;0,0;0,0;1,0;0,0;0,0;0,0;12,0;3,7;26,0;15,0;57,7;0,0;0,0;3,0;0,0;0,0;1,0;1,0;0,0;0,0;No;No;No;No;No;No;No;No;No;No
2122,0;Chris Rigg;eng ENG;MF;Sunderland;eng Premier League;18,0;2007,0;12,0;7,0;468,0;5,2;0,0;0,0;0,0;0,0;0,0;0,0;0,0;0,0;0,0;5,0;0,0;0,0;0,96;0,0;0,0;0,0;5,0;4,0;2,0;8,0;0,0;6,0;0,0;;0,0;;;0,0;;;;;0,0;;;;;No;No;No;No;No;No;No;No;No;No
2123,0;Filippo Rinaldi;it ITA;GK;Parma;it Serie A;23,0;2002,0;1,0;1,0;90,0;1,0;0,0;0,0;0,0;0,0;0,0;0,0;1,0;0,0;0,0;0,0;0,0;0,0;0,0;0,0;0,0;0,0;0,0;0,0;0,0;0,0;0,0;0,0;0,0;0,0;0,0;4,0;4,0;100,0;0,0;1,0;0,0;1,0;100,0;0,0;0,0;0,0;0,0;No;No;No;No;No;No;No;No;No;No
2124,0;Hugo Rincón;es ESP;DF;Girona;es La Liga;23,0;2003,0;25,0;15,0;1534,0;17,0;1,0;1,0;2,0;1,0;0,0;0,0;3,0;0,0;0,12;7,0;2,0;28,6;0,41;0,12;0,14;0,5;23,0;24,0;5,0;44,0;0,0;24,0;0,0;;0,0;;;0,0;;;;;0,0;;;;;No;No;No;No;No;No;No;No;No;No
2125,0;Luis Rioja;es ESP;MF;Valencia;es La Liga;32,0;1993,0;27,0;22,0;1863,0;20,7;2,0;4,0;6,0;2,0;0,0;0,0;1,0;0,0;0,29;33,0;4,0;12,1;1,59;0,19;0,06;0,5;119,0;16,0;13,0;24,0;0,0;7,0;0,0;;0,0;;;0,0;;;;;0,0;;;;;No;No;No;No;No;No;No;No;No;No
2126,0;Rodrigo Riquelme;es ESP;MF;Real Betis;es La Liga;25,0;2000,0;19,0;7,0;651,0;7,2;0,0;1,0;1,0;0,0;0,0;0,0;1,0;0,0;0,14;19,0;5,0;26,3;2,63;0,69;0,0;0,0;20,0;7,0;3,0;8,0;0,0;6,0;0,0;;0,0;;;0,0;;;;;0,0;;;;;No;No;No;No;No;No;No;No;No;No
2127,0;Robin Risser;fr FRA;GK;Lens;fr Ligue 1;21,0;2004,0;26,0;26,0;2340,0;26,0;0,0;1,0;1,0;0,0;0,0;0,0;2,0;0,0;0,04;0,0;0,0;0,0;0,0;0,0;0,0;0,0;0,0;0,0;0,0;4,0;0,0;0,0;0,0;23,0;0,88;82,0;63,0;74,4;18,0;2,0;6,0;10,0;38,5;5,0;2,0;2,0;1,0;No;No;No;No;No;No;No;No;No;No
2128,0;Mihailo Ristić;rs SRB;MF,DF;Celta Vigo;es La Liga;30,0;1995,0;4,0;4,0;251,0;2,8;0,0;0,0;0,0;0,0;0,0;0,0;0,0;0,0;0,0;1,0;0,0;0,0;0,36;0,0;0,0;0,0;2,0;0,0;2,0;1,0;0,0;0,0;0,0;;0,0;;;0,0;;;;;0,0;;;;;No;No;No;No;No;No;No;No;No;No
2129,0;Lars Ritzka;de GER;DF,MF;St Pauli;de Bundesliga;27,0;1998,0;15,0;7,0;623,0;6,9;0,0;0,0;0,0;0,0;0,0;0,0;1,0;0,0;0,0;1,0;0,0;0,0;0,14;0,0;0,0;0,0;8,0;16,0;9,0;1,0;0,0;7,0;0,0;;0,0;;;0,0;;;;;0,0;;;;;No;No;No;No;No;No;No;No;No;No
2130,0;Sergi Roberto;es ESP;MF;Como;it Serie A;34,0;1992,0;15,0;4,0;446,0;5,0;0,0;0,0;0,0;0,0;0,0;0,0;3,0;0,0;0,0;6,0;2,0;33,3;1,21;0,4;0,0;0,0;2,0;5,0;5,0;8,0;0,0;8,0;0,0;;0,0;;;0,0;;;;;0,0;;;;;No;No;No;No;No;No;No;No;No;No
2131,0;Patrick Roberts;eng ENG;FW,MF;Sunderland;eng Premier League;29,0;1997,0;1,0;0,0;28,0;0,3;0,0;0,0;0,0;0,0;0,0;0,0;0,0;0,0;0,0;1,0;0,0;0,0;3,21;0,0;0,0;0,0;0,0;0,0;0,0;0,0;0,0;0,0;0,0;;0,0;;;0,0;;;;;0,0;;;;;No;No;No;No;No;No;No;No;No;No
2132,0;Andrew Robertson;sct SCO;DF;Liverpool;eng Premier League;32,0;1994,0;18,0;6,0;760,0;8,4;0,0;0,0;0,0;0,0;0,0;0,0;0,0;0,0;0,0;5,0;1,0;20,0;0,59;0,12;0,0;0,0;34,0;9,0;6,0;0,0;0,0;4,0;0,0;;0,0;;;0,0;;;;;0,0;;;;;No;No;No;No;No;No;No;No;No;No
2133,0;Antonee Robinson;us USA;DF,MF;Fulham;eng Premier League;28,0;1997,0;14,0;11,0;984,0;10,9;0,0;0,0;0,0;0,0;0,0;0,0;2,0;0,0;0,0;2,0;0,0;0,0;0,18;0,0;0,0;0,0;54,0;15,0;16,0;4,0;0,0;8,0;0,0;;0,0;;;0,0;;;;;0,0;;;;;No;No;No;No;No;No;No;No;No;No
2134,0;Joel Roca;es ESP;MF,FW;Girona;es La Liga;20,0;2005,0;23,0;10,0;976,0;10,8;2,0;1,0;3,0;2,0;0,0;0,0;3,0;1,0;0,28;33,0;11,0;33,3;3,04;1,01;0,06;0,18;24,0;8,0;2,0;27,0;0,0;10,0;0,0;;0,0;;;0,0;;;;;0,0;;;;;No;No;No;No;No;No;No;No;No;No
2135,0;Marc Roca;es ESP;MF;Real Betis;es La Liga;29,0;1996,0;22,0;19,0;1626,0;18,1;0,0;1,0;1,0;0,0;0,0;0,0;1,0;0,0;0,06;12,0;4,0;33,3;0,66;0,22;0,0;0,0;9,0;25,0;18,0;21,0;0,0;33,0;0,0;;0,0;;;0,0;;;;;0,0;;;;;No;No;No;No;No;No;No;No;No;No
2136,0;Ryan Rodin;fr FRA;MF;Auxerre;fr Ligue 1;20,0;2006,0;3,0;0,0;26,0;0,3;0,0;0,0;0,0;0,0;0,0;0,0;0,0;0,0;0,0;0,0;0,0;0,0;0,0;0,0;0,0;0,0;0,0;0,0;0,0;0,0;0,0;0,0;0,0;;0,0;;;0,0;;;;;0,0;;;;;No;No;No;No;No;No;No;No;No;No
2137,0;Kaden Rodney;eng ENG;DF,MF;Crystal Palace;eng Premier League;21,0;2004,0;1,0;0,0;4,0;0,0;0,0;0,0;0,0;0,0;0,0;0,0;0,0;0,0;0,0;0,0;0,0;0,0;0,0;0,0;0,0;0,0;0,0;0,0;0,0;0,0;0,0;1,0;0,0;;0,0;;;0,0;;;;;0,0;;;;;No;No;No;No;No;No;No;No;No;No
2138,0;Joe Rodon;wls WAL;DF;Leeds United;eng Premier League;28,0;1997,0;28,0;28,0;2455,0;27,3;2,0;0,0;2,0;2,0;0,0;0,0;1,0;0,0;0,07;15,0;4,0;26,7;0,55;0,15;0,13;0,5;3,0;16,0;27,0;17,0;0,0;12,0;0,0;;0,0;;;0,0;;;;;0,0;;;;;No;No;No;No;No;No;No;No;No;No
2139,0;Rodri;es ESP;MF;Manchester City;eng Premier League;29,0;1996,0;18,0;14,0;1244,0;13,8;1,0;0,0;1,0;1,0;0,0;0,0;2,0;0,0;0,07;11,0;2,0;18,2;0,8;0,14;0,09;0,5;4,0;22,0;11,0;26,0;0,0;10,0;0,0;;0,0;;;0,0;;;;;0,0;;;;;Sí;No;Sí;Sí;No;No;No;No;Sí;Sí
2140,0;Álvaro Rodríguez;uy URU;FW;Elche;es La Liga;21,0;2004,0;24,0;17,0;1529,0;17,0;5,0;4,0;9,0;5,0;0,0;0,0;0,0;0,0;0,53;54,0;18,0;33,3;3,18;1,06;0,09;0,28;8,0;7,0;3,0;34,0;0,0;26,0;0,0;;0,0;;;0,0;;;;;0,0;;;;;No;No;No;No;No;No;No;No;No;No
2141,0;Damián Rodríguez;es ESP;MF;Celta Vigo;es La Liga;23,0;2003,0;2,0;2,0;150,0;1,7;0,0;0,0;0,0;0,0;0,0;0,0;1,0;0,0;0,0;3,0;0,0;0,0;1,8;0,0;0,0;0,0;3,0;0,0;1,0;0,0;0,0;3,0;0,0;;0,0;;;0,0;;;;;0,0;;;;;No;No;No;No;No;No;No;No;No;No
2142,0;Dani Rodríguez;es ESP;FW,MF;Mallorca;es La Liga;37,0;1988,0;2,0;0,0;68,0;0,8;0,0;0,0;0,0;0,0;0,0;0,0;0,0;0,0;0,0;1,0;0,0;0,0;1,32;0,0;0,0;0,0;2,0;1,0;0,0;3,0;0,0;0,0;0,0;;0,0;;;0,0;;;;;0,0;;;;;No;No;No;No;No;No;No;No;No;No
2143,0;Guido Rodríguez;ar ARG;MF;West Ham United;eng Premier League;31,0;1994,0;6,0;2,0;180,0;2,0;0,0;0,0;0,0;0,0;0,0;0,0;1,0;0,0;0,0;1,0;0,0;0,0;0,5;0,0;0,0;0,0;2,0;0,0;2,0;4,0;0,0;2,0;0,0;;0,0;;;0,0;;;;;0,0;;;;;No;No;No;No;No;No;No;No;No;No
2144,0;Guido Rodríguez;ar ARG;MF;Valencia;es La Liga;31,0;1994,0;6,0;4,0;409,0;4,5;0,0;0,0;0,0;0,0;0,0;0,0;0,0;0,0;0,0;4,0;0,0;0,0;0,88;0,0;0,0;0,0;2,0;12,0;3,0;9,0;0,0;10,0;0,0;;0,0;;;0,0;;;;;0,0;;;;;No;No;No;No;No;No;No;No;No;No
2145,0;Javi Rodríguez;es ESP;DF;Celta Vigo;es La Liga;22,0;2003,0;24,0;19,0;1793,0;19,9;0,0;0,0;0,0;0,0;0,0;0,0;3,0;0,0;0,0;9,0;1,0;11,1;0,45;0,05;0,0;0,0;1,0;18,0;20,0;24,0;0,0;22,0;0,0;;0,0;;;0,0;;;;;0,0;;;;;No;No;No;No;No;No;No;No;No;No
2146,0;Jesus Rodríguez;es ESP;MF;Como;it Serie A;20,0;2005,0;25,0;15,0;1507,0;16,7;1,0;7,0;8,0;1,0;0,0;0,0;2,0;1,0;0,48;41,0;10,0;24,4;2,45;0,6;0,02;0,1;49,0;16,0;4,0;26,0;0,0;20,0;0,0;;0,0;;;0,0;;;;;0,0;;;;;No;No;Sí;Sí;No;No;No;No;No;No
2147,0;Juan Rodríguez;uy URU;DF;Cagliari;it Serie A;20,0;2005,0;9,0;9,0;727,0;8,1;0,0;0,0;0,0;0,0;0,0;0,0;3,0;0,0;0,0;1,0;1,0;100,0;0,12;0,12;0,0;0,0;2,0;15,0;12,0;4,0;0,0;11,0;0,0;;0,0;;;0,0;;;;;0,0;;;;;No;No;No;No;No;No;No;No;No;No
2148,0;Ricardo Rodríguez;ch SUI;DF;Real Betis;es La Liga;33,0;1992,0;18,0;14,0;1206,0;13,4;0,0;1,0;1,0;0,0;0,0;0,0;0,0;0,0;0,07;2,0;0,0;0,0;0,15;0,0;0,0;0,0;14,0;6,0;6,0;5,0;0,0;7,0;0,0;;0,0;;;0,0;;;;;0,0;;;;;No;No;No;No;No;No;No;No;No;No
2149,0;Rodrygo;br BRA;MF,FW;Real Madrid;es La Liga;25,0;2001,0;19,0;6,0;684,0;7,6;1,0;3,0;4,0;1,0;0,0;0,0;3,0;0,0;0,53;27,0;11,0;40,7;3,55;1,45;0,04;0,09;42,0;8,0;3,0;23,0;0,0;5,0;0,0;;0,0;;;0,0;;;;;0,0;;;;;No;No;No;No;No;No;No;No;No;No
2150,0;Robin Roefs;nl NED;GK;Sunderland;eng Premier League;23,0;2003,0;28,0;28,0;2520,0;28,0;0,0;0,0;0,0;0,0;0,0;0,0;3,0;0,0;0,0;0,0;0,0;0,0;0,0;0,0;0,0;0,0;0,0;0,0;0,0;11,0;0,0;0,0;0,0;34,0;1,21;115,0;84,0;72,2;9,0;10,0;9,0;8,0;28,6;3,0;2,0;1,0;0,0;No;No;No;No;No;No;No;No;No;No
2151,0;Morgan Rogers;eng ENG;MF,FW;Aston Villa;eng Premier League;23,0;2002,0;30,0;30,0;2677,0;29,7;8,0;5,0;13,0;8,0;0,0;0,0;6,0;0,0;0,44;68,0;27,0;39,7;2,29;0,91;0,12;0,3;43,0;18,0;11,0;39,0;0,0;37,0;0,0;;0,0;;;0,0;;;;;0,0;;;;;No;No;No;No;No;No;No;No;No;No
2152,0;Merlin Röhl;de GER;MF;Freiburg;de Bundesliga;23,0;2002,0;2,0;0,0;66,0;0,7;0,0;0,0;0,0;0,0;0,0;0,0;0,0;0,0;0,0;0,0;0,0;0,0;0,0;0,0;0,0;0,0;1,0;1,0;0,0;0,0;0,0;2,0;0,0;;0,0;;;0,0;;;;;0,0;;;;;No;No;No;No;No;No;No;No;No;No
2153,0;Merlin Röhl;de GER;MF;Everton;eng Premier League;23,0;2002,0;11,0;2,0;364,0;4,0;0,0;0,0;0,0;0,0;0,0;0,0;0,0;0,0;0,0;7,0;0,0;0,0;1,73;0,0;0,0;0,0;4,0;9,0;2,0;3,0;0,0;9,0;0,0;;0,0;;;0,0;;;;;0,0;;;;;No;No;No;No;No;No;No;No;No;No
2154,0;Filippo Romagna;it ITA;DF;Sassuolo;it Serie A;28,0;1997,0;4,0;3,0;256,0;2,8;0,0;0,0;0,0;0,0;0,0;0,0;0,0;0,0;0,0;2,0;0,0;0,0;0,7;0,0;0,0;0,0;0,0;1,0;5,0;1,0;0,0;0,0;0,0;;0,0;;;0,0;;;;;0,0;;;;;No;No;No;No;No;No;No;No;No;No
2155,0;Alessio Romagnoli;it ITA;DF;Lazio;it Serie A;31,0;1995,0;24,0;23,0;1978,0;22,0;0,0;0,0;0,0;0,0;0,0;0,0;6,0;0,0;0,0;6,0;3,0;50,0;0,27;0,14;0,0;0,0;2,0;12,0;25,0;11,0;0,0;14,0;0,0;;0,0;;;0,0;;;;;0,0;;;;;No;No;No;No;No;No;No;No;No;No
2156,0;Leo Román;es ESP;GK;Mallorca;es La Liga;25,0;2000,0;23,0;23,0;2070,0;23,0;0,0;0,0;0,0;0,0;0,0;0,0;3,0;0,0;0,0;0,0;0,0;0,0;0,0;0,0;0,0;0,0;0,0;1,0;1,0;1,0;0,0;1,0;0,0;38,0;1,65;110,0;78,0;70,0;6,0;5,0;12,0;1,0;4,3;6,0;5,0;1,0;0,0;No;No;No;No;No;No;No;No;No;No
2157,0;Miguel Román;es ESP;MF;Celta Vigo;es La Liga;23,0;2002,0;19,0;14,0;1311,0;14,6;1,0;0,0;1,0;1,0;0,0;0,0;3,0;0,0;0,07;9,0;2,0;22,2;0,62;0,14;0,11;0,5;21,0;17,0;12,0;11,0;0,0;20,0;0,0;;0,0;;;0,0;;;;;0,0;;;;;No;No;No;No;No;No;No;No;No;No
2158,0;Alessandro Romano;ch SUI;MF;Roma;it Serie A;19,0;2006,0;2,0;0,0;8,0;0,1;0,0;0,0;0,0;0,0;0,0;0,0;0,0;0,0;0,0;0,0;0,0;0,0;0,0;0,0;0,0;0,0;0,0;0,0;0,0;0,0;0,0;2,0;0,0;;0,0;;;0,0;;;;;0,0;;;;;No;No;No;No;No;No;No;No;No;No
2159,0;Carlos Romero;es ESP;DF;Espanyol;es La Liga;24,0;2001,0;26,0;26,0;2307,0;25,6;5,0;2,0;7,0;5,0;0,0;0,0;3,0;0,0;0,27;29,0;8,0;27,6;1,13;0,31;0,17;0,63;72,0;45,0;29,0;12,0;0,0;35,0;0,0;;0,0;;;0,0;;;;;0,0;;;;;No;No;No;No;No;No;No;No;No;No
2160,0;Cristian Romero;ar ARG;DF;Tottenham Hotspur;eng Premier League;27,0;1998,0;21,0;20,0;1709,0;19,0;4,0;1,0;5,0;4,0;0,0;0,0;10,0;2,0;0,26;15,0;6,0;40,0;0,79;0,32;0,27;0,67;1,0;26,0;29,0;12,0;1,0;28,0;0,0;;0,0;;;0,0;;;;;0,0;;;;;No;No;No;No;No;No;No;No;No;No
2161,0;Isaac Romero;es ESP;FW;Sevilla;es La Liga;25,0;2000,0;20,0;12,0;1028,0;11,4;4,0;0,0;4,0;4,0;0,0;1,0;5,0;1,0;0,35;27,0;12,0;44,4;2,36;1,05;0,15;0,33;4,0;5,0;0,0;18,0;0,0;19,0;0,0;;0,0;;;0,0;;;;;0,0;;;;;No;No;No;No;No;No;No;No;No;No
2162,0;Iván Romero;es ESP;FW,MF;Levante;es La Liga;24,0;2001,0;24,0;23,0;1815,0;20,2;4,0;1,0;5,0;4,0;0,0;0,0;3,0;0,0;0,25;47,0;12,0;25,5;2,33;0,6;0,09;0,33;16,0;18,0;8,0;55,0;0,0;32,0;0,0;;0,0;;;0,0;;;;;0,0;;;;;No;No;No;No;No;No;No;No;No;No
2163,0;Zaid Romero;ar ARG;DF;Getafe;es La Liga;26,0;1999,0;8,0;8,0;720,0;8,0;0,0;0,0;0,0;0,0;0,0;0,0;2,0;0,0;0,0;5,0;0,0;0,0;0,62;0,0;0,0;0,0;2,0;12,0;19,0;5,0;0,0;5,0;0,0;;0,0;;;0,0;;;;;0,0;;;;;No;No;No;No;No;No;No;No;No;No
2164,0;Rômulo;br BRA;FW;RB Leipzig;de Bundesliga;24,0;2002,0;22,0;20,0;1654,0;18,4;7,0;4,0;11,0;7,0;0,0;1,0;3,0;0,0;0,6;44,0;21,0;47,7;2,39;1,14;0,16;0,33;0,0;12,0;9,0;19,0;0,0;15,0;1,0;;0,0;;;0,0;;;;;0,0;;;;;No;No;No;No;No;No;No;No;No;No
2165,0;Salomón Rondón;ve VEN;FW;Oviedo;es La Liga;36,0;1989,0;16,0;13,0;1032,0;11,5;2,0;0,0;2,0;2,0;0,0;1,0;2,0;0,0;0,17;24,0;5,0;20,8;2,09;0,44;0,08;0,4;2,0;0,0;1,0;21,0;0,0;11,0;0,0;;0,0;;;0,0;;;;;0,0;;;;;No;No;No;No;No;No;No;No;No;No
2166,0;Valentin Rongier;fr FRA;MF;Rennes;fr Ligue 1;31,0;1994,0;24,0;24,0;2115,0;23,5;1,0;4,0;5,0;1,0;0,0;0,0;4,0;0,0;0,21;18,0;7,0;38,9;0,77;0,3;0,06;0,14;14,0;36,0;28,0;19,0;0,0;38,0;0,0;;0,0;;;0,0;;;;;0,0;;;;;No;No;No;No;No;No;No;No;No;No
2167,0;Marten de Roon;nl NED;MF;Atalanta;it Serie A;34,0;1991,0;25,0;23,0;2002,0;22,2;1,0;1,0;2,0;1,0;0,0;0,0;8,0;1,0;0,09;14,0;4,0;28,6;0,63;0,18;0,07;0,25;10,0;35,0;15,0;10,0;1,0;27,0;0,0;;0,0;;;0,0;;;;;0,0;;;;;No;No;No;No;No;No;No;No;No;No
2168,0;Pablo Rosario;do DOM;DF,MF;Nice;fr Ligue 1;29,0;1997,0;1,0;0,0;28,0;0,3;0,0;0,0;0,0;0,0;0,0;0,0;0,0;0,0;0,0;2,0;1,0;50,0;6,43;3,21;0,0;0,0;0,0;0,0;0,0;0,0;0,0;0,0;0,0;;0,0;;;0,0;;;;;0,0;;;;;No;No;No;No;No;No;No;No;No;No
2169,0;Max Rosenfelder;de GER;DF;Freiburg;de Bundesliga;23,0;2003,0;12,0;5,0;492,0;5,5;0,0;0,0;0,0;0,0;0,0;0,0;0,0;0,0;0,0;1,0;0,0;0,0;0,18;0,0;0,0;0,0;0,0;5,0;5,0;5,0;0,0;2,0;1,0;;0,0;;;0,0;;;;;0,0;;;;;No;No;No;No;No;No;No;No;No;No
2170,0;Lucas Rosier;fr FRA;FW;Rennes;fr Ligue 1;19,0;2007,0;2,0;0,0;2,0;0,0;0,0;0,0;0,0;0,0;0,0;0,0;0,0;0,0;0,0;0,0;0,0;0,0;0,0;0,0;0,0;0,0;0,0;0,0;0,0;0,0;0,0;0,0;0,0;;0,0;;;0,0;;;;;0,0;;;;;No;No;No;No;No;No;No;No;No;No
2171,0;Valentin Rosier;fr FRA;DF,MF;Osasuna;es La Liga;29,0;1996,0;21,0;20,0;1660,0;18,4;0,0;1,0;1,0;0,0;0,0;0,0;5,0;1,0;0,05;6,0;1,0;16,7;0,33;0,05;0,0;0,0;32,0;22,0;29,0;13,0;1,0;25,0;0,0;;0,0;;;0,0;;;;;0,0;;;;;No;No;No;No;No;No;No;No;No;No
2172,0;Tom Rothe;de GER;DF,MF;Union Berlin;de Bundesliga;21,0;2004,0;13,0;5,0;548,0;6,1;1,0;0,0;1,0;1,0;0,0;0,0;1,0;1,0;0,16;11,0;3,0;27,3;1,81;0,49;0,09;0,33;14,0;8,0;14,0;3,0;0,0;9,0;0,0;;0,0;;;0,0;;;;;0,0;;;;;No;No;No;No;No;No;No;No;No;No
2173,0;Anthony Rouault;fr FRA;DF;Rennes;fr Ligue 1;24,0;2001,0;18,0;16,0;1454,0;16,2;1,0;0,0;1,0;1,0;0,0;0,0;3,0;0,0;0,06;7,0;2,0;28,6;0,43;0,12;0,14;0,5;0,0;13,0;15,0;8,0;0,0;22,0;0,0;;0,0;;;0,0;;;;;0,0;;;;;No;No;No;No;No;No;No;No;No;No
2174,0;Nicolò Rovella;it ITA;MF;Lazio;it Serie A;24,0;2001,0;8,0;4,0;343,0;3,8;0,0;1,0;1,0;0,0;0,0;0,0;2,0;0,0;0,26;1,0;0,0;0,0;0,26;0,0;0,0;0,0;11,0;9,0;6,0;8,0;0,0;3,0;0,0;;0,0;;;0,0;;;;;0,0;;;;;No;No;No;No;No;No;No;No;No;No
2175,0;Jonathan Rowe;eng ENG;MF,FW;Bologna;it Serie A;22,0;2003,0;19,0;12,0;1088,0;12,1;1,0;1,0;2,0;1,0;0,0;0,0;2,0;0,0;0,17;34,0;11,0;32,4;2,81;0,91;0,03;0,09;43,0;11,0;5,0;35,0;0,0;16,0;0,0;;0,0;;;0,0;;;;;0,0;;;;;No;No;No;No;No;No;No;No;No;No
2176,0;Jonathan Rowe;eng ENG;FW;Marseille;fr Ligue 1;22,0;2003,0;1,0;1,0;62,0;0,7;0,0;0,0;0,0;0,0;0,0;0,0;0,0;0,0;0,0;5,0;0,0;0,0;7,26;0,0;0,0;0,0;4,0;0,0;1,0;2,0;0,0;2,0;0,0;;0,0;;;0,0;;;;;0,0;;;;;No;No;No;No;No;No;No;No;No;No
2177,0;James Rowswell;eng ENG;DF;Tottenham Hotspur;eng Premier League;19,0;2006,0;1,0;0,0;1,0;0,0;0,0;0,0;0,0;0,0;0,0;0,0;0,0;0,0;0,0;0,0;0,0;0,0;0,0;0,0;0,0;0,0;0,0;0,0;0,0;0,0;0,0;0,0;0,0;;0,0;;;0,0;;;;;0,0;;;;;No;No;No;No;No;No;No;No;No;No
2178,0;Amir Rrahmani;xk KVX;DF;Napoli;it Serie A;32,0;1994,0;16,0;16,0;1356,0;15,1;1,0;1,0;2,0;1,0;0,0;0,0;2,0;0,0;0,13;8,0;1,0;12,5;0,53;0,07;0,13;1,0;1,0;12,0;17,0;14,0;0,0;17,0;0,0;;0,0;;;0,0;;;;;0,0;;;;;No;No;No;No;No;No;No;No;No;No
2179,0;Rubén;es ESP;DF;Espanyol;es La Liga;25,0;2001,0;13,0;4,0;466,0;5,2;0,0;0,0;0,0;0,0;0,0;0,0;2,0;0,0;0,0;3,0;0,0;0,0;0,58;0,0;0,0;0,0;21,0;5,0;9,0;9,0;0,0;5,0;0,0;;0,0;;;0,0;;;;;0,0;;;;;No;No;No;No;No;No;No;No;No;No
2180,0;Antonio Rüdiger;de GER;DF;Real Madrid;es La Liga;33,0;1993,0;11,0;10,0;904,0;10,0;1,0;0,0;1,0;1,0;0,0;0,0;0,0;0,0;0,1;9,0;1,0;11,1;0,9;0,1;0,11;1,0;2,0;3,0;3,0;1,0;0,0;9,0;0,0;;0,0;;;0,0;;;;;0,0;;;;;No;No;No;No;No;No;No;No;No;No
2181,0;Javier Rueda Garcia;es ESP;MF;Celta Vigo;es La Liga;23,0;2002,0;19,0;10,0;958,0;10,6;2,0;4,0;6,0;2,0;0,0;0,0;4,0;0,0;0,56;10,0;3,0;30,0;0,94;0,28;0,2;0,67;16,0;8,0;14,0;13,0;0,0;20,0;0,0;;0,0;;;0,0;;;;;0,0;;;;;No;No;No;No;No;No;No;No;No;No
2182,0;Daniele Rugani;it ITA;DF;Fiorentina;it Serie A;31,0;1994,0;2,0;1,0;100,0;1,1;0,0;0,0;0,0;0,0;0,0;0,0;1,0;0,0;0,0;0,0;0,0;0,0;0,0;0,0;0,0;0,0;0,0;2,0;3,0;0,0;0,0;4,0;0,0;;0,0;;;0,0;;;;;0,0;;;;;No;No;No;No;No;No;No;No;No;No
2183,0;Daniele Rugani;it ITA;DF;Juventus;it Serie A;31,0;1994,0;6,0;3,0;250,0;2,8;0,0;0,0;0,0;0,0;0,0;0,0;0,0;0,0;0,0;0,0;0,0;0,0;0,0;0,0;0,0;0,0;0,0;3,0;5,0;0,0;0,0;2,0;0,0;;0,0;;;0,0;;;;;0,0;;;;;No;No;No;No;No;No;No;No;No;No
2184,0;Matteo Ruggeri;it ITA;DF;Atlético Madrid;es La Liga;23,0;2002,0;19,0;15,0;1234,0;13,7;0,0;3,0;3,0;0,0;0,0;0,0;3,0;0,0;0,22;4,0;2,0;50,0;0,29;0,15;0,0;0,0;63,0;20,0;11,0;1,0;0,0;23,0;0,0;;0,0;;;0,0;;;;;0,0;;;;;No;No;No;No;No;No;No;No;No;No
2185,0;Aitor Ruibal;es ESP;DF,MF;Real Betis;es La Liga;29,0;1996,0;22,0;16,0;1437,0;16,0;4,0;2,0;6,0;4,0;0,0;0,0;3,0;0,0;0,38;25,0;10,0;40,0;1,57;0,63;0,16;0,4;22,0;22,0;16,0;23,0;0,0;22,0;0,0;;0,0;;;0,0;;;;;0,0;;;;;No;No;No;No;No;No;No;No;No;No
2186,0;Abel Ruiz;es ESP;FW;Girona;es La Liga;26,0;2000,0;6,0;0,0;82,0;0,9;0,0;0,0;0,0;0,0;0,0;0,0;0,0;0,0;0,0;1,0;0,0;0,0;1,1;0,0;0,0;0,0;2,0;1,0;1,0;0,0;0,0;2,0;0,0;;0,0;;;0,0;;;;;0,0;;;;;No;No;No;No;No;No;No;No;No;No
2187,0;Fabián Ruiz Peña;es ESP;MF;Paris Saint-Germain;fr Ligue 1;29,0;1996,0;13,0;9,0;796,0;8,8;1,0;2,0;3,0;1,0;0,0;0,0;1,0;0,0;0,34;13,0;4,0;30,8;1,47;0,45;0,08;0,25;9,0;6,0;10,0;1,0;0,0;1,0;0,0;;0,0;;;0,0;;;;;0,0;;;;;No;Sí;Sí;Sí;Sí;Sí;Sí;Sí;Sí;Sí
2188,0;Gerónimo Rulli;ar ARG;GK;Marseille;fr Ligue 1;33,0;1992,0;22,0;22,0;1980,0;22,0;0,0;0,0;0,0;0,0;0,0;0,0;2,0;0,0;0,0;0,0;0,0;0,0;0,0;0,0;0,0;0,0;0,0;0,0;0,0;13,0;0,0;1,0;0,0;25,0;1,14;83,0;62,0;74,7;12,0;4,0;6,0;7,0;31,8;4,0;4,0;0,0;0,0;No;No;No;No;No;No;No;No;No;No
2189,0;Jacen Russell-Rowe;ca CAN;FW;Toulouse;fr Ligue 1;23,0;2002,0;6,0;1,0;159,0;1,8;0,0;0,0;0,0;0,0;0,0;0,0;0,0;0,0;0,0;6,0;1,0;16,7;3,4;0,57;0,0;0,0;3,0;1,0;1,0;1,0;0,0;6,0;0,0;;0,0;;;0,0;;;;;0,0;;;;;No;No;No;No;No;No;No;No;No;No
2190,0;Georginio Rutter;fr FRA;MF,FW;Brighton;eng Premier League;23,0;2002,0;24,0;19,0;1595,0;17,7;2,0;2,0;4,0;2,0;0,0;0,0;2,0;0,0;0,23;35,0;12,0;34,3;1,97;0,68;0,06;0,17;14,0;15,0;10,0;32,0;0,0;27,0;1,0;;0,0;;;0,0;;;;;0,0;;;;;No;No;No;No;No;No;No;No;No;No
2191,0;Mathew Ryan;au AUS;GK;Levante;es La Liga;33,0;1992,0;26,0;26,0;2340,0;26,0;0,0;0,0;0,0;0,0;0,0;0,0;2,0;0,0;0,0;2,0;0,0;0,0;0,08;0,0;0,0;0,0;0,0;1,0;1,0;0,0;0,0;0,0;0,0;41,0;1,58;137,0;99,0;71,5;5,0;8,0;13,0;5,0;19,2;3,0;2,0;1,0;0,0;No;No;No;No;No;No;No;No;No;No
2192,0;Julian Ryerson;no NOR;MF;Dortmund;de Bundesliga;28,0;1997,0;23,0;18,0;1572,0;17,5;0,0;12,0;12,0;0,0;0,0;0,0;5,0;0,0;0,69;8,0;0,0;0,0;0,46;0,0;0,0;0,0;165,0;16,0;10,0;16,0;0,0;19,0;0,0;;0,0;;;0,0;;;;;0,0;;;;;No;No;No;No;No;No;No;No;No;No
2193,0;Frederik Rønnow;dk DEN;GK;Union Berlin;de Bundesliga;33,0;1992,0;25,0;25,0;2250,0;25,0;0,0;0,0;0,0;0,0;0,0;0,0;2,0;0,0;0,0;0,0;0,0;0,0;0,0;0,0;0,0;0,0;0,0;1,0;1,0;3,0;0,0;1,0;0,0;42,0;1,68;103,0;65,0;65,0;7,0;7,0;11,0;5,0;20,0;6,0;6,0;0,0;0,0;No;No;No;No;No;No;No;No;No;No
2194,0;Alexander Røssing-Lelesiit;no NOR;FW,MF;Hamburger SV;de Bundesliga;19,0;2007,0;11,0;5,0;321,0;3,6;0,0;1,0;1,0;0,0;0,0;0,0;3,0;1,0;0,28;2,0;2,0;100,0;0,56;0,56;0,0;0,0;4,0;2,0;1,0;7,0;1,0;13,0;0,0;;0,0;;;0,0;;;;;0,0;;;;;No;No;No;No;No;No;No;No;No;No
2195,0;José Sá;pt POR;GK;Wolves;eng Premier League;33,0;1993,0;19,0;19,0;1710,0;19,0;0,0;0,0;0,0;0,0;0,0;0,0;2,0;0,0;0,0;0,0;0,0;0,0;0,0;0,0;0,0;0,0;0,0;0,0;0,0;6,0;0,0;0,0;0,0;30,0;1,58;78,0;50,0;64,1;3,0;6,0;10,0;4,0;21,1;2,0;2,0;0,0;0,0;No;No;No;No;No;No;No;No;No;No
2196,0;Elias Saad;tn TUN;MF,FW;Augsburg;de Bundesliga;26,0;1999,0;10,0;7,0;497,0;5,5;0,0;0,0;0,0;0,0;0,0;0,0;1,0;0,0;0,0;6,0;3,0;50,0;1,09;0,54;0,0;0,0;9,0;8,0;1,0;12,0;0,0;8,0;0,0;;0,0;;;0,0;;;;;0,0;;;;;No;No;No;No;No;No;No;No;No;No
2197,0;Stefano Sabelli;it ITA;DF,MF;Genoa;it Serie A;33,0;1993,0;11,0;7,0;518,0;5,8;0,0;0,0;0,0;0,0;0,0;0,0;0,0;0,0;0,0;3,0;0,0;0,0;0,52;0,0;0,0;0,0;16,0;10,0;2,0;12,0;0,0;2,0;1,0;;0,0;;;0,0;;;;;0,0;;;;;No;No;No;No;No;No;No;No;No;No
2198,0;Abdelhamid Sabiri;ma MAR;MF;Fiorentina;it Serie A;29,0;1996,0;1,0;0,0;27,0;0,3;0,0;0,0;0,0;0,0;0,0;0,0;0,0;0,0;0,0;1,0;0,0;0,0;3,33;0,0;0,0;0,0;4,0;2,0;0,0;1,0;0,0;1,0;0,0;;0,0;;;0,0;;;;;0,0;;;;;No;No;No;No;No;No;No;No;No;No
2199,0;Marcel Sabitzer;at AUT;MF;Dortmund;de Bundesliga;32,0;1994,0;19,0;14,0;1280,0;14,2;1,0;2,0;3,0;1,0;0,0;0,0;2,0;0,0;0,21;17,0;4,0;23,5;1,2;0,28;0,06;0,25;28,0;14,0;17,0;10,0;0,0;11,0;0,0;;0,0;;;0,0;;;;;0,0;;;;;No;No;No;No;No;No;No;No;No;No
2200,0;Noah Sadiki;cd COD;MF;Sunderland;eng Premier League;21,0;2004,0;25,0;25,0;2202,0;24,5;0,0;0,0;0,0;0,0;0,0;0,0;6,0;0,0;0,0;12,0;3,0;25,0;0,49;0,12;0,0;0,0;16,0;20,0;28,0;30,0;0,0;22,0;0,0;;0,0;;;0,0;;;;;0,0;;;;;No;No;No;No;No;No;No;No;No;No
2201,0;Umar Sadiq;ng NGA;FW;Valencia;es La Liga;29,0;1997,0;10,0;4,0;469,0;5,2;1,0;1,0;2,0;1,0;0,0;0,0;2,0;0,0;0,38;11,0;4,0;36,4;2,11;0,77;0,09;0,25;2,0;1,0;1,0;11,0;0,0;13,0;0,0;;0,0;;;0,0;;;;;0,0;;;;;No;No;No;No;No;No;No;No;No;No
2202,0;Umar Sadiq;ng NGA;FW;Real Sociedad;es La Liga;29,0;1997,0;5,0;2,0;153,0;1,7;0,0;0,0;0,0;0,0;0,0;0,0;1,0;0,0;0,0;4,0;0,0;0,0;2,35;0,0;0,0;0,0;1,0;0,0;0,0;2,0;0,0;2,0;0,0;;0,0;;;0,0;;;;;0,0;;;;;No;No;No;No;No;No;No;No;No;No
2203,0;Alexis Saelemaekers;be BEL;MF;Milan;it Serie A;26,0;1999,0;27,0;26,0;2192,0;24,4;2,0;3,0;5,0;2,0;0,0;0,0;4,0;0,0;0,21;35,0;6,0;17,1;1,44;0,25;0,06;0,33;70,0;30,0;27,0;53,0;0,0;20,0;0,0;;0,0;;;0,0;;;;;0,0;;;;;No;No;No;No;No;No;No;No;No;No
2204,0;Matvei Safonov;ru RUS;GK;Paris Saint-Germain;fr Ligue 1;27,0;1999,0;8,0;8,0;720,0;8,0;0,0;0,0;0,0;0,0;0,0;0,0;0,0;0,0;0,0;0,0;0,0;0,0;0,0;0,0;0,0;0,0;0,0;0,0;0,0;1,0;0,0;0,0;0,0;9,0;1,13;24,0;16,0;62,5;6,0;0,0;2,0;4,0;50,0;1,0;0,0;1,0;0,0;No;No;No;No;No;No;No;No;No;No
2205,0;Emir Sahiti;xk KVX;FW;Hamburger SV;de Bundesliga;27,0;1998,0;2,0;2,0;120,0;1,3;0,0;0,0;0,0;0,0;0,0;0,0;0,0;0,0;0,0;0,0;0,0;0,0;0,0;0,0;0,0;0,0;1,0;0,0;0,0;1,0;0,0;0,0;0,0;;0,0;;;0,0;;;;;0,0;;;;;No;No;No;No;No;No;No;No;No;No
2206,0;Osame Sahraoui;ma MAR;MF;Lille;fr Ligue 1;24,0;2001,0;16,0;4,0;463,0;5,1;1,0;2,0;3,0;1,0;0,0;0,0;0,0;0,0;0,58;11,0;4,0;36,4;2,14;0,78;0,09;0,25;2,0;3,0;4,0;24,0;0,0;3,0;0,0;;0,0;;;0,0;;;;;0,0;;;;;No;No;No;No;No;No;No;No;No;No
2207,0;Wesley Saïd;fr FRA;MF;Lens;fr Ligue 1;30,0;1995,0;23,0;20,0;1604,0;17,8;10,0;2,0;12,0;9,0;1,0;1,0;2,0;0,0;0,62;45,0;20,0;44,4;2,52;1,12;0,2;0,45;18,0;14,0;8,0;13,0;0,0;30,0;0,0;;0,0;;;0,0;;;;;0,0;;;;;No;No;No;No;No;No;No;No;No;No
2208,0;Allan Saint-Maximin;fr FRA;MF;Lens;fr Ligue 1;29,0;1997,0;4,0;1,0;158,0;1,8;1,0;2,0;3,0;1,0;0,0;0,0;0,0;0,0;1,71;5,0;1,0;20,0;2,85;0,57;0,2;1,0;3,0;0,0;0,0;2,0;0,0;3,0;0,0;;0,0;;;0,0;;;;;0,0;;;;;No;No;No;No;No;No;No;No;No;No
2209,0;Bukayo Saka;eng ENG;FW,MF;Arsenal;eng Premier League;24,0;2001,0;27,0;22,0;1998,0;22,2;6,0;3,0;9,0;5,0;1,0;1,0;1,0;0,0;0,36;63,0;26,0;41,3;2,84;1,17;0,08;0,19;111,0;15,0;14,0;51,0;0,0;28,0;0,0;;0,0;;;0,0;;;;;0,0;;;;;No;No;No;No;No;No;No;No;No;No
2210,0;Mathis Saka;fr FRA;FW;Toulouse;fr Ligue 1;19,0;2006,0;1,0;0,0;8,0;0,1;0,0;0,0;0,0;0,0;0,0;0,0;0,0;0,0;0,0;0,0;0,0;0,0;0,0;0,0;0,0;0,0;0,0;0,0;0,0;0,0;0,0;1,0;0,0;;0,0;;;0,0;;;;;0,0;;;;;No;No;No;No;No;No;No;No;No;No
2211,0;Álex Sala;es ESP;MF;Lecce;it Serie A;24,0;2001,0;7,0;2,0;154,0;1,7;0,0;1,0;1,0;0,0;0,0;0,0;0,0;0,0;0,58;4,0;2,0;50,0;2,34;1,17;0,0;0,0;7,0;2,0;3,0;4,0;0,0;5,0;0,0;;0,0;;;0,0;;;;;0,0;;;;;No;No;No;No;No;No;No;No;No;No
2212,0;Ibrahim Salah;ma MAR;FW;Rennes;fr Ligue 1;24,0;2001,0;2,0;0,0;35,0;0,4;0,0;0,0;0,0;0,0;0,0;0,0;0,0;0,0;0,0;1,0;0,0;0,0;2,57;0,0;0,0;0,0;0,0;1,0;0,0;2,0;0,0;0,0;0,0;;0,0;;;0,0;;;;;0,0;;;;;No;No;No;No;No;No;No;No;No;No
2213,0;Mohamed Salah;eg EGY;MF,FW;Liverpool;eng Premier League;33,0;1992,0;22,0;19,0;1819,0;20,2;5,0;6,0;11,0;4,0;1,0;1,0;1,0;0,0;0,49;57,0;14,0;24,6;2,82;0,69;0,07;0,29;98,0;8,0;3,0;16,0;0,0;10,0;0,0;;0,0;;;0,0;;;;;0,0;;;;;No;No;No;No;No;No;No;No;No;No
2214,0;Jan Salas;es ESP;MF;Mallorca;es La Liga;20,0;2005,0;2,0;0,0;17,0;0,2;0,0;0,0;0,0;0,0;0,0;0,0;0,0;0,0;0,0;0,0;0,0;0,0;0,0;0,0;0,0;0,0;0,0;0,0;0,0;1,0;0,0;0,0;0,0;;0,0;;;0,0;;;;;0,0;;;;;No;No;No;No;No;No;No;No;No;No
2215,0;Kike Salas;es ESP;DF;Sevilla;es La Liga;23,0;2002,0;16,0;14,0;1303,0;14,5;1,0;0,0;1,0;1,0;0,0;0,0;0,0;0,0;0,07;11,0;6,0;54,5;0,76;0,41;0,09;0,17;8,0;19,0;28,0;9,0;0,0;23,0;0,0;;0,0;;;0,0;;;;;0,0;;;;;No;No;No;No;No;No;No;No;No;No
2216,0;Manolis Saliakas;gr GRE;MF;St Pauli;de Bundesliga;29,0;1996,0;15,0;11,0;1018,0;11,3;1,0;3,0;4,0;1,0;0,0;0,0;3,0;0,0;0,35;14,0;3,0;21,4;1,24;0,27;0,07;0,33;39,0;18,0;12,0;6,0;0,0;4,0;0,0;;0,0;;;0,0;;;;;0,0;;;;;No;No;No;No;No;No;No;No;No;No
2217,0;William Saliba;fr FRA;DF;Arsenal;eng Premier League;24,0;2001,0;25,0;24,0;2074,0;23,0;1,0;0,0;1,0;1,0;0,0;0,0;1,0;0,0;0,04;5,0;1,0;20,0;0,22;0,04;0,2;1,0;9,0;17,0;13,0;15,0;0,0;17,0;0,0;;0,0;;;0,0;;;;;0,0;;;;;No;No;No;No;No;No;No;No;No;No
2218,0;José Salinas;es ESP;DF;Espanyol;es La Liga;25,0;2000,0;10,0;2,0;241,0;2,7;0,0;0,0;0,0;0,0;0,0;0,0;2,0;0,0;0,0;0,0;0,0;0,0;0,0;0,0;0,0;0,0;7,0;2,0;2,0;4,0;0,0;8,0;1,0;;0,0;;;0,0;;;;;0,0;;;;;No;No;No;No;No;No;No;No;No;No
2219,0;Mohammed Salisu;gh GHA;DF;Monaco;fr Ligue 1;26,0;1999,0;12,0;12,0;1080,0;12,0;1,0;0,0;1,0;1,0;0,0;0,0;3,0;0,0;0,08;8,0;2,0;25,0;0,67;0,17;0,13;0,5;0,0;11,0;19,0;3,0;0,0;17,0;1,0;;0,0;;;0,0;;;;;0,0;;;;;No;No;No;No;No;No;No;No;No;No
2220,0;Lazar Samardzic;rs SRB;MF;Atalanta;it Serie A;24,0;2002,0;22,0;10,0;937,0;10,4;2,0;1,0;3,0;2,0;0,0;0,0;1,0;0,0;0,29;22,0;7,0;31,8;2,11;0,67;0,09;0,29;64,0;7,0;9,0;8,0;0,0;16,0;0,0;;0,0;;;0,0;;;;;0,0;;;;;No;No;No;No;No;No;No;No;No;No
2221,0;Mbwana Samatta;tz TAN;FW;Le Havre;fr Ligue 1;33,0;1992,0;19,0;11,0;995,0;11,1;0,0;0,0;0,0;0,0;0,0;0,0;4,0;0,0;0,0;28,0;9,0;32,1;2,53;0,81;0,0;0,0;6,0;3,0;3,0;12,0;0,0;24,0;0,0;;0,0;;;0,0;;;;;0,0;;;;;No;No;No;No;No;No;No;No;No;No
2222,0;Mama Samba Baldé;gw GNB;FW,MF;Brest;fr Ligue 1;30,0;1995,0;13,0;8,0;635,0;7,1;2,0;2,0;4,0;2,0;0,0;0,0;0,0;0,0;0,57;27,0;5,0;18,5;3,83;0,71;0,07;0,4;3,0;6,0;3,0;10,0;0,0;11,0;0,0;;0,0;;;0,0;;;;;0,0;;;;;No;No;No;No;No;No;No;No;No;No
2223,0;Brice Samba;fr FRA;GK;Rennes;fr Ligue 1;31,0;1994,0;25,0;25,0;2250,0;25,0;0,0;0,0;0,0;0,0;0,0;0,0;3,0;0,0;0,0;0,0;0,0;0,0;0,0;0,0;0,0;0,0;0,0;0,0;0,0;5,0;0,0;0,0;0,0;34,0;1,36;99,0;68,0;68,7;12,0;7,0;6,0;8,0;32,0;4,0;3,0;1,0;0,0;No;No;No;No;No;No;No;No;No;No
2224,0;Albert Sambi Lokonga;be BEL;MF;Hamburger SV;de Bundesliga;26,0;1999,0;20,0;15,0;1267,0;14,1;4,0;0,0;4,0;4,0;0,0;0,0;2,0;0,0;0,28;14,0;8,0;57,1;0,99;0,57;0,29;0,5;12,0;9,0;10,0;21,0;0,0;13,0;0,0;;0,0;;;0,0;;;;;0,0;;;;;No;No;No;No;No;No;No;No;No;No
2225,0;Antonio Sanabria;py PAR;FW;Cremonese;it Serie A;30,0;1996,0;20,0;7,0;694,0;7,7;1,0;1,0;2,0;1,0;0,0;0,0;2,0;0,0;0,26;9,0;4,0;44,4;1,17;0,52;0,11;0,25;1,0;2,0;1,0;14,0;0,0;13,0;0,0;;0,0;;;0,0;;;;;0,0;;;;;No;No;No;No;No;No;No;No;No;No
2226,0;Oihan Sancet;es ESP;MF;Athletic Club;es La Liga;25,0;2000,0;21,0;18,0;1419,0;15,8;2,0;0,0;2,0;0,0;2,0;2,0;4,0;1,0;0,0;40,0;12,0;30,0;2,54;0,76;0,0;0,0;18,0;5,0;2,0;21,0;0,0;25,0;0,0;;0,0;;;0,0;;;;;0,0;;;;;No;No;No;No;No;No;No;No;No;No
2227,0;Álex Sánchez;es ESP;FW;Elche;es La Liga;20,0;2006,0;1,0;0,0;6,0;0,1;0,0;1,0;1,0;0,0;0,0;0,0;0,0;0,0;15,0;0,0;0,0;0,0;0,0;0,0;0,0;0,0;0,0;1,0;0,0;0,0;0,0;0,0;0,0;;0,0;;;0,0;;;;;0,0;;;;;No;No;No;No;No;No;No;No;No;No
2228,0;Alexis Sánchez;cl CHI;FW,MF;Sevilla;es La Liga;37,0;1988,0;20,0;9,0;1020,0;11,3;3,0;1,0;4,0;2,0;1,0;1,0;1,0;0,0;0,26;20,0;7,0;35,0;1,76;0,62;0,1;0,29;20,0;8,0;4,0;20,0;0,0;12,0;0,0;;0,0;;;0,0;;;;;0,0;;;;;No;No;No;No;No;No;No;No;No;No
2229,0;Antonio Sánchez;es ESP;MF;Mallorca;es La Liga;29,0;1997,0;23,0;8,0;877,0;9,7;0,0;0,0;0,0;0,0;0,0;0,0;4,0;1,0;0,0;6,0;3,0;50,0;0,62;0,31;0,0;0,0;19,0;7,0;13,0;9,0;1,0;13,0;0,0;;0,0;;;0,0;;;;;0,0;;;;;No;No;No;No;No;No;No;No;No;No
2230,0;Juanlu Sánchez;es ESP;MF,DF;Sevilla;es La Liga;22,0;2003,0;23,0;19,0;1599,0;17,8;0,0;3,0;3,0;0,0;0,0;0,0;4,0;1,0;0,17;11,0;1,0;9,1;0,62;0,06;0,0;0,0;47,0;31,0;8,0;31,0;1,0;20,0;0,0;;0,0;;;0,0;;;;;0,0;;;;;No;No;No;No;No;No;No;No;No;No
2231,0;Borja Sánchez Laborde;es ESP;MF;Oviedo;es La Liga;30,0;1996,0;1,0;0,0;14,0;0,2;0,0;0,0;0,0;0,0;0,0;0,0;0,0;0,0;0,0;0,0;0,0;0,0;0,0;0,0;0,0;0,0;0,0;0,0;0,0;0,0;0,0;0,0;0,0;;0,0;;;0,0;;;;;0,0;;;;;No;No;No;No;No;No;No;No;No;No
2232,0;Manu Sánchez;es ESP;DF;Levante;es La Liga;25,0;2000,0;24,0;23,0;2083,0;23,1;1,0;1,0;2,0;1,0;0,0;0,0;7,0;0,0;0,09;10,0;3,0;30,0;0,43;0,13;0,1;0,33;60,0;46,0;31,0;16,0;0,0;26,0;0,0;;0,0;;;0,0;;;;;0,0;;;;;No;No;No;No;No;No;No;No;No;No
2233,0;Robert Sánchez;es ESP;GK;Chelsea;eng Premier League;28,0;1997,0;28,0;28,0;2434,0;27,0;0,0;1,0;1,0;0,0;0,0;0,0;3,0;1,0;0,04;0,0;0,0;0,0;0,0;0,0;0,0;0,0;0,0;0,0;1,0;10,0;0,0;2,0;0,0;33,0;1,22;107,0;74,0;70,1;12,0;8,0;8,0;9,0;32,1;1,0;1,0;0,0;0,0;No;No;No;No;No;No;Sí;Sí;Sí;No
2234,0;Selton Sánchez;es ESP;MF;Athletic Club;es La Liga;19,0;2007,0;7,0;2,0;196,0;2,2;0,0;1,0;1,0;0,0;0,0;0,0;0,0;0,0;0,46;4,0;1,0;25,0;1,84;0,46;0,0;0,0;0,0;2,0;1,0;5,0;0,0;5,0;0,0;;0,0;;;0,0;;;;;0,0;;;;;No;No;No;No;No;No;No;No;No;No
2235,0;Jadon Sancho;eng ENG;MF;Aston Villa;eng Premier League;25,0;2000,0;18,0;7,0;697,0;7,7;0,0;1,0;1,0;0,0;0,0;0,0;0,0;0,0;0,13;9,0;3,0;33,3;1,16;0,39;0,0;0,0;20,0;2,0;2,0;2,0;0,0;3,0;0,0;;0,0;;;0,0;;;;;0,0;;;;;No;No;No;No;No;No;No;No;No;No
2236,0;Álex Sancris;es ESP;MF,FW;Getafe;es La Liga;29,0;1997,0;15,0;5,0;630,0;7,0;0,0;1,0;1,0;0,0;0,0;0,0;3,0;1,0;0,14;11,0;4,0;36,4;1,57;0,57;0,0;0,0;49,0;5,0;2,0;11,0;1,0;13,0;0,0;;0,0;;;0,0;;;;;0,0;;;;;No;No;No;No;No;No;No;No;No;No
2237,0;Philipp Sander;de GER;DF,MF;Gladbach;de Bundesliga;28,0;1998,0;22,0;21,0;1730,0;19,2;1,0;0,0;1,0;1,0;0,0;0,0;1,0;0,0;0,05;20,0;6,0;30,0;1,04;0,31;0,05;0,17;24,0;35,0;38,0;9,0;0,0;18,0;1,0;;0,0;;;0,0;;;;;0,0;;;;;No;No;No;No;No;No;No;No;No;No
2238,0;James Sands;us USA;MF;St Pauli;de Bundesliga;25,0;2000,0;24,0;23,0;1934,0;21,5;1,0;0,0;1,0;1,0;0,0;0,0;4,0;0,0;0,05;16,0;4,0;25,0;0,74;0,19;0,06;0,25;9,0;23,0;41,0;38,0;0,0;26,0;0,0;;0,0;;;0,0;;;;;0,0;;;;;No;No;No;No;No;No;No;No;No;No
2239,0;Ibou Sané;sn SEN;FW,MF;Metz;fr Ligue 1;20,0;2005,0;16,0;5,0;541,0;6,0;1,0;1,0;2,0;1,0;0,0;0,0;2,0;0,0;0,33;6,0;3,0;50,0;1,0;0,5;0,17;0,33;14,0;3,0;1,0;15,0;0,0;9,0;0,0;;0,0;;;0,0;;;;;0,0;;;;;No;No;No;No;No;No;No;No;No;No
2240,0;Sadibou Sané;sn SEN;DF;Metz;fr Ligue 1;21,0;2004,0;15,0;14,0;1220,0;13,6;2,0;0,0;2,0;2,0;0,0;0,0;3,0;2,0;0,15;3,0;2,0;66,7;0,22;0,15;0,67;1,0;0,0;21,0;23,0;9,0;0,0;13,0;1,0;;0,0;;;0,0;;;;;0,0;;;;;No;No;No;No;No;No;No;No;No;No
2241,0;Arouna Sangante;sn SEN;DF;Le Havre;fr Ligue 1;23,0;2002,0;22,0;22,0;1801,0;20,0;1,0;1,0;2,0;1,0;0,0;0,0;3,0;1,0;0,1;7,0;5,0;71,4;0,35;0,25;0,14;0,2;3,0;18,0;22,0;30,0;0,0;33,0;0,0;;0,0;;;0,0;;;;;0,0;;;;;No;No;No;No;No;No;No;No;No;No
2242,0;Buba Sangaré;es ESP;MF,DF;Elche;es La Liga;18,0;2007,0;3,0;2,0;105,0;1,2;0,0;0,0;0,0;0,0;0,0;0,0;0,0;0,0;0,0;1,0;0,0;0,0;0,86;0,0;0,0;0,0;3,0;4,0;3,0;0,0;0,0;5,0;0,0;;0,0;;;0,0;;;;;0,0;;;;;No;No;No;No;No;No;No;No;No;No
2243,0;Ibrahim Sangaré;ci CIV;MF;Nottingham Forest;eng Premier League;28,0;1997,0;22,0;20,0;1675,0;18,6;2,0;2,0;4,0;2,0;0,0;0,0;4,0;0,0;0,21;16,0;5,0;31,3;0,86;0,27;0,13;0,4;8,0;24,0;17,0;13,0;0,0;32,0;0,0;;0,0;;;0,0;;;;;0,0;;;;;No;No;No;No;No;No;No;No;No;No
2244,0;Mamadou Sangare;ml MLI;MF;Lens;fr Ligue 1;23,0;2002,0;23,0;21,0;1828,0;20,3;2,0;3,0;5,0;2,0;0,0;0,0;4,0;0,0;0,25;37,0;9,0;24,3;1,82;0,44;0,05;0,22;7,0;45,0;31,0;37,0;0,0;31,0;0,0;;0,0;;;0,0;;;;;0,0;;;;;No;No;No;No;No;No;No;No;No;No
2245,0;Nhoa Sangui;fr FRA;DF;Paris FC;fr Ligue 1;20,0;2006,0;19,0;12,0;1194,0;13,3;0,0;0,0;0,0;0,0;0,0;0,0;0,0;0,0;0,0;2,0;0,0;0,0;0,15;0,0;0,0;0,0;26,0;10,0;12,0;11,0;0,0;4,0;0,0;;0,0;;;0,0;;;;;0,0;;;;;No;No;No;No;No;No;No;No;No;No
2246,0;Maroan Sannadi;ma MAR;FW;Athletic Club;es La Liga;25,0;2001,0;8,0;2,0;259,0;2,9;1,0;0,0;1,0;1,0;0,0;0,0;2,0;0,0;0,35;7,0;4,0;57,1;2,43;1,39;0,14;0,25;1,0;0,0;1,0;5,0;0,0;7,0;0,0;;0,0;;;0,0;;;;;0,0;;;;;No;No;No;No;No;No;No;No;No;No
2247,0;Kaishu Sano;jp JPN;MF;Mainz 05;de Bundesliga;25,0;2000,0;26,0;26,0;2339,0;26,0;1,0;1,0;2,0;1,0;0,0;0,0;1,0;0,0;0,08;15,0;4,0;26,7;0,58;0,15;0,07;0,25;13,0;27,0;59,0;23,0;0,0;9,0;0,0;;0,0;;;0,0;;;;;0,0;;;;;No;No;No;No;No;No;No;No;No;No
2248,0;Morgan Sanson;fr FRA;MF;Nice;fr Ligue 1;31,0;1994,0;24,0;13,0;1253,0;13,9;0,0;2,0;2,0;0,0;0,0;0,0;3,0;0,0;0,14;13,0;4,0;30,8;0,93;0,29;0,0;0,0;31,0;17,0;16,0;9,0;0,0;25,0;0,0;;0,0;;;0,0;;;;;0,0;;;;;No;No;No;No;No;No;No;No;No;No
2249,0;Baptiste Santamaria;fr FRA;MF;Valencia;es La Liga;31,0;1995,0;19,0;7,0;754,0;8,4;1,0;1,0;2,0;1,0;0,0;0,0;2,0;0,0;0,24;6,0;2,0;33,3;0,72;0,24;0,17;0,5;3,0;5,0;8,0;10,0;0,0;13,0;0,0;;0,0;;;0,0;;;;;0,0;;;;;No;No;No;No;No;No;No;No;No;No
2250,0;Yago Santiago;es ESP;MF;Elche;es La Liga;22,0;2003,0;8,0;3,0;273,0;3,0;0,0;0,0;0,0;0,0;0,0;0,0;1,0;0,0;0,0;2,0;0,0;0,0;0,66;0,0;0,0;0,0;6,0;1,0;1,0;2,0;0,0;3,0;0,0;;0,0;;;0,0;;;;;0,0;;;;;No;No;No;No;No;No;No;No;No;No
2251,0;Yellu Santiago;es ESP;MF;Hellas Verona;it Serie A;21,0;2004,0;2,0;0,0;6,0;0,1;0,0;0,0;0,0;0,0;0,0;0,0;0,0;0,0;0,0;2,0;1,0;50,0;30,0;15,0;0,0;0,0;0,0;0,0;0,0;1,0;0,0;0,0;0,0;;0,0;;;0,0;;;;;0,0;;;;;No;No;No;No;No;No;No;No;No;No
2252,0;Alisson Santos;br BRA;MF;Napoli;it Serie A;23,0;2002,0;5,0;4,0;339,0;3,8;2,0;0,0;2,0;2,0;0,0;0,0;0,0;0,0;0,53;13,0;9,0;69,2;3,45;2,39;0,15;0,22;16,0;6,0;0,0;3,0;0,0;0,0;0,0;;0,0;;;0,0;;;;;0,0;;;;;No;No;No;No;No;No;No;No;No;No
2253,0;Andrey Santos;br BRA;MF;Chelsea;eng Premier League;21,0;2004,0;22,0;10,0;975,0;10,8;0,0;0,0;0,0;0,0;0,0;0,0;4,0;0,0;0,0;8,0;1,0;12,5;0,74;0,09;0,0;0,0;1,0;13,0;17,0;19,0;0,0;11,0;0,0;;0,0;;;0,0;;;;;0,0;;;;;No;No;No;No;No;No;No;No;No;No
2254,0;Kauã Santos;br BRA;GK;Eintracht Frankfurt;de Bundesliga;22,0;2003,0;13,0;13,0;1084,0;12,0;0,0;0,0;0,0;0,0;0,0;0,0;0,0;0,0;0,0;0,0;0,0;0,0;0,0;0,0;0,0;0,0;0,0;1,0;0,0;3,0;0,0;0,0;0,0;32,0;2,66;68,0;37,0;54,4;3,0;4,0;6,0;2,0;15,4;1,0;1,0;0,0;0,0;No;No;No;No;No;No;No;No;No;No
2255,0;Tiago Santos;pt POR;DF;Lille;fr Ligue 1;23,0;2002,0;13,0;8,0;694,0;7,7;0,0;0,0;0,0;0,0;0,0;0,0;0,0;0,0;0,0;8,0;0,0;0,0;1,04;0,0;0,0;0,0;30,0;8,0;4,0;21,0;0,0;12,0;0,0;;0,0;;;0,0;;;;;0,0;;;;;No;No;No;No;No;No;No;No;No;No
2256,0;Alejo Sarco;ar ARG;FW;Gladbach;de Bundesliga;20,0;2006,0;2,0;0,0;49,0;0,5;0,0;0,0;0,0;0,0;0,0;0,0;0,0;0,0;0,0;1,0;0,0;0,0;1,84;0,0;0,0;0,0;0,0;0,0;0,0;0,0;0,0;0,0;0,0;;0,0;;;0,0;;;;;0,0;;;;;No;No;No;No;No;No;No;No;No;No
2257,0;Alejo Sarco;ar ARG;FW;Leverkusen;de Bundesliga;20,0;2006,0;3,0;0,0;74,0;0,8;0,0;0,0;0,0;0,0;0,0;0,0;0,0;0,0;0,0;2,0;0,0;0,0;2,43;0,0;0,0;0,0;0,0;0,0;0,0;2,0;0,0;2,0;0,0;;0,0;;;0,0;;;;;0,0;;;;;No;No;No;No;No;No;No;No;No;No
2258,0;Jeremy Sarmiento;ec ECU;MF;Cremonese;it Serie A;23,0;2002,0;7,0;0,0;142,0;1,6;0,0;0,0;0,0;0,0;0,0;0,0;0,0;0,0;0,0;2,0;2,0;100,0;1,27;1,27;0,0;0,0;2,0;2,0;2,0;1,0;0,0;0,0;0,0;;0,0;;;0,0;;;;;0,0;;;;;No;No;No;No;No;No;No;No;No;No
2259,0;Amin Sarr;se SWE;FW,MF;Hellas Verona;it Serie A;25,0;2001,0;28,0;9,0;976,0;10,8;0,0;1,0;1,0;0,0;0,0;0,0;2,0;1,0;0,09;17,0;5,0;29,4;1,57;0,46;0,0;0,0;8,0;8,0;4,0;17,0;1,0;23,0;0,0;;0,0;;;0,0;;;;;0,0;;;;;No;No;No;No;No;No;No;No;No;No
2260,0;Bouna Sarr;sn SEN;MF,DF;Metz;fr Ligue 1;34,0;1992,0;4,0;3,0;242,0;2,7;0,0;0,0;0,0;0,0;0,0;0,0;0,0;0,0;0,0;2,0;1,0;50,0;0,74;0,37;0,0;0,0;12,0;3,0;2,0;5,0;0,0;3,0;0,0;;0,0;;;0,0;;;;;0,0;;;;;No;No;No;No;No;No;No;No;No;No
2261,0;Ismaila Sarr;sn SEN;MF,FW;Crystal Palace;eng Premier League;28,0;1998,0;20,0;20,0;1725,0;19,2;7,0;1,0;8,0;5,0;2,0;2,0;2,0;0,0;0,31;34,0;14,0;41,2;1,77;0,73;0,15;0,36;16,0;9,0;7,0;35,0;0,0;11,0;0,0;;0,0;;;0,0;;;;;0,0;;;;;No;No;No;No;No;No;No;No;No;No
2262,0;Malang Sarr;fr FRA;DF;Lens;fr Ligue 1;27,0;1999,0;25,0;25,0;2250,0;25,0;0,0;1,0;1,0;0,0;0,0;0,0;2,0;0,0;0,04;15,0;4,0;26,7;0,6;0,16;0,0;0,0;7,0;31,0;60,0;14,0;0,0;16,0;0,0;;0,0;;;0,0;;;;;0,0;;;;;No;No;No;No;No;No;No;No;No;No
2263,0;Mamadou Sarr;sn SEN;DF;Strasbourg;fr Ligue 1;20,0;2005,0;15,0;15,0;1305,0;14,5;0,0;0,0;0,0;0,0;0,0;0,0;3,0;0,0;0,0;1,0;0,0;0,0;0,07;0,0;0,0;0,0;0,0;13,0;5,0;11,0;0,0;16,0;0,0;;0,0;;;0,0;;;;;0,0;;;;;No;No;No;No;No;No;No;No;No;No
2264,0;Mamadou Sarr;sn SEN;DF;Chelsea;eng Premier League;20,0;2005,0;2,0;1,0;92,0;1,0;0,0;0,0;0,0;0,0;0,0;0,0;0,0;0,0;0,0;1,0;0,0;0,0;0,98;0,0;0,0;0,0;0,0;0,0;1,0;0,0;0,0;0,0;0,0;;0,0;;;0,0;;;;;0,0;;;;;No;No;No;No;No;No;No;No;No;No
2265,0;Martin Satriano;uy URU;FW,MF;Getafe;es La Liga;25,0;2001,0;9,0;9,0;793,0;8,8;3,0;0,0;3,0;3,0;0,0;0,0;4,0;0,0;0,34;17,0;9,0;52,9;1,93;1,02;0,18;0,33;9,0;7,0;7,0;8,0;0,0;14,0;0,0;;0,0;;;0,0;;;;;0,0;;;;;No;No;No;No;No;No;No;No;No;No
2266,0;Martin Satriano;uy URU;FW;Lyon;fr Ligue 1;25,0;2001,0;11,0;8,0;692,0;7,7;2,0;1,0;3,0;2,0;0,0;0,0;1,0;0,0;0,39;16,0;7,0;43,8;2,08;0,91;0,13;0,29;5,0;3,0;5,0;13,0;0,0;11,0;0,0;;0,0;;;0,0;;;;;0,0;;;;;No;No;No;No;No;No;No;No;No;No
2267,0;Mario Sauer;sk SVK;MF;Toulouse;fr Ligue 1;21,0;2004,0;20,0;6,0;600,0;6,7;1,0;0,0;1,0;1,0;0,0;0,0;2,0;0,0;0,15;12,0;3,0;25,0;1,8;0,45;0,08;0,33;7,0;6,0;8,0;3,0;0,0;7,0;0,0;;0,0;;;0,0;;;;;0,0;;;;;No;No;No;No;No;No;No;No;No;No
2268,0;Razvan Sava;ro ROU;GK;Udinese;it Serie A;23,0;2002,0;7,0;6,0;620,0;6,9;0,0;0,0;0,0;0,0;0,0;0,0;1,0;0,0;0,0;0,0;0,0;0,0;0,0;0,0;0,0;0,0;0,0;0,0;0,0;0,0;0,0;0,0;0,0;14,0;2,03;28,0;14,0;50,0;2,0;2,0;2,0;1,0;16,7;0,0;0,0;0,0;0,0;No;No;No;No;No;No;No;No;No;No
2269,0;Sávio;br BRA;MF;Manchester City;eng Premier League;21,0;2004,0;17,0;5,0;573,0;6,4;0,0;1,0;1,0;0,0;0,0;0,0;2,0;0,0;0,16;14,0;9,0;64,3;2,2;1,41;0,0;0,0;28,0;3,0;5,0;10,0;0,0;8,0;0,0;;0,0;;;0,0;;;;;0,0;;;;;No;No;No;No;No;No;No;No;No;No
2270,0;Nicolò Savona;it ITA;DF;Nottingham Forest;eng Premier League;22,0;2003,0;14,0;11,0;1028,0;11,4;2,0;0,0;2,0;2,0;0,0;0,0;2,0;0,0;0,18;5,0;3,0;60,0;0,44;0,26;0,4;0,67;27,0;12,0;5,0;5,0;0,0;12,0;0,0;;0,0;;;0,0;;;;;0,0;;;;;No;No;No;No;No;No;No;No;No;No
2271,0;Joe Scally;us USA;DF,MF;Gladbach;de Bundesliga;23,0;2002,0;24,0;21,0;1912,0;21,2;1,0;3,0;4,0;1,0;0,0;0,0;6,0;0,0;0,19;12,0;7,0;58,3;0,56;0,33;0,08;0,14;37,0;19,0;15,0;42,0;0,0;25,0;1,0;;0,0;;;0,0;;;;;0,0;;;;;No;No;No;No;No;No;No;No;No;No
2272,0;Giorgio Scalvini;it ITA;DF;Atalanta;it Serie A;22,0;2003,0;15,0;14,0;1111,0;12,3;2,0;0,0;2,0;2,0;0,0;0,0;2,0;0,0;0,16;12,0;5,0;41,7;0,97;0,41;0,17;0,4;2,0;15,0;23,0;6,0;0,0;21,0;0,0;;0,0;;;0,0;;;;;0,0;;;;;No;No;No;No;No;No;No;No;No;No
2273,0;Gianluca Scamacca;it ITA;FW;Atalanta;it Serie A;27,0;1999,0;20,0;14,0;1140,0;12,7;8,0;1,0;9,0;6,0;2,0;2,0;2,0;0,0;0,55;51,0;19,0;37,3;4,03;1,5;0,12;0,32;0,0;4,0;3,0;17,0;0,0;21,0;0,0;;0,0;;;0,0;;;;;0,0;;;;;No;No;No;No;No;No;No;No;No;No
2274,0;Oliver Scarles;eng ENG;DF,MF;West Ham United;eng Premier League;20,0;2005,0;12,0;9,0;656,0;7,3;0,0;0,0;0,0;0,0;0,0;0,0;1,0;0,0;0,0;3,0;0,0;0,0;0,41;0,0;0,0;0,0;35,0;18,0;13,0;7,0;0,0;6,0;0,0;;0,0;;;0,0;;;;;0,0;;;;;No;No;No;No;No;No;No;No;No;No
2275,0;Dane Scarlett;eng ENG;FW;Tottenham Hotspur;eng Premier League;21,0;2004,0;2,0;0,0;9,0;0,1;0,0;0,0;0,0;0,0;0,0;0,0;0,0;0,0;0,0;0,0;0,0;0,0;0,0;0,0;0,0;0,0;0,0;0,0;0,0;0,0;0,0;1,0;0,0;;0,0;;;0,0;;;;;0,0;;;;;No;No;No;No;No;No;No;No;No;No
2276,0;Kevin Schade;de GER;MF,FW;Brentford;eng Premier League;24,0;2001,0;27,0;25,0;2130,0;23,7;7,0;3,0;10,0;7,0;0,0;1,0;6,0;1,0;0,42;44,0;21,0;47,7;1,86;0,89;0,16;0,33;18,0;21,0;18,0;35,0;0,0;37,0;0,0;;0,0;;;0,0;;;;;0,0;;;;;No;No;No;No;No;No;No;No;No;No
2277,0;András Schäfer;hu HUN;MF;Union Berlin;de Bundesliga;26,0;1999,0;21,0;11,0;987,0;11,0;1,0;0,0;1,0;1,0;0,0;0,0;2,0;1,0;0,09;20,0;7,0;35,0;1,82;0,64;0,05;0,14;13,0;18,0;16,0;18,0;0,0;29,0;0,0;;0,0;;;0,0;;;;;0,0;;;;;No;No;No;No;No;No;No;No;No;No
2278,0;Fabian Schär;ch SUI;DF;Newcastle United;eng Premier League;34,0;1991,0;16,0;11,0;1091,0;12,1;0,0;0,0;0,0;0,0;0,0;0,0;1,0;0,0;0,0;17,0;4,0;23,5;1,4;0,33;0,0;0,0;4,0;9,0;16,0;7,0;0,0;15,0;0,0;;0,0;;;0,0;;;;;0,0;;;;;No;No;No;No;No;No;No;No;No;No
2279,0;Fynn Schenten;de GER;FW;Köln;de Bundesliga;18,0;2007,0;7,0;1,0;100,0;1,1;0,0;0,0;0,0;0,0;0,0;0,0;0,0;0,0;0,0;1,0;0,0;0,0;0,9;0,0;0,0;0,0;3,0;0,0;0,0;0,0;0,0;2,0;0,0;;0,0;;;0,0;;;;;0,0;;;;;No;No;No;No;No;No;No;No;No;No
2280,0;Derry Scherhant;de GER;MF;Freiburg;de Bundesliga;23,0;2002,0;23,0;7,0;841,0;9,3;4,0;1,0;5,0;4,0;0,0;0,0;2,0;0,0;0,54;29,0;11,0;37,9;3,1;1,18;0,14;0,36;58,0;6,0;4,0;29,0;0,0;11,0;0,0;;0,0;;;0,0;;;;;0,0;;;;;No;No;No;No;No;No;No;No;No;No
2281,0;Patrik Schick;cz CZE;FW;Leverkusen;de Bundesliga;30,0;1996,0;20,0;17,0;1367,0;15,2;7,0;3,0;10,0;5,0;2,0;2,0;1,0;0,0;0,53;42,0;16,0;38,1;2,77;1,05;0,12;0,31;0,0;2,0;2,0;13,0;0,0;16,0;0,0;;0,0;;;0,0;;;;;0,0;;;;;No;No;No;No;No;No;No;No;No;No
2282,0;Stefan Schimmer;de GER;FW;Heidenheim;de Bundesliga;31,0;1994,0;21,0;2,0;694,0;7,7;5,0;1,0;6,0;5,0;0,0;0,0;1,0;0,0;0,78;28,0;11,0;39,3;3,63;1,43;0,18;0,45;10,0;3,0;3,0;5,0;0,0;12,0;0,0;;0,0;;;0,0;;;;;0,0;;;;;No;No;No;No;No;No;No;No;No;No
2283,0;Xaver Schlager;at AUT;MF;RB Leipzig;de Bundesliga;28,0;1997,0;20,0;15,0;1322,0;14,7;2,0;1,0;3,0;2,0;0,0;0,0;4,0;0,0;0,2;16,0;5,0;31,3;1,09;0,34;0,13;0,4;10,0;16,0;7,0;8,0;0,0;19,0;0,0;;0,0;;;0,0;;;;;0,0;;;;;No;No;No;No;No;No;No;No;No;No
2284,0;Keven Schlotterbeck;de GER;DF;Augsburg;de Bundesliga;28,0;1997,0;21,0;20,0;1835,0;20,4;0,0;1,0;1,0;0,0;0,0;1,0;6,0;1,0;0,05;12,0;3,0;25,0;0,59;0,15;0,0;0,0;6,0;19,0;22,0;18,0;1,0;22,0;0,0;;0,0;;;0,0;;;;;0,0;;;;;No;No;No;No;No;No;No;No;No;No
2285,0;Nico Schlotterbeck;de GER;DF;Dortmund;de Bundesliga;26,0;1999,0;20,0;20,0;1800,0;20,0;4,0;1,0;5,0;4,0;0,0;0,0;6,0;0,0;0,25;29,0;8,0;27,6;1,45;0,4;0,14;0,5;22,0;29,0;13,0;19,0;0,0;20,0;0,0;;0,0;;;0,0;;;;;0,0;;;;;No;No;No;No;No;No;No;No;No;No
2286,0;Mick Schmetgens;de GER;MF;Werder Bremen;de Bundesliga;18,0;2007,0;1,0;0,0;36,0;0,4;0,0;0,0;0,0;0,0;0,0;0,0;0,0;0,0;0,0;0,0;0,0;0,0;0,0;0,0;0,0;0,0;2,0;0,0;1,0;0,0;0,0;0,0;0,0;;0,0;;;0,0;;;;;0,0;;;;;No;No;No;No;No;No;No;No;No;No
2287,0;Romano Schmid;at AUT;MF,FW;Werder Bremen;de Bundesliga;26,0;2000,0;26,0;26,0;2284,0;25,4;2,0;7,0;9,0;0,0;2,0;3,0;4,0;0,0;0,28;44,0;15,0;34,1;1,73;0,59;0,0;0,0;136,0;23,0;9,0;23,0;0,0;17,0;0,0;;0,0;;;0,0;;;;;0,0;;;;;No;No;No;No;No;No;No;No;No;No
2288,0;Isaac Schmidt;ch SUI;MF;Werder Bremen;de Bundesliga;26,0;1999,0;16,0;5,0;550,0;6,1;1,0;0,0;1,0;1,0;0,0;0,0;2,0;0,0;0,16;4,0;2,0;50,0;0,65;0,33;0,25;0,5;7,0;7,0;8,0;3,0;0,0;7,0;0,0;;0,0;;;0,0;;;;;0,0;;;;;No;No;No;No;No;No;No;No;No;No
2289,0;Joël Schmied;ch SUI;DF;Köln;de Bundesliga;27,0;1998,0;13,0;11,0;952,0;10,6;0,0;0,0;0,0;0,0;0,0;0,0;4,0;0,0;0,0;4,0;0,0;0,0;0,38;0,0;0,0;0,0;5,0;9,0;10,0;5,0;0,0;13,0;0,0;;0,0;;;0,0;;;;;0,0;;;;;No;No;No;No;No;No;No;No;No;No
2290,0;Tim Schnitzer;de GER;MF;Augsburg;de Bundesliga;18,0;2008,0;1,0;0,0;6,0;0,1;0,0;0,0;0,0;0,0;0,0;0,0;0,0;0,0;0,0;0,0;0,0;0,0;0,0;0,0;0,0;0,0;0,0;0,0;0,0;0,0;0,0;0,0;0,0;;0,0;;;0,0;;;;;0,0;;;;;No;No;No;No;No;No;No;No;No;No
2291,0;Jan Schöppner;de GER;MF;Heidenheim;de Bundesliga;26,0;1999,0;24,0;22,0;1670,0;18,6;1,0;1,0;2,0;1,0;0,0;0,0;4,0;0,0;0,11;19,0;5,0;26,3;1,02;0,27;0,05;0,2;11,0;10,0;27,0;13,0;0,0;18,0;0,0;;0,0;;;0,0;;;;;0,0;;;;;No;No;No;No;No;No;No;No;No;No
2292,0;Marvin Schwäbe;de GER;GK;Köln;de Bundesliga;30,0;1995,0;26,0;26,0;2340,0;26,0;0,0;0,0;0,0;0,0;0,0;0,0;0,0;0,0;0,0;0,0;0,0;0,0;0,0;0,0;0,0;0,0;0,0;1,0;2,0;2,0;0,0;1,0;0,0;44,0;1,69;115,0;76,0;64,3;6,0;7,0;13,0;3,0;11,5;5,0;3,0;2,0;0,0;No;No;No;No;No;No;No;No;No;No
2293,0;Léo Scienza;br BRA;MF;Heidenheim;de Bundesliga;27,0;1998,0;2,0;2,0;180,0;2,0;1,0;0,0;1,0;1,0;0,0;0,0;0,0;0,0;0,5;4,0;1,0;25,0;2,0;0,5;0,25;1,0;13,0;2,0;0,0;7,0;0,0;1,0;0,0;;0,0;;;0,0;;;;;0,0;;;;;No;No;No;No;No;No;No;No;No;No
2294,0;Alex Scott;eng ENG;MF;Bournemouth;eng Premier League;22,0;2003,0;30,0;27,0;2220,0;24,7;2,0;1,0;3,0;2,0;0,0;0,0;3,0;0,0;0,12;37,0;10,0;27,0;1,5;0,41;0,05;0,2;64,0;30,0;30,0;52,0;0,0;35,0;0,0;;0,0;;;0,0;;;;;0,0;;;;;No;No;No;No;No;No;No;No;No;No
2295,0;Simone Scuffet;it ITA;GK;Pisa;it Serie A;29,0;1996,0;7,0;7,0;630,0;7,0;0,0;0,0;0,0;0,0;0,0;0,0;0,0;0,0;0,0;0,0;0,0;0,0;0,0;0,0;0,0;0,0;0,0;0,0;0,0;4,0;0,0;0,0;0,0;15,0;2,14;26,0;14,0;53,8;0,0;3,0;4,0;1,0;14,3;3,0;3,0;0,0;0,0;No;No;No;No;No;No;No;No;No;No
2296,0;Sebastian Sebulonsen;no NOR;DF,MF;Köln;de Bundesliga;26,0;2000,0;24,0;21,0;1885,0;20,9;0,0;0,0;0,0;0,0;0,0;0,0;5,0;0,0;0,0;24,0;3,0;12,5;1,15;0,14;0,0;0,0;53,0;19,0;13,0;8,0;0,0;8,0;0,0;;0,0;;;0,0;;;;;0,0;;;;;No;No;No;No;No;No;No;No;No;No
2297,0;Jenson Seelt;nl NED;DF;Wolfsburg;de Bundesliga;22,0;2003,0;9,0;8,0;681,0;7,6;0,0;0,0;0,0;0,0;0,0;0,0;0,0;0,0;0,0;2,0;0,0;0,0;0,26;0,0;0,0;0,0;0,0;9,0;5,0;6,0;0,0;5,0;1,0;;0,0;;;0,0;;;;;0,0;;;;;No;No;No;No;No;No;No;No;No;No
2298,0;Jenson Seelt;nl NED;DF;Sunderland;eng Premier League;22,0;2003,0;2,0;1,0;134,0;1,5;0,0;0,0;0,0;0,0;0,0;0,0;0,0;0,0;0,0;0,0;0,0;0,0;0,0;0,0;0,0;0,0;1,0;0,0;0,0;1,0;0,0;1,0;0,0;;0,0;;;0,0;;;;;0,0;;;;;No;No;No;No;No;No;No;No;No;No
2299,0;Alidu Seidu;gh GHA;DF;Rennes;fr Ligue 1;25,0;2000,0;15,0;8,0;815,0;9,1;0,0;1,0;1,0;0,0;0,0;0,0;1,0;0,0;0,11;4,0;1,0;25,0;0,44;0,11;0,0;0,0;7,0;18,0;14,0;21,0;0,0;9,0;0,0;;0,0;;;0,0;;;;;0,0;;;;;No;No;No;No;No;No;No;No;No;No
2300,0;Nicolas Seiwald;at AUT;MF;RB Leipzig;de Bundesliga;24,0;2001,0;26,0;25,0;2189,0;24,3;0,0;2,0;2,0;0,0;0,0;0,0;1,0;0,0;0,08;16,0;5,0;31,3;0,66;0,21;0,0;0,0;5,0;31,0;52,0;5,0;0,0;13,0;0,0;;0,0;;;0,0;;;;;0,0;;;;;No;No;No;No;No;No;No;No;No;No
2301,0;Ayumu Seko;jp JPN;MF,DF;Le Havre;fr Ligue 1;25,0;2000,0;23,0;22,0;1995,0;22,2;0,0;0,0;0,0;0,0;0,0;0,0;3,0;0,0;0,0;14,0;4,0;28,6;0,63;0,18;0,0;0,0;4,0;21,0;23,0;17,0;0,0;21,0;0,0;;0,0;;;0,0;;;;;0,0;;;;;No;No;No;No;No;No;No;No;No;No
2302,0;Matz Sels;be BEL;GK;Nottingham Forest;eng Premier League;34,0;1992,0;23,0;22,0;1948,0;21,6;0,0;0,0;0,0;0,0;0,0;0,0;2,0;0,0;0,0;0,0;0,0;0,0;0,0;0,0;0,0;0,0;0,0;1,0;0,0;3,0;0,0;0,0;0,0;31,0;1,43;90,0;63,0;70,0;6,0;7,0;9,0;5,0;22,7;4,0;4,0;0,0;0,0;No;No;No;No;No;No;No;No;No;No
2303,0;Antoine Semenyo;gh GHA;MF;Bournemouth;eng Premier League;26,0;2000,0;20,0;20,0;1798,0;20,0;10,0;3,0;13,0;9,0;1,0;2,0;6,0;0,0;0,6;49,0;27,0;55,1;2,45;1,35;0,18;0,33;28,0;20,0;6,0;14,0;0,0;37,0;0,0;;0,0;;;0,0;;;;;0,0;;;;;No;No;No;No;No;No;No;No;No;No
2304,0;Antoine Semenyo;gh GHA;MF,FW;Manchester City;eng Premier League;26,0;2000,0;9,0;9,0;789,0;8,8;5,0;1,0;6,0;5,0;0,0;0,0;0,0;0,0;0,68;19,0;9,0;47,4;2,17;1,03;0,26;0,56;11,0;8,0;2,0;5,0;0,0;12,0;0,0;;0,0;;;0,0;;;;;0,0;;;;;No;No;No;No;No;No;No;No;No;No
2305,0;Adrian Šemper;hr CRO;GK;Pisa;it Serie A;28,0;1998,0;17,0;17,0;1530,0;17,0;0,0;0,0;0,0;0,0;0,0;0,0;0,0;0,0;0,0;0,0;0,0;0,0;0,0;0,0;0,0;0,0;0,0;0,0;0,0;2,0;0,0;0,0;0,0;25,0;1,47;84,0;60,0;71,4;1,0;9,0;7,0;4,0;23,5;1,0;1,0;0,0;0,0;No;No;No;No;No;No;No;No;No;No
2306,0;Marvin Senaya;tg TOG;DF,MF;Auxerre;fr Ligue 1;25,0;2001,0;20,0;17,0;1536,0;17,1;1,0;0,0;1,0;1,0;0,0;0,0;5,0;0,0;0,06;13,0;4,0;30,8;0,76;0,23;0,08;0,25;37,0;23,0;29,0;30,0;0,0;21,0;0,0;;0,0;;;0,0;;;;;0,0;;;;;No;No;No;No;No;No;No;No;No;No
2307,0;Marcos Senesi;ar ARG;DF;Bournemouth;eng Premier League;28,0;1997,0;29,0;29,0;2568,0;28,5;0,0;4,0;4,0;0,0;0,0;0,0;8,0;0,0;0,14;15,0;5,0;33,3;0,53;0,18;0,0;0,0;22,0;29,0;42,0;27,0;0,0;26,0;0,0;;0,0;;;0,0;;;;;0,0;;;;;No;No;No;No;No;No;No;No;No;No
2308,0;Suat Serdar;de GER;MF;Hellas Verona;it Serie A;28,0;1997,0;20,0;12,0;1108,0;12,3;2,0;0,0;2,0;2,0;0,0;0,0;3,0;0,0;0,16;19,0;7,0;36,8;1,54;0,57;0,11;0,29;7,0;20,0;10,0;12,0;0,0;19,0;0,0;;0,0;;;0,0;;;;;0,0;;;;;No;No;No;No;No;No;No;No;No;No
2309,0;Nicolás Serrano;es ESP;MF;Athletic Club;es La Liga;23,0;2003,0;12,0;4,0;330,0;3,7;1,0;0,0;1,0;1,0;0,0;0,0;0,0;0,0;0,27;13,0;2,0;15,4;3,55;0,55;0,08;0,5;32,0;4,0;2,0;5,0;0,0;7,0;0,0;;0,0;;;0,0;;;;;0,0;;;;;No;No;No;No;No;No;No;No;No;No
2310,0;Benjamin Šeško;si SVN;FW;Manchester Utd;eng Premier League;22,0;2003,0;25,0;13,0;1322,0;14,7;9,0;1,0;10,0;9,0;0,0;0,0;1,0;0,0;0,68;53,0;28,0;52,8;3,61;1,91;0,17;0,32;2,0;3,0;3,0;4,0;0,0;14,0;0,0;;0,0;;;0,0;;;;;0,0;;;;;No;No;No;No;No;No;No;No;No;No
2311,0;Ryan Sessegnon;eng ENG;DF,MF;Fulham;eng Premier League;25,0;2000,0;23,0;18,0;1611,0;17,9;2,0;1,0;3,0;2,0;0,0;0,0;0,0;0,0;0,17;13,0;3,0;23,1;0,73;0,17;0,15;0,67;44,0;22,0;20,0;3,0;0,0;30,0;0,0;;0,0;;;0,0;;;;;0,0;;;;;No;No;No;No;No;No;No;No;No;No
2312,0;Stephan El Shaarawy;it ITA;MF,FW;Roma;it Serie A;33,0;1992,0;14,0;4,0;444,0;4,9;0,0;2,0;2,0;0,0;0,0;0,0;2,0;0,0;0,41;13,0;5,0;38,5;2,64;1,01;0,0;0,0;12,0;5,0;5,0;6,0;0,0;7,0;0,0;;0,0;;;0,0;;;;;0,0;;;;;No;No;No;No;No;No;No;No;No;No
2313,0;Luke Shaw;eng ENG;DF;Manchester Utd;eng Premier League;30,0;1995,0;30,0;30,0;2525,0;28,1;0,0;1,0;1,0;0,0;0,0;0,0;5,0;0,0;0,04;5,0;2,0;40,0;0,18;0,07;0,0;0,0;45,0;30,0;31,0;10,0;0,0;37,0;0,0;;0,0;;;0,0;;;;;0,0;;;;;No;No;No;No;No;No;No;No;No;No
2314,0;Kento Shiogai;jp JPN;MF;Wolfsburg;de Bundesliga;20,0;2005,0;7,0;2,0;267,0;3,0;1,0;0,0;1,0;1,0;0,0;0,0;1,0;0,0;0,34;8,0;5,0;62,5;2,7;1,69;0,13;0,2;0,0;4,0;2,0;2,0;0,0;6,0;0,0;;0,0;;;0,0;;;;;0,0;;;;;No;No;No;No;No;No;No;No;No;No
2315,0;Kwasi Sibo;gh GHA;MF;Oviedo;es La Liga;27,0;1998,0;19,0;15,0;1245,0;13,8;0,0;0,0;0,0;0,0;0,0;0,0;3,0;0,0;0,0;8,0;2,0;25,0;0,58;0,14;0,0;0,0;0,0;16,0;10,0;4,0;0,0;21,0;0,0;;0,0;;;0,0;;;;;0,0;;;;;No;No;No;No;No;No;No;No;No;No
2316,0;Djibril Sidibé;fr FRA;MF,DF;Toulouse;fr Ligue 1;33,0;1992,0;26,0;22,0;1877,0;20,9;3,0;3,0;6,0;2,0;1,0;2,0;1,0;0,0;0,24;7,0;4,0;57,1;0,34;0,19;0,29;0,5;52,0;29,0;15,0;11,0;0,0;27,0;0,0;;0,0;;;0,0;;;;;0,0;;;;;No;No;No;No;No;No;No;No;No;No
2317,0;Armindo Sieb;de GER;FW;Mainz 05;de Bundesliga;23,0;2003,0;16,0;3,0;441,0;4,9;2,0;0,0;2,0;2,0;0,0;0,0;1,0;0,0;0,41;14,0;6,0;42,9;2,86;1,22;0,14;0,33;8,0;4,0;0,0;2,0;0,0;13,0;0,0;;0,0;;;0,0;;;;;0,0;;;;;No;No;No;No;No;No;No;No;No;No
2318,0;Jamil Siebert;de GER;DF;Lecce;it Serie A;23,0;2002,0;12,0;9,0;891,0;9,9;1,0;0,0;1,0;1,0;0,0;0,0;2,0;0,0;0,1;4,0;2,0;50,0;0,4;0,2;0,25;0,5;2,0;9,0;6,0;3,0;0,0;17,0;0,0;;0,0;;;0,0;;;;;0,0;;;;;No;No;No;No;No;No;No;No;No;No
2319,0;Francisco Sierralta;cl CHI;DF;Auxerre;fr Ligue 1;28,0;1997,0;10,0;9,0;861,0;9,6;1,0;0,0;1,0;1,0;0,0;0,0;2,0;0,0;0,1;7,0;2,0;28,6;0,73;0,21;0,14;0,5;0,0;6,0;9,0;5,0;0,0;8,0;0,0;;0,0;;;0,0;;;;;0,0;;;;;No;No;No;No;No;No;No;No;No;No
2320,0;Tim Siersleben;de GER;DF;Heidenheim;de Bundesliga;26,0;2000,0;14,0;12,0;1079,0;12,0;0,0;0,0;0,0;0,0;0,0;0,0;2,0;0,0;0,0;5,0;3,0;60,0;0,42;0,25;0,0;0,0;13,0;16,0;21,0;13,0;0,0;13,0;0,0;;0,0;;;0,0;;;;;0,0;;;;;No;No;No;No;No;No;No;No;No;No
2321,0;Mathys Silestrie;fr FRA;GK;Rennes;fr Ligue 1;20,0;2005,0;1,0;1,0;90,0;1,0;0,0;0,0;0,0;0,0;0,0;0,0;0,0;0,0;0,0;0,0;0,0;0,0;0,0;0,0;0,0;0,0;0,0;0,0;0,0;0,0;0,0;0,0;0,0;3,0;3,0;3,0;0,0;0,0;0,0;0,0;1,0;0,0;0,0;0,0;0,0;0,0;0,0;No;No;No;No;No;No;No;No;No;No
2322,0;André Silva;pt POR;FW;Elche;es La Liga;30,0;1995,0;22,0;15,0;1290,0;14,3;7,0;0,0;7,0;6,0;1,0;1,0;2,0;0,0;0,42;39,0;19,0;48,7;2,72;1,33;0,15;0,32;2,0;3,0;2,0;27,0;0,0;16,0;0,0;;0,0;;;0,0;;;;;0,0;;;;;No;No;No;No;No;No;No;No;No;No
2323,0;Bernardo Silva;pt POR;MF;Manchester City;eng Premier League;31,0;1994,0;30,0;26,0;2245,0;24,9;2,0;4,0;6,0;2,0;0,0;0,0;9,0;0,0;0,24;17,0;5,0;29,4;0,68;0,2;0,12;0,4;51,0;14,0;15,0;19,0;0,0;34,0;0,0;;0,0;;;0,0;;;;;0,0;;;;;No;No;No;No;No;No;No;No;No;No
2324,0;Caio Henrique Oliveira Silva;br BRA;DF,MF;Monaco;fr Ligue 1;28,0;1997,0;21,0;17,0;1529,0;17,0;0,0;1,0;1,0;0,0;0,0;0,0;2,0;0,0;0,06;2,0;0,0;0,0;0,12;0,0;0,0;0,0;89,0;10,0;12,0;17,0;0,0;13,0;0,0;;0,0;;;0,0;;;;;0,0;;;;;No;No;No;No;No;No;No;No;No;No
2325,0;Fábio Silva;pt POR;FW,MF;Dortmund;de Bundesliga;23,0;2002,0;20,0;5,0;592,0;6,6;1,0;5,0;6,0;1,0;0,0;0,0;3,0;0,0;0,91;17,0;5,0;29,4;2,58;0,76;0,06;0,2;8,0;2,0;2,0;8,0;0,0;14,0;0,0;;0,0;;;0,0;;;;;0,0;;;;;No;No;No;No;No;No;No;No;No;No
2326,0;Jota Silva;pt POR;FW;Nottingham Forest;eng Premier League;26,0;1999,0;1,0;0,0;12,0;0,1;0,0;0,0;0,0;0,0;0,0;0,0;0,0;0,0;0,0;0,0;0,0;0,0;0,0;0,0;0,0;0,0;1,0;1,0;0,0;1,0;0,0;0,0;0,0;;0,0;;;0,0;;;;;0,0;;;;;No;No;No;No;No;No;No;No;No;No
2327,0;Marco Silvestri;it ITA;GK;Cremonese;it Serie A;35,0;1991,0;4,0;4,0;360,0;4,0;0,0;0,0;0,0;0,0;0,0;0,0;0,0;0,0;0,0;0,0;0,0;0,0;0,0;0,0;0,0;0,0;0,0;0,0;0,0;0,0;0,0;0,0;0,0;7,0;1,75;22,0;15,0;68,2;0,0;3,0;1,0;0,0;0,0;0,0;0,0;0,0;0,0;No;No;No;No;No;No;No;No;No;No
2328,0;Abdallah Sima;sn SEN;MF;Lens;fr Ligue 1;24,0;2001,0;15,0;3,0;427,0;4,7;1,0;1,0;2,0;1,0;0,0;0,0;2,0;0,0;0,42;12,0;4,0;33,3;2,53;0,84;0,08;0,25;9,0;5,0;0,0;8,0;0,0;7,0;0,0;;0,0;;;0,0;;;;;0,0;;;;;No;No;No;No;No;No;No;No;No;No
2329,0;Giovanni Simeone;ar ARG;FW;Torino;it Serie A;30,0;1995,0;23,0;18,0;1488,0;16,5;7,0;0,0;7,0;7,0;0,0;0,0;1,0;0,0;0,42;50,0;22,0;44,0;3,02;1,33;0,14;0,32;4,0;6,0;1,0;29,0;0,0;22,0;0,0;;0,0;;;0,0;;;;;0,0;;;;;No;No;No;No;No;No;No;No;No;No
2330,0;Giuliano Simeone;ar ARG;MF;Atlético Madrid;es La Liga;23,0;2002,0;25,0;20,0;1779,0;19,8;3,0;5,0;8,0;3,0;0,0;0,0;1,0;0,0;0,4;32,0;11,0;34,4;1,62;0,56;0,09;0,27;40,0;19,0;17,0;39,0;0,0;19,0;0,0;;0,0;;;0,0;;;;;0,0;;;;;No;No;No;No;No;No;No;No;No;No
2331,0;Moses Simon;ng NGA;MF,FW;Paris FC;fr Ligue 1;30,0;1995,0;23,0;19,0;1519,0;16,9;3,0;2,0;5,0;3,0;0,0;0,0;1,0;0,0;0,3;28,0;9,0;32,1;1,66;0,53;0,11;0,33;99,0;7,0;7,0;13,0;0,0;10,0;0,0;;0,0;;;0,0;;;;;0,0;;;;;No;No;No;No;No;No;No;No;No;No
2332,0;Unai Simón;es ESP;GK;Athletic Club;es La Liga;28,0;1997,0;28,0;28,0;2520,0;28,0;0,0;0,0;0,0;0,0;0,0;0,0;0,0;0,0;0,0;0,0;0,0;0,0;0,0;0,0;0,0;0,0;0,0;0,0;0,0;5,0;0,0;0,0;0,0;40,0;1,43;113,0;77,0;67,3;10,0;5,0;13,0;5,0;17,9;4,0;3,0;1,0;0,0;Sí;Sí;Sí;Sí;Sí;Sí;No;No;No;Sí
2333,0;Xavi Simons;nl NED;MF,FW;Tottenham Hotspur;eng Premier League;22,0;2003,0;24,0;17,0;1573,0;17,5;1,0;4,0;5,0;1,0;0,0;0,0;4,0;1,0;0,29;36,0;9,0;25,0;2,06;0,51;0,03;0,11;49,0;17,0;15,0;37,0;0,0;19,0;0,0;;0,0;;;0,0;;;;;0,0;;;;;No;No;No;No;No;No;No;No;No;No
2334,0;Xavi Simons;nl NED;MF;RB Leipzig;de Bundesliga;22,0;2003,0;1,0;1,0;90,0;1,0;0,0;0,0;0,0;0,0;0,0;0,0;0,0;0,0;0,0;0,0;0,0;0,0;0,0;0,0;0,0;0,0;2,0;0,0;1,0;3,0;0,0;1,0;0,0;;0,0;;;0,0;;;;;0,0;;;;;No;No;No;No;No;No;No;No;No;No
2335,0;Jahmai Simpson-Pusey;eng ENG;DF;Köln;de Bundesliga;20,0;2005,0;6,0;5,0;413,0;4,6;0,0;0,0;0,0;0,0;0,0;0,0;0,0;1,0;0,0;5,0;3,0;60,0;1,09;0,65;0,0;0,0;0,0;4,0;7,0;2,0;0,0;2,0;0,0;;0,0;;;0,0;;;;;0,0;;;;;No;No;No;No;No;No;No;No;No;No
2336,0;Danel Sinani;lu LUX;MF,FW;St Pauli;de Bundesliga;28,0;1997,0;23,0;17,0;1575,0;17,5;4,0;3,0;7,0;1,0;3,0;3,0;3,0;0,0;0,23;41,0;16,0;39,0;2,34;0,91;0,02;0,06;103,0;13,0;5,0;22,0;0,0;34,0;0,0;;0,0;;;0,0;;;;;0,0;;;;;No;No;No;No;No;No;No;No;No;No
2337,0;Dan Sinaté;fr FRA;DF;Angers;fr Ligue 1;19,0;2006,0;1,0;0,0;12,0;0,1;0,0;0,0;0,0;0,0;0,0;0,0;0,0;0,0;0,0;1,0;0,0;0,0;7,5;0,0;0,0;0,0;0,0;0,0;0,0;0,0;0,0;0,0;0,0;;0,0;;;0,0;;;;;0,0;;;;;No;No;No;No;No;No;No;No;No;No
2338,0;Lassine Sinayoko;ml MLI;FW,MF;Auxerre;fr Ligue 1;26,0;1999,0;24,0;24,0;2066,0;23,0;6,0;3,0;9,0;3,0;3,0;4,0;6,0;0,0;0,26;61,0;24,0;39,3;2,66;1,05;0,05;0,13;24,0;20,0;19,0;37,0;0,0;24,0;0,0;;0,0;;;0,0;;;;;0,0;;;;;No;No;No;No;No;No;No;No;No;No
2339,0;Ibrahima Sissoko;ml MLI;MF,DF;Nantes;fr Ligue 1;28,0;1997,0;5,0;3,0;255,0;2,8;0,0;0,0;0,0;0,0;0,0;0,0;2,0;0,0;0,0;3,0;0,0;0,0;1,06;0,0;0,0;0,0;2,0;3,0;1,0;3,0;0,0;12,0;0,0;;0,0;;;0,0;;;;;0,0;;;;;No;No;No;No;No;No;No;No;No;No
2340,0;Antonio Sivera;es ESP;GK;Alavés;es La Liga;29,0;1996,0;28,0;28,0;2520,0;28,0;0,0;0,0;0,0;0,0;0,0;0,0;2,0;0,0;0,0;0,0;0,0;0,0;0,0;0,0;0,0;0,0;0,0;1,0;0,0;1,0;0,0;1,0;0,0;38,0;1,36;109,0;75,0;68,8;7,0;7,0;14,0;3,0;10,7;4,0;4,0;0,0;0,0;No;No;No;No;No;No;No;No;No;No
2341,0;Telli Siwe;fr FRA;DF;Auxerre;fr Ligue 1;21,0;2004,0;3,0;3,0;225,0;2,5;0,0;0,0;0,0;0,0;0,0;0,0;0,0;0,0;0,0;1,0;0,0;0,0;0,4;0,0;0,0;0,0;0,0;3,0;4,0;0,0;0,0;2,0;0,0;;0,0;;;0,0;;;;;0,0;;;;;No;No;No;No;No;No;No;No;No;No
2342,0;Tim Skarke;de GER;MF;Union Berlin;de Bundesliga;29,0;1996,0;16,0;3,0;479,0;5,3;1,0;0,0;1,0;1,0;0,0;0,0;0,0;0,0;0,19;12,0;5,0;41,7;2,25;0,94;0,08;0,2;8,0;4,0;1,0;7,0;0,0;6,0;0,0;;0,0;;;0,0;;;;;0,0;;;;;No;No;No;No;No;No;No;No;No;No
2343,0;Ellyes Skhiri;tn TUN;MF;Eintracht Frankfurt;de Bundesliga;30,0;1995,0;17,0;12,0;1034,0;11,5;0,0;0,0;0,0;0,0;0,0;0,0;2,0;1,0;0,0;5,0;0,0;0,0;0,44;0,0;0,0;0,0;2,0;3,0;17,0;9,0;1,0;8,0;0,0;;0,0;;;0,0;;;;;0,0;;;;;No;No;No;No;No;No;No;No;No;No
2344,0;Leo Skiri Østigård;no NOR;DF;Genoa;it Serie A;26,0;1999,0;23,0;23,0;1992,0;22,1;5,0;1,0;6,0;5,0;0,0;0,0;6,0;0,0;0,27;18,0;11,0;61,1;0,81;0,5;0,28;0,45;0,0;21,0;19,0;11,0;0,0;29,0;0,0;;0,0;;;0,0;;;;;0,0;;;;;No;No;No;No;No;No;No;No;No;No
2345,0;Laurs Skjellerup;dk DEN;FW;Sassuolo;it Serie A;23,0;2002,0;1,0;0,0;10,0;0,1;0,0;0,0;0,0;0,0;0,0;0,0;0,0;0,0;0,0;1,0;0,0;0,0;9,0;0,0;0,0;0,0;0,0;0,0;0,0;0,0;0,0;0,0;0,0;;0,0;;;0,0;;;;;0,0;;;;;No;No;No;No;No;No;No;No;No;No
2346,0;Łukasz Skorupski;pl POL;GK;Bologna;it Serie A;34,0;1991,0;17,0;17,0;1412,0;15,7;0,0;0,0;0,0;0,0;0,0;0,0;1,0;1,0;0,0;0,0;0,0;0,0;0,0;0,0;0,0;0,0;0,0;0,0;0,0;8,0;0,0;1,0;0,0;15,0;0,96;43,0;30,0;69,8;9,0;3,0;5,0;7,0;41,2;2,0;2,0;0,0;0,0;No;No;No;No;No;No;No;No;No;No
2347,0;Andreas Skov Olsen;dk DEN;MF;Wolfsburg;de Bundesliga;26,0;1999,0;8,0;4,0;362,0;4,0;1,0;0,0;1,0;1,0;0,0;0,0;1,0;0,0;0,25;7,0;2,0;28,6;1,74;0,5;0,14;0,5;6,0;1,0;1,0;4,0;0,0;1,0;0,0;;0,0;;;0,0;;;;;0,0;;;;;No;No;No;No;No;No;No;No;No;No
2348,0;Robert Skov;dk DEN;DF,MF;Union Berlin;de Bundesliga;29,0;1996,0;3,0;3,0;220,0;2,4;0,0;0,0;0,0;0,0;0,0;0,0;0,0;0,0;0,0;1,0;0,0;0,0;0,41;0,0;0,0;0,0;12,0;5,0;2,0;3,0;0,0;5,0;0,0;;0,0;;;0,0;;;;;0,0;;;;;No;No;No;No;No;No;No;No;No;No
2349,0;Tobias Slotsager;dk DEN;DF;Hellas Verona;it Serie A;20,0;2006,0;7,0;4,0;426,0;4,7;0,0;0,0;0,0;0,0;0,0;0,0;0,0;0,0;0,0;3,0;1,0;33,3;0,63;0,21;0,0;0,0;2,0;7,0;3,0;5,0;0,0;2,0;0,0;;0,0;;;0,0;;;;;0,0;;;;;No;No;No;No;No;No;No;No;No;No
2350,0;Adam Smith;eng ENG;DF;Bournemouth;eng Premier League;34,0;1991,0;17,0;11,0;790,0;8,8;0,0;1,0;1,0;0,0;0,0;0,0;2,0;0,0;0,11;0,0;0,0;0,0;0,0;0,0;0,0;0,0;10,0;8,0;7,0;7,0;0,0;13,0;0,0;;0,0;;;0,0;;;;;0,0;;;;;No;No;No;No;No;No;No;No;No;No
2351,0;Eric Smith;se SWE;DF,MF;St Pauli;de Bundesliga;29,0;1997,0;23,0;23,0;2024,0;22,5;2,0;2,0;4,0;2,0;0,0;0,0;4,0;1,0;0,18;11,0;5,0;45,5;0,49;0,22;0,18;0,4;51,0;19,0;20,0;27,0;0,0;14,0;0,0;;0,0;;;0,0;;;;;0,0;;;;;No;No;No;No;No;No;No;No;No;No
2352,0;Emile Smith Rowe;eng ENG;MF;Fulham;eng Premier League;25,0;2000,0;29,0;16,0;1457,0;16,2;3,0;0,0;3,0;3,0;0,0;0,0;1,0;0,0;0,19;28,0;9,0;32,1;1,73;0,56;0,11;0,33;10,0;15,0;20,0;9,0;0,0;4,0;0,0;;0,0;;;0,0;;;;;0,0;;;;;No;No;No;No;No;No;No;No;No;No
2353,0;Ivan Smolčić;hr CRO;DF;Como;it Serie A;25,0;2000,0;20,0;14,0;1173,0;13,0;0,0;0,0;0,0;0,0;0,0;0,0;7,0;0,0;0,0;9,0;4,0;44,4;0,69;0,31;0,0;0,0;20,0;16,0;17,0;16,0;0,0;20,0;0,0;;0,0;;;0,0;;;;;0,0;;;;;No;No;No;No;No;No;No;No;No;No
2354,0;Simon Sohm;ch SUI;MF;Bologna;it Serie A;24,0;2001,0;6,0;4,0;364,0;4,0;0,0;0,0;0,0;0,0;0,0;0,0;1,0;0,0;0,0;1,0;1,0;100,0;0,25;0,25;0,0;0,0;1,0;3,0;2,0;1,0;0,0;3,0;0,0;;0,0;;;0,0;;;;;0,0;;;;;No;No;No;No;No;No;No;No;No;No
2355,0;Simon Sohm;ch SUI;MF;Fiorentina;it Serie A;24,0;2001,0;16,0;9,0;708,0;7,9;0,0;1,0;1,0;0,0;0,0;0,0;2,0;0,0;0,13;5,0;0,0;0,0;0,64;0,0;0,0;0,0;5,0;7,0;6,0;11,0;0,0;15,0;0,0;;0,0;;;0,0;;;;;0,0;;;;;No;No;No;No;No;No;No;No;No;No
2356,0;Alex Sola;es ESP;DF,MF;Getafe;es La Liga;26,0;1999,0;1,0;0,0;13,0;0,1;0,0;0,0;0,0;0,0;0,0;0,0;0,0;0,0;0,0;0,0;0,0;0,0;0,0;0,0;0,0;0,0;0,0;0,0;0,0;2,0;0,0;0,0;0,0;;0,0;;;0,0;;;;;0,0;;;;;No;No;No;No;No;No;No;No;No;No
2357,0;Dominic Solanke;eng ENG;FW;Tottenham Hotspur;eng Premier League;28,0;1997,0;11,0;7,0;692,0;7,7;3,0;0,0;3,0;3,0;0,0;0,0;1,0;0,0;0,39;12,0;6,0;50,0;1,56;0,78;0,25;0,5;2,0;13,0;3,0;5,0;0,0;8,0;0,0;;0,0;;;0,0;;;;;0,0;;;;;No;No;No;No;No;No;No;No;No;No
2358,0;Carlos Soler;es ESP;MF;Real Sociedad;es La Liga;29,0;1997,0;23,0;17,0;1514,0;16,8;4,0;2,0;6,0;4,0;0,0;0,0;2,0;1,0;0,36;25,0;15,0;60,0;1,49;0,89;0,16;0,27;43,0;14,0;9,0;13,0;0,0;24,0;0,0;;0,0;;;0,0;;;;;0,0;;;;;Sí;No;No;No;No;No;No;No;No;No
2359,0;Julio Soler;ar ARG;DF;Bournemouth;eng Premier League;21,0;2005,0;3,0;0,0;35,0;0,4;0,0;0,0;0,0;0,0;0,0;0,0;0,0;0,0;0,0;0,0;0,0;0,0;0,0;0,0;0,0;0,0;2,0;0,0;0,0;2,0;0,0;2,0;0,0;;0,0;;;0,0;;;;;0,0;;;;;No;No;No;No;No;No;No;No;No;No
2360,0;Oumar Solet;fr FRA;DF;Udinese;it Serie A;26,0;2000,0;26,0;25,0;2149,0;23,9;3,0;1,0;4,0;2,0;1,0;1,0;0,0;0,0;0,13;25,0;4,0;16,0;1,05;0,17;0,08;0,5;10,0;36,0;35,0;22,0;0,0;24,0;1,0;;0,0;;;0,0;;;;;0,0;;;;;No;No;No;No;No;No;No;No;No;No
2361,0;Jhon Solis;co COL;MF;Girona;es La Liga;21,0;2004,0;12,0;3,0;380,0;4,2;0,0;0,0;0,0;0,0;0,0;0,0;0,0;0,0;0,0;3,0;2,0;66,7;0,71;0,47;0,0;0,0;0,0;3,0;4,0;7,0;0,0;2,0;0,0;;0,0;;;0,0;;;;;0,0;;;;;No;No;No;No;No;No;No;No;No;No
2362,0;Manor Solomon;il ISR;MF;Villarreal;es La Liga;26,0;1999,0;6,0;1,0;150,0;1,7;1,0;1,0;2,0;1,0;0,0;0,0;0,0;0,0;1,2;2,0;1,0;50,0;1,2;0,6;0,5;1,0;10,0;1,0;0,0;2,0;0,0;0,0;0,0;;0,0;;;0,0;;;;;0,0;;;;;No;No;No;No;No;No;No;No;No;No
2363,0;Manor Solomon;il ISR;FW,MF;Fiorentina;it Serie A;26,0;1999,0;9,0;5,0;477,0;5,3;2,0;0,0;2,0;2,0;0,0;0,0;0,0;0,0;0,38;5,0;2,0;40,0;0,94;0,38;0,4;1,0;30,0;6,0;0,0;11,0;0,0;1,0;0,0;;0,0;;;0,0;;;;;0,0;;;;;No;No;No;No;No;No;No;No;No;No
2364,0;Hugo Solozabal;es ESP;MF;Getafe;es La Liga;23,0;2003,0;1,0;0,0;11,0;0,1;0,0;0,0;0,0;0,0;0,0;0,0;0,0;0,0;0,0;0,0;0,0;0,0;0,0;0,0;0,0;0,0;0,0;0,0;0,0;0,0;0,0;0,0;0,0;;0,0;;;0,0;;;;;0,0;;;;;No;No;No;No;No;No;No;No;No;No
2365,0;Daniele Sommariva;it ITA;GK;Genoa;it Serie A;28,0;1997,0;2,0;1,0;176,0;2,0;0,0;0,0;0,0;0,0;0,0;0,0;0,0;0,0;0,0;0,0;0,0;0,0;0,0;0,0;0,0;0,0;0,0;0,0;0,0;1,0;0,0;0,0;0,0;4,0;2,05;12,0;8,0;66,7;0,0;0,0;1,0;0,0;0,0;0,0;0,0;0,0;0,0;No;No;No;No;No;No;No;No;No;No
2366,0;Yann Sommer;ch SUI;GK;Inter;it Serie A;37,0;1988,0;27,0;27,0;2430,0;27,0;0,0;0,0;0,0;0,0;0,0;0,0;0,0;0,0;0,0;0,0;0,0;0,0;0,0;0,0;0,0;0,0;0,0;0,0;0,0;1,0;0,0;0,0;0,0;22,0;0,81;71,0;50,0;71,8;20,0;2,0;5,0;14,0;51,9;2,0;2,0;0,0;0,0;No;No;No;No;No;No;No;No;No;No
2367,0;Oliver Sonne;pe PER;DF;Burnley;eng Premier League;25,0;2000,0;7,0;1,0;169,0;1,9;1,0;0,0;1,0;1,0;0,0;0,0;0,0;0,0;0,53;3,0;1,0;33,3;1,6;0,53;0,33;1,0;5,0;1,0;1,0;0,0;0,0;4,0;0,0;;0,0;;;0,0;;;;;0,0;;;;;No;No;No;No;No;No;No;No;No;No
2368,0;David Soria;es ESP;GK;Getafe;es La Liga;32,0;1993,0;28,0;28,0;2520,0;28,0;0,0;0,0;0,0;0,0;0,0;0,0;2,0;0,0;0,0;0,0;0,0;0,0;0,0;0,0;0,0;0,0;0,0;0,0;0,0;1,0;0,0;0,0;0,0;30,0;1,07;119,0;89,0;75,6;10,0;5,0;13,0;8,0;28,6;1,0;1,0;0,0;0,0;No;No;No;No;No;No;No;No;No;No
2369,0;Borna Sosa;hr CRO;DF,MF;Crystal Palace;eng Premier League;28,0;1998,0;5,0;0,0;55,0;0,6;0,0;0,0;0,0;0,0;0,0;0,0;0,0;0,0;0,0;0,0;0,0;0,0;0,0;0,0;0,0;0,0;5,0;0,0;1,0;0,0;0,0;3,0;0,0;;0,0;;;0,0;;;;;0,0;;;;;No;No;No;No;No;No;No;No;No;No
2370,0;Hugo Sotelo;es ESP;MF;Celta Vigo;es La Liga;22,0;2003,0;15,0;12,0;998,0;11,1;0,0;1,0;1,0;0,0;0,0;0,0;2,0;0,0;0,09;2,0;1,0;50,0;0,18;0,09;0,0;0,0;35,0;11,0;12,0;9,0;0,0;21,0;0,0;;0,0;;;0,0;;;;;0,0;;;;;No;No;No;No;No;No;No;No;No;No
2371,0;Florian Sotoca;fr FRA;FW,MF;Lens;fr Ligue 1;35,0;1990,0;19,0;0,0;151,0;1,7;0,0;0,0;0,0;0,0;0,0;0,0;1,0;0,0;0,0;4,0;0,0;0,0;2,38;0,0;0,0;0,0;2,0;1,0;3,0;5,0;0,0;6,0;0,0;;0,0;;;0,0;;;;;0,0;;;;;No;No;No;No;No;No;No;No;No;No
2372,0;Riccardo Sottil;it ITA;FW,MF;Lecce;it Serie A;26,0;1999,0;21,0;13,0;1066,0;11,8;1,0;2,0;3,0;1,0;0,0;0,0;1,0;0,0;0,25;20,0;3,0;15,0;1,69;0,25;0,05;0,33;100,0;2,0;2,0;27,0;0,0;10,0;0,0;;0,0;;;0,0;;;;;0,0;;;;;No;No;No;No;No;No;No;No;No;No
2373,0;Tomáš Souček;cz CZE;MF;West Ham United;eng Premier League;31,0;1995,0;27,0;16,0;1516,0;16,8;4,0;0,0;4,0;4,0;0,0;0,0;2,0;1,0;0,24;18,0;11,0;61,1;1,07;0,65;0,22;0,36;11,0;15,0;15,0;14,0;0,0;28,0;0,0;;0,0;;;0,0;;;;;0,0;;;;;No;No;No;No;No;No;No;No;No;No
2374,0;Matìas Soulé;ar ARG;MF,FW;Roma;it Serie A;22,0;2003,0;25,0;21,0;1675,0;18,6;6,0;4,0;10,0;6,0;0,0;0,0;1,0;0,0;0,54;42,0;14,0;33,3;2,26;0,75;0,14;0,43;59,0;11,0;9,0;31,0;0,0;5,0;0,0;;0,0;;;0,0;;;;;0,0;;;;;No;No;No;No;No;No;No;No;No;No
2375,0;Aboubaka Soumahoro;fr FRA;MF,DF;Hamburger SV;de Bundesliga;21,0;2005,0;4,0;2,0;136,0;1,5;0,0;0,0;0,0;0,0;0,0;0,0;1,0;0,0;0,0;0,0;0,0;0,0;0,0;0,0;0,0;0,0;1,0;0,0;0,0;0,0;0,0;3,0;0,0;;0,0;;;0,0;;;;;0,0;;;;;No;No;No;No;No;No;No;No;No;No
2376,0;Sambou Soumano;sn SEN;FW;Lorient;fr Ligue 1;25,0;2001,0;25,0;8,0;860,0;9,6;4,0;2,0;6,0;4,0;0,0;1,0;2,0;0,0;0,63;27,0;10,0;37,0;2,83;1,05;0,15;0,4;0,0;3,0;4,0;18,0;0,0;14,0;0,0;;0,0;;;0,0;;;;;0,0;;;;;No;No;No;No;No;No;No;No;No;No
2377,0;Issa Soumaré;sn SEN;FW,MF;Le Havre;fr Ligue 1;25,0;2000,0;26,0;25,0;2228,0;24,8;6,0;2,0;8,0;5,0;1,0;3,0;2,0;0,0;0,28;59,0;21,0;35,6;2,38;0,85;0,08;0,24;54,0;12,0;8,0;57,0;0,0;40,0;0,0;;0,0;;;0,0;;;;;0,0;;;;;No;No;No;No;No;No;No;No;No;No
2378,0;Souza;br BRA;MF;Tottenham Hotspur;eng Premier League;19,0;2006,0;4,0;2,0;144,0;1,6;0,0;0,0;0,0;0,0;0,0;0,0;1,0;0,0;0,0;1,0;1,0;100,0;0,62;0,62;0,0;0,0;3,0;0,0;2,0;2,0;0,0;3,0;0,0;;0,0;;;0,0;;;;;0,0;;;;;No;No;No;No;No;No;No;No;No;No
2379,0;Vinicius Souza;br BRA;MF;Wolfsburg;de Bundesliga;26,0;1999,0;16,0;14,0;1092,0;12,1;0,0;0,0;0,0;0,0;0,0;0,0;3,0;0,0;0,0;4,0;1,0;25,0;0,33;0,08;0,0;0,0;2,0;20,0;17,0;16,0;0,0;24,0;0,0;;0,0;;;0,0;;;;;0,0;;;;;No;No;No;No;No;No;No;No;No;No
2380,0;Djibril Sow;ch SUI;MF;Sevilla;es La Liga;29,0;1997,0;24,0;21,0;1655,0;18,4;5,0;1,0;6,0;5,0;0,0;0,0;3,0;0,0;0,33;16,0;8,0;50,0;0,87;0,44;0,31;0,63;21,0;17,0;18,0;22,0;0,0;30,0;0,0;;0,0;;;0,0;;;;;0,0;;;;;No;No;No;No;No;No;No;No;No;No
2381,0;Djed Spence;eng ENG;DF,MF;Tottenham Hotspur;eng Premier League;25,0;2000,0;23,0;20,0;1763,0;19,6;0,0;0,0;0,0;0,0;0,0;0,0;4,0;0,0;0,0;11,0;7,0;63,6;0,56;0,36;0,0;0,0;42,0;20,0;11,0;18,0;0,0;22,0;0,0;;0,0;;;0,0;;;;;0,0;;;;;No;No;No;No;No;No;No;No;No;No
2382,0;Leonardo Spinazzola;it ITA;MF,DF;Napoli;it Serie A;32,0;1993,0;25,0;18,0;1566,0;17,4;3,0;3,0;6,0;3,0;0,0;0,0;2,0;0,0;0,34;19,0;7,0;36,8;1,09;0,4;0,16;0,43;54,0;8,0;4,0;8,0;0,0;8,0;0,0;;0,0;;;0,0;;;;;0,0;;;;;No;No;No;No;No;No;No;No;No;No
2383,0;Anton Stach;de GER;MF;Leeds United;eng Premier League;27,0;1998,0;25,0;24,0;2046,0;22,7;4,0;3,0;7,0;4,0;0,0;0,0;3,0;0,0;0,31;46,0;13,0;28,3;2,02;0,57;0,09;0,31;123,0;32,0;17,0;20,0;0,0;31,0;0,0;;0,0;;;0,0;;;;;0,0;;;;;No;No;No;No;No;No;No;No;No;No
2384,0;Jens Stage;dk DEN;MF;Werder Bremen;de Bundesliga;29,0;1996,0;24,0;24,0;2062,0;22,9;7,0;2,0;9,0;7,0;0,0;0,0;5,0;0,0;0,39;45,0;16,0;35,6;1,96;0,7;0,16;0,44;13,0;27,0;17,0;27,0;0,0;27,0;0,0;;0,0;;;0,0;;;;;0,0;;;;;No;No;No;No;No;No;No;No;No;No
2385,0;Benjamin Stambouli;fr FRA;MF;Metz;fr Ligue 1;35,0;1990,0;14,0;8,0;737,0;8,2;0,0;0,0;0,0;0,0;0,0;0,0;0,0;0,0;0,0;5,0;1,0;20,0;0,61;0,12;0,0;0,0;5,0;14,0;5,0;8,0;0,0;12,0;0,0;;0,0;;;0,0;;;;;0,0;;;;;No;No;No;No;No;No;No;No;No;No
2386,0;Nicolae Stanciu;ro ROU;MF;Genoa;it Serie A;32,0;1993,0;4,0;2,0;180,0;2,0;0,0;0,0;0,0;0,0;0,0;1,0;0,0;0,0;0,0;5,0;0,0;0,0;2,5;0,0;0,0;0,0;9,0;3,0;3,0;2,0;0,0;1,0;0,0;;0,0;;;0,0;;;;;0,0;;;;;No;No;No;No;No;No;No;No;No;No
2387,0;Otto Stange;de GER;DF;Hamburger SV;de Bundesliga;19,0;2007,0;3,0;0,0;66,0;0,7;0,0;0,0;0,0;0,0;0,0;0,0;0,0;0,0;0,0;3,0;1,0;33,3;4,09;1,36;0,0;0,0;1,0;0,0;0,0;1,0;0,0;1,0;0,0;;0,0;;;0,0;;;;;0,0;;;;;No;No;No;No;No;No;No;No;No;No
2388,0;Josip Stanišić;hr CRO;DF;Bayern Munich;de Bundesliga;25,0;2000,0;18,0;14,0;1346,0;15,0;2,0;3,0;5,0;2,0;0,0;0,0;1,0;0,0;0,33;6,0;4,0;66,7;0,4;0,27;0,33;0,5;27,0;18,0;14,0;10,0;0,0;5,0;0,0;;0,0;;;0,0;;;;;0,0;;;;;No;No;No;No;No;No;No;No;No;No
2389,0;Carl Starfelt;se SWE;DF;Celta Vigo;es La Liga;30,0;1995,0;19,0;17,0;1491,0;16,6;0,0;0,0;0,0;0,0;0,0;0,0;3,0;1,0;0,0;4,0;1,0;25,0;0,24;0,06;0,0;0,0;0,0;16,0;16,0;8,0;1,0;19,0;1,0;;0,0;;;0,0;;;;;0,0;;;;;No;No;No;No;No;No;No;No;No;No
2390,0;Niklas Stark;de GER;DF;Werder Bremen;de Bundesliga;30,0;1995,0;11,0;7,0;571,0;6,3;0,0;0,0;0,0;0,0;0,0;0,0;8,0;2,0;0,0;3,0;1,0;33,3;0,47;0,16;0,0;0,0;1,0;10,0;12,0;7,0;2,0;11,0;0,0;;0,0;;;0,0;;;;;0,0;;;;;No;No;No;No;No;No;No;No;No;No
2391,0;Orri Steinn Óskarsson;is ISL;FW;Real Sociedad;es La Liga;21,0;2004,0;11,0;2,0;290,0;3,2;4,0;0,0;4,0;4,0;0,0;0,0;2,0;0,0;1,24;9,0;6,0;66,7;2,79;1,86;0,44;0,67;1,0;3,0;1,0;1,0;0,0;7,0;0,0;;0,0;;;0,0;;;;;0,0;;;;;No;No;No;No;No;No;No;No;No;No
2392,0;Calvin Stengs;nl NED;FW,MF;Pisa;it Serie A;27,0;1998,0;3,0;0,0;19,0;0,2;0,0;0,0;0,0;0,0;0,0;0,0;0,0;0,0;0,0;2,0;1,0;50,0;9,47;4,74;0,0;0,0;3,0;0,0;0,0;2,0;0,0;0,0;0,0;;0,0;;;0,0;;;;;0,0;;;;;No;No;No;No;No;No;No;No;No;No
2393,0;Pascal Stenzel;de GER;MF;Stuttgart;de Bundesliga;29,0;1996,0;2,0;2,0;106,0;1,2;0,0;0,0;0,0;0,0;0,0;0,0;2,0;0,0;0,0;3,0;1,0;33,3;2,55;0,85;0,0;0,0;5,0;0,0;2,0;2,0;0,0;2,0;0,0;;0,0;;;0,0;;;;;0,0;;;;;No;No;No;No;No;No;No;No;No;No
2394,0;Leonidas Stergiou;ch SUI;DF;Heidenheim;de Bundesliga;24,0;2002,0;3,0;1,0;149,0;1,7;0,0;0,0;0,0;0,0;0,0;0,0;0,0;0,0;0,0;1,0;0,0;0,0;0,6;0,0;0,0;0,0;1,0;1,0;1,0;1,0;0,0;2,0;0,0;;0,0;;;0,0;;;;;0,0;;;;;No;No;No;No;No;No;No;No;No;No
2395,0;Leonidas Stergiou;ch SUI;DF;Stuttgart;de Bundesliga;24,0;2002,0;1,0;0,0;1,0;0,0;0,0;0,0;0,0;0,0;0,0;0,0;0,0;0,0;0,0;0,0;0,0;0,0;0,0;0,0;0,0;0,0;0,0;0,0;0,0;0,0;0,0;0,0;0,0;;0,0;;;0,0;;;;;0,0;;;;;No;No;No;No;No;No;No;No;No;No
2396,0;Angelo Stiller;de GER;MF;Stuttgart;de Bundesliga;24,0;2001,0;26,0;22,0;2052,0;22,8;1,0;5,0;6,0;1,0;0,0;1,0;1,0;0,0;0,26;9,0;4,0;44,4;0,39;0,18;0,11;0,25;94,0;14,0;23,0;33,0;0,0;12,0;0,0;;0,0;;;0,0;;;;;0,0;;;;;No;No;No;No;No;No;No;No;No;No
2397,0;Kevin Stöger;at AUT;MF;Gladbach;de Bundesliga;32,0;1993,0;21,0;9,0;867,0;9,6;1,0;1,0;2,0;1,0;0,0;1,0;2,0;0,0;0,21;14,0;5,0;35,7;1,45;0,52;0,07;0,2;37,0;13,0;10,0;15,0;0,0;17,0;0,0;;0,0;;;0,0;;;;;0,0;;;;;No;No;No;No;No;No;No;No;No;No
2398,0;Filip Stojilković;ch SUI;FW,MF;Pisa;it Serie A;26,0;2000,0;6,0;3,0;267,0;3,0;0,0;0,0;0,0;0,0;0,0;0,0;0,0;0,0;0,0;4,0;2,0;50,0;1,35;0,67;0,0;0,0;0,0;0,0;0,0;0,0;0,0;2,0;0,0;;0,0;;;0,0;;;;;0,0;;;;;No;No;No;No;No;No;No;No;No;No
2399,0;John Stones;eng ENG;DF;Manchester City;eng Premier League;31,0;1994,0;7,0;4,0;353,0;3,9;0,0;0,0;0,0;0,0;0,0;0,0;0,0;0,0;0,0;0,0;0,0;0,0;0,0;0,0;0,0;0,0;4,0;0,0;2,0;0,0;0,0;0,0;0,0;;0,0;;;0,0;;;;;0,0;;;;;No;No;No;No;No;No;No;No;No;No
2400,0;Jørgen Strand Larsen;no NOR;FW;Crystal Palace;eng Premier League;26,0;2000,0;6,0;6,0;466,0;5,2;3,0;0,0;3,0;3,0;0,0;0,0;2,0;0,0;0,58;11,0;5,0;45,5;2,12;0,97;0,27;0,6;0,0;0,0;1,0;6,0;0,0;15,0;0,0;;0,0;;;0,0;;;;;0,0;;;;;No;No;No;No;No;No;No;No;No;No
2401,0;Jørgen Strand Larsen;no NOR;FW;Wolves;eng Premier League;26,0;2000,0;22,0;14,0;1404,0;15,6;1,0;1,0;2,0;0,0;1,0;2,0;2,0;0,0;0,06;21,0;7,0;33,3;1,35;0,45;0,0;0,0;3,0;2,0;3,0;11,0;0,0;30,0;0,0;;0,0;;;0,0;;;;;0,0;;;;;No;No;No;No;No;No;No;No;No;No
2402,0;Gabriel Strefezza;br BRA;FW;Parma;it Serie A;28,0;1997,0;6,0;5,0;452,0;5,0;0,0;1,0;1,0;0,0;0,0;0,0;1,0;0,0;0,2;12,0;3,0;25,0;2,39;0,6;0,0;0,0;24,0;5,0;4,0;14,0;0,0;10,0;0,0;;0,0;;;0,0;;;;;0,0;;;;;No;No;No;No;No;No;No;No;No;No
2403,0;Pascal Struijk;nl NED;DF;Leeds United;eng Premier League;26,0;1999,0;27,0;26,0;2349,0;26,1;0,0;1,0;1,0;0,0;0,0;0,0;3,0;0,0;0,04;24,0;4,0;16,7;0,92;0,15;0,0;0,0;1,0;18,0;27,0;17,0;0,0;20,0;0,0;;0,0;;;0,0;;;;;0,0;;;;;No;No;No;No;No;No;No;No;No;No
2404,0;Cristhian Stuani;uy URU;FW;Girona;es La Liga;39,0;1986,0;13,0;1,0;226,0;2,5;3,0;0,0;3,0;0,0;3,0;4,0;2,0;0,0;0,0;8,0;6,0;75,0;3,19;2,39;0,0;0,0;0,0;3,0;1,0;6,0;0,0;7,0;0,0;;0,0;;;0,0;;;;;0,0;;;;;No;No;No;No;No;No;No;No;No;No
2405,0;Nikola Štulić;rs SRB;FW;Lecce;it Serie A;24,0;2001,0;27,0;17,0;1463,0;16,3;3,0;0,0;3,0;2,0;1,0;1,0;1,0;0,0;0,12;27,0;7,0;25,9;1,66;0,43;0,07;0,29;1,0;7,0;2,0;23,0;0,0;28,0;0,0;;0,0;;;0,0;;;;;0,0;;;;;No;No;No;No;No;No;No;No;No;No
2406,0;Denis Suárez;es ESP;MF;Alavés;es La Liga;32,0;1994,0;21,0;11,0;1017,0;11,3;1,0;1,0;2,0;1,0;0,0;0,0;4,0;0,0;0,18;6,0;3,0;50,0;0,53;0,27;0,17;0,33;21,0;10,0;7,0;19,0;0,0;17,0;0,0;;0,0;;;0,0;;;;;0,0;;;;;No;No;No;No;No;No;No;No;No;No
2407,0;Gabriel Suazo;cl CHI;DF,MF;Sevilla;es La Liga;28,0;1997,0;20,0;18,0;1474,0;16,4;0,0;2,0;2,0;0,0;0,0;0,0;6,0;0,0;0,12;4,0;2,0;50,0;0,24;0,12;0,0;0,0;80,0;49,0;19,0;10,0;0,0;23,0;0,0;;0,0;;;0,0;;;;;0,0;;;;;No;No;No;No;No;No;No;No;No;No
2408,0;Luka Sučić;hr CRO;FW,MF;Real Sociedad;es La Liga;23,0;2002,0;13,0;6,0;534,0;5,9;1,0;1,0;2,0;1,0;0,0;0,0;1,0;0,0;0,34;12,0;4,0;33,3;2,02;0,67;0,08;0,25;2,0;3,0;1,0;3,0;0,0;3,0;0,0;;0,0;;;0,0;;;;;0,0;;;;;No;No;No;No;No;No;No;No;No;No
2409,0;Petar Sucic;hr CRO;MF;Inter;it Serie A;22,0;2003,0;26,0;16,0;1287,0;14,3;1,0;2,0;3,0;1,0;0,0;0,0;4,0;0,0;0,21;18,0;4,0;22,2;1,26;0,28;0,06;0,25;22,0;16,0;6,0;21,0;0,0;22,0;0,0;;0,0;;;0,0;;;;;0,0;;;;;No;No;No;No;No;No;No;No;No;No
2410,0;Yukinari Sugawara;jp JPN;DF,MF;Werder Bremen;de Bundesliga;25,0;2000,0;24,0;23,0;2001,0;22,2;0,0;4,0;4,0;0,0;0,0;0,0;1,0;0,0;0,18;27,0;9,0;33,3;1,21;0,4;0,0;0,0;66,0;15,0;12,0;8,0;0,0;16,0;0,0;;0,0;;;0,0;;;;;0,0;;;;;No;No;No;No;No;No;No;No;No;No
2411,0;Pavel Šulc;cz CZE;FW,MF;Lyon;fr Ligue 1;25,0;2000,0;21,0;14,0;1254,0;13,9;10,0;3,0;13,0;10,0;0,0;0,0;2,0;0,0;0,93;36,0;15,0;41,7;2,58;1,08;0,28;0,67;13,0;10,0;6,0;13,0;0,0;25,0;0,0;;0,0;;;0,0;;;;;0,0;;;;;No;No;No;No;No;No;No;No;No;No
2412,0;Niklas Süle;de GER;DF;Dortmund;de Bundesliga;30,0;1995,0;9,0;6,0;442,0;4,9;0,0;1,0;1,0;0,0;0,0;0,0;3,0;0,0;0,2;2,0;1,0;50,0;0,41;0,2;0,0;0,0;6,0;4,0;6,0;1,0;0,0;7,0;0,0;;0,0;;;0,0;;;;;0,0;;;;;No;No;No;No;No;No;No;No;No;No
2413,0;Ibrahim Sulemana;gh GHA;MF;Bologna;it Serie A;22,0;2003,0;3,0;0,0;45,0;0,5;0,0;0,0;0,0;0,0;0,0;0,0;1,0;0,0;0,0;0,0;0,0;0,0;0,0;0,0;0,0;0,0;0,0;0,0;0,0;0,0;0,0;1,0;0,0;;0,0;;;0,0;;;;;0,0;;;;;No;No;No;No;No;No;No;No;No;No
2414,0;Ibrahim Sulemana;gh GHA;MF;Cagliari;it Serie A;22,0;2003,0;8,0;5,0;530,0;5,9;1,0;0,0;1,0;1,0;0,0;0,0;1,0;0,0;0,17;8,0;2,0;25,0;1,36;0,34;0,13;0,5;2,0;9,0;5,0;5,0;0,0;10,0;0,0;;0,0;;;0,0;;;;;0,0;;;;;No;No;No;No;No;No;No;No;No;No
2415,0;Kamaldeen Sulemana;gh GHA;MF;Atalanta;it Serie A;24,0;2002,0;22,0;8,0;893,0;9,9;2,0;1,0;3,0;2,0;0,0;0,0;3,0;0,0;0,3;20,0;9,0;45,0;2,02;0,91;0,1;0,22;19,0;5,0;2,0;14,0;0,0;10,0;0,0;;0,0;;;0,0;;;;;0,0;;;;;No;No;No;No;No;No;No;No;No;No
2416,0;Crysencio Summerville;nl NED;MF,FW;West Ham United;eng Premier League;24,0;2001,0;24,0;22,0;1856,0;20,6;5,0;1,0;6,0;5,0;0,0;0,0;4,0;0,0;0,29;43,0;15,0;34,9;2,09;0,73;0,12;0,33;40,0;19,0;12,0;50,0;0,0;37,0;0,0;;0,0;;;0,0;;;;;0,0;;;;;No;No;No;No;No;No;No;No;No;No
2417,0;Tomáš Suslov;sk SVK;FW,MF;Hellas Verona;it Serie A;23,0;2002,0;4,0;0,0;73,0;0,8;0,0;0,0;0,0;0,0;0,0;0,0;1,0;0,0;0,0;2,0;0,0;0,0;2,47;0,0;0,0;0,0;6,0;1,0;1,0;1,0;0,0;3,0;0,0;;0,0;;;0,0;;;;;0,0;;;;;No;No;No;No;No;No;No;No;No;No
2418,0;Yuito Suzuki;jp JPN;MF;Freiburg;de Bundesliga;24,0;2001,0;21,0;15,0;1350,0;15,0;4,0;2,0;6,0;4,0;0,0;0,0;2,0;0,0;0,4;33,0;14,0;42,4;2,2;0,93;0,12;0,29;16,0;11,0;10,0;7,0;0,0;18,0;0,0;;0,0;;;0,0;;;;;0,0;;;;;No;No;No;No;No;No;No;No;No;No
2419,0;Zion Suzuki;jp JPN;GK;Parma;it Serie A;23,0;2002,0;12,0;12,0;1080,0;12,0;0,0;0,0;0,0;0,0;0,0;0,0;1,0;0,0;0,0;0,0;0,0;0,0;0,0;0,0;0,0;0,0;0,0;0,0;0,0;2,0;0,0;0,0;0,0;18,0;1,5;54,0;38,0;68,5;1,0;5,0;6,0;3,0;25,0;2,0;1,0;1,0;0,0;No;No;No;No;No;No;No;No;No;No
2420,0;Mattias Svanberg;se SWE;MF;Wolfsburg;de Bundesliga;27,0;1999,0;20,0;7,0;743,0;8,3;3,0;1,0;4,0;3,0;0,0;0,0;5,0;1,0;0,48;17,0;7,0;41,2;2,06;0,85;0,18;0,43;8,0;7,0;7,0;18,0;1,0;17,0;0,0;;0,0;;;0,0;;;;;0,0;;;;;No;No;No;No;No;No;No;No;No;No
2421,0;Daniel Svensson;se SWE;MF;Dortmund;de Bundesliga;24,0;2002,0;26,0;22,0;2041,0;22,7;2,0;2,0;4,0;2,0;0,0;0,0;0,0;0,0;0,18;9,0;3,0;33,3;0,4;0,13;0,22;0,67;112,0;22,0;16,0;18,0;0,0;25,0;0,0;;0,0;;;0,0;;;;;0,0;;;;;No;No;No;No;No;No;No;No;No;No
2422,0;Mile Svilar;rs SRB;GK;Roma;it Serie A;26,0;1999,0;29,0;29,0;2610,0;29,0;0,0;0,0;0,0;0,0;0,0;0,0;0,0;0,0;0,0;0,0;0,0;0,0;0,0;0,0;0,0;0,0;0,0;1,0;1,0;7,0;0,0;0,0;0,0;23,0;0,79;108,0;86,0;79,6;16,0;3,0;10,0;12,0;41,4;1,0;1,0;0,0;0,0;No;No;No;No;No;No;No;No;No;No
2423,0;Williot Swedberg;se SWE;FW,MF;Celta Vigo;es La Liga;22,0;2004,0;21,0;9,0;880,0;9,8;3,0;2,0;5,0;3,0;0,0;0,0;2,0;0,0;0,51;18,0;9,0;50,0;1,84;0,92;0,17;0,33;6,0;10,0;2,0;27,0;0,0;24,0;0,0;;0,0;;;0,0;;;;;0,0;;;;;No;No;No;No;No;No;No;No;No;No
2424,0;Lamine Sy;mr MTN;DF;Auxerre;fr Ligue 1;23,0;2002,0;17,0;12,0;1051,0;11,7;0,0;0,0;0,0;0,0;0,0;0,0;0,0;0,0;0,0;5,0;1,0;20,0;0,43;0,09;0,0;0,0;34,0;21,0;14,0;12,0;0,0;11,0;0,0;;0,0;;;0,0;;;;;0,0;;;;;No;No;No;No;No;No;No;No;No;No
2425,0;Abakar Sylla;ci CIV;DF;Strasbourg;fr Ligue 1;23,0;2002,0;1,0;0,0;2,0;0,0;0,0;0,0;0,0;0,0;0,0;0,0;0,0;0,0;0,0;0,0;0,0;0,0;0,0;0,0;0,0;0,0;0,0;0,0;0,0;0,0;0,0;0,0;0,0;;0,0;;;0,0;;;;;0,0;;;;;No;No;No;No;No;No;No;No;No;No
2426,0;Abakar Sylla;ci CIV;DF;Nantes;fr Ligue 1;23,0;2002,0;2,0;1,0;65,0;0,7;0,0;0,0;0,0;0,0;0,0;0,0;0,0;0,0;0,0;2,0;0,0;0,0;2,77;0,0;0,0;0,0;0,0;0,0;0,0;0,0;0,0;2,0;0,0;;0,0;;;0,0;;;;;0,0;;;;;No;No;No;No;No;No;No;No;No;No
2427,0;Fodé Sylla;fr FRA;MF;Lens;fr Ligue 1;19,0;2006,0;2,0;1,0;63,0;0,7;0,0;0,0;0,0;0,0;0,0;0,0;0,0;0,0;0,0;0,0;0,0;0,0;0,0;0,0;0,0;0,0;0,0;5,0;1,0;0,0;0,0;2,0;0,0;;0,0;;;0,0;;;;;0,0;;;;;No;No;No;No;No;No;No;No;No;No
2428,0;Wojciech Szczęsny;pl POL;GK;Barcelona;es La Liga;35,0;1990,0;6,0;6,0;540,0;6,0;0,0;0,0;0,0;0,0;0,0;0,0;0,0;0,0;0,0;0,0;0,0;0,0;0,0;0,0;0,0;0,0;0,0;0,0;0,0;0,0;0,0;0,0;0,0;11,0;1,83;25,0;16,0;60,0;4,0;0,0;2,0;0,0;0,0;2,0;1,0;1,0;0,0;No;No;No;No;No;No;No;No;No;No
2429,0;Dominik Szoboszlai;hu HUN;MF,DF;Liverpool;eng Premier League;25,0;2000,0;28,0;28,0;2511,0;27,9;5,0;3,0;8,0;5,0;0,0;1,0;6,0;1,0;0,29;55,0;19,0;34,5;1,97;0,68;0,09;0,26;153,0;29,0;19,0;23,0;0,0;26,0;0,0;;0,0;;;0,0;;;;;0,0;;;;;No;No;No;No;No;No;No;No;No;No
2430,0;Sebastian Szymański;pl POL;MF;Rennes;fr Ligue 1;26,0;1999,0;8,0;5,0;401,0;4,5;1,0;2,0;3,0;1,0;0,0;0,0;0,0;0,0;0,67;6,0;2,0;33,3;1,35;0,45;0,17;0,5;16,0;6,0;0,0;7,0;0,0;8,0;0,0;;0,0;;;0,0;;;;;0,0;;;;;No;No;No;No;No;No;No;No;No;No
2431,0;Alexander Sørloth;no NOR;FW;Atlético Madrid;es La Liga;30,0;1995,0;27,0;17,0;1526,0;17,0;10,0;0,0;10,0;10,0;0,0;0,0;4,0;1,0;0,59;52,0;27,0;51,9;3,07;1,59;0,19;0,37;10,0;6,0;0,0;12,0;0,0;24,0;0,0;;0,0;;;0,0;;;;;0,0;;;;;No;No;No;No;No;No;No;No;No;No
2432,0;Jocelin Ta Bi;ci CIV;MF;Sunderland;eng Premier League;21,0;2005,0;1,0;1,0;38,0;0,4;0,0;0,0;0,0;0,0;0,0;0,0;0,0;0,0;0,0;0,0;0,0;0,0;0,0;0,0;0,0;0,0;5,0;0,0;0,0;1,0;0,0;0,0;0,0;;0,0;;;0,0;;;;;0,0;;;;;No;No;No;No;No;No;No;No;No;No
2433,0;Musa Al-Taamari;jo JOR;MF,FW;Rennes;fr Ligue 1;28,0;1997,0;25,0;18,0;1638,0;18,2;3,0;5,0;8,0;3,0;0,0;0,0;4,0;0,0;0,44;43,0;15,0;34,9;2,36;0,82;0,07;0,2;69,0;12,0;8,0;19,0;0,0;15,0;0,0;;0,0;;;0,0;;;;;0,0;;;;;No;No;No;No;No;No;No;No;No;No
2434,0;Haris Tabakovic;ba BIH;FW;Gladbach;de Bundesliga;31,0;1994,0;25,0;22,0;1845,0;20,5;11,0;3,0;14,0;11,0;0,0;2,0;1,0;0,0;0,68;52,0;21,0;40,4;2,54;1,02;0,21;0,52;2,0;4,0;0,0;15,0;0,0;35,0;0,0;;0,0;;;0,0;;;;;0,0;;;;;No;No;No;No;No;No;No;No;No;No
2435,0;Nicolás Tagliafico;ar ARG;DF;Lyon;fr Ligue 1;33,0;1992,0;18,0;13,0;1208,0;13,4;0,0;3,0;3,0;0,0;0,0;0,0;5,0;1,0;0,22;14,0;1,0;7,1;1,04;0,07;0,0;0,0;19,0;12,0;15,0;28,0;1,0;34,0;0,0;;0,0;;;0,0;;;;;0,0;;;;;No;No;No;No;No;No;No;No;No;No
2436,0;Jonathan Tah;de GER;DF;Bayern Munich;de Bundesliga;30,0;1996,0;22,0;20,0;1752,0;19,5;2,0;1,0;3,0;2,0;0,0;0,0;5,0;0,0;0,15;8,0;5,0;62,5;0,41;0,26;0,25;0,4;1,0;14,0;23,0;6,0;0,0;23,0;0,0;;0,0;;;0,0;;;;;0,0;;;;;No;No;No;No;No;No;No;No;No;No
2437,0;Kōta Takai;jp JPN;DF;Gladbach;de Bundesliga;21,0;2004,0;6,0;3,0;337,0;3,7;0,0;0,0;0,0;0,0;0,0;0,0;1,0;0,0;0,0;3,0;2,0;66,7;0,8;0,53;0,0;0,0;0,0;4,0;4,0;3,0;0,0;3,0;0,0;;0,0;;;0,0;;;;;0,0;;;;;No;No;No;No;No;No;No;No;No;No
2438,0;Chemsdine Talbi;ma MAR;MF,FW;Sunderland;eng Premier League;20,0;2005,0;22,0;13,0;1236,0;13,7;3,0;1,0;4,0;3,0;0,0;0,0;0,0;0,0;0,29;18,0;7,0;38,9;1,31;0,51;0,17;0,43;36,0;4,0;3,0;1,0;0,0;3,0;0,0;;0,0;;;0,0;;;;;0,0;;;;;No;No;No;No;No;No;No;No;No;No
2439,0;Montassar Talbi;tn TUN;DF;Lorient;fr Ligue 1;27,0;1998,0;25,0;25,0;2250,0;25,0;0,0;1,0;1,0;0,0;0,0;0,0;3,0;0,0;0,04;11,0;2,0;18,2;0,44;0,08;0,0;0,0;4,0;17,0;24,0;13,0;0,0;7,0;0,0;;0,0;;;0,0;;;;;0,0;;;;;No;No;No;No;No;No;No;No;No;No
2440,0;Adrien Tameze;cm CMR;DF;Torino;it Serie A;32,0;1994,0;22,0;12,0;1111,0;12,3;0,0;0,0;0,0;0,0;0,0;0,0;3,0;0,0;0,0;5,0;0,0;0,0;0,41;0,0;0,0;0,0;14,0;12,0;19,0;7,0;0,0;15,0;0,0;;0,0;;;0,0;;;;;0,0;;;;;No;No;No;No;No;No;No;No;No;No
2441,0;Ao Tanaka;jp JPN;MF;Leeds United;eng Premier League;27,0;1998,0;20,0;7,0;746,0;8,3;2,0;0,0;2,0;2,0;0,0;0,0;1,0;0,0;0,24;11,0;3,0;27,3;1,33;0,36;0,18;0,67;11,0;9,0;12,0;4,0;0,0;8,0;0,0;;0,0;;;0,0;;;;;0,0;;;;;No;No;No;No;No;No;No;No;No;No
2442,0;Axel Tapé;fr FRA;MF,DF;Leverkusen;de Bundesliga;18,0;2007,0;6,0;2,0;222,0;2,5;0,0;0,0;0,0;0,0;0,0;0,0;1,0;0,0;0,0;3,0;1,0;33,3;1,22;0,41;0,0;0,0;0,0;1,0;1,0;7,0;0,0;7,0;0,0;;0,0;;;0,0;;;;;0,0;;;;;No;No;No;No;No;No;No;No;No;No
2443,0;Edmond Tapsoba;bf BFA;DF;Leverkusen;de Bundesliga;27,0;1999,0;22,0;22,0;1945,0;21,6;4,0;2,0;6,0;4,0;0,0;0,0;5,0;0,0;0,28;23,0;7,0;30,4;1,06;0,32;0,17;0,57;9,0;9,0;18,0;1,0;0,0;22,0;0,0;;0,0;;;0,0;;;;;0,0;;;;;No;No;No;No;No;No;No;No;No;No
2444,0;James Tarkowski;eng ENG;DF;Everton;eng Premier League;33,0;1992,0;29,0;29,0;2610,0;29,0;1,0;1,0;2,0;1,0;0,0;0,0;5,0;0,0;0,07;13,0;6,0;46,2;0,45;0,21;0,08;0,17;7,0;24,0;25,0;29,0;0,0;21,0;0,0;;0,0;;;0,0;;;;;0,0;;;;;No;No;No;No;No;No;No;No;No;No
2445,0;César Tárrega;es ESP;DF;Valencia;es La Liga;24,0;2002,0;22,0;19,0;1698,0;18,9;0,0;0,0;0,0;0,0;0,0;0,0;5,0;0,0;0,0;7,0;1,0;14,3;0,37;0,05;0,0;0,0;0,0;18,0;14,0;5,0;0,0;26,0;1,0;;0,0;;;0,0;;;;;0,0;;;;;No;No;No;No;No;No;No;No;No;No
2446,0;Tylel Tati;fr FRA;DF;Nantes;fr Ligue 1;18,0;2008,0;18,0;18,0;1593,0;17,7;0,0;0,0;0,0;0,0;0,0;0,0;5,0;0,0;0,0;3,0;0,0;0,0;0,17;0,0;0,0;0,0;1,0;12,0;14,0;14,0;0,0;21,0;0,0;;0,0;;;0,0;;;;;0,0;;;;;No;No;No;No;No;No;No;No;No;No
2447,0;Nuno Tavares;pt POR;DF;Lazio;it Serie A;26,0;2000,0;16,0;11,0;926,0;10,3;0,0;0,0;0,0;0,0;0,0;0,0;3,0;0,0;0,0;10,0;0,0;0,0;0,97;0,0;0,0;0,0;64,0;12,0;10,0;19,0;0,0;12,0;0,0;;0,0;;;0,0;;;;;0,0;;;;;No;No;No;No;No;No;No;No;No;No
2448,0;Marcus Tavernier;eng ENG;MF;Bournemouth;eng Premier League;26,0;1999,0;26,0;23,0;2032,0;22,6;5,0;4,0;9,0;3,0;2,0;2,0;4,0;0,0;0,31;56,0;18,0;32,1;2,48;0,8;0,05;0,17;82,0;17,0;13,0;26,0;0,0;26,0;0,0;;0,0;;;0,0;;;;;0,0;;;;;No;No;No;No;No;No;No;No;No;No
2449,0;Kenneth Taylor;nl NED;MF;Lazio;it Serie A;23,0;2002,0;10,0;10,0;870,0;9,7;1,0;0,0;1,0;1,0;0,0;0,0;2,0;0,0;0,1;12,0;4,0;33,3;1,24;0,41;0,08;0,25;7,0;8,0;7,0;9,0;0,0;12,0;0,0;;0,0;;;0,0;;;;;0,0;;;;;No;No;No;No;No;No;No;No;No;No
2450,0;Loum Tchaouna;fr FRA;MF,FW;Burnley;eng Premier League;22,0;2003,0;22,0;9,0;854,0;9,5;1,0;0,0;1,0;1,0;0,0;0,0;1,0;0,0;0,11;15,0;6,0;40,0;1,58;0,63;0,07;0,17;18,0;7,0;2,0;12,0;0,0;4,0;0,0;;0,0;;;0,0;;;;;0,0;;;;;No;No;No;No;No;No;No;No;No;No
2451,0;Jackson Tchatchoua;cm CMR;MF,DF;Wolves;eng Premier League;24,0;2001,0;28,0;17,0;1705,0;18,9;0,0;1,0;1,0;0,0;0,0;0,0;3,0;0,0;0,05;3,0;1,0;33,3;0,16;0,05;0,0;0,0;84,0;14,0;13,0;8,0;0,0;8,0;0,0;;0,0;;;0,0;;;;;0,0;;;;;No;No;No;No;No;No;No;No;No;No
2452,0;Aurélien Tchouaméni;fr FRA;MF;Real Madrid;es La Liga;26,0;2000,0;25,0;24,0;2056,0;22,8;1,0;0,0;1,0;1,0;0,0;0,0;7,0;0,0;0,04;32,0;6,0;18,8;1,4;0,26;0,03;0,17;7,0;32,0;32,0;21,0;0,0;23,0;0,0;;0,0;;;0,0;;;;;0,0;;;;;No;No;No;No;No;No;No;No;No;No
2453,0;Mathys Tel;fr FRA;MF,FW;Tottenham Hotspur;eng Premier League;20,0;2005,0;23,0;8,0;840,0;9,3;3,0;0,0;3,0;3,0;0,0;0,0;0,0;0,0;0,32;25,0;6,0;24,0;2,68;0,64;0,12;0,5;50,0;9,0;1,0;16,0;0,0;11,0;0,0;;0,0;;;0,0;;;;;0,0;;;;;No;No;No;No;No;No;No;No;No;No
2454,0;Nathan Tella;ng NGA;MF;Leverkusen;de Bundesliga;26,0;1999,0;11,0;5,0;451,0;5,0;0,0;2,0;2,0;0,0;0,0;0,0;2,0;0,0;0,4;8,0;2,0;25,0;1,6;0,4;0,0;0,0;14,0;3,0;1,0;10,0;0,0;9,0;0,0;;0,0;;;0,0;;;;;0,0;;;;;No;No;No;No;No;No;No;No;No;No
2455,0;Nahuel Tenaglia;ar ARG;DF;Alavés;es La Liga;30,0;1996,0;26,0;26,0;2339,0;26,0;1,0;0,0;1,0;1,0;0,0;0,0;2,0;0,0;0,04;16,0;4,0;25,0;0,62;0,15;0,06;0,25;16,0;30,0;32,0;27,0;0,0;19,0;0,0;;0,0;;;0,0;;;;;0,0;;;;;No;No;No;No;No;No;No;No;No;No
2456,0;Arnau Tenas;es ESP;GK;Villarreal;es La Liga;24,0;2001,0;3,0;3,0;270,0;3,0;0,0;0,0;0,0;0,0;0,0;0,0;0,0;0,0;0,0;0,0;0,0;0,0;0,0;0,0;0,0;0,0;0,0;1,0;0,0;0,0;0,0;0,0;0,0;6,0;2,0;11,0;6,0;54,5;1,0;1,0;1,0;0,0;0,0;1,0;1,0;0,0;0,0;No;No;No;No;No;No;No;No;No;No
2457,0;Marc-André ter Stegen;de GER;GK;Girona;es La Liga;33,0;1992,0;2,0;2,0;180,0;2,0;0,0;0,0;0,0;0,0;0,0;0,0;0,0;0,0;0,0;0,0;0,0;0,0;0,0;0,0;0,0;0,0;0,0;0,0;0,0;0,0;0,0;0,0;0,0;2,0;1,0;6,0;4,0;66,7;0,0;1,0;1,0;0,0;0,0;0,0;0,0;0,0;0,0;No;No;No;No;No;No;No;No;No;No
2458,0;Filippo Terracciano;it ITA;DF;Cremonese;it Serie A;23,0;2003,0;27,0;24,0;2227,0;24,7;2,0;0,0;2,0;2,0;0,0;0,0;5,0;0,0;0,08;13,0;4,0;30,8;0,53;0,16;0,15;0,5;21,0;14,0;43,0;20,0;0,0;12,0;1,0;;0,0;;;0,0;;;;;0,0;;;;;No;No;No;No;No;No;No;No;No;No
2459,0;Pietro Terracciano;it ITA;GK;Milan;it Serie A;36,0;1990,0;2,0;1,0;125,0;1,4;0,0;0,0;0,0;0,0;0,0;0,0;0,0;0,0;0,0;0,0;0,0;0,0;0,0;0,0;0,0;0,0;0,0;0,0;0,0;0,0;0,0;0,0;0,0;0,0;0,0;4,0;4,0;100,0;1,0;0,0;0,0;2,0;200,0;0,0;0,0;0,0;0,0;No;No;No;No;No;No;No;No;No;No
2460,0;Ramón Terrats;es ESP;MF;Espanyol;es La Liga;25,0;2000,0;20,0;7,0;660,0;7,3;1,0;1,0;2,0;1,0;0,0;0,0;0,0;0,0;0,27;9,0;3,0;33,3;1,23;0,41;0,11;0,33;20,0;12,0;8,0;15,0;0,0;9,0;0,0;;0,0;;;0,0;;;;;0,0;;;;;No;No;No;No;No;No;No;No;No;No
2461,0;Martin Terrier;fr FRA;MF,FW;Leverkusen;de Bundesliga;29,0;1997,0;17,0;7,0;667,0;7,4;4,0;1,0;5,0;4,0;0,0;0,0;1,0;0,0;0,67;17,0;6,0;35,3;2,29;0,81;0,24;0,67;5,0;4,0;1,0;13,0;0,0;1,0;0,0;;0,0;;;0,0;;;;;0,0;;;;;No;No;No;No;No;No;No;No;No;No
2462,0;Tanner Tessmann;us USA;MF;Lyon;fr Ligue 1;24,0;2001,0;24,0;21,0;1797,0;20,0;1,0;0,0;1,0;1,0;0,0;0,0;2,0;0,0;0,05;25,0;8,0;32,0;1,25;0,4;0,04;0,13;15,0;19,0;12,0;18,0;0,0;20,0;0,0;;0,0;;;0,0;;;;;0,0;;;;;No;No;No;No;No;No;No;No;No;No
2463,0;Kenny Tete;nl NED;DF;Fulham;eng Premier League;30,0;1995,0;22,0;21,0;1791,0;19,9;1,0;0,0;1,0;1,0;0,0;0,0;2,0;0,0;0,05;16,0;3,0;18,8;0,8;0,15;0,06;0,33;34,0;38,0;26,0;31,0;0,0;27,0;0,0;;0,0;;;0,0;;;;;0,0;;;;;No;No;No;No;No;No;No;No;No;No
2464,0;Jordan Teze;nl NED;MF,DF;Monaco;fr Ligue 1;26,0;1999,0;25,0;20,0;1863,0;20,7;0,0;0,0;0,0;0,0;0,0;0,0;8,0;0,0;0,0;9,0;2,0;22,2;0,43;0,1;0,0;0,0;44,0;39,0;22,0;23,0;0,0;26,0;0,0;;0,0;;;0,0;;;;;0,0;;;;;No;No;No;No;No;No;No;No;No;No
2465,0;Florian Thauvin;fr FRA;MF;Lens;fr Ligue 1;33,0;1993,0;26,0;25,0;2057,0;22,9;8,0;3,0;11,0;6,0;2,0;3,0;5,0;0,0;0,39;62,0;24,0;38,7;2,71;1,05;0,1;0,25;167,0;15,0;11,0;31,0;0,0;17,0;0,0;;0,0;;;0,0;;;;;0,0;;;;;No;No;No;No;No;No;No;No;No;No
2466,0;Arthur Theate;be BEL;DF;Eintracht Frankfurt;de Bundesliga;25,0;2000,0;19,0;19,0;1701,0;18,9;1,0;0,0;1,0;1,0;0,0;0,0;8,0;0,0;0,05;9,0;4,0;44,4;0,48;0,21;0,11;0,25;11,0;17,0;28,0;13,0;0,0;11,0;0,0;;0,0;;;0,0;;;;;0,0;;;;;No;No;No;No;No;No;No;No;No;No
2467,0;Thiago;br BRA;FW;Brentford;eng Premier League;24,0;2001,0;30,0;29,0;2562,0;28,5;19,0;1,0;20,0;13,0;6,0;7,0;6,0;0,0;0,49;70,0;37,0;52,9;2,46;1,3;0,19;0,35;8,0;14,0;9,0;21,0;0,0;56,0;0,0;;0,0;;;0,0;;;;;0,0;;;;;No;No;No;No;No;No;No;No;No;No
2468,0;Malick Thiaw;de GER;DF;Newcastle United;eng Premier League;24,0;2001,0;27,0;26,0;2298,0;25,5;4,0;0,0;4,0;4,0;0,0;0,0;3,0;0,0;0,16;25,0;12,0;48,0;0,98;0,47;0,16;0,33;8,0;22,0;24,0;8,0;0,0;18,0;0,0;;0,0;;;0,0;;;;;0,0;;;;;No;No;No;No;No;No;No;No;No;No
2469,0;Jan Thielmann;de GER;MF,FW;Köln;de Bundesliga;23,0;2002,0;19,0;17,0;1271,0;14,1;3,0;1,0;4,0;3,0;0,0;0,0;3,0;0,0;0,28;21,0;10,0;47,6;1,49;0,71;0,14;0,3;28,0;10,0;10,0;21,0;0,0;8,0;0,0;;0,0;;;0,0;;;;;0,0;;;;;No;No;No;No;No;No;No;No;No;No
2470,0;Adrien Thomasson;fr FRA;MF;Lens;fr Ligue 1;32,0;1993,0;25,0;25,0;2153,0;23,9;2,0;7,0;9,0;2,0;0,0;0,0;8,0;0,0;0,38;31,0;8,0;25,8;1,3;0,33;0,06;0,25;99,0;42,0;16,0;36,0;0,0;45,0;0,0;;0,0;;;0,0;;;;;0,0;;;;;No;No;No;No;No;No;No;No;No;No
2471,0;Morten Thorsby;no NOR;MF;Genoa;it Serie A;29,0;1996,0;13,0;8,0;731,0;8,1;2,0;1,0;3,0;2,0;0,0;0,0;2,0;0,0;0,37;10,0;4,0;40,0;1,23;0,49;0,2;0,5;5,0;1,0;3,0;5,0;0,0;15,0;0,0;;0,0;;;0,0;;;;;0,0;;;;;No;No;No;No;No;No;No;No;No;No
2472,0;Morten Thorsby;no NOR;MF;Cremonese;it Serie A;29,0;1996,0;6,0;6,0;466,0;5,2;1,0;0,0;1,0;1,0;0,0;0,0;1,0;0,0;0,19;11,0;4,0;36,4;2,12;0,77;0,09;0,25;0,0;5,0;2,0;5,0;0,0;9,0;0,0;;0,0;;;0,0;;;;;0,0;;;;;No;No;No;No;No;No;No;No;No;No
2473,0;Kristian Thorstvedt;no NOR;MF;Sassuolo;it Serie A;27,0;1999,0;24,0;19,0;1740,0;19,3;3,0;3,0;6,0;3,0;0,0;0,0;6,0;0,0;0,31;32,0;11,0;34,4;1,66;0,57;0,09;0,27;12,0;11,0;22,0;39,0;0,0;23,0;0,0;;0,0;;;0,0;;;;;0,0;;;;;No;No;No;No;No;No;No;No;No;No
2474,0;Khéphren Thuram;fr FRA;MF;Juventus;it Serie A;24,0;2001,0;27,0;24,0;1970,0;21,9;2,0;2,0;4,0;2,0;0,0;0,0;0,0;0,0;0,18;39,0;13,0;33,3;1,78;0,59;0,05;0,15;14,0;25,0;11,0;10,0;0,0;33,0;0,0;;0,0;;;0,0;;;;;0,0;;;;;No;No;No;No;No;No;No;No;No;No
2475,0;Marcus Thuram;fr FRA;FW;Inter;it Serie A;28,0;1997,0;22,0;17,0;1403,0;15,6;7,0;3,0;10,0;7,0;0,0;0,0;2,0;0,0;0,64;57,0;22,0;38,6;3,66;1,41;0,12;0,32;14,0;11,0;0,0;29,0;0,0;36,0;0,0;;0,0;;;0,0;;;;;0,0;;;;;No;No;No;No;No;No;No;No;No;No
2476,0;Cheikh Tidiane Sabaly;sn SEN;MF,FW;Metz;fr Ligue 1;27,0;1999,0;14,0;12,0;967,0;10,7;0,0;2,0;2,0;0,0;0,0;0,0;2,0;0,0;0,19;8,0;4,0;50,0;0,74;0,37;0,0;0,0;14,0;13,0;3,0;16,0;0,0;14,0;0,0;;0,0;;;0,0;;;;;0,0;;;;;No;No;No;No;No;No;No;No;No;No
2477,0;Youri Tielemans;be BEL;MF;Aston Villa;eng Premier League;28,0;1997,0;17,0;15,0;1298,0;14,4;0,0;4,0;4,0;0,0;0,0;0,0;0,0;0,0;0,28;17,0;4,0;23,5;1,18;0,28;0,0;0,0;29,0;25,0;8,0;26,0;0,0;22,0;0,0;;0,0;;;0,0;;;;;0,0;;;;;No;No;No;No;No;No;No;No;No;No
2478,0;Phillip Tietz;de GER;FW;Augsburg;de Bundesliga;28,0;1997,0;10,0;0,0;198,0;2,2;1,0;0,0;1,0;1,0;0,0;0,0;2,0;0,0;0,45;6,0;3,0;50,0;2,73;1,36;0,17;0,33;0,0;1,0;0,0;4,0;0,0;6,0;0,0;;0,0;;;0,0;;;;;0,0;;;;;No;No;No;No;No;No;No;No;No;No
2479,0;Phillip Tietz;de GER;FW;Mainz 05;de Bundesliga;28,0;1997,0;11,0;11,0;936,0;10,4;1,0;1,0;2,0;1,0;0,0;1,0;1,0;0,0;0,19;31,0;12,0;38,7;2,98;1,15;0,03;0,08;1,0;2,0;4,0;14,0;0,0;18,0;0,0;;0,0;;;0,0;;;;;0,0;;;;;No;No;No;No;No;No;No;No;No;No
2480,0;Malik Tillman;us USA;MF;Leverkusen;de Bundesliga;23,0;2002,0;21,0;16,0;1456,0;16,2;4,0;1,0;5,0;4,0;0,0;0,0;1,0;0,0;0,31;29,0;8,0;27,6;1,79;0,49;0,14;0,5;13,0;27,0;16,0;26,0;0,0;15,0;0,0;;0,0;;;0,0;;;;;0,0;;;;;No;No;No;No;No;No;No;No;No;No
2481,0;Jurriën Timber;nl NED;DF;Arsenal;eng Premier League;24,0;2001,0;30,0;28,0;2454,0;27,3;3,0;5,0;8,0;3,0;0,0;0,0;5,0;0,0;0,29;25,0;7,0;28,0;0,92;0,26;0,12;0,43;46,0;35,0;24,0;29,0;0,0;38,0;0,0;;0,0;;;0,0;;;;;0,0;;;;;No;No;No;No;No;No;No;No;No;No
2482,0;Quinten Timber;nl NED;MF;Marseille;fr Ligue 1;24,0;2001,0;8,0;8,0;625,0;6,9;0,0;0,0;0,0;0,0;0,0;0,0;2,0;0,0;0,0;5,0;1,0;20,0;0,72;0,14;0,0;0,0;4,0;10,0;3,0;14,0;0,0;6,0;0,0;;0,0;;;0,0;;;;;0,0;;;;;No;No;No;No;No;No;No;No;No;No
2483,0;Jean-Clair Todibo;fr FRA;DF;West Ham United;eng Premier League;26,0;1999,0;20,0;20,0;1698,0;18,9;0,0;1,0;1,0;0,0;0,0;0,0;4,0;1,0;0,05;2,0;0,0;0,0;0,11;0,0;0,0;0,0;1,0;24,0;16,0;3,0;0,0;8,0;0,0;;0,0;;;0,0;;;;;0,0;;;;;No;No;No;No;No;No;No;No;No;No
2484,0;Umut Tohumcu;de GER;MF;Hoffenheim;de Bundesliga;21,0;2004,0;5,0;1,0;136,0;1,5;0,0;0,0;0,0;0,0;0,0;0,0;2,0;0,0;0,0;2,0;0,0;0,0;1,32;0,0;0,0;0,0;1,0;1,0;0,0;2,0;0,0;2,0;0,0;;0,0;;;0,0;;;;;0,0;;;;;No;No;No;No;No;No;No;No;No;No
2485,0;Corentin Tolisso;fr FRA;MF;Lyon;fr Ligue 1;31,0;1994,0;23,0;21,0;1801,0;20,0;7,0;1,0;8,0;6,0;1,0;2,0;4,0;0,0;0,35;40,0;20,0;50,0;2,0;1,0;0,15;0,3;40,0;17,0;14,0;42,0;0,0;33,0;0,0;;0,0;;;0,0;;;;;0,0;;;;;No;No;No;No;No;No;No;No;No;No
2486,0;Jeremy Toljan;de GER;DF;Levante;es La Liga;31,0;1994,0;27,0;27,0;2332,0;25,9;1,0;3,0;4,0;1,0;0,0;0,0;7,0;0,0;0,15;7,0;1,0;14,3;0,27;0,04;0,14;1,0;51,0;30,0;22,0;15,0;0,0;24,0;0,0;;0,0;;;0,0;;;;;0,0;;;;;No;No;No;No;No;No;No;No;No;No
2487,0;Tiago Tomás;pt POR;MF;Stuttgart;de Bundesliga;23,0;2002,0;19,0;7,0;727,0;8,1;3,0;2,0;5,0;3,0;0,0;0,0;3,0;0,0;0,62;27,0;8,0;29,6;3,34;0,99;0,11;0,38;9,0;5,0;3,0;23,0;0,0;12,0;0,0;;0,0;;;0,0;;;;;0,0;;;;;No;No;No;No;No;No;No;No;No;No
2488,0;Fikayo Tomori;eng ENG;DF;Milan;it Serie A;28,0;1997,0;26,0;24,0;2090,0;23,2;0,0;2,0;2,0;0,0;0,0;0,0;4,0;0,0;0,09;9,0;2,0;22,2;0,39;0,09;0,0;0,0;16,0;34,0;24,0;7,0;0,0;27,0;0,0;;0,0;;;0,0;;;;;0,0;;;;;No;No;No;No;No;No;No;No;No;No
2489,0;Sandro Tonali;it ITA;MF;Newcastle United;eng Premier League;25,0;2000,0;29,0;25,0;2038,0;22,6;0,0;2,0;2,0;0,0;0,0;0,0;3,0;0,0;0,09;28,0;7,0;25,0;1,24;0,31;0,0;0,0;79,0;19,0;24,0;35,0;0,0;18,0;0,0;;0,0;;;0,0;;;;;0,0;;;;;No;No;No;No;No;No;No;No;No;No
2490,0;Keke Topp;de GER;FW;Werder Bremen;de Bundesliga;21,0;2004,0;20,0;7,0;638,0;7,1;1,0;1,0;2,0;1,0;0,0;0,0;4,0;0,0;0,28;25,0;3,0;12,0;3,53;0,42;0,04;0,33;5,0;5,0;1,0;7,0;0,0;16,0;0,0;;0,0;;;0,0;;;;;0,0;;;;;No;No;No;No;No;No;No;No;No;No
2491,0;Pablo Torre;es ESP;MF,FW;Mallorca;es La Liga;22,0;2003,0;25,0;10,0;913,0;10,1;2,0;2,0;4,0;2,0;0,0;0,0;3,0;0,0;0,39;11,0;6,0;54,5;1,08;0,59;0,18;0,33;52,0;6,0;7,0;25,0;0,0;20,0;0,0;;0,0;;;0,0;;;;;0,0;;;;;No;No;No;No;No;No;No;No;No;No
2492,0;Jofre Torrents;es ESP;DF;Barcelona;es La Liga;19,0;2007,0;3,0;0,0;50,0;0,6;0,0;0,0;0,0;0,0;0,0;0,0;0,0;0,0;0,0;0,0;0,0;0,0;0,0;0,0;0,0;0,0;4,0;2,0;0,0;0,0;0,0;0,0;0,0;;0,0;;;0,0;;;;;0,0;;;;;No;No;No;No;No;No;No;No;No;No
2493,0;Ferrán Torres;es ESP;FW;Barcelona;es La Liga;26,0;2000,0;25,0;19,0;1514,0;16,8;12,0;1,0;13,0;12,0;0,0;0,0;2,0;0,0;0,77;56,0;28,0;50,0;3,33;1,66;0,21;0,43;2,0;4,0;3,0;12,0;0,0;9,0;0,0;;0,0;;;0,0;;;;;0,0;;;;;Sí;Sí;Sí;Sí;No;Sí;No;Sí;Sí;Sí
2494,0;Pau Torres;es ESP;DF;Aston Villa;eng Premier League;29,0;1997,0;16,0;14,0;1298,0;14,4;0,0;0,0;0,0;0,0;0,0;0,0;0,0;0,0;0,0;7,0;0,0;0,0;0,49;0,0;0,0;0,0;4,0;11,0;11,0;4,0;0,0;4,0;1,0;;0,0;;;0,0;;;;;0,0;;;;;No;No;No;No;No;No;Sí;Sí;Sí;No
2495,0;Lucas Torró;es ESP;MF;Osasuna;es La Liga;31,0;1994,0;26,0;25,0;1838,0;20,4;0,0;1,0;1,0;0,0;0,0;0,0;6,0;0,0;0,05;19,0;5,0;26,3;0,93;0,24;0,0;0,0;1,0;14,0;25,0;24,0;0,0;28,0;0,0;;0,0;;;0,0;;;;;0,0;;;;;No;No;No;No;No;No;No;No;No;No
2496,0;Jordan Torunarigha;de GER;DF;Hamburger SV;de Bundesliga;28,0;1997,0;17,0;14,0;1342,0;14,9;0,0;0,0;0,0;0,0;0,0;0,0;1,0;0,0;0,0;3,0;1,0;33,3;0,2;0,07;0,0;0,0;2,0;15,0;19,0;10,0;0,0;16,0;0,0;;0,0;;;0,0;;;;;0,0;;;;;No;No;No;No;No;No;No;No;No;No
2497,0;Alex Tóth;hu HUN;MF;Bournemouth;eng Premier League;20,0;2005,0;4,0;1,0;74,0;0,8;0,0;0,0;0,0;0,0;0,0;0,0;1,0;0,0;0,0;1,0;0,0;0,0;1,22;0,0;0,0;0,0;3,0;0,0;1,0;2,0;0,0;1,0;0,0;;0,0;;;0,0;;;;;0,0;;;;;No;No;No;No;No;No;No;No;No;No
2498,0;Abdoulaye Touré;gn GUI;MF;Le Havre;fr Ligue 1;32,0;1994,0;11,0;8,0;740,0;8,2;2,0;0,0;2,0;2,0;0,0;1,0;2,0;0,0;0,24;13,0;4,0;30,8;1,58;0,49;0,15;0,5;13,0;6,0;10,0;17,0;0,0;13,0;0,0;;0,0;;;0,0;;;;;0,0;;;;;No;No;No;No;No;No;No;No;No;No
2499,0;Alpha Touré;sn SEN;MF;Metz;fr Ligue 1;20,0;2006,0;26,0;12,0;1301,0;14,5;0,0;1,0;1,0;0,0;0,0;0,0;4,0;0,0;0,07;15,0;1,0;6,7;1,04;0,07;0,0;0,0;12,0;19,0;6,0;18,0;0,0;24,0;0,0;;0,0;;;0,0;;;;;0,0;;;;;No;No;No;No;No;No;No;No;No;No
2500,0;Bazoumana Touré;ci CIV;MF,FW;Hoffenheim;de Bundesliga;20,0;2006,0;22,0;21,0;1696,0;18,8;2,0;7,0;9,0;2,0;0,0;0,0;2,0;0,0;0,48;31,0;8,0;25,8;1,65;0,42;0,06;0,25;89,0;14,0;6,0;22,0;0,0;33,0;0,0;;0,0;;;0,0;;;;;0,0;;;;;No;No;No;No;No;No;No;No;No;No
2501,0;Idrissa Touré;de GER;MF;Pisa;it Serie A;27,0;1998,0;25,0;23,0;1988,0;22,1;1,0;0,0;1,0;1,0;0,0;0,0;3,0;1,0;0,05;27,0;7,0;25,9;1,22;0,32;0,04;0,14;64,0;25,0;22,0;16,0;0,0;20,0;0,0;;0,0;;;0,0;;;;;0,0;;;;;No;No;No;No;No;No;No;No;No;No
2502,0;Ousmane Toure;fr FRA;DF;Lille;fr Ligue 1;21,0;2005,0;1,0;1,0;51,0;0,6;0,0;0,0;0,0;0,0;0,0;0,0;0,0;0,0;0,0;0,0;0,0;0,0;0,0;0,0;0,0;0,0;0,0;0,0;2,0;0,0;0,0;0,0;0,0;;0,0;;;0,0;;;;;0,0;;;;;No;No;No;No;No;No;No;No;No;No
2503,0;Lucas Tousart;fr FRA;MF;Brest;fr Ligue 1;28,0;1997,0;18,0;4,0;483,0;5,4;0,0;0,0;0,0;0,0;0,0;0,0;0,0;0,0;0,0;6,0;2,0;33,3;1,12;0,37;0,0;0,0;3,0;11,0;7,0;4,0;0,0;16,0;0,0;;0,0;;;0,0;;;;;0,0;;;;;No;No;No;No;No;No;No;No;No;No
2504,0;James Trafford;eng ENG;GK;Manchester City;eng Premier League;23,0;2002,0;3,0;3,0;270,0;3,0;0,0;0,0;0,0;0,0;0,0;0,0;0,0;0,0;0,0;0,0;0,0;0,0;0,0;0,0;0,0;0,0;0,0;1,0;0,0;1,0;0,0;0,0;0,0;4,0;1,33;14,0;11,0;78,6;1,0;0,0;2,0;1,0;33,3;1,0;1,0;0,0;0,0;No;No;No;No;No;No;No;No;No;No
2505,0;Mattéo Tramoni;fr FRA;MF,FW;Pisa;it Serie A;26,0;2000,0;23,0;17,0;1293,0;14,4;2,0;2,0;4,0;1,0;1,0;1,0;3,0;0,0;0,21;25,0;7,0;28,0;1,74;0,49;0,04;0,14;61,0;16,0;11,0;11,0;0,0;16,0;0,0;;0,0;;;0,0;;;;;0,0;;;;;No;No;No;No;No;No;No;No;No;No
2506,0;Adama Traoré;es ESP;FW,MF;West Ham United;eng Premier League;30,0;1996,0;6,0;0,0;46,0;0,5;0,0;0,0;0,0;0,0;0,0;0,0;1,0;0,0;0,0;1,0;0,0;0,0;1,96;0,0;0,0;0,0;1,0;0,0;0,0;0,0;0,0;1,0;0,0;;0,0;;;0,0;;;;;0,0;;;;;No;No;No;No;No;No;No;No;No;No
2507,0;Adama Traoré;es ESP;MF;Fulham;eng Premier League;30,0;1996,0;15,0;1,0;274,0;3,0;0,0;0,0;0,0;0,0;0,0;0,0;0,0;0,0;0,0;5,0;1,0;20,0;1,64;0,33;0,0;0,0;15,0;1,0;0,0;8,0;0,0;6,0;0,0;;0,0;;;0,0;;;;;0,0;;;;;No;No;No;No;No;No;No;No;No;No
2508,0;Bertrand Traoré;bf BFA;MF,FW;Sunderland;eng Premier League;30,0;1995,0;12,0;9,0;632,0;7,0;1,0;0,0;1,0;1,0;0,0;0,0;1,0;0,0;0,14;12,0;6,0;50,0;1,71;0,85;0,08;0,17;13,0;4,0;2,0;12,0;0,0;11,0;0,0;;0,0;;;0,0;;;;;0,0;;;;;No;No;No;No;No;No;No;No;No;No
2509,0;Boubacar Traoré;ml MLI;MF;Metz;fr Ligue 1;24,0;2001,0;19,0;16,0;1361,0;15,1;1,0;0,0;1,0;1,0;0,0;0,0;3,0;0,0;0,07;18,0;3,0;16,7;1,19;0,2;0,06;0,33;2,0;26,0;15,0;5,0;0,0;29,0;0,0;;0,0;;;0,0;;;;;0,0;;;;;No;No;No;No;No;No;No;No;No;No
2510,0;Hamari Traoré;ml MLI;DF;Paris FC;fr Ligue 1;34,0;1992,0;11,0;11,0;860,0;9,6;0,0;1,0;1,0;0,0;0,0;0,0;3,0;0,0;0,1;4,0;0,0;0,0;0,42;0,0;0,0;0,0;18,0;17,0;13,0;3,0;0,0;19,0;0,0;;0,0;;;0,0;;;;;0,0;;;;;No;No;No;No;No;No;No;No;No;No
2511,0;Omar Traoré;de GER;DF,MF;Heidenheim;de Bundesliga;28,0;1998,0;24,0;15,0;1381,0;15,3;0,0;2,0;2,0;0,0;0,0;0,0;2,0;0,0;0,13;10,0;2,0;20,0;0,65;0,13;0,0;0,0;33,0;10,0;15,0;18,0;0,0;20,0;0,0;;0,0;;;0,0;;;;;0,0;;;;;No;No;No;No;No;No;No;No;No;No
2512,0;Kevin Trapp;de GER;GK;Paris FC;fr Ligue 1;35,0;1990,0;15,0;15,0;1350,0;15,0;0,0;0,0;0,0;0,0;0,0;0,0;2,0;0,0;0,0;0,0;0,0;0,0;0,0;0,0;0,0;0,0;0,0;0,0;1,0;5,0;0,0;0,0;0,0;21,0;1,4;55,0;38,0;70,9;4,0;7,0;4,0;6,0;40,0;7,0;5,0;1,0;1,0;No;No;No;No;No;No;No;No;No;No
2513,0;Óscar Trejo;ar ARG;FW,MF;Rayo Vallecano;es La Liga;37,0;1988,0;6,0;0,0;79,0;0,9;0,0;0,0;0,0;0,0;0,0;0,0;2,0;0,0;0,0;1,0;1,0;100,0;1,14;1,14;0,0;0,0;7,0;0,0;0,0;3,0;0,0;2,0;0,0;;0,0;;;0,0;;;;;0,0;;;;;No;No;No;No;No;No;No;No;No;No
2514,0;Yael Trepy;;FW;Cagliari;it Serie A;0,0;;6,0;0,0;81,0;0,9;1,0;0,0;1,0;1,0;0,0;0,0;0,0;0,0;1,11;5,0;1,0;20,0;5,56;1,11;0,2;1,0;6,0;0,0;0,0;2,0;0,0;1,0;0,0;;0,0;;;0,0;;;;;0,0;;;;;No;No;No;No;No;No;No;No;No;No
2515,0;Mike Trésor;be BEL;FW,MF;Burnley;eng Premier League;26,0;1999,0;4,0;0,0;23,0;0,3;0,0;0,0;0,0;0,0;0,0;0,0;0,0;0,0;0,0;0,0;0,0;0,0;0,0;0,0;0,0;0,0;2,0;0,0;0,0;0,0;0,0;0,0;0,0;;0,0;;;0,0;;;;;0,0;;;;;No;No;No;No;No;No;No;No;No;No
2516,0;Philipp Treu;de GER;DF,MF;Freiburg;de Bundesliga;25,0;2000,0;22,0;19,0;1709,0;19,0;1,0;2,0;3,0;1,0;0,0;0,0;2,0;0,0;0,16;15,0;4,0;26,7;0,79;0,21;0,07;0,25;25,0;21,0;5,0;28,0;0,0;13,0;0,0;;0,0;;;0,0;;;;;0,0;;;;;No;No;No;No;No;No;No;No;No;No
2517,0;Christopher Trimmel;at AUT;MF,DF;Union Berlin;de Bundesliga;39,0;1987,0;23,0;17,0;1463,0;16,3;0,0;2,0;2,0;0,0;0,0;0,0;7,0;0,0;0,12;3,0;0,0;0,0;0,18;0,0;0,0;0,0;137,0;21,0;7,0;7,0;0,0;24,0;0,0;;0,0;;;0,0;;;;;0,0;;;;;No;No;No;No;No;No;No;No;No;No
2518,0;Kieran Trippier;eng ENG;DF;Newcastle United;eng Premier League;35,0;1990,0;17,0;16,0;1392,0;15,5;0,0;1,0;1,0;0,0;0,0;0,0;3,0;0,0;0,06;2,0;0,0;0,0;0,13;0,0;0,0;0,0;82,0;11,0;7,0;17,0;0,0;20,0;0,0;;0,0;;;0,0;;;;;0,0;;;;;No;No;No;No;No;No;No;No;No;No
2519,0;Mariano Troilo;ar ARG;DF;Parma;it Serie A;22,0;2003,0;13,0;10,0;905,0;10,1;1,0;0,0;1,0;1,0;0,0;0,0;6,0;2,0;0,1;6,0;2,0;33,3;0,6;0,2;0,17;0,5;1,0;11,0;10,0;15,0;1,0;18,0;0,0;;0,0;;;0,0;;;;;0,0;;;;;No;No;No;No;No;No;No;No;No;No
2520,0;Leandro Trossard;be BEL;FW,MF;Arsenal;eng Premier League;31,0;1994,0;26,0;18,0;1677,0;18,6;5,0;5,0;10,0;5,0;0,0;0,0;1,0;0,0;0,54;44,0;11,0;25,0;2,36;0,59;0,11;0,45;53,0;14,0;8,0;31,0;0,0;13,0;0,0;;0,0;;;0,0;;;;;0,0;;;;;No;No;No;No;No;No;No;No;No;No
2521,0;Adrien Truffert;fr FRA;DF;Bournemouth;eng Premier League;24,0;2001,0;30,0;30,0;2659,0;29,5;0,0;2,0;2,0;0,0;0,0;0,0;3,0;0,0;0,07;11,0;1,0;9,1;0,37;0,03;0,0;0,0;122,0;43,0;38,0;23,0;0,0;31,0;0,0;;0,0;;;0,0;;;;;0,0;;;;;No;No;No;No;No;No;No;No;No;No
2522,0;Kostas Tsimikas;gr GRE;MF;Roma;it Serie A;29,0;1996,0;15,0;5,0;524,0;5,8;0,0;0,0;0,0;0,0;0,0;0,0;1,0;0,0;0,0;5,0;0,0;0,0;0,86;0,0;0,0;0,0;37,0;3,0;7,0;7,0;0,0;8,0;0,0;;0,0;;;0,0;;;;;0,0;;;;;No;No;No;No;No;No;No;No;No;No
2523,0;Heorhii Tsitaishvili;ge GEO;MF;Metz;fr Ligue 1;25,0;2000,0;26,0;21,0;1825,0;20,3;2,0;2,0;4,0;2,0;0,0;0,0;2,0;0,0;0,2;23,0;5,0;21,7;1,13;0,25;0,09;0,4;127,0;9,0;12,0;27,0;0,0;17,0;0,0;;0,0;;;0,0;;;;;0,0;;;;;No;No;No;No;No;No;No;No;No;No
2524,0;Viktor Tsyhankov;ua UKR;MF;Girona;es La Liga;28,0;1997,0;22,0;21,0;1746,0;19,4;5,0;4,0;9,0;5,0;0,0;0,0;1,0;0,0;0,46;33,0;15,0;45,5;1,7;0,77;0,15;0,33;80,0;16,0;15,0;25,0;0,0;13,0;0,0;;0,0;;;0,0;;;;;0,0;;;;;No;No;No;No;No;No;No;No;No;No
2525,0;Axel Tuanzebe;cd COD;DF;Burnley;eng Premier League;28,0;1997,0;11,0;11,0;931,0;10,3;1,0;0,0;1,0;1,0;0,0;0,0;1,0;0,0;0,1;2,0;1,0;50,0;0,19;0,1;0,5;1,0;1,0;6,0;9,0;2,0;0,0;10,0;1,0;;0,0;;;0,0;;;;;0,0;;;;;No;No;No;No;No;No;No;No;No;No
2526,0;Kareem Tunde;es ESP;MF;Levante;es La Liga;20,0;2005,0;12,0;10,0;724,0;8,0;0,0;0,0;0,0;0,0;0,0;0,0;2,0;0,0;0,0;11,0;1,0;9,1;1,37;0,12;0,0;0,0;4,0;8,0;8,0;15,0;0,0;12,0;0,0;;0,0;;;0,0;;;;;0,0;;;;;No;No;No;No;No;No;No;No;No;No
2527,0;Stefano Turati;it ITA;GK;Sassuolo;it Serie A;24,0;2001,0;1,0;1,0;90,0;1,0;0,0;0,0;0,0;0,0;0,0;0,0;0,0;0,0;0,0;0,0;0,0;0,0;0,0;0,0;0,0;0,0;0,0;0,0;0,0;0,0;0,0;0,0;0,0;2,0;2,0;4,0;2,0;50,0;0,0;0,0;1,0;0,0;0,0;0,0;0,0;0,0;0,0;No;No;No;No;No;No;No;No;No;No
2528,0;Beñat Turrientes;es ESP;MF;Real Sociedad;es La Liga;24,0;2002,0;19,0;10,0;853,0;9,5;0,0;3,0;3,0;0,0;0,0;0,0;5,0;0,0;0,32;15,0;5,0;33,3;1,58;0,53;0,0;0,0;8,0;20,0;5,0;13,0;0,0;20,0;0,0;;0,0;;;0,0;;;;;0,0;;;;;No;No;No;No;No;No;No;No;No;No
2529,0;Stefanos Tzimas;gr GRE;FW;Brighton;eng Premier League;20,0;2006,0;9,0;1,0;139,0;1,5;1,0;1,0;2,0;1,0;0,0;0,0;0,0;0,0;1,29;4,0;1,0;25,0;2,59;0,65;0,25;1,0;1,0;1,0;0,0;1,0;0,0;4,0;0,0;;0,0;;;0,0;;;;;0,0;;;;;No;No;No;No;No;No;No;No;No;No
2530,0;Christantus Uche;ng NGA;FW;Crystal Palace;eng Premier League;22,0;2003,0;14,0;0,0;173,0;1,9;0,0;0,0;0,0;0,0;0,0;0,0;0,0;0,0;0,0;6,0;2,0;33,3;3,12;1,04;0,0;0,0;6,0;1,0;0,0;7,0;0,0;4,0;0,0;;0,0;;;0,0;;;;;0,0;;;;;No;No;No;No;No;No;No;No;No;No
2531,0;Christantus Uche;ng NGA;FW;Getafe;es La Liga;22,0;2003,0;3,0;3,0;270,0;3,0;1,0;1,0;2,0;1,0;0,0;0,0;1,0;0,0;0,67;6,0;1,0;16,7;2,0;0,33;0,17;1,0;1,0;2,0;0,0;8,0;0,0;10,0;0,0;;0,0;;;0,0;;;;;0,0;;;;;No;No;No;No;No;No;No;No;No;No
2532,0;Destiny Udogie;it ITA;DF,MF;Tottenham Hotspur;eng Premier League;23,0;2002,0;13,0;8,0;798,0;8,9;0,0;1,0;1,0;0,0;0,0;0,0;2,0;0,0;0,11;3,0;1,0;33,3;0,34;0,11;0,0;0,0;13,0;11,0;3,0;12,0;0,0;10,0;0,0;;0,0;;;0,0;;;;;0,0;;;;;No;No;No;No;No;No;No;No;No;No
2533,0;Matthieu Udol;fr FRA;MF,DF;Lens;fr Ligue 1;29,0;1996,0;26,0;26,0;2327,0;25,9;0,0;7,0;7,0;0,0;0,0;0,0;2,0;0,0;0,27;34,0;11,0;32,4;1,31;0,43;0,0;0,0;87,0;14,0;40,0;23,0;0,0;25,0;0,0;;0,0;;;0,0;;;;;0,0;;;;;No;No;No;No;No;No;No;No;No;No
2534,0;Manuel Ugarte;uy URU;MF;Manchester Utd;eng Premier League;24,0;2001,0;20,0;7,0;788,0;8,8;0,0;0,0;0,0;0,0;0,0;0,0;1,0;0,0;0,0;11,0;1,0;9,1;1,26;0,11;0,0;0,0;0,0;27,0;17,0;12,0;0,0;21,0;0,0;;0,0;;;0,0;;;;;0,0;;;;;No;No;No;No;No;No;No;No;No;No
2535,0;Lesley Ugochukwu;fr FRA;MF;Burnley;eng Premier League;21,0;2004,0;29,0;22,0;1900,0;21,1;3,0;1,0;4,0;3,0;0,0;0,0;3,0;1,0;0,19;20,0;7,0;35,0;0,95;0,33;0,15;0,43;5,0;25,0;14,0;26,0;1,0;25,0;0,0;;0,0;;;0,0;;;;;0,0;;;;;No;No;No;No;No;No;No;No;No;No
2536,0;Filip Ugrinic;ch SUI;MF;Valencia;es La Liga;27,0;1999,0;18,0;12,0;1030,0;11,4;0,0;3,0;3,0;0,0;0,0;0,0;3,0;0,0;0,26;15,0;2,0;13,3;1,31;0,17;0,0;0,0;35,0;9,0;7,0;11,0;0,0;12,0;0,0;;0,0;;;0,0;;;;;0,0;;;;;No;No;No;No;No;No;No;No;No;No
2537,0;Lukas Ullrich;de GER;MF,DF;Gladbach;de Bundesliga;22,0;2004,0;18,0;12,0;1113,0;12,4;0,0;0,0;0,0;0,0;0,0;0,0;2,0;0,0;0,0;9,0;2,0;22,2;0,73;0,16;0,0;0,0;34,0;13,0;19,0;9,0;0,0;16,0;0,0;;0,0;;;0,0;;;;;0,0;;;;;No;No;No;No;No;No;No;No;No;No
2538,0;Sven Ulreich;de GER;GK;Bayern Munich;de Bundesliga;37,0;1988,0;1,0;1,0;90,0;1,0;0,0;0,0;0,0;0,0;0,0;0,0;1,0;0,0;0,0;0,0;0,0;0,0;0,0;0,0;0,0;0,0;0,0;0,0;0,0;1,0;0,0;0,0;0,0;1,0;1,0;7,0;6,0;85,7;0,0;1,0;0,0;0,0;0,0;0,0;0,0;0,0;0,0;No;No;No;No;No;No;No;No;No;No
2539,0;Enes Ünal;tr TUR;FW;Bournemouth;eng Premier League;28,0;1997,0;17,0;0,0;186,0;2,1;1,0;0,0;1,0;1,0;0,0;0,0;1,0;0,0;0,48;12,0;2,0;16,7;5,81;0,97;0,08;0,5;2,0;1,0;0,0;4,0;0,0;6,0;0,0;;0,0;;;0,0;;;;;0,0;;;;;No;No;No;No;No;No;No;No;No;No
2540,0;Deniz Undav;de GER;FW,MF;Stuttgart;de Bundesliga;29,0;1996,0;22,0;18,0;1643,0;18,3;16,0;5,0;21,0;16,0;0,0;0,0;4,0;0,0;1,15;96,0;38,0;39,6;5,26;2,08;0,17;0,42;13,0;10,0;4,0;15,0;0,0;25,0;0,0;;0,0;;;0,0;;;;;0,0;;;;;No;No;No;No;No;No;No;No;No;No
2541,0;Dayot Upamecano;fr FRA;DF;Bayern Munich;de Bundesliga;27,0;1998,0;21,0;19,0;1599,0;17,8;1,0;1,0;2,0;1,0;0,0;0,0;3,0;0,0;0,11;8,0;2,0;25,0;0,45;0,11;0,13;0,5;5,0;22,0;19,0;5,0;0,0;14,0;0,0;;0,0;;;0,0;;;;;0,0;;;;;No;No;No;No;No;No;No;No;No;No
2542,0;Jan Urbich;de GER;DF;Gladbach;de Bundesliga;21,0;2004,0;3,0;0,0;39,0;0,4;0,0;0,0;0,0;0,0;0,0;0,0;0,0;0,0;0,0;0,0;0,0;0,0;0,0;0,0;0,0;0,0;0,0;0,0;0,0;2,0;0,0;1,0;0,0;;0,0;;;0,0;;;;;0,0;;;;;No;No;No;No;No;No;No;No;No;No
2543,0;Jonas Urbig;de GER;GK;Bayern Munich;de Bundesliga;22,0;2003,0;8,0;6,0;630,0;7,0;0,0;0,0;0,0;0,0;0,0;0,0;0,0;0,0;0,0;0,0;0,0;0,0;0,0;0,0;0,0;0,0;0,0;0,0;0,0;0,0;0,0;0,0;0,0;7,0;1,0;19,0;13,0;68,4;5,0;0,0;1,0;4,0;66,7;2,0;1,0;0,0;1,0;No;No;No;No;No;No;No;No;No;No
2544,0;Can Uzun;tr TUR;MF;Eintracht Frankfurt;de Bundesliga;20,0;2005,0;14,0;11,0;799,0;8,9;6,0;3,0;9,0;5,0;1,0;1,0;2,0;0,0;0,9;27,0;10,0;37,0;3,04;1,13;0,19;0,5;13,0;6,0;2,0;18,0;0,0;12,0;0,0;;0,0;;;0,0;;;;;0,0;;;;;No;No;No;No;No;No;No;No;No;No
2545,0;Josha Vagnoman;de GER;DF,MF;Stuttgart;de Bundesliga;25,0;2000,0;21,0;16,0;1408,0;15,6;1,0;3,0;4,0;1,0;0,0;0,0;3,0;0,0;0,26;19,0;11,0;57,9;1,21;0,7;0,05;0,09;30,0;18,0;3,0;14,0;0,0;17,0;0,0;;0,0;;;0,0;;;;;0,0;;;;;No;No;No;No;No;No;No;No;No;No
2546,0;Victor Valdepeñas;es ESP;DF;Real Madrid;es La Liga;19,0;2006,0;1,0;1,0;77,0;0,9;0,0;0,0;0,0;0,0;0,0;0,0;0,0;0,0;0,0;0,0;0,0;0,0;0,0;0,0;0,0;0,0;1,0;3,0;0,0;1,0;0,0;3,0;0,0;;0,0;;;0,0;;;;;0,0;;;;;No;No;No;No;No;No;No;No;No;No
2547,0;Hákon Valdimarsson;is ISL;GK;Brentford;eng Premier League;24,0;2001,0;1,0;1,0;90,0;1,0;0,0;0,0;0,0;0,0;0,0;0,0;0,0;0,0;0,0;0,0;0,0;0,0;0,0;0,0;0,0;0,0;0,0;0,0;0,0;0,0;0,0;0,0;0,0;3,0;3,0;4,0;1,0;25,0;1,0;0,0;0,0;0,0;0,0;0,0;0,0;0,0;0,0;No;No;No;No;No;No;No;No;No;No
2548,0;Lautaro Valenti;ar ARG;DF;Parma;it Serie A;27,0;1999,0;21,0;19,0;1742,0;19,4;0,0;0,0;0,0;0,0;0,0;0,0;5,0;0,0;0,0;16,0;4,0;25,0;0,83;0,21;0,0;0,0;19,0;25,0;25,0;15,0;0,0;18,0;0,0;;0,0;;;0,0;;;;;0,0;;;;;No;No;No;No;No;No;No;No;No;No
2549,0;Óscar Valentín;es ESP;MF;Rayo Vallecano;es La Liga;31,0;1994,0;24,0;18,0;1578,0;17,5;1,0;0,0;1,0;1,0;0,0;0,0;2,0;1,0;0,06;13,0;4,0;30,8;0,74;0,23;0,08;0,25;2,0;27,0;19,0;16,0;0,0;20,0;0,0;;0,0;;;0,0;;;;;0,0;;;;;No;No;No;No;No;No;No;No;No;No
2550,0;Nicolás Valentini;ar ARG;DF;Hellas Verona;it Serie A;24,0;2001,0;14,0;10,0;929,0;10,3;0,0;0,0;0,0;0,0;0,0;0,0;2,0;0,0;0,0;7,0;3,0;42,9;0,68;0,29;0,0;0,0;7,0;11,0;9,0;5,0;0,0;13,0;0,0;;0,0;;;0,0;;;;;0,0;;;;;No;No;No;No;No;No;No;No;No;No
2551,0;Germán Valera;es ESP;MF,DF;Elche;es La Liga;24,0;2002,0;27,0;25,0;2129,0;23,7;4,0;3,0;7,0;4,0;0,0;0,0;3,0;0,0;0,3;21,0;7,0;33,3;0,89;0,3;0,19;0,57;72,0;33,0;14,0;55,0;0,0;29,0;0,0;;0,0;;;0,0;;;;;0,0;;;;;No;No;No;No;No;No;No;No;No;No
2552,0;Emanuele Valeri;it ITA;MF,DF;Parma;it Serie A;27,0;1998,0;25,0;21,0;1941,0;21,6;0,0;2,0;2,0;0,0;0,0;0,0;2,0;0,0;0,09;17,0;3,0;17,6;0,79;0,14;0,0;0,0;187,0;25,0;16,0;22,0;0,0;18,0;0,0;;0,0;;;0,0;;;;;0,0;;;;;No;No;No;No;No;No;No;No;No;No
2553,0;Martin Valjent;sk SVK;DF;Mallorca;es La Liga;30,0;1995,0;28,0;28,0;2520,0;28,0;0,0;0,0;0,0;0,0;0,0;0,0;4,0;0,0;0,0;14,0;7,0;50,0;0,5;0,25;0,0;0,0;2,0;21,0;15,0;9,0;0,0;27,0;0,0;;0,0;;;0,0;;;;;0,0;;;;;No;No;No;No;No;No;No;No;No;No
2554,0;Álex Valle;es ESP;DF;Como;it Serie A;21,0;2004,0;23,0;18,0;1653,0;18,4;0,0;4,0;4,0;0,0;0,0;0,0;2,0;0,0;0,22;10,0;1,0;10,0;0,54;0,05;0,0;0,0;36,0;27,0;22,0;15,0;0,0;31,0;0,0;;0,0;;;0,0;;;;;0,0;;;;;No;No;No;No;No;No;No;No;No;No
2555,0;Álvaro Vallés;es ESP;GK;Real Betis;es La Liga;28,0;1997,0;20,0;20,0;1800,0;20,0;0,0;0,0;0,0;0,0;0,0;0,0;1,0;0,0;0,0;0,0;0,0;0,0;0,0;0,0;0,0;0,0;0,0;0,0;0,0;3,0;0,0;0,0;0,0;26,0;1,3;84,0;60,0;70,2;7,0;9,0;4,0;6,0;30,0;3,0;1,0;1,0;1,0;No;No;No;No;No;No;No;No;No;No
2556,0;Federico Valverde;uy URU;MF,DF;Real Madrid;es La Liga;27,0;1998,0;27,0;25,0;2214,0;24,6;3,0;7,0;10,0;3,0;0,0;0,0;2,0;0,0;0,41;39,0;13,0;33,3;1,59;0,53;0,08;0,23;25,0;22,0;20,0;11,0;0,0;14,0;0,0;;0,0;;;0,0;;;;;0,0;;;;;No;No;No;No;No;No;No;No;No;No
2557,0;Ignace Van Der Brempt;be BEL;DF,MF;Como;it Serie A;23,0;2002,0;13,0;8,0;665,0;7,4;0,0;1,0;1,0;0,0;0,0;0,0;2,0;0,0;0,14;1,0;0,0;0,0;0,14;0,0;0,0;0,0;8,0;7,0;7,0;11,0;0,0;18,0;0,0;;0,0;;;0,0;;;;;0,0;;;;;No;No;No;No;No;No;No;No;No;No
2558,0;Virgil van Dijk;nl NED;DF;Liverpool;eng Premier League;34,0;1991,0;30,0;30,0;2700,0;30,0;3,0;0,0;3,0;3,0;0,0;0,0;4,0;0,0;0,1;22,0;10,0;45,5;0,73;0,33;0,14;0,3;1,0;13,0;16,0;15,0;0,0;13,0;0,0;;0,0;;;0,0;;;;;0,0;;;;;No;No;No;No;No;No;No;No;No;No
2559,0;Vladyslav Vanat;ua UKR;FW;Girona;es La Liga;24,0;2002,0;25,0;25,0;1857,0;20,6;9,0;1,0;10,0;6,0;3,0;3,0;4,0;0,0;0,34;27,0;18,0;66,7;1,31;0,87;0,22;0,33;5,0;3,0;2,0;16,0;0,0;28,0;0,0;;0,0;;;0,0;;;;;0,0;;;;;No;No;No;No;No;No;No;No;No;No
2560,0;Jari Vandeputte;be BEL;MF;Cremonese;it Serie A;30,0;1996,0;24,0;18,0;1495,0;16,6;0,0;4,0;4,0;0,0;0,0;0,0;2,0;0,0;0,24;15,0;5,0;33,3;0,9;0,3;0,0;0,0;123,0;19,0;17,0;22,0;0,0;24,0;0,0;;0,0;;;0,0;;;;;0,0;;;;;No;No;No;No;No;No;No;No;No;No
2561,0;Vanderson;br BRA;DF,MF;Monaco;fr Ligue 1;24,0;2001,0;14,0;7,0;616,0;6,8;0,0;2,0;2,0;0,0;0,0;0,0;4,0;0,0;0,29;3,0;0,0;0,0;0,44;0,0;0,0;0,0;33,0;13,0;19,0;2,0;0,0;15,0;0,0;;0,0;;;0,0;;;;;0,0;;;;;No;No;No;No;No;No;No;No;No;No
2562,0;Maarten Vandevoordt;be BEL;GK;RB Leipzig;de Bundesliga;24,0;2002,0;5,0;4,0;422,0;4,7;0,0;0,0;0,0;0,0;0,0;0,0;0,0;0,0;0,0;0,0;0,0;0,0;0,0;0,0;0,0;0,0;0,0;0,0;0,0;1,0;0,0;0,0;0,0;7,0;1,49;19,0;13,0;63,2;2,0;1,0;1,0;0,0;0,0;1,0;0,0;1,0;0,0;No;No;No;No;No;No;No;No;No;No
2563,0;Charles Vanhoutte;be BEL;MF;Nice;fr Ligue 1;27,0;1998,0;21,0;19,0;1606,0;17,8;0,0;2,0;2,0;0,0;0,0;0,0;7,0;0,0;0,11;3,0;1,0;33,3;0,17;0,06;0,0;0,0;13,0;24,0;19,0;7,0;0,0;30,0;0,0;;0,0;;;0,0;;;;;0,0;;;;;No;No;No;No;No;No;No;No;No;No
2564,0;Jamie Vardy;eng ENG;FW;Cremonese;it Serie A;39,0;1987,0;24,0;21,0;1803,0;20,0;5,0;1,0;6,0;5,0;0,0;0,0;4,0;0,0;0,3;26,0;12,0;46,2;1,3;0,6;0,19;0,42;13,0;8,0;3,0;18,0;0,0;17,0;0,0;;0,0;;;0,0;;;;;0,0;;;;;No;No;No;No;No;No;No;No;No;No
2565,0;Obed Vargas;mx MEX;MF;Atlético Madrid;es La Liga;20,0;2005,0;3,0;1,0;128,0;1,4;0,0;0,0;0,0;0,0;0,0;0,0;1,0;0,0;0,0;0,0;0,0;0,0;0,0;0,0;0,0;0,0;4,0;4,0;0,0;2,0;0,0;1,0;0,0;;0,0;;;0,0;;;;;0,0;;;;;No;No;No;No;No;No;No;No;No;No
2566,0;Ruben Vargas;ch SUI;MF;Sevilla;es La Liga;27,0;1998,0;14,0;11,0;916,0;10,2;3,0;4,0;7,0;2,0;1,0;1,0;1,0;0,0;0,59;23,0;6,0;26,1;2,26;0,59;0,09;0,33;36,0;9,0;6,0;9,0;0,0;7,0;0,0;;0,0;;;0,0;;;;;0,0;;;;;No;No;No;No;No;No;No;No;No;No
2567,0;Nikola Vasilj;ba BIH;GK;St Pauli;de Bundesliga;30,0;1995,0;26,0;26,0;2340,0;26,0;0,0;0,0;0,0;0,0;0,0;0,0;0,0;0,0;0,0;0,0;0,0;0,0;0,0;0,0;0,0;0,0;0,0;1,0;1,0;1,0;0,0;0,0;0,0;42,0;1,62;129,0;91,0;69,0;6,0;6,0;14,0;5,0;19,2;4,0;2,0;2,0;0,0;No;No;No;No;No;No;No;No;No;No
2568,0;Johan Vásquez;mx MEX;DF;Genoa;it Serie A;27,0;1998,0;29,0;29,0;2592,0;28,8;0,0;0,0;0,0;0,0;0,0;0,0;2,0;0,0;0,0;22,0;5,0;22,7;0,76;0,17;0,0;0,0;12,0;25,0;37,0;33,0;0,0;21,0;0,0;;0,0;;;0,0;;;;;0,0;;;;;No;No;No;No;No;No;No;No;No;No
2569,0;Denis Vavro;sk SVK;DF;Wolfsburg;de Bundesliga;29,0;1996,0;10,0;6,0;558,0;6,2;1,0;0,0;1,0;1,0;0,0;0,0;1,0;0,0;0,16;6,0;3,0;50,0;0,97;0,48;0,17;0,33;2,0;4,0;3,0;4,0;0,0;5,0;0,0;;0,0;;;0,0;;;;;0,0;;;;;No;No;No;No;No;No;No;No;No;No
2570,0;José Luis García Vayá;es ESP;MF;Valencia;es La Liga;27,0;1998,0;22,0;20,0;1701,0;18,9;2,0;0,0;2,0;1,0;1,0;3,0;3,0;0,0;0,05;22,0;3,0;13,6;1,16;0,16;0,05;0,33;42,0;25,0;15,0;11,0;0,0;27,0;0,0;;0,0;;;0,0;;;;;0,0;;;;;No;No;No;No;No;No;No;No;Sí;No
2571,0;Robinio Vaz;fr FRA;FW;Marseille;fr Ligue 1;19,0;2007,0;14,0;3,0;379,0;4,2;4,0;2,0;6,0;4,0;0,0;0,0;2,0;0,0;1,42;8,0;6,0;75,0;1,9;1,42;0,5;0,67;4,0;4,0;3,0;9,0;0,0;8,0;0,0;;0,0;;;0,0;;;;;0,0;;;;;No;No;No;No;No;No;No;No;No;No
2572,0;Robinio Vaz;fr FRA;FW;Roma;it Serie A;19,0;2007,0;6,0;0,0;98,0;1,1;0,0;0,0;0,0;0,0;0,0;0,0;0,0;0,0;0,0;3,0;1,0;33,3;2,76;0,92;0,0;0,0;0,0;0,0;1,0;6,0;0,0;1,0;0,0;;0,0;;;0,0;;;;;0,0;;;;;No;No;No;No;No;No;No;No;No;No
2573,0;Franco Vázquez;ar ARG;FW,MF;Cremonese;it Serie A;37,0;1989,0;15,0;4,0;524,0;5,8;1,0;1,0;2,0;1,0;0,0;0,0;1,0;0,0;0,34;12,0;4,0;33,3;2,06;0,69;0,08;0,25;19,0;12,0;4,0;16,0;0,0;9,0;0,0;;0,0;;;0,0;;;;;0,0;;;;;No;No;No;No;No;No;No;No;No;No
2574,0;Jesus Vazquez;es ESP;DF,MF;Valencia;es La Liga;23,0;2003,0;16,0;5,0;676,0;7,5;0,0;0,0;0,0;0,0;0,0;0,0;2,0;0,0;0,0;6,0;2,0;33,3;0,8;0,27;0,0;0,0;19,0;6,0;1,0;6,0;0,0;14,0;0,0;;0,0;;;0,0;;;;;0,0;;;;;No;No;No;No;No;No;No;No;No;No
2575,0;Lucas Vázquez;es ESP;MF;Leverkusen;de Bundesliga;34,0;1991,0;9,0;5,0;393,0;4,4;1,0;2,0;3,0;1,0;0,0;0,0;2,0;0,0;0,69;3,0;1,0;33,3;0,69;0,23;0,33;1,0;12,0;4,0;2,0;8,0;0,0;6,0;0,0;;0,0;;;0,0;;;;;0,0;;;;;No;No;No;No;No;No;No;No;No;No
2576,0;Luis Vázquez;ar ARG;FW;Getafe;es La Liga;25,0;2001,0;8,0;8,0;620,0;6,9;2,0;0,0;2,0;2,0;0,0;0,0;0,0;0,0;0,29;11,0;5,0;45,5;1,6;0,73;0,18;0,4;2,0;2,0;2,0;17,0;0,0;8,0;0,0;;0,0;;;0,0;;;;;0,0;;;;;No;No;No;No;No;No;No;No;No;No
2577,0;Matías Vecino;uy URU;MF;Lazio;it Serie A;34,0;1991,0;13,0;5,0;603,0;6,7;0,0;1,0;1,0;0,0;0,0;0,0;1,0;0,0;0,15;7,0;1,0;14,3;1,04;0,15;0,0;0,0;0,0;9,0;7,0;3,0;0,0;8,0;0,0;;0,0;;;0,0;;;;;0,0;;;;;No;No;No;No;No;No;No;No;No;No
2578,0;Matías Vecino;uy URU;MF;Celta Vigo;es La Liga;34,0;1991,0;3,0;1,0;72,0;0,8;0,0;0,0;0,0;0,0;0,0;0,0;0,0;0,0;0,0;2,0;0,0;0,0;2,5;0,0;0,0;0,0;1,0;3,0;2,0;0,0;0,0;2,0;0,0;;0,0;;;0,0;;;;;0,0;;;;;No;No;No;No;No;No;No;No;No;No
2579,0;Danilo Veiga;pt POR;DF;Lecce;it Serie A;23,0;2002,0;27,0;24,0;2261,0;25,1;0,0;1,0;1,0;0,0;0,0;0,0;6,0;0,0;0,04;6,0;2,0;33,3;0,24;0,08;0,0;0,0;60,0;44,0;22,0;33,0;0,0;27,0;0,0;;0,0;;;0,0;;;;;0,0;;;;;No;No;No;No;No;No;No;No;No;No
2580,0;Renato Veiga;pt POR;DF;Villarreal;es La Liga;22,0;2003,0;24,0;19,0;1761,0;19,6;0,0;0,0;0,0;0,0;0,0;0,0;3,0;1,0;0,0;8,0;3,0;37,5;0,41;0,15;0,0;0,0;2,0;5,0;18,0;4,0;0,0;15,0;0,0;;0,0;;;0,0;;;;;0,0;;;;;No;No;No;No;No;No;No;No;No;No
2581,0;Joël Veltman;nl NED;DF;Brighton;eng Premier League;34,0;1992,0;18,0;8,0;849,0;9,4;1,0;0,0;1,0;1,0;0,0;0,0;4,0;0,0;0,11;3,0;1,0;33,3;0,32;0,11;0,33;1,0;11,0;17,0;18,0;19,0;0,0;9,0;0,0;;0,0;;;0,0;;;;;0,0;;;;;No;No;No;No;No;No;No;No;No;No
2582,0;Micky van de Ven;nl NED;DF;Tottenham Hotspur;eng Premier League;24,0;2001,0;27,0;27,0;2366,0;26,3;4,0;1,0;5,0;4,0;0,0;0,0;7,0;1,0;0,19;15,0;6,0;40,0;0,57;0,23;0,27;0,67;2,0;16,0;20,0;16,0;0,0;21,0;0,0;;0,0;;;0,0;;;;;0,0;;;;;No;No;No;No;No;No;No;No;No;No
2583,0;Unai Vencedor Paris;es ESP;MF;Levante;es La Liga;25,0;2000,0;16,0;11,0;812,0;9,0;0,0;0,0;0,0;0,0;0,0;0,0;3,0;1,0;0,0;0,0;0,0;0,0;0,0;0,0;0,0;0,0;23,0;13,0;4,0;8,0;0,0;25,0;0,0;;0,0;;;0,0;;;;;0,0;;;;;No;No;No;No;No;No;No;No;No;No
2584,0;Lorenzo Venturino;it ITA;FW;Genoa;it Serie A;19,0;2006,0;2,0;0,0;40,0;0,4;0,0;0,0;0,0;0,0;0,0;0,0;0,0;0,0;0,0;1,0;1,0;100,0;2,25;2,25;0,0;0,0;8,0;0,0;0,0;0,0;0,0;1,0;0,0;;0,0;;;0,0;;;;;0,0;;;;;No;No;No;No;No;No;No;No;No;No
2585,0;Lorenzo Venturino;it ITA;MF;Roma;it Serie A;19,0;2006,0;6,0;1,0;143,0;1,6;0,0;0,0;0,0;0,0;0,0;0,0;0,0;0,0;0,0;2,0;0,0;0,0;1,26;0,0;0,0;0,0;17,0;0,0;0,0;1,0;0,0;0,0;0,0;;0,0;;;0,0;;;;;0,0;;;;;No;No;No;No;No;No;No;No;No;No
2586,0;Nikolas Veratschnig;at AUT;MF,DF;Mainz 05;de Bundesliga;23,0;2003,0;16,0;4,0;446,0;5,0;0,0;1,0;1,0;0,0;0,0;0,0;2,0;0,0;0,2;3,0;1,0;33,3;0,61;0,2;0,0;0,0;15,0;4,0;8,0;7,0;0,0;10,0;0,0;;0,0;;;0,0;;;;;0,0;;;;;No;No;No;No;No;No;No;No;No;No
2587,0;Bart Verbruggen;nl NED;GK;Brighton;eng Premier League;23,0;2002,0;30,0;30,0;2700,0;30,0;0,0;0,0;0,0;0,0;0,0;0,0;3,0;0,0;0,0;0,0;0,0;0,0;0,0;0,0;0,0;0,0;0,0;1,0;0,0;2,0;0,0;2,0;1,0;36,0;1,2;112,0;80,0;72,3;10,0;10,0;10,0;7,0;23,3;6,0;5,0;1,0;0,0;No;No;No;No;No;No;No;No;No;No
2588,0;Calvin Verdonk;id IDN;DF;Lille;fr Ligue 1;28,0;1997,0;12,0;6,0;640,0;7,1;0,0;0,0;0,0;0,0;0,0;0,0;2,0;1,0;0,0;2,0;0,0;0,0;0,28;0,0;0,0;0,0;25,0;7,0;11,0;3,0;0,0;12,0;0,0;;0,0;;;0,0;;;;;0,0;;;;;No;No;No;No;No;No;No;No;No;No
2589,0;Antonio Vergara;it ITA;MF;Napoli;it Serie A;23,0;2003,0;11,0;8,0;601,0;6,7;1,0;2,0;3,0;1,0;0,0;0,0;2,0;0,0;0,45;10,0;3,0;30,0;1,5;0,45;0,1;0,33;11,0;9,0;4,0;20,0;0,0;16,0;0,0;;0,0;;;0,0;;;;;0,0;;;;;No;No;No;No;No;No;No;No;No;No
2590,0;Arthur Vermeeren;be BEL;MF;Marseille;fr Ligue 1;21,0;2005,0;14,0;8,0;624,0;6,9;0,0;1,0;1,0;0,0;0,0;0,0;1,0;1,0;0,14;2,0;0,0;0,0;0,29;0,0;0,0;0,0;3,0;8,0;5,0;1,0;0,0;12,0;0,0;;0,0;;;0,0;;;;;0,0;;;;;No;No;No;No;No;No;No;No;No;No
2591,0;Ioan Vermeșan;ro ROU;FW;Hellas Verona;it Serie A;19,0;2006,0;1,0;0,0;9,0;0,1;0,0;0,0;0,0;0,0;0,0;0,0;0,0;0,0;0,0;0,0;0,0;0,0;0,0;0,0;0,0;0,0;0,0;0,0;0,0;0,0;0,0;0,0;0,0;;0,0;;;0,0;;;;;0,0;;;;;No;No;No;No;No;No;No;No;No;No
2592,0;Jozhua Vertrouwd;nl NED;DF;Rayo Vallecano;es La Liga;21,0;2004,0;7,0;1,0;276,0;3,1;0,0;0,0;0,0;0,0;0,0;0,0;0,0;0,0;0,0;1,0;0,0;0,0;0,33;0,0;0,0;0,0;0,0;2,0;3,0;2,0;0,0;2,0;1,0;;0,0;;;0,0;;;;;0,0;;;;;No;No;No;No;No;No;No;No;No;No
2593,0;Mikel Vesga;es ESP;MF;Athletic Club;es La Liga;32,0;1993,0;18,0;1,0;362,0;4,0;0,0;0,0;0,0;0,0;0,0;0,0;0,0;0,0;0,0;2,0;0,0;0,0;0,5;0,0;0,0;0,0;2,0;9,0;9,0;7,0;0,0;8,0;0,0;;0,0;;;0,0;;;;;0,0;;;;;No;No;No;No;No;No;No;No;No;No
2594,0;Guglielmo Vicario;it ITA;GK;Tottenham Hotspur;eng Premier League;29,0;1996,0;30,0;30,0;2700,0;30,0;0,0;0,0;0,0;0,0;0,0;0,0;1,0;0,0;0,0;0,0;0,0;0,0;0,0;0,0;0,0;0,0;0,0;1,0;0,0;3,0;0,0;0,0;0,0;47,0;1,57;124,0;79,0;63,7;7,0;9,0;14,0;7,0;23,3;2,0;2,0;0,0;0,0;No;No;No;No;No;No;No;No;No;No
2595,0;Carlos Vicente;es ESP;MF;Alavés;es La Liga;26,0;1999,0;21,0;11,0;1258,0;14,0;5,0;0,0;5,0;2,0;3,0;3,0;1,0;0,0;0,14;12,0;6,0;50,0;0,86;0,43;0,17;0,33;128,0;18,0;7,0;42,0;0,0;12,0;0,0;;0,0;;;0,0;;;;;0,0;;;;;No;No;No;No;No;No;No;No;No;No
2596,0;Nacho Vidal;es ESP;DF;Oviedo;es La Liga;31,0;1995,0;19,0;18,0;1496,0;16,6;0,0;0,0;0,0;0,0;0,0;0,0;4,0;0,0;0,0;8,0;3,0;37,5;0,48;0,18;0,0;0,0;26,0;24,0;18,0;22,0;0,0;20,0;0,0;;0,0;;;0,0;;;;;0,0;;;;;No;No;No;No;No;No;No;No;No;No
2597,0;Fabio Vieira;pt POR;MF,FW;Hamburger SV;de Bundesliga;25,0;2000,0;21,0;17,0;1525,0;16,9;5,0;4,0;9,0;4,0;1,0;1,0;4,0;2,0;0,47;42,0;13,0;31,0;2,48;0,77;0,1;0,31;35,0;4,0;12,0;26,0;1,0;13,0;0,0;;0,0;;;0,0;;;;;0,0;;;;;No;No;No;No;No;No;No;No;No;No
2598,0;Julián Vignolo;ar ARG;MF;Toulouse;fr Ligue 1;19,0;2006,0;12,0;1,0;194,0;2,2;2,0;0,0;2,0;2,0;0,0;0,0;0,0;0,0;0,93;8,0;7,0;87,5;3,71;3,25;0,25;0,29;10,0;3,0;0,0;1,0;0,0;3,0;0,0;;0,0;;;0,0;;;;;0,0;;;;;No;No;No;No;No;No;No;No;No;No
2599,0;Gonzalo Villar;es ESP;MF;Elche;es La Liga;27,0;1998,0;2,0;0,0;35,0;0,4;0,0;0,0;0,0;0,0;0,0;0,0;1,0;0,0;0,0;0,0;0,0;0,0;0,0;0,0;0,0;0,0;0,0;0,0;0,0;1,0;0,0;1,0;0,0;;0,0;;;0,0;;;;;0,0;;;;;No;No;No;No;No;No;No;No;No;No
2600,0;Federico Viñas;uy URU;FW,MF;Oviedo;es La Liga;27,0;1998,0;24,0;19,0;1698,0;18,9;5,0;1,0;6,0;4,0;1,0;1,0;4,0;3,0;0,27;39,0;17,0;43,6;2,07;0,9;0,1;0,24;3,0;24,0;10,0;50,0;1,0;34,0;0,0;;0,0;;;0,0;;;;;0,0;;;;;No;No;No;No;No;No;No;No;No;No
2601,0;Jan Virgili;es ESP;MF,FW;Mallorca;es La Liga;19,0;2006,0;22,0;17,0;1445,0;16,1;0,0;4,0;4,0;0,0;0,0;0,0;0,0;1,0;0,25;26,0;11,0;42,3;1,62;0,69;0,0;0,0;30,0;8,0;5,0;21,0;0,0;14,0;0,0;;0,0;;;0,0;;;;;0,0;;;;;No;No;No;No;No;No;No;No;No;No
2602,0;Mattia Viti;it ITA;MF,DF;Fiorentina;it Serie A;24,0;2002,0;10,0;2,0;265,0;2,9;0,0;0,0;0,0;0,0;0,0;0,0;3,0;1,0;0,0;0,0;0,0;0,0;0,0;0,0;0,0;0,0;0,0;4,0;3,0;4,0;1,0;9,0;0,0;;0,0;;;0,0;;;;;0,0;;;;;No;No;No;No;No;No;No;No;No;No
2603,0;Martin Vitík;cz CZE;DF;Bologna;it Serie A;23,0;2003,0;16,0;12,0;1131,0;12,6;0,0;0,0;0,0;0,0;0,0;0,0;3,0;0,0;0,0;6,0;0,0;0,0;0,48;0,0;0,0;0,0;2,0;15,0;6,0;3,0;0,0;19,0;0,0;;0,0;;;0,0;;;;;0,0;;;;;No;No;No;No;No;No;No;No;No;No
2604,0;Vitinha;pt POR;MF;Paris Saint-Germain;fr Ligue 1;26,0;2000,0;24,0;21,0;1855,0;20,6;1,0;7,0;8,0;1,0;0,0;0,0;2,0;0,0;0,39;31,0;10,0;32,3;1,5;0,49;0,03;0,1;19,0;17,0;24,0;19,0;0,0;13,0;0,0;;0,0;;;0,0;;;;;0,0;;;;;No;No;No;No;No;No;No;No;No;No
2605,0;Vitinha;pt POR;FW,MF;Genoa;it Serie A;26,0;2000,0;27,0;21,0;1623,0;18,0;5,0;1,0;6,0;5,0;0,0;0,0;4,0;0,0;0,33;48,0;16,0;33,3;2,66;0,89;0,1;0,31;55,0;21,0;11,0;54,0;0,0;27,0;0,0;;0,0;;;0,0;;;;;0,0;;;;;No;No;No;No;No;No;No;No;No;No
2606,0;Rayan Vitor;br BRA;MF;Bournemouth;eng Premier League;19,0;2006,0;7,0;6,0;537,0;6,0;2,0;1,0;3,0;2,0;0,0;0,0;1,0;0,0;0,5;12,0;3,0;25,0;2,01;0,5;0,17;0,67;15,0;2,0;1,0;4,0;0,0;3,0;0,0;;0,0;;;0,0;;;;;0,0;;;;;No;No;No;No;No;No;No;No;No;No
2607,0;Daniel Vivian;es ESP;DF;Athletic Club;es La Liga;26,0;1999,0;23,0;22,0;2008,0;22,3;0,0;0,0;0,0;0,0;0,0;0,0;8,0;1,0;0,0;13,0;4,0;30,8;0,58;0,18;0,0;0,0;6,0;29,0;30,0;12,0;0,0;35,0;0,0;;0,0;;;0,0;;;;;0,0;;;;;No;Sí;Sí;Sí;Sí;No;Sí;Sí;Sí;Sí
2608,0;Odysseas Vlachodimos;gr GRE;GK;Sevilla;es La Liga;31,0;1994,0;24,0;24,0;2160,0;24,0;0,0;0,0;0,0;0,0;0,0;0,0;1,0;0,0;0,0;0,0;0,0;0,0;0,0;0,0;0,0;0,0;0,0;0,0;1,0;0,0;0,0;0,0;0,0;40,0;1,67;101,0;70,0;68,3;7,0;6,0;11,0;4,0;16,7;10,0;8,0;1,0;1,0;No;No;No;No;No;No;No;No;No;No
2609,0;Dušan Vlahović;rs SRB;FW;Juventus;it Serie A;26,0;2000,0;13,0;8,0;680,0;7,6;3,0;1,0;4,0;2,0;1,0;1,0;0,0;0,0;0,4;30,0;11,0;36,7;3,97;1,46;0,07;0,18;3,0;3,0;2,0;15,0;0,0;7,0;0,0;;0,0;;;0,0;;;;;0,0;;;;;No;No;No;No;No;No;No;No;No;No
2610,0;Nikola Vlašić;hr CRO;MF,FW;Torino;it Serie A;28,0;1997,0;28,0;27,0;2248,0;25,0;6,0;3,0;9,0;3,0;3,0;3,0;7,0;0,0;0,24;36,0;14,0;38,9;1,44;0,56;0,08;0,21;36,0;28,0;16,0;37,0;0,0;34,0;0,0;;0,0;;;0,0;;;;;0,0;;;;;No;No;No;No;No;No;No;No;No;No
2611,0;Mërgim Vojvoda;xk KVX;MF,DF;Como;it Serie A;31,0;1995,0;25,0;18,0;1456,0;16,2;2,0;2,0;4,0;2,0;0,0;0,0;2,0;0,0;0,25;17,0;7,0;41,2;1,05;0,43;0,12;0,29;52,0;4,0;13,0;11,0;0,0;15,0;0,0;;0,0;;;0,0;;;;;0,0;;;;;No;No;No;No;No;No;No;No;No;No
2612,0;Cristian Volpato;it ITA;FW;Sassuolo;it Serie A;22,0;2003,0;15,0;6,0;667,0;7,4;1,0;4,0;5,0;1,0;0,0;0,0;2,0;0,0;0,67;11,0;4,0;36,4;1,48;0,54;0,09;0,25;36,0;6,0;3,0;5,0;0,0;11,0;0,0;;0,0;;;0,0;;;;;0,0;;;;;No;No;No;No;No;No;No;No;No;No
2613,0;Alexis Vossah;fr FRA;MF;Toulouse;fr Ligue 1;18,0;2008,0;18,0;8,0;767,0;8,5;1,0;1,0;2,0;1,0;0,0;0,0;3,0;1,0;0,23;8,0;2,0;25,0;0,94;0,23;0,13;0,5;5,0;5,0;5,0;7,0;0,0;14,0;0,0;;0,0;;;0,0;;;;;0,0;;;;;No;No;No;No;No;No;No;No;No;No
2614,0;Aster Vranckx;be BEL;MF;Sassuolo;it Serie A;23,0;2002,0;14,0;8,0;609,0;6,8;0,0;0,0;0,0;0,0;0,0;0,0;2,0;0,0;0,0;3,0;1,0;33,3;0,44;0,15;0,0;0,0;5,0;6,0;0,0;17,0;0,0;14,0;0,0;;0,0;;;0,0;;;;;0,0;;;;;No;No;No;No;No;No;No;No;No;No
2615,0;Stefan de Vrij;nl NED;DF;Inter;it Serie A;34,0;1992,0;8,0;5,0;410,0;4,6;0,0;0,0;0,0;0,0;0,0;0,0;1,0;0,0;0,0;5,0;2,0;40,0;1,1;0,44;0,0;0,0;0,0;7,0;1,0;1,0;0,0;3,0;0,0;;0,0;;;0,0;;;;;0,0;;;;;No;No;No;No;No;No;No;No;No;No
2616,0;İsak Vural;tr TUR;MF;Pisa;it Serie A;19,0;2006,0;9,0;5,0;434,0;4,8;0,0;0,0;0,0;0,0;0,0;0,0;3,0;0,0;0,0;3,0;0,0;0,0;0,62;0,0;0,0;0,0;5,0;3,0;2,0;21,0;0,0;9,0;0,0;;0,0;;;0,0;;;;;0,0;;;;;No;No;No;No;No;No;No;No;No;No
2617,0;Luka Vušković;hr CRO;DF;Hamburger SV;de Bundesliga;19,0;2007,0;23,0;23,0;2070,0;23,0;5,0;0,0;5,0;4,0;1,0;1,0;5,0;0,0;0,17;28,0;8,0;28,6;1,22;0,35;0,14;0,5;2,0;14,0;28,0;27,0;0,0;22,0;0,0;;0,0;;;0,0;;;;;0,0;;;;;No;No;No;No;No;No;No;No;No;No
2618,0;Yannik Wagner;de GER;FW;Heidenheim;de Bundesliga;18,0;2007,0;4,0;0,0;49,0;0,5;0,0;0,0;0,0;0,0;0,0;0,0;0,0;0,0;0,0;1,0;0,0;0,0;1,84;0,0;0,0;0,0;2,0;0,0;0,0;0,0;0,0;0,0;0,0;;0,0;;;0,0;;;;;0,0;;;;;No;No;No;No;No;No;No;No;No;No
2619,0;Elye Wahi;fr FRA;FW;Nice;fr Ligue 1;23,0;2003,0;7,0;5,0;400,0;4,4;4,0;1,0;5,0;4,0;0,0;0,0;2,0;0,0;1,13;14,0;10,0;71,4;3,15;2,25;0,29;0,4;6,0;0,0;1,0;2,0;0,0;12,0;0,0;;0,0;;;0,0;;;;;0,0;;;;;No;No;No;No;No;No;No;No;No;No
2620,0;Elye Wahi;fr FRA;FW;Eintracht Frankfurt;de Bundesliga;23,0;2003,0;10,0;3,0;324,0;3,6;0,0;1,0;1,0;0,0;0,0;0,0;1,0;0,0;0,28;7,0;3,0;42,9;1,94;0,83;0,0;0,0;5,0;1,0;0,0;4,0;0,0;2,0;0,0;;0,0;;;0,0;;;;;0,0;;;;;No;No;No;No;No;No;No;No;No;No
2621,0;Hauke Wahl;de GER;DF;St Pauli;de Bundesliga;31,0;1994,0;22,0;22,0;1935,0;21,5;2,0;0,0;2,0;2,0;0,0;0,0;1,0;0,0;0,09;6,0;4,0;66,7;0,28;0,19;0,33;0,5;9,0;29,0;23,0;11,0;0,0;9,0;0,0;;0,0;;;0,0;;;;;0,0;;;;;No;No;No;No;No;No;No;No;No;No
2622,0;Luca Waldschmidt;de GER;FW,MF;Köln;de Bundesliga;29,0;1996,0;17,0;6,0;514,0;5,7;3,0;3,0;6,0;2,0;1,0;1,0;0,0;0,0;0,88;14,0;7,0;50,0;2,45;1,23;0,14;0,29;14,0;2,0;1,0;5,0;0,0;3,0;0,0;;0,0;;;0,0;;;;;0,0;;;;;No;No;No;No;No;No;No;No;No;No
2623,0;Kyle Walker;eng ENG;DF,MF;Burnley;eng Premier League;35,0;1990,0;28,0;28,0;2461,0;27,3;0,0;2,0;2,0;0,0;0,0;0,0;8,0;0,0;0,07;3,0;0,0;0,0;0,11;0,0;0,0;0,0;29,0;21,0;34,0;18,0;0,0;27,0;0,0;;0,0;;;0,0;;;;;0,0;;;;;No;No;No;No;No;No;No;No;No;No
2624,0;Kyle Walker-Peters;eng ENG;DF;West Ham United;eng Premier League;28,0;1997,0;18,0;10,0;959,0;10,7;1,0;0,0;1,0;1,0;0,0;0,0;2,0;0,0;0,09;5,0;3,0;60,0;0,47;0,28;0,2;0,33;9,0;23,0;7,0;18,0;0,0;9,0;0,0;;0,0;;;0,0;;;;;0,0;;;;;No;No;No;No;No;No;No;No;No;No
2625,0;Sebastian Walukiewicz;pl POL;DF;Sassuolo;it Serie A;25,0;2000,0;27,0;26,0;2246,0;25,0;0,0;1,0;1,0;0,0;0,0;0,0;6,0;0,0;0,04;6,0;0,0;0,0;0,24;0,0;0,0;0,0;43,0;26,0;18,0;10,0;0,0;27,0;0,0;;0,0;;;0,0;;;;;0,0;;;;;No;No;No;No;No;No;No;No;No;No
2626,0;Aaron Wan-Bissaka;cd COD;DF,MF;West Ham United;eng Premier League;28,0;1997,0;21,0;20,0;1821,0;20,2;0,0;2,0;2,0;0,0;0,0;0,0;3,0;0,0;0,1;0,0;0,0;0,0;0,0;0,0;0,0;0,0;40,0;21,0;38,0;12,0;0,0;21,0;0,0;;0,0;;;0,0;;;;;0,0;;;;;No;No;No;No;No;No;No;No;No;No
2627,0;James Ward-Prowse;eng ENG;MF;West Ham United;eng Premier League;31,0;1994,0;5,0;5,0;413,0;4,6;0,0;0,0;0,0;0,0;0,0;0,0;0,0;0,0;0,0;2,0;0,0;0,0;0,44;0,0;0,0;0,0;22,0;2,0;6,0;2,0;0,0;4,0;0,0;;0,0;;;0,0;;;;;0,0;;;;;No;No;No;No;No;No;No;No;No;No
2628,0;James Ward-Prowse;eng ENG;MF;Burnley;eng Premier League;31,0;1994,0;5,0;2,0;240,0;2,7;0,0;1,0;1,0;0,0;0,0;0,0;0,0;0,0;0,37;0,0;0,0;0,0;0,0;0,0;0,0;0,0;22,0;2,0;3,0;4,0;0,0;2,0;0,0;;0,0;;;0,0;;;;;0,0;;;;;No;No;No;No;No;No;No;No;No;No
2629,0;Ollie Watkins;eng ENG;FW;Aston Villa;eng Premier League;30,0;1995,0;29,0;26,0;2207,0;24,5;8,0;1,0;9,0;8,0;0,0;0,0;3,0;0,0;0,37;57,0;25,0;43,9;2,32;1,02;0,14;0,32;5,0;11,0;5,0;26,0;0,0;28,0;0,0;;0,0;;;0,0;;;;;0,0;;;;;No;No;No;No;No;No;No;No;No;No
2630,0;Tom Watson;eng ENG;MF;Brighton;eng Premier League;19,0;2006,0;6,0;0,0;62,0;0,7;0,0;0,0;0,0;0,0;0,0;0,0;1,0;0,0;0,0;1,0;1,0;100,0;1,45;1,45;0,0;0,0;0,0;1,0;0,0;0,0;0,0;3,0;0,0;;0,0;;;0,0;;;;;0,0;;;;;No;No;No;No;No;No;No;No;No;No
2631,0;Timothy Weah;us USA;MF,DF;Marseille;fr Ligue 1;26,0;2000,0;23,0;21,0;1763,0;19,6;2,0;2,0;4,0;2,0;0,0;0,0;3,0;0,0;0,2;21,0;8,0;38,1;1,07;0,41;0,1;0,25;46,0;27,0;11,0;17,0;0,0;28,0;0,0;;0,0;;;0,0;;;;;0,0;;;;;No;No;No;No;No;No;No;No;No;No
2632,0;Tobias Weigel;de GER;FW;Heidenheim;de Bundesliga;18,0;2007,0;1,0;0,0;2,0;0,0;0,0;0,0;0,0;0,0;0,0;0,0;0,0;0,0;0,0;0,0;0,0;0,0;0,0;0,0;0,0;0,0;0,0;0,0;0,0;0,0;0,0;0,0;0,0;;0,0;;;0,0;;;;;0,0;;;;;No;No;No;No;No;No;No;No;No;No
2633,0;Nelson Weiper;de GER;FW;Mainz 05;de Bundesliga;21,0;2005,0;17,0;3,0;489,0;5,4;0,0;0,0;0,0;0,0;0,0;0,0;1,0;0,0;0,0;11,0;5,0;45,5;2,02;0,92;0,0;0,0;5,0;2,0;3,0;2,0;0,0;5,0;0,0;;0,0;;;0,0;;;;;0,0;;;;;No;No;No;No;No;No;No;No;No;No
2634,0;Danny Welbeck;eng ENG;FW;Brighton;eng Premier League;35,0;1990,0;29,0;19,0;1744,0;19,4;10,0;0,0;10,0;9,0;1,0;3,0;4,0;0,0;0,46;40,0;18,0;45,0;2,06;0,93;0,23;0,5;3,0;11,0;7,0;7,0;0,0;23,0;0,0;;0,0;;;0,0;;;;;0,0;;;;;No;No;No;No;No;No;No;No;No;No
2635,0;Timo Werner;de GER;FW,MF;RB Leipzig;de Bundesliga;30,0;1996,0;3,0;0,0;14,0;0,2;0,0;0,0;0,0;0,0;0,0;0,0;0,0;0,0;0,0;0,0;0,0;0,0;0,0;0,0;0,0;0,0;2,0;0,0;0,0;0,0;0,0;0,0;0,0;;0,0;;;0,0;;;;;0,0;;;;;No;No;No;No;No;No;No;No;No;No
2636,0;Wesley;br BRA;MF;Roma;it Serie A;22,0;2003,0;26,0;24,0;2109,0;23,4;4,0;0,0;4,0;4,0;0,0;0,0;7,0;1,0;0,17;22,0;10,0;45,5;0,94;0,43;0,18;0,4;84,0;39,0;18,0;50,0;1,0;31,0;0,0;;0,0;;;0,0;;;;;0,0;;;;;No;No;No;No;No;No;No;No;No;No
2637,0;Wesley;br BRA;MF;Real Sociedad;es La Liga;21,0;2005,0;3,0;1,0;66,0;0,7;0,0;0,0;0,0;0,0;0,0;0,0;0,0;0,0;0,0;0,0;0,0;0,0;0,0;0,0;0,0;0,0;1,0;0,0;0,0;0,0;0,0;2,0;0,0;;0,0;;;0,0;;;;;0,0;;;;;No;No;No;No;No;No;No;No;No;No
2638,0;Adam Wharton;eng ENG;MF;Crystal Palace;eng Premier League;22,0;2004,0;27,0;26,0;2163,0;24,0;0,0;5,0;5,0;0,0;0,0;0,0;6,0;1,0;0,21;26,0;4,0;15,4;1,08;0,17;0,0;0,0;74,0;33,0;22,0;26,0;1,0;29,0;0,0;;0,0;;;0,0;;;;;0,0;;;;;No;No;No;No;No;No;No;No;No;No
2639,0;Ben White;eng ENG;DF;Arsenal;eng Premier League;28,0;1997,0;7,0;5,0;411,0;4,6;0,0;1,0;1,0;0,0;0,0;0,0;0,0;0,0;0,22;4,0;1,0;25,0;0,88;0,22;0,0;0,0;13,0;7,0;3,0;4,0;0,0;5,0;0,0;;0,0;;;0,0;;;;;0,0;;;;;No;No;No;No;No;No;No;No;No;No
2640,0;Silvan Widmer;ch SUI;MF;Mainz 05;de Bundesliga;33,0;1993,0;20,0;17,0;1409,0;15,7;2,0;0,0;2,0;2,0;0,0;0,0;5,0;0,0;0,13;17,0;3,0;17,6;1,09;0,19;0,12;0,67;25,0;24,0;14,0;10,0;0,0;13,0;0,0;;0,0;;;0,0;;;;;0,0;;;;;No;No;No;No;No;No;No;No;No;No
2641,0;Mats Wieffer;nl NED;DF;Brighton;eng Premier League;26,0;1999,0;20,0;17,0;1481,0;16,5;0,0;3,0;3,0;0,0;0,0;0,0;6,0;0,0;0,18;14,0;4,0;28,6;0,85;0,24;0,0;0,0;9,0;36,0;23,0;16,0;0,0;25,0;0,0;;0,0;;;0,0;;;;;0,0;;;;;No;No;No;No;No;No;No;No;No;No
2642,0;Iñaki Williams;gh GHA;MF,FW;Athletic Club;es La Liga;31,0;1994,0;20,0;16,0;1400,0;15,6;2,0;2,0;4,0;1,0;1,0;1,0;1,0;0,0;0,19;43,0;14,0;32,6;2,76;0,9;0,02;0,07;39,0;7,0;2,0;19,0;0,0;17,0;0,0;;0,0;;;0,0;;;;;0,0;;;;;No;No;No;No;No;No;No;No;No;No
2643,0;Neco Williams;wls WAL;DF;Nottingham Forest;eng Premier League;24,0;2001,0;29,0;29,0;2528,0;28,1;1,0;1,0;2,0;1,0;0,0;0,0;5,0;1,0;0,07;33,0;13,0;39,4;1,17;0,46;0,03;0,08;101,0;49,0;32,0;46,0;0,0;22,0;0,0;;0,0;;;0,0;;;;;0,0;;;;;No;No;No;No;No;No;No;No;No;No
2644,0;Nico Williams;es ESP;MF;Athletic Club;es La Liga;23,0;2002,0;19,0;15,0;1308,0;14,5;4,0;2,0;6,0;3,0;1,0;2,0;1,0;0,0;0,34;37,0;13,0;35,1;2,55;0,89;0,08;0,23;50,0;6,0;6,0;23,0;0,0;17,0;0,0;;0,0;;;0,0;;;;;0,0;;;;;No;No;No;Sí;Sí;Sí;Sí;Sí;Sí;Sí
2645,0;Estêvão Willian;br BRA;MF,FW;Chelsea;eng Premier League;18,0;2007,0;19,0;10,0;746,0;8,3;2,0;2,0;4,0;2,0;0,0;0,0;3,0;0,0;0,48;26,0;7,0;26,9;3,14;0,84;0,08;0,29;12,0;6,0;3,0;7,0;0,0;11,0;0,0;;0,0;;;0,0;;;;;0,0;;;;;No;No;No;No;No;No;No;No;No;No
2646,0;Joe Willock;eng ENG;MF;Newcastle United;eng Premier League;26,0;1999,0;19,0;7,0;677,0;7,5;0,0;1,0;1,0;0,0;0,0;0,0;3,0;0,0;0,13;10,0;3,0;30,0;1,33;0,4;0,0;0,0;11,0;15,0;4,0;8,0;0,0;15,0;0,0;;0,0;;;0,0;;;;;0,0;;;;;No;No;No;No;No;No;No;No;No;No
2647,0;Callum Wilson;eng ENG;FW,MF;West Ham United;eng Premier League;34,0;1992,0;24,0;10,0;1004,0;11,2;5,0;1,0;6,0;5,0;0,0;0,0;0,0;0,0;0,54;32,0;12,0;37,5;2,87;1,08;0,16;0,42;4,0;1,0;3,0;12,0;0,0;10,0;0,0;;0,0;;;0,0;;;;;0,0;;;;;No;No;No;No;No;No;No;No;No;No
2648,0;Harry Wilson;wls WAL;MF;Fulham;eng Premier League;28,0;1997,0;28,0;26,0;2173,0;24,1;9,0;6,0;15,0;9,0;0,0;0,0;6,0;0,0;0,62;60,0;22,0;36,7;2,49;0,91;0,15;0,41;91,0;14,0;14,0;30,0;0,0;11,0;0,0;;0,0;;;0,0;;;;;0,0;;;;;No;No;No;No;No;No;No;No;No;No
2649,0;Patrick Wimmer;at AUT;MF;Wolfsburg;de Bundesliga;24,0;2001,0;18,0;15,0;1168,0;13,0;3,0;3,0;6,0;3,0;0,0;0,0;4,0;0,0;0,46;15,0;6,0;40,0;1,16;0,46;0,2;0,5;21,0;14,0;16,0;24,0;0,0;20,0;0,0;;0,0;;;0,0;;;;;0,0;;;;;No;No;No;No;No;No;No;No;No;No
2650,0;Jonas Wind;dk DEN;FW;Wolfsburg;de Bundesliga;27,0;1999,0;9,0;3,0;329,0;3,7;0,0;0,0;0,0;0,0;0,0;0,0;1,0;0,0;0,0;7,0;4,0;57,1;1,91;1,09;0,0;0,0;0,0;0,0;0,0;11,0;0,0;1,0;0,0;;0,0;;;0,0;;;;;0,0;;;;;No;No;No;No;No;No;No;No;No;No
2651,0;Ben Winterburn;eng ENG;MF;Bournemouth;eng Premier League;21,0;2004,0;1,0;0,0;7,0;0,1;0,0;0,0;0,0;0,0;0,0;0,0;0,0;0,0;0,0;0,0;0,0;0,0;0,0;0,0;0,0;0,0;0,0;0,0;0,0;0,0;0,0;0,0;0,0;;0,0;;;0,0;;;;;0,0;;;;;No;No;No;No;No;No;No;No;No;No
2652,0;Florian Wirtz;de GER;MF;Liverpool;eng Premier League;22,0;2003,0;26,0;22,0;1914,0;21,3;4,0;2,0;6,0;4,0;0,0;0,0;1,0;0,0;0,28;41,0;15,0;36,6;1,93;0,71;0,1;0,27;29,0;23,0;9,0;17,0;0,0;19,0;0,0;;0,0;;;0,0;;;;;0,0;;;;;No;No;No;No;No;No;No;No;No;No
2653,0;Yoane Wissa;cd COD;FW;Newcastle United;eng Premier League;29,0;1996,0;12,0;4,0;429,0;4,8;1,0;0,0;1,0;1,0;0,0;0,0;1,0;0,0;0,21;11,0;5,0;45,5;2,31;1,05;0,09;0,2;1,0;2,0;0,0;1,0;0,0;4,0;0,0;;0,0;;;0,0;;;;;0,0;;;;;No;No;No;No;No;No;No;No;No;No
2654,0;Axel Witsel;be BEL;MF;Girona;es La Liga;37,0;1989,0;22,0;20,0;1728,0;19,2;1,0;2,0;3,0;1,0;0,0;0,0;2,0;1,0;0,16;18,0;4,0;22,2;0,94;0,21;0,06;0,25;1,0;18,0;20,0;25,0;1,0;29,0;0,0;;0,0;;;0,0;;;;;0,0;;;;;No;No;No;No;No;No;No;No;No;No
2655,0;Marius Wolf;de GER;MF,FW;Augsburg;de Bundesliga;30,0;1995,0;22,0;8,0;677,0;7,5;1,0;0,0;1,0;1,0;0,0;0,0;2,0;0,0;0,13;11,0;4,0;36,4;1,46;0,53;0,09;0,25;28,0;6,0;10,0;2,0;0,0;6,0;0,0;;0,0;;;0,0;;;;;0,0;;;;;No;No;No;No;No;No;No;No;No;No
2656,0;Nick Woltemade;de GER;MF;Stuttgart;de Bundesliga;24,0;2002,0;1,0;1,0;90,0;1,0;0,0;0,0;0,0;0,0;0,0;0,0;0,0;0,0;0,0;0,0;0,0;0,0;0,0;0,0;0,0;0,0;0,0;0,0;0,0;3,0;0,0;1,0;0,0;;0,0;;;0,0;;;;;0,0;;;;;No;No;No;No;No;No;No;No;No;No
2657,0;Nick Woltemade;de GER;FW,MF;Newcastle United;eng Premier League;24,0;2002,0;26,0;20,0;1600,0;17,8;7,0;2,0;9,0;6,0;1,0;1,0;0,0;0,0;0,45;30,0;12,0;40,0;1,69;0,68;0,2;0,5;3,0;11,0;4,0;17,0;0,0;17,0;1,0;;0,0;;;0,0;;;;;0,0;;;;;No;No;No;No;No;No;No;No;No;No
2658,0;Jeong Woo-yeong;kr KOR;MF,FW;Union Berlin;de Bundesliga;26,0;1999,0;24,0;12,0;1037,0;11,5;3,0;1,0;4,0;3,0;0,0;0,0;0,0;0,0;0,35;18,0;6,0;33,3;1,56;0,52;0,17;0,5;28,0;6,0;7,0;19,0;0,0;10,0;0,0;;0,0;;;0,0;;;;;0,0;;;;;No;No;No;No;No;No;No;No;No;No
2659,0;Chris Wood;nz NZL;FW;Nottingham Forest;eng Premier League;34,0;1991,0;8,0;7,0;540,0;6,0;2,0;0,0;2,0;2,0;0,0;0,0;0,0;0,0;0,33;16,0;6,0;37,5;2,67;1,0;0,13;0,33;1,0;1,0;0,0;4,0;0,0;5,0;0,0;;0,0;;;0,0;;;;;0,0;;;;;No;No;No;No;No;No;No;No;No;No
2660,0;Christopher Wooh;cm CMR;DF;Rennes;fr Ligue 1;24,0;2001,0;2,0;1,0;64,0;0,7;0,0;0,0;0,0;0,0;0,0;0,0;0,0;1,0;0,0;0,0;0,0;0,0;0,0;0,0;0,0;0,0;0,0;0,0;0,0;0,0;0,0;1,0;0,0;;0,0;;;0,0;;;;;0,0;;;;;No;No;No;No;No;No;No;No;No;No
2661,0;Joe Worrall;eng ENG;DF;Burnley;eng Premier League;29,0;1997,0;11,0;5,0;500,0;5,6;0,0;0,0;0,0;0,0;0,0;0,0;0,0;0,0;0,0;1,0;0,0;0,0;0,18;0,0;0,0;0,0;0,0;2,0;6,0;1,0;0,0;4,0;0,0;;0,0;;;0,0;;;;;0,0;;;;;No;No;No;No;No;No;No;No;No;No
2662,0;Daniel Xavier Semedo;fr FRA;MF;Lorient;fr Ligue 1;22,0;2003,0;1,0;0,0;11,0;0,1;0,0;0,0;0,0;0,0;0,0;0,0;0,0;0,0;0,0;0,0;0,0;0,0;0,0;0,0;0,0;0,0;0,0;0,0;1,0;0,0;0,0;2,0;0,0;;0,0;;;0,0;;;;;0,0;;;;;No;No;No;No;No;No;No;No;No;No
2663,0;Granit Xhaka;ch SUI;MF;Sunderland;eng Premier League;33,0;1992,0;26,0;24,0;2184,0;24,3;1,0;5,0;6,0;1,0;0,0;0,0;5,0;0,0;0,25;12,0;5,0;41,7;0,49;0,21;0,08;0,2;71,0;23,0;21,0;30,0;0,0;16,0;0,0;;0,0;;;0,0;;;;;0,0;;;;;No;No;No;No;No;No;No;No;No;No
2664,0;Lamine Yamal;es ESP;MF,FW;Barcelona;es La Liga;18,0;2007,0;24,0;22,0;1957,0;21,7;14,0;9,0;23,0;12,0;2,0;3,0;0,0;0,0;0,97;97,0;34,0;35,1;4,46;1,56;0,12;0,35;65,0;19,0;7,0;44,0;0,0;23,0;0,0;;0,0;;;0,0;;;;;0,0;;;;;Sí;Sí;Sí;Sí;Sí;Sí;Sí;Sí;Sí;Sí
2665,0;Daniel Yáñez;es ESP;MF;Real Madrid;es La Liga;18,0;2007,0;1,0;0,0;33,0;0,4;0,0;1,0;1,0;0,0;0,0;0,0;0,0;0,0;2,73;0,0;0,0;0,0;0,0;0,0;0,0;0,0;1,0;1,0;0,0;3,0;0,0;0,0;0,0;;0,0;;;0,0;;;;;0,0;;;;;No;No;No;No;No;No;No;No;No;No
2666,0;Roman Yaremchuk;ua UKR;FW;Lyon;fr Ligue 1;30,0;1995,0;5,0;1,0;168,0;1,9;0,0;1,0;1,0;0,0;0,0;0,0;0,0;0,0;0,54;3,0;1,0;33,3;1,61;0,54;0,0;0,0;1,0;0,0;0,0;0,0;0,0;2,0;0,0;;0,0;;;0,0;;;;;0,0;;;;;No;No;No;No;No;No;No;No;No;No
2667,0;Yehor Yarmoliuk;ua UKR;MF;Brentford;eng Premier League;22,0;2004,0;30,0;23,0;2043,0;22,7;1,0;2,0;3,0;1,0;0,0;0,0;7,0;0,0;0,13;15,0;4,0;26,7;0,66;0,18;0,07;0,25;23,0;34,0;25,0;9,0;0,0;34,0;0,0;;0,0;;;0,0;;;;;0,0;;;;;No;No;No;No;No;No;No;No;No;No
2668,0;Gessime Yassine;ma MAR;MF;Strasbourg;fr Ligue 1;20,0;2005,0;6,0;2,0;145,0;1,6;0,0;0,0;0,0;0,0;0,0;0,0;0,0;0,0;0,0;3,0;0,0;0,0;1,86;0,0;0,0;0,0;5,0;2,0;1,0;5,0;0,0;3,0;0,0;;0,0;;;0,0;;;;;0,0;;;;;No;No;No;No;No;No;No;No;No;No
2669,0;Ryan Yates;eng ENG;MF;Nottingham Forest;eng Premier League;28,0;1997,0;15,0;1,0;394,0;4,4;0,0;1,0;1,0;0,0;0,0;0,0;1,0;0,0;0,23;5,0;1,0;20,0;1,14;0,23;0,0;0,0;3,0;5,0;6,0;9,0;0,0;8,0;0,0;;0,0;;;0,0;;;;;0,0;;;;;No;No;No;No;No;No;No;No;No;No
2670,0;Terry Yegbe;gh GHA;DF;Metz;fr Ligue 1;25,0;2001,0;18,0;16,0;1440,0;16,0;0,0;1,0;1,0;0,0;0,0;0,0;2,0;0,0;0,06;4,0;1,0;25,0;0,25;0,06;0,0;0,0;5,0;6,0;14,0;7,0;0,0;15,0;0,0;;0,0;;;0,0;;;;;0,0;;;;;No;No;No;No;No;No;No;No;No;No
2671,0;Bertuğ Yıldırım;tr TUR;FW;Rennes;fr Ligue 1;23,0;2002,0;1,0;0,0;3,0;0,0;0,0;0,0;0,0;0,0;0,0;0,0;0,0;0,0;0,0;0,0;0,0;0,0;0,0;0,0;0,0;0,0;0,0;0,0;0,0;0,0;0,0;0,0;0,0;;0,0;;;0,0;;;;;0,0;;;;;No;No;No;No;No;No;No;No;No;No
2672,0;Kenan Yıldız;tr TUR;MF,FW;Juventus;it Serie A;20,0;2005,0;28,0;27,0;2298,0;25,5;9,0;6,0;15,0;8,0;1,0;2,0;2,0;0,0;0,55;84,0;34,0;40,5;3,29;1,33;0,1;0,24;98,0;7,0;7,0;48,0;0,0;19,0;0,0;;0,0;;;0,0;;;;;0,0;;;;;No;No;No;No;No;No;No;No;No;No
2673,0;Darlin Yongwa;cm CMR;DF,MF;Lorient;fr Ligue 1;25,0;2000,0;19,0;12,0;1103,0;12,3;0,0;1,0;1,0;0,0;0,0;0,0;3,0;1,0;0,08;8,0;1,0;12,5;0,65;0,08;0,0;0,0;29,0;20,0;9,0;18,0;0,0;11,0;0,0;;0,0;;;0,0;;;;;0,0;;;;;No;No;No;No;No;No;No;No;No;No
2674,0;Leny Yoro;fr FRA;DF;Manchester Utd;eng Premier League;20,0;2005,0;27,0;16,0;1525,0;16,9;0,0;0,0;0,0;0,0;0,0;0,0;1,0;0,0;0,0;6,0;2,0;33,3;0,35;0,12;0,0;0,0;3,0;18,0;23,0;3,0;0,0;14,0;0,0;;0,0;;;0,0;;;;;0,0;;;;;No;No;No;No;No;No;No;No;No;No
2675,0;Ali Yousuf;ly LBY;DF;Nantes;fr Ligue 1;24,0;2001,0;6,0;6,0;527,0;5,9;0,0;0,0;0,0;0,0;0,0;0,0;3,0;0,0;0,0;2,0;0,0;0,0;0,34;0,0;0,0;0,0;1,0;5,0;8,0;4,0;0,0;6,0;0,0;;0,0;;;0,0;;;;;0,0;;;;;No;No;No;No;No;No;No;No;No;No
2676,0;Etienne Youte Kinkoue;fr FRA;DF,MF;Le Havre;fr Ligue 1;24,0;2002,0;7,0;3,0;326,0;3,6;0,0;0,0;0,0;0,0;0,0;0,0;2,0;0,0;0,0;0,0;0,0;0,0;0,0;0,0;0,0;0,0;0,0;3,0;0,0;1,0;0,0;3,0;0,0;;0,0;;;0,0;;;;;0,0;;;;;No;No;No;No;No;No;No;No;No;No
2677,0;Illia Zabarnyi;ua UKR;DF;Paris Saint-Germain;fr Ligue 1;23,0;2002,0;20,0;18,0;1667,0;18,5;1,0;0,0;1,0;1,0;0,0;0,0;3,0;0,0;0,05;2,0;1,0;50,0;0,11;0,05;0,5;1,0;0,0;14,0;13,0;3,0;0,0;14,0;0,0;;0,0;;;0,0;;;;;0,0;;;;;No;No;No;No;No;No;No;No;No;No
2678,0;Yassir Zabiri;ma MAR;MF;Rennes;fr Ligue 1;21,0;2005,0;2,0;0,0;23,0;0,3;0,0;0,0;0,0;0,0;0,0;0,0;0,0;0,0;0,0;0,0;0,0;0,0;0,0;0,0;0,0;0,0;1,0;1,0;0,0;0,0;0,0;3,0;0,0;;0,0;;;0,0;;;;;0,0;;;;;No;No;No;No;No;No;No;No;No;No
2679,0;Mattia Zaccagni;it ITA;FW;Lazio;it Serie A;30,0;1995,0;23,0;23,0;1940,0;21,6;3,0;0,0;3,0;3,0;0,0;0,0;6,0;1,0;0,14;30,0;11,0;36,7;1,39;0,51;0,1;0,27;45,0;19,0;20,0;77,0;0,0;28,0;0,0;;0,0;;;0,0;;;;;0,0;;;;;No;No;No;No;No;No;No;No;No;No
2680,0;Yvan Zaddy;ci CIV;MF;Auxerre;fr Ligue 1;19,0;2006,0;1,0;0,0;1,0;0,0;0,0;0,0;0,0;0,0;0,0;0,0;0,0;0,0;0,0;0,0;0,0;0,0;0,0;0,0;0,0;0,0;0,0;0,0;0,0;0,0;0,0;0,0;0,0;;0,0;;;0,0;;;;;0,0;;;;;No;No;No;No;No;No;No;No;No;No
2681,0;Dan-Axel Zagadou;fr FRA;DF;Stuttgart;de Bundesliga;26,0;1999,0;2,0;2,0;164,0;1,8;0,0;0,0;0,0;0,0;0,0;0,0;0,0;0,0;0,0;5,0;1,0;20,0;2,74;0,55;0,0;0,0;0,0;4,0;3,0;1,0;0,0;5,0;0,0;;0,0;;;0,0;;;;;0,0;;;;;No;No;No;No;No;No;No;No;No;No
2682,0;Stephan Zagadou;fr FRA;DF;Le Havre;fr Ligue 1;17,0;2008,0;7,0;6,0;491,0;5,5;1,0;0,0;1,0;1,0;0,0;0,0;0,0;1,0;0,18;1,0;1,0;100,0;0,18;0,18;1,0;1,0;0,0;5,0;1,0;1,0;0,0;7,0;0,0;;0,0;;;0,0;;;;;0,0;;;;;No;No;No;No;No;No;No;No;No;No
2683,0;Warren Zaïre-Emery;fr FRA;DF,MF;Paris Saint-Germain;fr Ligue 1;20,0;2006,0;25,0;23,0;2024,0;22,5;1,0;4,0;5,0;1,0;0,0;0,0;2,0;0,0;0,22;16,0;5,0;31,3;0,71;0,22;0,06;0,2;13,0;25,0;11,0;13,0;0,0;33,0;0,0;;0,0;;;0,0;;;;;0,0;;;;;No;No;No;No;No;No;No;No;No;No
2684,0;Denis Zakaria;ch SUI;MF,DF;Monaco;fr Ligue 1;29,0;1996,0;16,0;15,0;1311,0;14,6;2,0;1,0;3,0;2,0;0,0;0,0;3,0;1,0;0,21;11,0;2,0;18,2;0,76;0,14;0,18;1,0;6,0;15,0;25,0;3,0;0,0;13,0;0,0;;0,0;;;0,0;;;;;0,0;;;;;No;No;No;No;No;No;No;No;No;No
2685,0;Arsen Zakharyan;ru RUS;MF;Real Sociedad;es La Liga;22,0;2003,0;15,0;2,0;393,0;4,4;0,0;0,0;0,0;0,0;0,0;0,0;1,0;0,0;0,0;13,0;3,0;23,1;2,98;0,69;0,0;0,0;24,0;5,0;0,0;2,0;0,0;8,0;0,0;;0,0;;;0,0;;;;;0,0;;;;;No;No;No;No;No;No;No;No;No;No
2686,0;Nicola Zalewski;pl POL;MF;Atalanta;it Serie A;24,0;2002,0;25,0;18,0;1396,0;15,5;2,0;4,0;6,0;2,0;0,0;0,0;3,0;0,0;0,39;28,0;6,0;21,4;1,81;0,39;0,07;0,33;99,0;16,0;9,0;39,0;0,0;16,0;0,0;;0,0;;;0,0;;;;;0,0;;;;;No;No;No;No;No;No;No;No;No;No
2687,0;Andre-Frank Zambo Anguissa;cm CMR;MF;Napoli;it Serie A;30,0;1995,0;13,0;11,0;1023,0;11,4;4,0;1,0;5,0;4,0;0,0;0,0;1,0;0,0;0,44;19,0;8,0;42,1;1,67;0,7;0,21;0,5;15,0;13,0;12,0;13,0;0,0;13,0;0,0;;0,0;;;0,0;;;;;0,0;;;;;No;No;No;No;No;No;No;No;No;No
2688,0;Nicolò Zaniolo;it ITA;FW;Udinese;it Serie A;26,0;1999,0;25,0;21,0;1666,0;18,5;5,0;4,0;9,0;5,0;0,0;0,0;6,0;0,0;0,49;53,0;15,0;28,3;2,86;0,81;0,09;0,33;87,0;16,0;4,0;45,0;0,0;50,0;0,0;;0,0;;;0,0;;;;;0,0;;;;;No;No;No;No;No;No;No;No;No;No
2689,0;Alessandro Zanoli;it ITA;MF;Udinese;it Serie A;25,0;2000,0;19,0;16,0;1280,0;14,2;1,0;2,0;3,0;1,0;0,0;0,0;1,0;0,0;0,21;3,0;1,0;33,3;0,21;0,07;0,33;1,0;40,0;18,0;7,0;5,0;0,0;16,0;0,0;;0,0;;;0,0;;;;;0,0;;;;;No;No;No;No;No;No;No;No;No;No
2690,0;Duván Zapata;co COL;FW;Torino;it Serie A;34,0;1991,0;23,0;8,0;872,0;9,7;3,0;1,0;4,0;3,0;0,0;1,0;0,0;0,0;0,41;27,0;14,0;51,9;2,79;1,44;0,11;0,21;7,0;2,0;0,0;21,0;0,0;11,0;0,0;;0,0;;;0,0;;;;;0,0;;;;;No;No;No;No;No;No;No;No;No;No
2691,0;Gabriele Zappa;it ITA;DF;Cagliari;it Serie A;26,0;1999,0;25,0;16,0;1370,0;15,2;0,0;3,0;3,0;0,0;0,0;0,0;2,0;0,0;0,2;9,0;0,0;0,0;0,59;0,0;0,0;0,0;30,0;16,0;16,0;5,0;0,0;12,0;0,0;;0,0;;;0,0;;;;;0,0;;;;;No;No;No;No;No;No;No;No;No;No
2692,0;Davide Zappacosta;it ITA;MF;Atalanta;it Serie A;33,0;1992,0;26,0;22,0;1910,0;21,2;1,0;3,0;4,0;1,0;0,0;0,0;2,0;0,0;0,19;26,0;5,0;19,2;1,23;0,24;0,04;0,2;87,0;11,0;17,0;7,0;0,0;10,0;0,0;;0,0;;;0,0;;;;;0,0;;;;;No;No;No;No;No;No;No;No;No;No
2693,0;Bryan Zaragoza;es ESP;MF;Roma;it Serie A;24,0;2001,0;4,0;2,0;135,0;1,5;0,0;1,0;1,0;0,0;0,0;0,0;1,0;0,0;0,67;1,0;1,0;100,0;0,67;0,67;0,0;0,0;9,0;1,0;0,0;5,0;0,0;5,0;0,0;;0,0;;;0,0;;;;;0,0;;;;;No;No;No;No;No;Sí;Sí;No;No;No
2694,0;Bryan Zaragoza;es ESP;FW,MF;Celta Vigo;es La Liga;24,0;2001,0;19,0;13,0;1131,0;12,6;1,0;1,0;2,0;0,0;1,0;1,0;1,0;0,0;0,08;26,0;12,0;46,2;2,07;0,95;0,0;0,0;67,0;5,0;2,0;17,0;0,0;7,0;0,0;;0,0;;;0,0;;;;;0,0;;;;;No;No;No;No;No;Sí;Sí;No;No;No
2695,0;Oier Zarraga;es ESP;MF;Udinese;it Serie A;27,0;1999,0;17,0;2,0;403,0;4,5;0,0;0,0;0,0;0,0;0,0;0,0;1,0;0,0;0,0;4,0;1,0;25,0;0,89;0,22;0,0;0,0;9,0;4,0;6,0;4,0;0,0;6,0;0,0;;0,0;;;0,0;;;;;0,0;;;;;No;No;No;No;No;No;No;No;No;No
2696,0;Nils Zätterström;se SWE;DF;Genoa;it Serie A;20,0;2005,0;1,0;0,0;1,0;0,0;0,0;0,0;0,0;0,0;0,0;0,0;0,0;0,0;0,0;0,0;0,0;0,0;0,0;0,0;0,0;0,0;0,0;0,0;0,0;0,0;0,0;0,0;0,0;;0,0;;;0,0;;;;;0,0;;;;;No;No;No;No;No;No;No;No;No;No
2697,0;Aaron Zehnter;de GER;DF;Wolfsburg;de Bundesliga;21,0;2004,0;17,0;14,0;1213,0;13,5;2,0;0,0;2,0;2,0;0,0;0,0;0,0;0,0;0,15;8,0;3,0;37,5;0,59;0,22;0,25;0,67;23,0;9,0;15,0;0,0;0,0;1,0;0,0;;0,0;;;0,0;;;;;0,0;;;;;No;No;No;No;No;No;No;No;No;No
2698,0;Jordan Zemura;zw ZIM;MF,DF;Udinese;it Serie A;26,0;1999,0;15,0;12,0;1017,0;11,3;0,0;1,0;1,0;0,0;0,0;0,0;3,0;0,0;0,09;5,0;1,0;20,0;0,44;0,09;0,0;0,0;33,0;17,0;6,0;11,0;0,0;22,0;0,0;;0,0;;;0,0;;;;;0,0;;;;;No;No;No;No;No;No;No;No;No;No
2699,0;Robin Zentner;de GER;GK;Mainz 05;de Bundesliga;31,0;1994,0;9,0;9,0;786,0;8,7;0,0;0,0;0,0;0,0;0,0;0,0;2,0;1,0;0,0;0,0;0,0;0,0;0,0;0,0;0,0;0,0;0,0;0,0;0,0;1,0;0,0;2,0;0,0;11,0;1,26;36,0;25,0;69,4;1,0;3,0;5,0;0,0;0,0;0,0;0,0;0,0;0,0;No;No;No;No;No;No;No;No;No;No
2700,0;Alessio Zerbin;it ITA;MF;Cremonese;it Serie A;27,0;1999,0;24,0;13,0;1291,0;14,3;0,0;2,0;2,0;0,0;0,0;0,0;1,0;0,0;0,14;18,0;7,0;38,9;1,25;0,49;0,0;0,0;43,0;18,0;3,0;16,0;0,0;24,0;0,0;;0,0;;;0,0;;;;;0,0;;;;;No;No;No;No;No;No;No;No;No;No
2701,0;Cedric Zesiger;ch SUI;DF;Augsburg;de Bundesliga;27,0;1998,0;19,0;12,0;1096,0;12,2;0,0;0,0;0,0;0,0;0,0;0,0;5,0;0,0;0,0;7,0;1,0;14,3;0,57;0,08;0,0;0,0;25,0;16,0;7,0;8,0;0,0;12,0;1,0;;0,0;;;0,0;;;;;0,0;;;;;No;No;No;No;No;No;No;No;No;No
2702,0;Michael Zetterer;de GER;GK;Eintracht Frankfurt;de Bundesliga;30,0;1995,0;14,0;13,0;1256,0;14,0;0,0;0,0;0,0;0,0;0,0;0,0;1,0;0,0;0,0;0,0;0,0;0,0;0,0;0,0;0,0;0,0;0,0;0,0;0,0;2,0;0,0;0,0;0,0;17,0;1,22;43,0;28,0;65,1;7,0;4,0;2,0;6,0;46,2;2,0;2,0;0,0;0,0;No;No;No;No;No;No;No;No;No;No
2703,0;Edon Zhegrova;xk KVX;MF;Juventus;it Serie A;26,0;1999,0;12,0;0,0;295,0;3,3;0,0;0,0;0,0;0,0;0,0;0,0;0,0;0,0;0,0;14,0;7,0;50,0;4,27;2,14;0,0;0,0;36,0;3,0;0,0;3,0;0,0;3,0;0,0;;0,0;;;0,0;;;;;0,0;;;;;No;No;No;No;No;No;No;No;No;No
2704,0;Piotr Zieliński;pl POL;MF;Inter;it Serie A;31,0;1994,0;26,0;16,0;1536,0;17,1;5,0;1,0;6,0;4,0;1,0;1,0;1,0;0,0;0,29;22,0;9,0;40,9;1,29;0,53;0,18;0,44;21,0;11,0;7,0;13,0;0,0;15,0;0,0;;0,0;;;0,0;;;;;0,0;;;;;No;No;No;No;No;No;No;No;No;No
2705,0;Oleksandr Zinchenko;ua UKR;DF;Nottingham Forest;eng Premier League;29,0;1996,0;5,0;4,0;353,0;3,9;0,0;0,0;0,0;0,0;0,0;0,0;0,0;0,0;0,0;4,0;2,0;50,0;1,02;0,51;0,0;0,0;18,0;6,0;2,0;2,0;0,0;1,0;0,0;;0,0;;;0,0;;;;;0,0;;;;;No;No;No;No;No;No;No;No;No;No
2706,0;Melvin Zinga;fr FRA;GK;Angers;fr Ligue 1;24,0;2002,0;2,0;2,0;180,0;2,0;0,0;0,0;0,0;0,0;0,0;0,0;0,0;0,0;0,0;0,0;0,0;0,0;0,0;0,0;0,0;0,0;0,0;1,0;0,0;0,0;0,0;0,0;0,0;4,0;2,0;11,0;7,0;63,6;0,0;0,0;2,0;0,0;0,0;0,0;0,0;0,0;0,0;No;No;No;No;No;No;No;No;No;No
2707,0;Jan Ziółkowski;pl POL;DF;Roma;it Serie A;20,0;2005,0;13,0;5,0;464,0;5,2;0,0;0,0;0,0;0,0;0,0;0,0;2,0;0,0;0,0;0,0;0,0;0,0;0,0;0,0;0,0;0,0;0,0;14,0;7,0;8,0;0,0;10,0;0,0;;0,0;;;0,0;;;;;0,0;;;;;No;No;No;No;No;No;No;No;No;No
2708,0;Joshua Zirkzee;nl NED;FW,MF;Manchester Utd;eng Premier League;24,0;2001,0;18,0;4,0;523,0;5,8;2,0;1,0;3,0;2,0;0,0;0,0;1,0;0,0;0,52;21,0;7,0;33,3;3,61;1,2;0,1;0,29;5,0;5,0;1,0;4,0;0,0;7,0;0,0;;0,0;;;0,0;;;;;0,0;;;;;No;No;No;No;No;No;No;No;No;No
2709,0;Budu Zivzivadze;ge GEO;FW;Heidenheim;de Bundesliga;32,0;1994,0;12,0;8,0;583,0;6,5;1,0;0,0;1,0;1,0;0,0;0,0;1,0;1,0;0,15;13,0;5,0;38,5;2,01;0,77;0,08;0,2;2,0;4,0;1,0;5,0;0,0;6,0;0,0;;0,0;;;0,0;;;;;0,0;;;;;No;No;No;No;No;No;No;No;No;No
2710,0;Luck Zogbé;ci CIV;DF;Brest;fr Ligue 1;20,0;2005,0;6,0;1,0;105,0;1,2;0,0;0,0;0,0;0,0;0,0;0,0;0,0;0,0;0,0;2,0;0,0;0,0;1,71;0,0;0,0;0,0;5,0;3,0;2,0;2,0;0,0;5,0;0,0;;0,0;;;0,0;;;;;0,0;;;;;No;No;No;No;No;No;No;No;No;No
2711,0;Nadir Zortea;it ITA;DF;Bologna;it Serie A;26,0;1999,0;24,0;14,0;1504,0;16,7;0,0;2,0;2,0;0,0;0,0;0,0;2,0;0,0;0,12;11,0;1,0;9,1;0,66;0,06;0,0;0,0;61,0;15,0;16,0;14,0;0,0;21,0;0,0;;0,0;;;0,0;;;;;0,0;;;;;No;No;No;No;No;No;No;No;No;No
2712,0;Yanis Zouaoui;dz ALG;DF,MF;Le Havre;fr Ligue 1;31,0;1994,0;24,0;22,0;1844,0;20,5;0,0;1,0;1,0;0,0;0,0;0,0;5,0;0,0;0,05;12,0;3,0;25,0;0,59;0,15;0,0;0,0;143,0;19,0;19,0;20,0;0,0;15,0;1,0;;0,0;;;0,0;;;;;0,0;;;;;No;No;No;No;No;No;No;No;No;No
2713,0;Igor Zubeldia;es ESP;DF;Real Sociedad;es La Liga;28,0;1997,0;21,0;20,0;1845,0;20,5;0,0;1,0;1,0;0,0;0,0;0,0;8,0;0,0;0,05;6,0;1,0;16,7;0,29;0,05;0,0;0,0;0,0;18,0;22,0;5,0;0,0;34,0;0,0;;0,0;;;0,0;;;;;0,0;;;;;No;No;No;No;No;No;No;No;No;No
2714,0;Martín Zubimendi;es ESP;MF;Arsenal;eng Premier League;27,0;1999,0;31,0;30,0;2596,0;28,8;5,0;1,0;6,0;5,0;0,0;0,0;4,0;0,0;0,21;26,0;9,0;34,6;0,9;0,31;0,19;0,56;12,0;31,0;35,0;10,0;0,0;27,0;0,0;;0,0;;;0,0;;;;;0,0;;;;;Sí;Sí;Sí;Sí;Sí;Sí;Sí;Sí;Sí;Sí
2715,0;Martin Ødegaard;no NOR;MF;Arsenal;eng Premier League;27,0;1998,0;20,0;13,0;1076,0;12,0;1,0;5,0;6,0;1,0;0,0;0,0;0,0;0,0;0,5;20,0;7,0;35,0;1,67;0,59;0,05;0,14;20,0;7,0;7,0;7,0;0,0;7,0;0,0;;0,0;;;0,0;;;;;0,0;;;;;No;No;No;No;No;No;No;No;No;No
2716,0;Luka Đurić;rs SRB;MF;Hoffenheim;de Bundesliga;22,0;2003,0;1,0;0,0;10,0;0,1;0,0;0,0;0,0;0,0;0,0;0,0;0,0;0,0;0,0;0,0;0,0;0,0;0,0;0,0;0,0;0,0;0,0;0,0;0,0;0,0;0,0;0,0;0,0;;0,0;;;0,0;;;;;0,0;;;;;No;No;No;No;No;No;No;No;No;No
2717,0;Milan Đurić;ba BIH;FW;Cremonese;it Serie A;35,0;1990,0;7,0;2,0;318,0;3,5;0,0;1,0;1,0;0,0;0,0;0,0;1,0;0,0;0,28;9,0;4,0;44,4;2,55;1,13;0,0;0,0;2,0;0,0;0,0;6,0;0,0;3,0;0,0;;0,0;;;0,0;;;;;0,0;;;;;No;No;No;No;No;No;No;No;No;No
2718,0;Milan Đurić;ba BIH;FW;Parma;it Serie A;35,0;1990,0;12,0;0,0;74,0;0,8;0,0;0,0;0,0;0,0;0,0;0,0;0,0;0,0;0,0;5,0;0,0;0,0;6,08;0,0;0,0;0,0;0,0;0,0;0,0;1,0;0,0;2,0;0,0;;0,0;;;0,0;;;;;0,0;;;;;No;No;No;No;No;No;No;No;No;No
;;;;;;;;;;;;;;;;;;;;;;;;;;;;;;;;;;;;;;;;;;;;;;;;;;;;;;;;;;
;;;;;;;;;;;;;;;;;;;;;;;;;;;;;;;;;;;;;;;;10,0;100,0;;;;;;;;;;;;;;;;;
